-- MySQL dump 10.13  Distrib 5.5.35, for debian-linux-gnu (i686)
--
-- Host: localhost    Database: lakes_distillery
-- ------------------------------------------------------
-- Server version	5.5.35-0+wheezy1

/*!40101 SET @OLD_CHARACTER_SET_CLIENT=@@CHARACTER_SET_CLIENT */;
/*!40101 SET @OLD_CHARACTER_SET_RESULTS=@@CHARACTER_SET_RESULTS */;
/*!40101 SET @OLD_COLLATION_CONNECTION=@@COLLATION_CONNECTION */;
/*!40101 SET NAMES utf8 */;
/*!40103 SET @OLD_TIME_ZONE=@@TIME_ZONE */;
/*!40103 SET TIME_ZONE='+00:00' */;
/*!40014 SET @OLD_UNIQUE_CHECKS=@@UNIQUE_CHECKS, UNIQUE_CHECKS=0 */;
/*!40014 SET @OLD_FOREIGN_KEY_CHECKS=@@FOREIGN_KEY_CHECKS, FOREIGN_KEY_CHECKS=0 */;
/*!40101 SET @OLD_SQL_MODE=@@SQL_MODE, SQL_MODE='NO_AUTO_VALUE_ON_ZERO' */;
/*!40111 SET @OLD_SQL_NOTES=@@SQL_NOTES, SQL_NOTES=0 */;

--
-- Table structure for table `affiliate_affiliate`
--

DROP TABLE IF EXISTS `affiliate_affiliate`;
/*!40101 SET @saved_cs_client     = @@character_set_client */;
/*!40101 SET character_set_client = utf8 */;
CREATE TABLE `affiliate_affiliate` (
  `id` int(11) NOT NULL AUTO_INCREMENT,
  `username` varchar(255) NOT NULL,
  `uuid` varchar(255) NOT NULL,
  `salestodate` decimal(6,2) NOT NULL,
  PRIMARY KEY (`id`)
) ENGINE=InnoDB AUTO_INCREMENT=7 DEFAULT CHARSET=utf8;
/*!40101 SET character_set_client = @saved_cs_client */;

--
-- Dumping data for table `affiliate_affiliate`
--

LOCK TABLES `affiliate_affiliate` WRITE;
/*!40000 ALTER TABLE `affiliate_affiliate` DISABLE KEYS */;
INSERT INTO `affiliate_affiliate` VALUES (1,'bhj','brianwashere',0.02),(2,'laura','laurawashere',0.02),(4,'Bespoke Lakesland','bespokelakeland',0.00),(5,'whiskyisrael','whiskyisrael',0.00),(6,'email','moippai',0.00);
/*!40000 ALTER TABLE `affiliate_affiliate` ENABLE KEYS */;
UNLOCK TABLES;

--
-- Table structure for table `affiliate_affiliateorder`
--

DROP TABLE IF EXISTS `affiliate_affiliateorder`;
/*!40101 SET @saved_cs_client     = @@character_set_client */;
/*!40101 SET character_set_client = utf8 */;
CREATE TABLE `affiliate_affiliateorder` (
  `id` int(11) NOT NULL AUTO_INCREMENT,
  `username` varchar(255) NOT NULL,
  `order_id` int(11) NOT NULL,
  `salesvalue` decimal(6,2) NOT NULL,
  `timestamp` datetime NOT NULL,
  PRIMARY KEY (`id`)
) ENGINE=InnoDB AUTO_INCREMENT=6 DEFAULT CHARSET=utf8;
/*!40101 SET character_set_client = @saved_cs_client */;

--
-- Dumping data for table `affiliate_affiliateorder`
--

LOCK TABLES `affiliate_affiliateorder` WRITE;
/*!40000 ALTER TABLE `affiliate_affiliateorder` DISABLE KEYS */;
INSERT INTO `affiliate_affiliateorder` VALUES (1,'bhj',241,0.02,'2014-02-18 09:03:09'),(2,'laura',242,0.02,'2014-02-18 09:45:50');
/*!40000 ALTER TABLE `affiliate_affiliateorder` ENABLE KEYS */;
UNLOCK TABLES;

--
-- Table structure for table `app_plugins_plugin`
--

DROP TABLE IF EXISTS `app_plugins_plugin`;
/*!40101 SET @saved_cs_client     = @@character_set_client */;
/*!40101 SET character_set_client = utf8 */;
CREATE TABLE `app_plugins_plugin` (
  `id` int(11) NOT NULL AUTO_INCREMENT,
  `point_id` int(11) NOT NULL,
  `label` varchar(255) NOT NULL,
  `index` int(11) NOT NULL,
  `registered` tinyint(1) NOT NULL,
  `status` smallint(6) NOT NULL,
  `required` tinyint(1) NOT NULL,
  `template` longtext NOT NULL,
  `_order` int(11) NOT NULL,
  PRIMARY KEY (`id`),
  UNIQUE KEY `label` (`label`),
  KEY `app_plugins_plugin_61a58e2f` (`point_id`),
  CONSTRAINT `point_id_refs_id_674f8c16` FOREIGN KEY (`point_id`) REFERENCES `app_plugins_pluginpoint` (`id`)
) ENGINE=InnoDB DEFAULT CHARSET=utf8;
/*!40101 SET character_set_client = @saved_cs_client */;

--
-- Dumping data for table `app_plugins_plugin`
--

LOCK TABLES `app_plugins_plugin` WRITE;
/*!40000 ALTER TABLE `app_plugins_plugin` DISABLE KEYS */;
/*!40000 ALTER TABLE `app_plugins_plugin` ENABLE KEYS */;
UNLOCK TABLES;

--
-- Table structure for table `app_plugins_pluginpoint`
--

DROP TABLE IF EXISTS `app_plugins_pluginpoint`;
/*!40101 SET @saved_cs_client     = @@character_set_client */;
/*!40101 SET character_set_client = utf8 */;
CREATE TABLE `app_plugins_pluginpoint` (
  `id` int(11) NOT NULL AUTO_INCREMENT,
  `label` varchar(255) NOT NULL,
  `index` int(11) NOT NULL,
  `registered` tinyint(1) NOT NULL,
  `status` smallint(6) NOT NULL,
  PRIMARY KEY (`id`),
  UNIQUE KEY `label` (`label`)
) ENGINE=InnoDB DEFAULT CHARSET=utf8;
/*!40101 SET character_set_client = @saved_cs_client */;

--
-- Dumping data for table `app_plugins_pluginpoint`
--

LOCK TABLES `app_plugins_pluginpoint` WRITE;
/*!40000 ALTER TABLE `app_plugins_pluginpoint` DISABLE KEYS */;
/*!40000 ALTER TABLE `app_plugins_pluginpoint` ENABLE KEYS */;
UNLOCK TABLES;

--
-- Table structure for table `app_plugins_userpluginpreference`
--

DROP TABLE IF EXISTS `app_plugins_userpluginpreference`;
/*!40101 SET @saved_cs_client     = @@character_set_client */;
/*!40101 SET character_set_client = utf8 */;
CREATE TABLE `app_plugins_userpluginpreference` (
  `id` int(11) NOT NULL AUTO_INCREMENT,
  `user_id` int(11) NOT NULL,
  `plugin_id` int(11) NOT NULL,
  `visible` tinyint(1) NOT NULL,
  `index` int(11) NOT NULL,
  `_order` int(11) NOT NULL,
  PRIMARY KEY (`id`),
  UNIQUE KEY `user_id` (`user_id`,`plugin_id`),
  KEY `app_plugins_userpluginpreference_403f60f` (`user_id`),
  KEY `app_plugins_userpluginpreference_2857ccbf` (`plugin_id`),
  CONSTRAINT `plugin_id_refs_id_1b5a7ddd` FOREIGN KEY (`plugin_id`) REFERENCES `app_plugins_plugin` (`id`),
  CONSTRAINT `user_id_refs_id_3234d8e8` FOREIGN KEY (`user_id`) REFERENCES `auth_user` (`id`)
) ENGINE=InnoDB DEFAULT CHARSET=utf8;
/*!40101 SET character_set_client = @saved_cs_client */;

--
-- Dumping data for table `app_plugins_userpluginpreference`
--

LOCK TABLES `app_plugins_userpluginpreference` WRITE;
/*!40000 ALTER TABLE `app_plugins_userpluginpreference` DISABLE KEYS */;
/*!40000 ALTER TABLE `app_plugins_userpluginpreference` ENABLE KEYS */;
UNLOCK TABLES;

--
-- Table structure for table `area_taxrate`
--

DROP TABLE IF EXISTS `area_taxrate`;
/*!40101 SET @saved_cs_client     = @@character_set_client */;
/*!40101 SET character_set_client = utf8 */;
CREATE TABLE `area_taxrate` (
  `id` int(11) NOT NULL AUTO_INCREMENT,
  `taxClass_id` int(11) NOT NULL,
  `taxZone_id` int(11) DEFAULT NULL,
  `taxCountry_id` int(11) DEFAULT NULL,
  `percentage` decimal(7,6) NOT NULL,
  PRIMARY KEY (`id`),
  KEY `area_taxrate_21ec4f69` (`taxClass_id`),
  KEY `area_taxrate_1a7b2a7e` (`taxZone_id`),
  KEY `area_taxrate_15e55885` (`taxCountry_id`),
  CONSTRAINT `taxCountry_id_refs_id_15b027f8` FOREIGN KEY (`taxCountry_id`) REFERENCES `l10n_country` (`id`),
  CONSTRAINT `taxZone_id_refs_id_6c7e834e` FOREIGN KEY (`taxZone_id`) REFERENCES `l10n_adminarea` (`id`)
) ENGINE=InnoDB DEFAULT CHARSET=utf8;
/*!40101 SET character_set_client = @saved_cs_client */;

--
-- Dumping data for table `area_taxrate`
--

LOCK TABLES `area_taxrate` WRITE;
/*!40000 ALTER TABLE `area_taxrate` DISABLE KEYS */;
/*!40000 ALTER TABLE `area_taxrate` ENABLE KEYS */;
UNLOCK TABLES;

--
-- Table structure for table `auth_group`
--

DROP TABLE IF EXISTS `auth_group`;
/*!40101 SET @saved_cs_client     = @@character_set_client */;
/*!40101 SET character_set_client = utf8 */;
CREATE TABLE `auth_group` (
  `id` int(11) NOT NULL AUTO_INCREMENT,
  `name` varchar(80) NOT NULL,
  PRIMARY KEY (`id`),
  UNIQUE KEY `name` (`name`)
) ENGINE=InnoDB DEFAULT CHARSET=utf8;
/*!40101 SET character_set_client = @saved_cs_client */;

--
-- Dumping data for table `auth_group`
--

LOCK TABLES `auth_group` WRITE;
/*!40000 ALTER TABLE `auth_group` DISABLE KEYS */;
/*!40000 ALTER TABLE `auth_group` ENABLE KEYS */;
UNLOCK TABLES;

--
-- Table structure for table `auth_group_permissions`
--

DROP TABLE IF EXISTS `auth_group_permissions`;
/*!40101 SET @saved_cs_client     = @@character_set_client */;
/*!40101 SET character_set_client = utf8 */;
CREATE TABLE `auth_group_permissions` (
  `id` int(11) NOT NULL AUTO_INCREMENT,
  `group_id` int(11) NOT NULL,
  `permission_id` int(11) NOT NULL,
  PRIMARY KEY (`id`),
  UNIQUE KEY `group_id` (`group_id`,`permission_id`),
  KEY `auth_group_permissions_425ae3c4` (`group_id`),
  KEY `auth_group_permissions_1e014c8f` (`permission_id`),
  CONSTRAINT `group_id_refs_id_3cea63fe` FOREIGN KEY (`group_id`) REFERENCES `auth_group` (`id`),
  CONSTRAINT `permission_id_refs_id_5886d21f` FOREIGN KEY (`permission_id`) REFERENCES `auth_permission` (`id`)
) ENGINE=InnoDB DEFAULT CHARSET=utf8;
/*!40101 SET character_set_client = @saved_cs_client */;

--
-- Dumping data for table `auth_group_permissions`
--

LOCK TABLES `auth_group_permissions` WRITE;
/*!40000 ALTER TABLE `auth_group_permissions` DISABLE KEYS */;
/*!40000 ALTER TABLE `auth_group_permissions` ENABLE KEYS */;
UNLOCK TABLES;

--
-- Table structure for table `auth_permission`
--

DROP TABLE IF EXISTS `auth_permission`;
/*!40101 SET @saved_cs_client     = @@character_set_client */;
/*!40101 SET character_set_client = utf8 */;
CREATE TABLE `auth_permission` (
  `id` int(11) NOT NULL AUTO_INCREMENT,
  `name` varchar(50) NOT NULL,
  `content_type_id` int(11) NOT NULL,
  `codename` varchar(100) NOT NULL,
  PRIMARY KEY (`id`),
  UNIQUE KEY `content_type_id` (`content_type_id`,`codename`),
  KEY `auth_permission_1bb8f392` (`content_type_id`),
  CONSTRAINT `content_type_id_refs_id_728de91f` FOREIGN KEY (`content_type_id`) REFERENCES `django_content_type` (`id`)
) ENGINE=InnoDB AUTO_INCREMENT=327 DEFAULT CHARSET=utf8;
/*!40101 SET character_set_client = @saved_cs_client */;

--
-- Dumping data for table `auth_permission`
--

LOCK TABLES `auth_permission` WRITE;
/*!40000 ALTER TABLE `auth_permission` DISABLE KEYS */;
INSERT INTO `auth_permission` VALUES (1,'Can add permission',1,'add_permission'),(2,'Can change permission',1,'change_permission'),(3,'Can delete permission',1,'delete_permission'),(4,'Can add group',2,'add_group'),(5,'Can change group',2,'change_group'),(6,'Can delete group',2,'delete_group'),(7,'Can add user',3,'add_user'),(8,'Can change user',3,'change_user'),(9,'Can delete user',3,'delete_user'),(10,'Can add content type',4,'add_contenttype'),(11,'Can change content type',4,'change_contenttype'),(12,'Can delete content type',4,'delete_contenttype'),(13,'Can add session',5,'add_session'),(14,'Can change session',5,'change_session'),(15,'Can delete session',5,'delete_session'),(16,'Can add site',6,'add_site'),(17,'Can change site',6,'change_site'),(18,'Can delete site',6,'delete_site'),(19,'Can add log entry',7,'add_logentry'),(20,'Can change log entry',7,'change_logentry'),(21,'Can delete log entry',7,'delete_logentry'),(22,'Can add placeholder',8,'add_placeholder'),(23,'Can change placeholder',8,'change_placeholder'),(24,'Can delete placeholder',8,'delete_placeholder'),(25,'Can add cms plugin',9,'add_cmsplugin'),(26,'Can change cms plugin',9,'change_cmsplugin'),(27,'Can delete cms plugin',9,'delete_cmsplugin'),(28,'Can add page',10,'add_page'),(29,'Can change page',10,'change_page'),(30,'Can delete page',10,'delete_page'),(31,'Can view page',10,'view_page'),(32,'Can publish page',10,'publish_page'),(33,'Can add Page moderator state',11,'add_pagemoderatorstate'),(34,'Can change Page moderator state',11,'change_pagemoderatorstate'),(35,'Can delete Page moderator state',11,'delete_pagemoderatorstate'),(36,'Can add Page global permission',12,'add_globalpagepermission'),(37,'Can change Page global permission',12,'change_globalpagepermission'),(38,'Can delete Page global permission',12,'delete_globalpagepermission'),(39,'Can add Page permission',13,'add_pagepermission'),(40,'Can change Page permission',13,'change_pagepermission'),(41,'Can delete Page permission',13,'delete_pagepermission'),(42,'Can add User (page)',14,'add_pageuser'),(43,'Can change User (page)',14,'change_pageuser'),(44,'Can delete User (page)',14,'delete_pageuser'),(45,'Can add User group (page)',15,'add_pageusergroup'),(46,'Can change User group (page)',15,'change_pageusergroup'),(47,'Can delete User group (page)',15,'delete_pageusergroup'),(48,'Can add title',16,'add_title'),(49,'Can change title',16,'change_title'),(50,'Can delete title',16,'delete_title'),(51,'Can add migration history',17,'add_migrationhistory'),(52,'Can change migration history',17,'change_migrationhistory'),(53,'Can delete migration history',17,'delete_migrationhistory'),(54,'Can add cache key',18,'add_cachekey'),(55,'Can change cache key',18,'change_cachekey'),(56,'Can delete cache key',18,'delete_cachekey'),(57,'Can add tag',19,'add_tag'),(58,'Can change tag',19,'change_tag'),(59,'Can delete tag',19,'delete_tag'),(60,'Can add tagged item',20,'add_taggeditem'),(61,'Can change tagged item',20,'change_taggeditem'),(62,'Can delete tagged item',20,'delete_taggeditem'),(63,'Can add gallery',21,'add_gallery'),(64,'Can change gallery',21,'change_gallery'),(65,'Can delete gallery',21,'delete_gallery'),(66,'Can add gallery upload',22,'add_galleryupload'),(67,'Can change gallery upload',22,'change_galleryupload'),(68,'Can delete gallery upload',22,'delete_galleryupload'),(69,'Can add photo',23,'add_photo'),(70,'Can change photo',23,'change_photo'),(71,'Can delete photo',23,'delete_photo'),(72,'Can add photo effect',24,'add_photoeffect'),(73,'Can change photo effect',24,'change_photoeffect'),(74,'Can delete photo effect',24,'delete_photoeffect'),(75,'Can add watermark',25,'add_watermark'),(76,'Can change watermark',25,'change_watermark'),(77,'Can delete watermark',25,'delete_watermark'),(78,'Can add photo size',26,'add_photosize'),(79,'Can change photo size',26,'change_photosize'),(80,'Can delete photo size',26,'delete_photosize'),(81,'Can add kv store',27,'add_kvstore'),(82,'Can change kv store',27,'change_kvstore'),(83,'Can delete kv store',27,'delete_kvstore'),(84,'Can add source',28,'add_source'),(85,'Can change source',28,'change_source'),(86,'Can delete source',28,'delete_source'),(87,'Can add thumbnail',29,'add_thumbnail'),(88,'Can change thumbnail',29,'change_thumbnail'),(89,'Can delete thumbnail',29,'delete_thumbnail'),(90,'Can add News entry',30,'add_entry'),(91,'Can change News entry',30,'change_entry'),(92,'Can delete News entry',30,'delete_entry'),(93,'Can add Entry title',31,'add_entrytitle'),(94,'Can change Entry title',31,'change_entrytitle'),(95,'Can delete Entry title',31,'delete_entrytitle'),(96,'Can add latest entries plugin',32,'add_latestentriesplugin'),(97,'Can change latest entries plugin',32,'change_latestentriesplugin'),(98,'Can delete latest entries plugin',32,'delete_latestentriesplugin'),(99,'Can add Category',10,'add_category'),(100,'Can change Category',10,'change_category'),(101,'Can delete Category',10,'delete_category'),(102,'Can add Subscriber',33,'add_subscriber'),(103,'Can change Subscriber',33,'change_subscriber'),(104,'Can delete Subscriber',33,'delete_subscriber'),(105,'Can add Subscription entry',34,'add_subscriberentries'),(106,'Can change Subscription entry',34,'change_subscriberentries'),(107,'Can delete Subscription entry',34,'delete_subscriberentries'),(108,'Can add form plugin model',36,'add_formpluginmodel'),(109,'Can change form plugin model',36,'change_formpluginmodel'),(110,'Can delete form plugin model',36,'delete_formpluginmodel'),(111,'Can add photologue gallery plugin',37,'add_photologuegalleryplugin'),(112,'Can change photologue gallery plugin',37,'change_photologuegalleryplugin'),(113,'Can delete photologue gallery plugin',37,'delete_photologuegalleryplugin'),(114,'Can add photologue photo plugin',38,'add_photologuephotoplugin'),(115,'Can change photologue photo plugin',38,'change_photologuephotoplugin'),(116,'Can delete photologue photo plugin',38,'delete_photologuephotoplugin'),(117,'Can add photologue galleries list plugin',39,'add_photologuegallerieslistplugin'),(118,'Can change photologue galleries list plugin',39,'change_photologuegallerieslistplugin'),(119,'Can delete photologue galleries list plugin',39,'delete_photologuegallerieslistplugin'),(120,'Can add Image',40,'add_sliderimage'),(121,'Can change Image',40,'change_sliderimage'),(122,'Can delete Image',40,'delete_sliderimage'),(123,'Can add Slider Album',41,'add_slideralbum'),(124,'Can change Slider Album',41,'change_slideralbum'),(125,'Can delete Slider Album',41,'delete_slideralbum'),(126,'Can add slider plugin',42,'add_sliderplugin'),(127,'Can change slider plugin',42,'change_sliderplugin'),(128,'Can delete slider plugin',42,'delete_sliderplugin'),(129,'Can add text',43,'add_text'),(130,'Can change text',43,'change_text'),(131,'Can delete text',43,'delete_text'),(132,'Can add link',44,'add_link'),(133,'Can change link',44,'change_link'),(134,'Can delete link',44,'delete_link'),(135,'Can add picture',45,'add_picture'),(136,'Can change picture',45,'change_picture'),(137,'Can delete picture',45,'delete_picture'),(138,'Can add file',46,'add_file'),(139,'Can change file',46,'change_file'),(140,'Can delete file',46,'delete_file'),(141,'Can add Snippet',47,'add_snippet'),(142,'Can change Snippet',47,'change_snippet'),(143,'Can delete Snippet',47,'delete_snippet'),(144,'Can add Snippet',48,'add_snippetptr'),(145,'Can change Snippet',48,'change_snippetptr'),(146,'Can delete Snippet',48,'delete_snippetptr'),(147,'Can add registration profile',49,'add_registrationprofile'),(148,'Can change registration profile',49,'change_registrationprofile'),(149,'Can delete registration profile',49,'delete_registrationprofile'),(150,'Can add setting',50,'add_setting'),(151,'Can change setting',50,'change_setting'),(152,'Can delete setting',50,'delete_setting'),(153,'Can add long setting',51,'add_longsetting'),(154,'Can change long setting',51,'change_longsetting'),(155,'Can delete long setting',51,'delete_longsetting'),(156,'Can add Country',52,'add_country'),(157,'Can change Country',52,'change_country'),(158,'Can delete Country',52,'delete_country'),(159,'Can add Administrative Area',53,'add_adminarea'),(160,'Can change Administrative Area',53,'change_adminarea'),(161,'Can delete Administrative Area',53,'delete_adminarea'),(162,'Can add Tax Rate',54,'add_taxrate'),(163,'Can change Tax Rate',54,'change_taxrate'),(164,'Can delete Tax Rate',54,'delete_taxrate'),(165,'Can add Payment Option',55,'add_paymentoption'),(166,'Can change Payment Option',55,'change_paymentoption'),(167,'Can delete Payment Option',55,'delete_paymentoption'),(168,'Can add Credit Card',56,'add_creditcarddetail'),(169,'Can change Credit Card',56,'change_creditcarddetail'),(170,'Can delete Credit Card',56,'delete_creditcarddetail'),(171,'Can add plugin point',57,'add_pluginpoint'),(172,'Can change plugin point',57,'change_pluginpoint'),(173,'Can delete plugin point',57,'delete_pluginpoint'),(174,'Can add plugin',58,'add_plugin'),(175,'Can change plugin',58,'change_plugin'),(176,'Can delete plugin',58,'delete_plugin'),(177,'Can add user plugin preference',59,'add_userpluginpreference'),(178,'Can change user plugin preference',59,'change_userpluginpreference'),(179,'Can delete user plugin preference',59,'delete_userpluginpreference'),(180,'Can add Category',60,'add_category'),(181,'Can change Category',60,'change_category'),(182,'Can delete Category',60,'delete_category'),(183,'Can add Category Translation',61,'add_categorytranslation'),(184,'Can change Category Translation',61,'change_categorytranslation'),(185,'Can delete Category Translation',61,'delete_categorytranslation'),(186,'Can add Category Image',62,'add_categoryimage'),(187,'Can change Category Image',62,'change_categoryimage'),(188,'Can delete Category Image',62,'delete_categoryimage'),(189,'Can add Category Image Translation',63,'add_categoryimagetranslation'),(190,'Can change Category Image Translation',63,'change_categoryimagetranslation'),(191,'Can delete Category Image Translation',63,'delete_categoryimagetranslation'),(192,'Can add Discount',64,'add_discount'),(193,'Can change Discount',64,'change_discount'),(194,'Can delete Discount',64,'delete_discount'),(195,'Can add Option Group',65,'add_optiongroup'),(196,'Can change Option Group',65,'change_optiongroup'),(197,'Can delete Option Group',65,'delete_optiongroup'),(198,'Can add Option Group Translation',66,'add_optiongrouptranslation'),(199,'Can change Option Group Translation',66,'change_optiongrouptranslation'),(200,'Can delete Option Group Translation',66,'delete_optiongrouptranslation'),(201,'Can add Option Item',67,'add_option'),(202,'Can change Option Item',67,'change_option'),(203,'Can delete Option Item',67,'delete_option'),(204,'Can add Option Translation',68,'add_optiontranslation'),(205,'Can change Option Translation',68,'change_optiontranslation'),(206,'Can delete Option Translation',68,'delete_optiontranslation'),(207,'Can add Product',69,'add_product'),(208,'Can change Product',69,'change_product'),(209,'Can delete Product',69,'delete_product'),(210,'Can add Product Translation',70,'add_producttranslation'),(211,'Can change Product Translation',70,'change_producttranslation'),(212,'Can delete Product Translation',70,'delete_producttranslation'),(213,'Can add product price lookup',71,'add_productpricelookup'),(214,'Can change product price lookup',71,'change_productpricelookup'),(215,'Can delete product price lookup',71,'delete_productpricelookup'),(216,'Can add attribute option',72,'add_attributeoption'),(217,'Can change attribute option',72,'change_attributeoption'),(218,'Can delete attribute option',72,'delete_attributeoption'),(219,'Can add Product Attribute',73,'add_productattribute'),(220,'Can change Product Attribute',73,'change_productattribute'),(221,'Can delete Product Attribute',73,'delete_productattribute'),(222,'Can add Category Attribute',74,'add_categoryattribute'),(223,'Can change Category Attribute',74,'change_categoryattribute'),(224,'Can delete Category Attribute',74,'delete_categoryattribute'),(225,'Can add Price',75,'add_price'),(226,'Can change Price',75,'change_price'),(227,'Can delete Price',75,'delete_price'),(228,'Can add Product Image',76,'add_productimage'),(229,'Can change Product Image',76,'change_productimage'),(230,'Can delete Product Image',76,'delete_productimage'),(231,'Can add Product Image Translation',77,'add_productimagetranslation'),(232,'Can change Product Image Translation',77,'change_productimagetranslation'),(233,'Can delete Product Image Translation',77,'delete_productimagetranslation'),(234,'Can add Tax Class',78,'add_taxclass'),(235,'Can change Tax Class',78,'change_taxclass'),(236,'Can delete Tax Class',78,'delete_taxclass'),(237,'Can add contact role',79,'add_contactrole'),(238,'Can change contact role',79,'change_contactrole'),(239,'Can delete contact role',79,'delete_contactrole'),(240,'Can add Contact organization type',80,'add_contactorganization'),(241,'Can change Contact organization type',80,'change_contactorganization'),(242,'Can delete Contact organization type',80,'delete_contactorganization'),(243,'Can add contact organization role',81,'add_contactorganizationrole'),(244,'Can change contact organization role',81,'change_contactorganizationrole'),(245,'Can delete contact organization role',81,'delete_contactorganizationrole'),(246,'Can add contact interaction type',82,'add_contactinteractiontype'),(247,'Can change contact interaction type',82,'change_contactinteractiontype'),(248,'Can delete contact interaction type',82,'delete_contactinteractiontype'),(249,'Can add Organization',83,'add_organization'),(250,'Can change Organization',83,'change_organization'),(251,'Can delete Organization',83,'delete_organization'),(252,'Can add Contact',84,'add_contact'),(253,'Can change Contact',84,'change_contact'),(254,'Can delete Contact',84,'delete_contact'),(255,'Can add Interaction',85,'add_interaction'),(256,'Can change Interaction',85,'change_interaction'),(257,'Can delete Interaction',85,'delete_interaction'),(258,'Can add Phone Number',86,'add_phonenumber'),(259,'Can change Phone Number',86,'change_phonenumber'),(260,'Can delete Phone Number',86,'delete_phonenumber'),(261,'Can add Address Book',87,'add_addressbook'),(262,'Can change Address Book',87,'change_addressbook'),(263,'Can delete Address Book',87,'delete_addressbook'),(264,'Can add Store Configuration',88,'add_config'),(265,'Can change Store Configuration',88,'change_config'),(266,'Can delete Store Configuration',88,'delete_config'),(267,'Can add Shopping Cart',89,'add_cart'),(268,'Can change Shopping Cart',89,'change_cart'),(269,'Can delete Shopping Cart',89,'delete_cart'),(270,'Can add Cart Item',90,'add_cartitem'),(271,'Can change Cart Item',90,'change_cartitem'),(272,'Can delete Cart Item',90,'delete_cartitem'),(273,'Can add Cart Item Detail',91,'add_cartitemdetails'),(274,'Can change Cart Item Detail',91,'change_cartitemdetails'),(275,'Can delete Cart Item Detail',91,'delete_cartitemdetails'),(276,'Can add Order variable',92,'add_ordervariable'),(277,'Can change Order variable',92,'change_ordervariable'),(278,'Can delete Order variable',92,'delete_ordervariable'),(279,'Can add Product Order',93,'add_order'),(280,'Can change Product Order',93,'change_order'),(281,'Can delete Product Order',93,'delete_order'),(282,'Can add Order Line Item',94,'add_orderitem'),(283,'Can change Order Line Item',94,'change_orderitem'),(284,'Can delete Order Line Item',94,'delete_orderitem'),(285,'Can add Order Item Detail',95,'add_orderitemdetail'),(286,'Can change Order Item Detail',95,'change_orderitemdetail'),(287,'Can delete Order Item Detail',95,'delete_orderitemdetail'),(288,'Can add Order Status',96,'add_orderstatus'),(289,'Can change Order Status',96,'change_orderstatus'),(290,'Can delete Order Status',96,'delete_orderstatus'),(291,'Can add Order Payment Authorization',97,'add_orderauthorization'),(292,'Can change Order Payment Authorization',97,'change_orderauthorization'),(293,'Can delete Order Payment Authorization',97,'delete_orderauthorization'),(294,'Can add Order Payment',98,'add_orderpayment'),(295,'Can change Order Payment',98,'change_orderpayment'),(296,'Can delete Order Payment',98,'delete_orderpayment'),(297,'Can add Order Pending Payment',99,'add_orderpendingpayment'),(298,'Can change Order Pending Payment',99,'change_orderpendingpayment'),(299,'Can delete Order Pending Payment',99,'delete_orderpendingpayment'),(300,'Can add order payment failure',100,'add_orderpaymentfailure'),(301,'Can change order payment failure',100,'change_orderpaymentfailure'),(302,'Can delete order payment failure',100,'delete_orderpaymentfailure'),(303,'Can add Order tax detail',101,'add_ordertaxdetail'),(304,'Can change Order tax detail',101,'change_ordertaxdetail'),(305,'Can delete Order tax detail',101,'delete_ordertaxdetail'),(306,'Can add affiliate',105,'add_affiliate'),(307,'Can change affiliate',105,'change_affiliate'),(308,'Can delete affiliate',105,'delete_affiliate'),(309,'Can add affiliateorder',106,'add_affiliateorder'),(310,'Can change affiliateorder',106,'change_affiliateorder'),(311,'Can delete affiliateorder',106,'delete_affiliateorder'),(312,'Can add meeting',107,'add_meeting'),(313,'Can change meeting',107,'change_meeting'),(314,'Can delete meeting',107,'delete_meeting'),(315,'Can add Entry',108,'add_entry'),(316,'Can change Entry',108,'change_entry'),(317,'Can delete Entry',108,'delete_entry'),(318,'Can add Entry title',109,'add_entrytitle'),(319,'Can change Entry title',109,'change_entrytitle'),(320,'Can delete Entry title',109,'delete_entrytitle'),(321,'Can add people entries plugin',110,'add_peopleentriesplugin'),(322,'Can change people entries plugin',110,'change_peopleentriesplugin'),(323,'Can delete people entries plugin',110,'delete_peopleentriesplugin'),(324,'Can add Category',111,'add_category'),(325,'Can change Category',111,'change_category'),(326,'Can delete Category',111,'delete_category');
/*!40000 ALTER TABLE `auth_permission` ENABLE KEYS */;
UNLOCK TABLES;

--
-- Table structure for table `auth_user`
--

DROP TABLE IF EXISTS `auth_user`;
/*!40101 SET @saved_cs_client     = @@character_set_client */;
/*!40101 SET character_set_client = utf8 */;
CREATE TABLE `auth_user` (
  `id` int(11) NOT NULL AUTO_INCREMENT,
  `username` varchar(30) NOT NULL,
  `first_name` varchar(30) NOT NULL,
  `last_name` varchar(30) NOT NULL,
  `email` varchar(75) NOT NULL,
  `password` varchar(128) NOT NULL,
  `is_staff` tinyint(1) NOT NULL,
  `is_active` tinyint(1) NOT NULL,
  `is_superuser` tinyint(1) NOT NULL,
  `last_login` datetime NOT NULL,
  `date_joined` datetime NOT NULL,
  PRIMARY KEY (`id`),
  UNIQUE KEY `username` (`username`)
) ENGINE=InnoDB AUTO_INCREMENT=102 DEFAULT CHARSET=utf8;
/*!40101 SET character_set_client = @saved_cs_client */;

--
-- Dumping data for table `auth_user`
--

LOCK TABLES `auth_user` WRITE;
/*!40000 ALTER TABLE `auth_user` DISABLE KEYS */;
INSERT INTO `auth_user` VALUES (1,'admin','','','admin@localhost.local','pbkdf2_sha256$10000$SMxXP4aMqJvY$LvEcNfbdtFmtx45IWnRti7i36iBQpgua3F7MTtgYAgU=',0,0,0,'2010-11-06 16:08:43','2010-11-06 16:07:59'),(3,'laura','Laura','Simson','laura@lakesdistrillery.com','pbkdf2_sha256$10000$p0GRIMo1AnHL$yfmTA/RuWR0+Gt0kCTiW7FULh3sM5blgM9LvOcAr3mQ=',1,1,1,'2014-04-07 08:54:45','2013-12-03 11:01:56'),(4,'mindo','Mindo','Banaitis','mindo@club.lt','pbkdf2_sha256$10000$rFixDINRB3Yj$o1WBQSmV7Gu1xi+LTzk3wLgw1bFptZYxtd268RTyxqQ=',1,1,1,'2014-03-28 05:58:08','2014-01-28 18:01:02'),(5,'bhjobling','Brian','Jobling','bhjobling@gmail.com','pbkdf2_sha256$10000$b5Cu8CBIvmmS$jZPTdjvReRD0pcI7GzMxf8I7Up421PIKN35JvCPhmr0=',1,1,1,'2014-04-05 12:23:55','2014-02-06 18:17:50'),(6,'mbennettemail','Michelle','Bennett','mbennettemail@gmail.com','pbkdf2_sha256$10000$S8C4nfBuh7sN$E0oo4+AgeWIjaMokC3xVnTr98rij9rVcL88iNy8G4i8=',0,1,0,'2014-02-08 14:46:20','2014-02-07 15:07:36'),(7,'laura02','laura','simpon','laura.02@hotmail.co.uk','pbkdf2_sha256$10000$FfAGqjnS1Tp6$BBhzzZ6HVxdr8oZnYGU7JvSaPz+vmX39E+rdqQwuRLU=',0,1,0,'2014-02-07 16:48:05','2014-02-07 16:48:05'),(8,'castelinomi','M','Castelino','castelinomi@gmail.com','pbkdf2_sha256$10000$ydryWp7C2pvl$B0DsaP4vA4gQf9J9XO9ubFJk0poS3cDs1mkPvz1lJ34=',0,1,0,'2014-02-13 16:42:01','2014-02-07 18:57:41'),(9,'junebrittain','June','Brittain','Junebrittain@aol.com','pbkdf2_sha256$10000$V4Jj1YhkJPjF$TuD92gF/sl0/5q5Hnq6v3OpPsdgaHIWtwfP8d7ezW5E=',0,1,0,'2014-02-24 10:55:25','2014-02-07 21:20:05'),(10,'gamelygqqs','DallasFenEO','DallasFenEO','g.a.m.el.y.gqqs@gmail.com','pbkdf2_sha256$10000$9hSV1nqOqfKG$cB6MUntMB2qTVOGTxTz6rnIe41pJF5pZRdW/R0NLGrk=',0,1,0,'2014-02-08 02:41:42','2014-02-08 02:41:42'),(11,'geoff','Geoff','Adams','Geoff@theadamsclan.co.uk','pbkdf2_sha256$10000$67icSfY5CNTG$AnSqhkEb8nrvUZYYG+NTwA0GyGm61kpbm+k7rwlgags=',0,1,0,'2014-02-08 11:25:40','2014-02-08 11:23:50'),(12,'martinball_home','Martin','Ball','martin.ball_home@btopenworld.com','pbkdf2_sha256$10000$3MGAFuHNmmtg$Hx7+aJSeg2CUi3U6NfpHbYl2vbMb9gDjRTkrfaRf8o0=',0,1,0,'2014-02-08 11:50:46','2014-02-08 11:50:46'),(13,'d56w156r64','DAVID','ROBSON','d56w156r64@gmail.com','pbkdf2_sha256$10000$MK1QCVPSMlRs$eTCXMdB+fM9kuSRfZVLNrCVvN4VvUoRdM3DEu3otMng=',0,1,0,'2014-02-08 17:41:20','2014-02-08 14:23:05'),(14,'markclamp','Mark','Clamp','markclamp@hotmail.co.uk','pbkdf2_sha256$10000$H3gELAcubW0Q$RpkiCoCXmh4aM/Z2VjJvzSxLBSB5qFWsLTTUPEPMvQc=',0,1,0,'2014-02-09 19:56:41','2014-02-09 19:56:41'),(15,'kevinishitmode','kevin','ernst','kevinishitmode@gmail.com','pbkdf2_sha256$10000$vCTrh8oBYl7y$V42m1J8LCEQZqa4/wdJ9Iky640n/N6lkR7CcyEVol6g=',0,1,0,'2014-02-10 21:57:23','2014-02-10 10:57:05'),(16,'georgebragg','George ','Bragg','bragg@btinternet.com','pbkdf2_sha256$10000$JIiASNLIi6PQ$KPNdORmgrR+q0aHvC92dH1pNetbJyJzgl5C1AkKYbVo=',0,1,0,'2014-02-18 09:23:36','2014-02-10 13:46:29'),(17,'timothytrukubik','WilliamhaliSE','WilliamhaliSE','tim.othytr.ukubik@gmail.com','pbkdf2_sha256$10000$OVB4zk07W0pI$h3HlHqMbucbztguJVu0s+gXpdmYFa6o1ASqDnxxagi4=',0,1,0,'2014-02-10 15:19:48','2014-02-10 15:19:48'),(18,'mburgess1100','Morgan','Burgess','mburgess1100@gmail.com','pbkdf2_sha256$10000$5b8lCn6mHJ0N$vXgdOvw2OFaf7nFrxPvZl+7hFU6qLN4thkgD1pKyFWI=',0,1,0,'2014-02-11 09:49:14','2014-02-11 09:49:13'),(19,'davidgollings','David','Gollings','dgollings@btinternet.com','pbkdf2_sha256$10000$irdgHBV9f8Af$j2afuOnJ6ngpn/bs4bRsnos6lTr9u1IdxaruCTzq0hg=',0,1,0,'2014-02-13 07:34:34','2014-02-11 14:09:30'),(20,'paulcarver','Paul','Carver','parevrac@gmail.com','pbkdf2_sha256$10000$4bEUfJGSd8q1$pOJD+N45InDw22vLlAQzmYuz1JKKf/iaY5UkWgHuTh0=',0,1,0,'2014-02-12 09:16:17','2014-02-11 14:17:21'),(21,'moray4455','Moray','Martin','moray4455@gmail.com','pbkdf2_sha256$10000$NyjrFp7v1Yck$HoAxx0pKFc4XNyrbhIDtbzAL40HJjUck45NSwpeaGpw=',0,1,0,'2014-02-11 17:54:02','2014-02-11 17:48:44'),(22,'robertfelfdcrobertfelfdc','RobertFelfDC','RobertFelfDC','tim.othytru.kubik@gmail.com','pbkdf2_sha256$10000$SopTIqfEfoal$YMtmNvQl7RY/TJymcWzUHID2Hv3bCsUL8EZvcjUJqkg=',0,1,0,'2014-02-11 23:46:30','2014-02-11 23:46:29'),(23,'waltersewpkwaltersewpk','WalterSewPK','WalterSewPK','tim.othytruk.ubik@gmail.com','pbkdf2_sha256$10000$BBewvX6rC7dv$gE6DYojzdngl0SRKZFOVVzN0h+B3SAMDfZKKEX9HzKE=',0,1,0,'2014-02-12 19:37:40','2014-02-12 19:37:40'),(24,'kopernuriddin','CharlesgaseUQ','CharlesgaseUQ','k.opernuriddin@gmail.com','pbkdf2_sha256$10000$mqMY6pVS34cb$fu1K4zSY+vyRsMoDY7DxdVlBvNGai7bE/OZcKk3lffc=',0,1,0,'2014-02-13 12:58:06','2014-02-13 12:58:05'),(25,'stevencypevkstevencypevk','StevenCypeVK','StevenCypeVK','tim.othytruku.bik@gmail.com','pbkdf2_sha256$10000$PMc4h2n8hmKz$hEpD/kB/QrXg/zDIu9Lybp1lrDWqvmfQoZZzH+i6KOk=',0,1,0,'2014-02-13 17:26:44','2014-02-13 17:26:44'),(26,'garyfairhurst','Gary','Fairhurst','garyfairhurst@icloud.com','pbkdf2_sha256$10000$YJUn2lpqH7Ms$MOkakF0Dn/gDGBnUu95WjOG+Y2gedTms/rjETaueaKU=',0,1,0,'2014-02-14 10:26:03','2014-02-14 10:26:03'),(27,'beckettpn','Peter','Beckett','beckettpn@yahoo.co.uk','pbkdf2_sha256$10000$rRnLxHF2GMTg$v9WQ6Vva4PqyLU7nCZLUZf7bytWXErEEL27CsLpnruU=',0,1,0,'2014-02-14 11:17:37','2014-02-14 11:17:36'),(28,'pcbg01207','Peter','Curtis','pcbg01207@blueyonder.co.uk','pbkdf2_sha256$10000$K8d6ld1poYQL$2KXnw3vHRYQ3J1dUOhJ6kmUGHs2MhEfKvaDjLtBn9aM=',0,1,0,'2014-04-04 20:16:01','2014-02-14 20:30:29'),(29,'chezcjw2','Candida','Whitmill','chezcjw2@btconnect.com','pbkdf2_sha256$10000$BDwWz5B9NNQZ$VeqVf5817XKCE/tNsQHnuI8t7/HA3J8y3UccTmpPboA=',0,1,0,'2014-02-15 10:14:25','2014-02-15 10:14:25'),(30,'beckywake','becky','barker','beckywake@hotmail.com','pbkdf2_sha256$10000$z78HFxkpt5Sm$BU6y9s41h3yURbhwZdtP0LbUQ6EuiS7RVvIouJ63bx8=',0,1,0,'2014-02-15 13:27:33','2014-02-15 12:49:52'),(31,'mickpb14','Mick','Brewster','mickpb14@btinternet.com','pbkdf2_sha256$10000$LmKHLUVCq0Sq$R7sC+nKhg7RB7sEw1ekZmGNhhBlKEsO6rnV/glwrT0E=',0,1,0,'2014-02-15 22:19:34','2014-02-15 22:19:34'),(32,'simpleaupoz','SimpleAupozxc','SimpleAupozxc','simpleaupoz@gmail.com','pbkdf2_sha256$10000$DU6AvdSeY7BX$0olVrpexX8mNrzH4MANRUHJ/ID73SC7AsOEOKNKOmXg=',0,1,0,'2014-02-17 17:20:56','2014-02-17 00:20:13'),(33,'thomascat43','Chris','Davey','thomascat43@hotmail.com','pbkdf2_sha256$10000$KJbNEzPIQgXf$amZZbioD07HVmCozxc5slKSRWFvaBewQADVldfOijdM=',0,1,0,'2014-02-18 22:33:23','2014-02-18 22:30:11'),(34,'administrator','Jon Dorinov','Jon Dorinov','administrator@aerodisk.com','pbkdf2_sha256$10000$EyoxiFTsINGM$AQxPVq64EsLFQVk0/mG/+XIPCWIVVrr25yiI1joN92Y=',0,1,0,'2014-02-20 01:57:07','2014-02-20 01:57:06'),(35,'allpurdys','Peter','Purdy','allpurdys@hotmail.com','pbkdf2_sha256$10000$8Bxf1YMN9777$AoIOQSproF48DzY85y/owIeG9ka0nhPNCPaobnNUWa8=',0,1,0,'2014-02-20 13:34:43','2014-02-20 13:34:43'),(36,'jjbbrittain','JOHN','BRITTAIN','JJBBRITTAIN@AOL.COM','pbkdf2_sha256$10000$Yeifz39ihJ2c$BOasY/O/4eYw2vnOMEOrAA+dCZwKRYGZucVJv46Sa/M=',0,1,0,'2014-03-27 10:44:59','2014-02-24 13:14:23'),(37,'garythornton','Gary','Thornton','gary@druidsplace.com','pbkdf2_sha256$10000$qy0WLdJbH9da$hLWgobasM2lGPrjfZ8aQs7ltWVkqat3SV+GlG5oFXpU=',0,1,0,'2014-02-24 13:51:51','2014-02-24 13:51:51'),(38,'littlewoodp','Paul','Littlewood','littlewoodp@btinternet.com','pbkdf2_sha256$10000$L2Y0LotvMKVV$bGPvBdrXwOtLdFXDBsSksAStz9SMpBqghEB5/lDnJ1M=',0,1,0,'2014-02-24 18:05:47','2014-02-24 18:05:47'),(39,'casino','Joni Dorus','Joni Dorus','casino@parrottes.com','pbkdf2_sha256$10000$O8SEidUWjKkG$gF5gUwrTYhuOW0TFtIzNhJdewvOG2+UwE2WU+dFi3k8=',0,1,0,'2014-02-27 11:59:56','2014-02-27 11:59:56'),(40,'billy','Billy','Abbott','billy@cowfish.org.uk','pbkdf2_sha256$10000$I9fCL9xMCr9a$Vx8lbJKfRqCHSM72BrOpezL2lgavg3FcwMB7TtHECZ0=',0,1,0,'2014-02-27 15:32:12','2014-02-27 15:32:12'),(41,'willparkin','will','parkin','will.parkin@hotmail.co.uk','pbkdf2_sha256$10000$bSzxFUNKxON1$BBYk76qD9Utg+4LI3+8ABVeaOSEJ0Q+mMNkxhyPP2BM=',0,1,0,'2014-02-28 17:41:34','2014-02-27 20:07:37'),(42,'david_williams','David','Williams','david_williams@ntlworld.com','pbkdf2_sha256$10000$uGwBSerfhAMX$su/XIqoZyrwuxvrrIDn+7hUoMFMvmFa0IQYJs6RV4aw=',0,1,0,'2014-02-27 20:41:19','2014-02-27 20:41:18'),(43,'andy_scott9021','Andy','Scott','andy_scott9021@hotmail.co.uk','pbkdf2_sha256$10000$FhxwLE2JV8m4$0WRkIs0J4FPOAbaS8DXmoibhpHz6hvvEfgRTsQWz+bk=',0,1,0,'2014-02-27 21:37:24','2014-02-27 21:37:23'),(44,'cdalton','Craig','Dalton','cdalton@cdalton.co.uk','pbkdf2_sha256$10000$NjzL58sJ02KA$0UHn85DIvoDdrXTTCH9KGwfLFlJe4ro0bfA4+1cG8y0=',0,1,0,'2014-02-28 16:04:13','2014-02-28 16:04:13'),(45,'david630','David','Robinson','david630@hotmail.co.uk','pbkdf2_sha256$10000$AX43HDuEXUv1$f+/rnyHuIB5JnrH2qwM2jDpXe3e0ax6jfIuRp5guWcY=',0,1,0,'2014-02-28 17:13:25','2014-02-28 17:13:25'),(46,'dmgbrown','David','Brown','dmgbrown@fsmail.net','pbkdf2_sha256$10000$3317p2xtg9VY$lciZ6lUOYs4XJX4oE+w93LmkSfTuoZmwLinIRtY2EzE=',0,1,0,'2014-02-28 19:32:18','2014-02-28 19:32:18'),(47,'jonisvilovinjonisvilovin','Jonis Vilovin','Jonis Vilovin','men@men-viagra.us','pbkdf2_sha256$10000$xd1mTkY3MlNk$F9r9TpucQWuoiPWL5wUR8mijscuRZ3+MU1un3aDUkLQ=',0,1,0,'2014-03-01 19:36:14','2014-03-01 19:36:14'),(48,'jmooring','james','Mooring','jmooring@jmooring.karoo.co.uk','pbkdf2_sha256$10000$bMEKHUx7lXfc$o2OdUNrCIgchHqkm64NTci9SvWdZYNkIzPbNommnitE=',0,1,0,'2014-03-02 10:48:41','2014-03-02 10:48:41'),(49,'paulcurrie','Paul','Currie','paul@curriesuk.net','pbkdf2_sha256$10000$R2IBp53i5mY7$P08TGP5OgszsNL5ROBBl0Gx19PvLfn4HWhcSD95Sdss=',0,1,0,'2014-03-02 19:14:49','2014-03-02 19:14:49'),(50,'petebailey','Peter','Bailey','pete.bailey@virgin.net','pbkdf2_sha256$10000$wGk12vdVhrn0$9yTidMLFK0VrdA0FSyhw1gBx6Yurp/y8HS8MavwRNG8=',0,1,0,'2014-03-03 20:20:31','2014-03-03 20:20:31'),(51,'mejoyh','YH','O','mejoyh@hotmail.com','pbkdf2_sha256$10000$NLZRVhwzAXPn$r4wm3GQZtFxmnF+/u9v1tTBJPIak+KmXx6hLq6nJ3cQ=',0,1,0,'2014-03-04 07:31:24','2014-03-04 07:31:24'),(52,'rodglassford','Rod','Glassford','rod@glassford.me','pbkdf2_sha256$10000$8SLLQUkoP4Oj$bzlGeVWfSvq+qrzDmzJdMc9+zf6BUdyV3DU5wTsFtGY=',0,1,0,'2014-03-04 12:38:22','2014-03-04 12:38:22'),(53,'mprior','Michael','Prior','m.prior@talk21.com','pbkdf2_sha256$10000$GMtEXJ00TU0w$vUikYuG94qoqRtOtEcxlTnSpcxKACgKCQ4vTx/NrPzo=',0,1,0,'2014-03-04 17:19:50','2014-03-04 17:19:50'),(54,'davidw','David','Wilde','davidw@wildeagriculture.com','pbkdf2_sha256$10000$BxPwwUWFF53O$p2uTdtRYke6rkMKIAkKqYIFA7s3abHDA75wTT1zVanM=',0,1,0,'2014-03-04 23:25:39','2014-03-04 23:25:38'),(55,'yourmailmktm','MariahodagegIB','MariavoeasehIB','yourmailmktm@gmail.com','pbkdf2_sha256$10000$0zn2i78KBDPr$ycRknys90O5B95cbz9Mnn2hHS7FeiG3yDayOnR6LLxc=',0,1,0,'2014-03-06 07:03:50','2014-03-06 07:03:50'),(56,'jakestewart','jake.stewart@northumbria.ac.uk','Stewart','jake.stewart@northumbria.ac.uk','pbkdf2_sha256$10000$yPtJBiFZt2n0$1FEMAbLMT76xAqyzYmvnW8WI2xn46KEH2myZiqh3zwQ=',0,1,0,'2014-03-06 10:26:20','2014-03-06 10:26:19'),(57,'janetmurphy62','Janet','Murphy','Janetmurphy62@yahoo.co.uk','pbkdf2_sha256$10000$9eWZ1Eyp7tSQ$v9yEmSIMNnea+5H7Nnl23TZgyNW+EafnEjSw5TYPRvw=',0,1,0,'2014-03-06 20:14:02','2014-03-06 20:14:02'),(58,'d_jackson15','David','Jackson','d_jackson15@sky.com','pbkdf2_sha256$10000$FuuthwB234NJ$Vj9gYKhd5sMxu98PbQvc9ruiW+Sm+JujIg2aG7zQFEE=',0,1,0,'2014-03-07 20:46:36','2014-03-07 20:46:36'),(59,'jasoncarey1','Jason','Carey','jason.carey1@btinternet.com','pbkdf2_sha256$10000$y2yvQIXdFoe4$E7yKT/i3+VSMQsIZd0KPPNuduWMEqh4vd1t+38BpjC8=',0,1,0,'2014-03-07 21:31:45','2014-03-07 21:31:45'),(60,'petrboaz','MartinmiWI','MartinmiWI','petr.boaz@aol.com','pbkdf2_sha256$10000$1o92MJmYyZzx$mATelgOnCL94NV7BfQZ5E7KKLnsvutdZMKW8JJtBYR4=',0,1,0,'2014-03-11 04:36:37','2014-03-11 04:36:37'),(61,'whiskyisrael','Gal','Granov','gal.granov@gmail.com','pbkdf2_sha256$10000$9SA1CDX4d1ve$bNyNXiE2Ki+1MpiZvpNk41Wq0b9rxhvd3v3DT5wh0U0=',0,1,0,'2014-03-16 17:55:33','2014-03-11 15:58:58'),(62,'derbentiyfsaetet75','AnnaooxahenSG','AnnaiouamexSG','derbentiyfsaetet75@gmail.com','pbkdf2_sha256$10000$5rf6uSiOIva3$d6Z31mxntzYM7h2YiA/ZYv3WgwSrm7xhBUjH2RDNil4=',0,1,0,'2014-03-12 07:47:46','2014-03-12 07:47:46'),(63,'timwells2k','Timothy','Wells','timwells2k@hotmail.com','pbkdf2_sha256$10000$s2oreZFWrkH2$FhKw0y8V/UbCZHvJkNEolEYQ8Wr3xQYvHHwVzZ7a1v4=',0,1,0,'2014-03-12 09:40:48','2014-03-12 09:40:48'),(64,'email','Jim','Bulmer','email@moippai.com','pbkdf2_sha256$10000$KCIl7JAA2tm5$Ket32AFGhuwUx0rreMDeGOp4rK4HXhVwVlgMawNsUR8=',0,1,0,'2014-03-14 00:44:15','2014-03-12 15:00:54'),(65,'simoncort','Simon','Cort','Simon.cort@sky.com','pbkdf2_sha256$10000$s6qppvb3EbI0$4UBCg1lLRbDpQ+SjS5LhrCR8REaNaYOfbiMxDClJ3JM=',0,1,0,'2014-03-12 20:20:58','2014-03-12 20:20:58'),(66,'clairelawton162','Claire','Lawton','Clairelawton162@yahoo.co.uk','pbkdf2_sha256$10000$1rxNPJ67PviW$QRZDtdjSp/hhd0lZNveAuUZ27utss40Abh+b6GOmRdE=',0,1,0,'2014-03-14 20:27:31','2014-03-14 20:27:31'),(67,'bhj','Brian','Jobling','bhjobling@gmail.com','pbkdf2_sha256$10000$oaBAYh7x4oiD$ZRxBAm1Cww4v89jDjZCabv8kfei3Fy/OKJk8/pgTsaM=',1,1,1,'2014-03-19 20:06:28','2014-03-16 17:34:46'),(68,'andreathornley','Andrea','Thornley','Andreathornley@btinternet.com','pbkdf2_sha256$10000$cYAagO7uEMDk$9rpAT7/3+hBuwB7WwplTd2H7B0uiLZr56oUmtz7RJBA=',0,1,0,'2014-03-16 19:51:42','2014-03-16 19:51:42'),(69,'titterington11','Sean','Titterington','titterington11@ntlworld.com','pbkdf2_sha256$10000$U37MiSBu2uZZ$QKp+cgJwhtSwJ0Zsr/A8rhb2QmLv93mOk4pgXzIm5Ao=',0,1,0,'2014-03-19 12:30:24','2014-03-17 08:14:03'),(70,'daf2911','Dan','Feetham','daf2911@gmail.com','pbkdf2_sha256$10000$ySoaDa88oTcq$XVL4lDEPY9OTw1wPWQVPd6Rn4IY07fo2NYm3BkwEeTk=',0,1,0,'2014-03-17 10:24:06','2014-03-17 10:24:06'),(71,'derbentiyfsaetet75rr','AnnaloyaqezSG','AnnavoaakenSG','derbentiyfsaetet75rr@gmail.com','pbkdf2_sha256$10000$49ecgNC5OAZ5$mLYAILKkEhVis/EsP43BVppw/wSALvk8ujxDAmUK4Wk=',0,1,0,'2014-03-18 06:59:17','2014-03-18 06:59:17'),(72,'alvarorabi','AlvaroRabI','AlvaroRabI','alvaroRabi@xzzy.info','pbkdf2_sha256$10000$nOQFfFY65ioY$PdfpdlCPTkNaM6jz7S0FA8iInsJy3WIuTKKhJWxyQaU=',0,1,0,'2014-03-18 14:36:07','2014-03-18 14:36:07'),(73,'wendy','Wendy','Swan','wendy.swan7@gmail.com','pbkdf2_sha256$10000$a2kl8QPJcN7Y$Ami6HqYLtWTh1uriVBlNuMlpc2qtxhgSkH+eMczzZgE=',1,1,1,'2014-03-19 20:09:44','2014-03-19 20:04:05'),(74,'martin','Martin','Stokoe','martinstokoe@lakesdistillery.com','pbkdf2_sha256$10000$fX2Emn3CXpyC$vt2zvmPjVBt8G5GXDAyPq19408F/Jij92G5/ZZ97VvU=',1,1,1,'2014-03-20 15:42:15','2014-03-20 15:40:26'),(75,'cnmtbeechwood','Christopher','Makin-Taylor','cnmt.beechwood@virgin.net','pbkdf2_sha256$10000$ri2CuZWVjzqw$2o1pf9q2w5O+7DLq6O0y8hXI0qrumvS7U6S2oRsLV2s=',0,1,0,'2014-03-20 22:28:07','2014-03-20 22:28:06'),(76,'nigerb66','nigel','butcher','nigerb66@hotmail.co.uk','pbkdf2_sha256$10000$AxSqhTD0Ow52$7xNB3jNW3GWsuc7WFVzVyZWh2Yqo//fzkjKsDTjYS6k=',0,1,0,'2014-03-21 13:54:17','2014-03-21 13:54:17'),(77,'kateanddaveyd','David','Dickinson','kateanddaveyd@hotmail.co.uk','pbkdf2_sha256$10000$i21Wu8Tuz1s1$yxLTS11CW+r1ja0ws9WFvjSiUbUSCNglTKth0TVKgZ8=',0,1,0,'2014-03-21 14:39:06','2014-03-21 14:39:06'),(78,'lizevans','Liz','Evans','Liz@whiskytastingcompany.com','pbkdf2_sha256$10000$IVNRImmw9Jpu$6EvaAMZ1Q9eQToJFqcO59C5dkIzIqdR3Iq4ZNnLbLtA=',0,1,0,'2014-03-22 10:42:52','2014-03-22 10:42:52'),(79,'tpg4301','Trevor','Gray','tpg4301@icloud.com','pbkdf2_sha256$10000$SMbmPaBufLOW$F8v824+d4a2aEdLjta6fO/RL7Kg5O80NhspjbY/au7s=',0,1,0,'2014-03-23 08:52:52','2014-03-23 08:52:00'),(80,'willsandra','Sandra ','Douglass','Will.sandra@blueyonder.co.uk','pbkdf2_sha256$10000$efiBqytLiwwe$Oq8wm+mrI38WVFclszpvl1SF7WtVuVLbiCmTFblVDaY=',0,1,0,'2014-03-27 10:42:40','2014-03-27 10:42:40'),(81,'mattb8msn','Matt','Bainbridge','mattb8msn@gmail.com','pbkdf2_sha256$10000$fwSuJ0qgUXfu$pj23GN9xK2laM6aCmKVzAd7lxFsYrE1OAFRhjvVS2XA=',0,1,0,'2014-03-27 16:12:32','2014-03-27 16:03:28'),(82,'moiraziel','moi','raziel','moi.raziel@gmail.com','pbkdf2_sha256$10000$okJXDDr33mly$4GPFS3WRKlmz0D7tK4YjAK2r8+ItYQ9IiU0rF9Xqvf4=',0,1,0,'2014-03-29 01:20:26','2014-03-29 01:20:26'),(83,'wwwdorothymills839','Dorothy','Mills','www.dorothymills839@yahoo.co.uk','pbkdf2_sha256$10000$Emcipc4KLEPF$dOBjYjeV05RygNwECLkag0LPE5oBTTqHCAvEh/b7xYM=',0,1,0,'2014-03-29 07:52:47','2014-03-29 07:52:47'),(84,'timsmith729','Tim','Smith','timsmith729@googlemail.com','pbkdf2_sha256$10000$hgDOzkt5m0Le$hEyokHDTF6r+uq4EgZ/mylMdYUM7l8TC1ui6cgE/sVI=',0,1,0,'2014-03-30 10:52:48','2014-03-30 10:51:12'),(85,'gordonwigham','GORDON','WIGHAM','g58@hotmail.co.uk','pbkdf2_sha256$10000$2UHh7QJWzc4z$AWOhnl6T42RiSsBngl15xetLuHX2JnQW4WGD3Fkt3og=',0,1,0,'2014-03-30 12:46:59','2014-03-30 12:46:59'),(86,'ianprongm','alex2c3ixAK','alex3s7qgAK','ianprongm@hotmail.com','pbkdf2_sha256$10000$Zlr2cSejFNXg$cQWpRxu2v+UBYIJt6Q5suEFTZT9DXsgpdhentuVwLqk=',0,1,0,'2014-04-01 12:13:42','2014-04-01 12:13:42'),(87,'judewalker','Jude','Walker','info@hallhills.co.uk','pbkdf2_sha256$10000$fieW830CR0Tf$GBmlPQrq104ILhMN01EXtI1SSuBFClMmlVL3xvHLp40=',0,1,0,'2014-04-03 10:33:09','2014-04-03 10:33:09'),(88,'ptnpfculxfyi','fkluhygckhpLA','yuxsskmexyqLA','ptnpfculxfyi@hotmail.com','pbkdf2_sha256$10000$WRj1hwPkY9Zy$bBPvRmEYb7m1WymWf6Q38G08ajlf6bkkrGsVB+ubhiQ=',0,1,0,'2014-04-03 22:12:16','2014-04-03 22:12:16'),(89,'jonathanwhitehead','Jonathan','Whitehead','jonathanwhitehead@btopenworld.com','pbkdf2_sha256$10000$nohdlWvrkQ8K$0WSK9cSLnEzFN7eBlpqdXOd5woLC99E3TsRN84AQ5KM=',0,1,0,'2014-04-04 16:15:03','2014-04-04 16:15:02'),(90,'carnivorebsqrss','alex4t8voAK','alex9o3ohAK','c.ar.n.i.v.o.r.eb.sqr.ss@gmail.com','pbkdf2_sha256$10000$QgUm1NiyMFbS$QbWYl/yqbHsf9UpySnkz0hdPV1H2j19t0fbD8ctnWRk=',0,1,0,'2014-04-04 17:18:49','2014-04-04 17:18:49'),(91,'lphgail','GAIL','GRAVETT','lph.gail@gmail.com','pbkdf2_sha256$10000$ndD7KueRLgcG$sSVENiCwqrcu474fjh3Y6DAX90loDopFi4mW/zQFC2w=',0,1,0,'2014-04-04 18:58:21','2014-04-04 18:58:21'),(92,'stewoody','stephen','woodward','stewoody@blueyonder.co.uk','pbkdf2_sha256$10000$PBiGEoNTcKBZ$BGST8ojl04W+Qt+VJLkQgBUHMrKBN1KBC44O69fBang=',0,1,0,'2014-04-05 09:28:33','2014-04-04 21:06:16'),(93,'a_fish95','Alan','Fish','a_fish95@hotmail.com','pbkdf2_sha256$10000$OdlOk8x8pDjV$9Aa88W6sDsO9vC6D7XyEpqJZXtswkxCgGj6iEhGQRTY=',0,1,0,'2014-04-04 21:12:31','2014-04-04 21:12:31'),(94,'alex2e0ctakalex7h9byak','alex2e0ctAK','alex7h9byAK','ca.r.nivore.b.sqrs.s@gmail.com','pbkdf2_sha256$10000$3m3DNQKyk0IN$I8ti7tWMHxgnEYIMwnT9aHjleHdWX1NG9Q/JP0l97sQ=',0,1,0,'2014-04-05 05:08:11','2014-04-05 05:08:10'),(95,'keithburton','Keith','Burton','keithburton@onetel.com','pbkdf2_sha256$10000$FEr47sTI3WCq$Y/O9hd4A+ijirg4KdWU3N7QWNA0pX4YJnvEYO5mykZ4=',0,1,0,'2014-04-05 08:36:13','2014-04-05 08:36:13'),(96,'greenacreslindale','Philip','Broomfield','greenacres.lindale@gmail.com','pbkdf2_sha256$10000$evHHzsms4Z0x$/XXHRsepE9xQs3rU8I0T/7EIs7BS1JgQGBuzWAw8w6I=',0,1,0,'2014-04-05 10:11:14','2014-04-05 10:07:50'),(97,'geofbrown18','Geoff','Brown','geofbrown18@hotmail.com','pbkdf2_sha256$10000$8WRvVkB9pDu5$3NmZUWHTD0z60gcKGXJ8F/Dt6OjLQZ13olK/JCk2qik=',0,1,0,'2014-04-05 10:27:31','2014-04-05 10:27:31'),(98,'buzzybeeandgeorge','george','little','buzzybeeandgeorge@yahoo.co.uk','pbkdf2_sha256$10000$Ic5TxIBK4m7s$mjkp9BELmXlmq6vS9Tgu+DKHh/DYmrr0v0gmaZvNk8o=',0,1,0,'2014-04-05 13:19:46','2014-04-05 13:19:46'),(99,'dviagrasissin','Jonyi Dorusis','Jonyi Dorusis','dviagrasissin@parrottes.com','pbkdf2_sha256$10000$b4i4fBCOo6xd$V1c8ph/R8KI1AzKOsGW62ufH/+mw3zk+hXCn2aBsvhY=',0,1,0,'2014-04-07 01:44:28','2014-04-06 12:51:16'),(100,'gcrowe96','gordon','crowe','gcrowe96@gmail.com','pbkdf2_sha256$10000$7XgA29Kxi2i4$7c9pm7uPqloxRN1Wz8UdMsdx7tpk+8/5Q+WjU0P6clA=',0,1,0,'2014-04-07 08:29:48','2014-04-07 08:29:48'),(101,'nigel','Nigel','Thirkill','Nigel@tepmachinery.co.uk','pbkdf2_sha256$10000$TJeVsHYthDVe$f0e0G8JP+OAl9ipYzR+Tv79tQil8uW98AZBcVwDFbLo=',0,1,0,'2014-04-08 21:10:50','2014-04-08 21:10:50');
/*!40000 ALTER TABLE `auth_user` ENABLE KEYS */;
UNLOCK TABLES;

--
-- Table structure for table `auth_user_groups`
--

DROP TABLE IF EXISTS `auth_user_groups`;
/*!40101 SET @saved_cs_client     = @@character_set_client */;
/*!40101 SET character_set_client = utf8 */;
CREATE TABLE `auth_user_groups` (
  `id` int(11) NOT NULL AUTO_INCREMENT,
  `user_id` int(11) NOT NULL,
  `group_id` int(11) NOT NULL,
  PRIMARY KEY (`id`),
  UNIQUE KEY `user_id` (`user_id`,`group_id`),
  KEY `auth_user_groups_403f60f` (`user_id`),
  KEY `auth_user_groups_425ae3c4` (`group_id`),
  CONSTRAINT `group_id_refs_id_f116770` FOREIGN KEY (`group_id`) REFERENCES `auth_group` (`id`),
  CONSTRAINT `user_id_refs_id_7ceef80f` FOREIGN KEY (`user_id`) REFERENCES `auth_user` (`id`)
) ENGINE=InnoDB DEFAULT CHARSET=utf8;
/*!40101 SET character_set_client = @saved_cs_client */;

--
-- Dumping data for table `auth_user_groups`
--

LOCK TABLES `auth_user_groups` WRITE;
/*!40000 ALTER TABLE `auth_user_groups` DISABLE KEYS */;
/*!40000 ALTER TABLE `auth_user_groups` ENABLE KEYS */;
UNLOCK TABLES;

--
-- Table structure for table `auth_user_user_permissions`
--

DROP TABLE IF EXISTS `auth_user_user_permissions`;
/*!40101 SET @saved_cs_client     = @@character_set_client */;
/*!40101 SET character_set_client = utf8 */;
CREATE TABLE `auth_user_user_permissions` (
  `id` int(11) NOT NULL AUTO_INCREMENT,
  `user_id` int(11) NOT NULL,
  `permission_id` int(11) NOT NULL,
  PRIMARY KEY (`id`),
  UNIQUE KEY `user_id` (`user_id`,`permission_id`),
  KEY `auth_user_user_permissions_403f60f` (`user_id`),
  KEY `auth_user_user_permissions_1e014c8f` (`permission_id`),
  CONSTRAINT `permission_id_refs_id_67e79cb` FOREIGN KEY (`permission_id`) REFERENCES `auth_permission` (`id`),
  CONSTRAINT `user_id_refs_id_dfbab7d` FOREIGN KEY (`user_id`) REFERENCES `auth_user` (`id`)
) ENGINE=InnoDB DEFAULT CHARSET=utf8;
/*!40101 SET character_set_client = @saved_cs_client */;

--
-- Dumping data for table `auth_user_user_permissions`
--

LOCK TABLES `auth_user_user_permissions` WRITE;
/*!40000 ALTER TABLE `auth_user_user_permissions` DISABLE KEYS */;
/*!40000 ALTER TABLE `auth_user_user_permissions` ENABLE KEYS */;
UNLOCK TABLES;

--
-- Table structure for table `cms_cmsplugin`
--

DROP TABLE IF EXISTS `cms_cmsplugin`;
/*!40101 SET @saved_cs_client     = @@character_set_client */;
/*!40101 SET character_set_client = utf8 */;
CREATE TABLE `cms_cmsplugin` (
  `id` int(11) NOT NULL AUTO_INCREMENT,
  `placeholder_id` int(11) DEFAULT NULL,
  `parent_id` int(11) DEFAULT NULL,
  `position` smallint(5) unsigned DEFAULT NULL,
  `language` varchar(15) NOT NULL,
  `plugin_type` varchar(50) NOT NULL,
  `creation_date` datetime NOT NULL,
  `changed_date` datetime NOT NULL,
  `level` int(10) unsigned NOT NULL,
  `lft` int(10) unsigned NOT NULL,
  `rght` int(10) unsigned NOT NULL,
  `tree_id` int(10) unsigned NOT NULL,
  PRIMARY KEY (`id`),
  KEY `cms_cmsplugin_3e35d7b0` (`placeholder_id`),
  KEY `cms_cmsplugin_63f17a16` (`parent_id`),
  KEY `cms_cmsplugin_75853655` (`language`),
  KEY `cms_cmsplugin_52f8f330` (`plugin_type`),
  KEY `cms_cmsplugin_2a8f42e8` (`level`),
  KEY `cms_cmsplugin_42b06ff6` (`lft`),
  KEY `cms_cmsplugin_6eabc1a6` (`rght`),
  KEY `cms_cmsplugin_102f80d8` (`tree_id`),
  CONSTRAINT `parent_id_refs_id_1f4cd5fd` FOREIGN KEY (`parent_id`) REFERENCES `cms_cmsplugin` (`id`),
  CONSTRAINT `placeholder_id_refs_id_209446bc` FOREIGN KEY (`placeholder_id`) REFERENCES `cms_placeholder` (`id`)
) ENGINE=InnoDB AUTO_INCREMENT=4982 DEFAULT CHARSET=utf8;
/*!40101 SET character_set_client = @saved_cs_client */;

--
-- Dumping data for table `cms_cmsplugin`
--

LOCK TABLES `cms_cmsplugin` WRITE;
/*!40000 ALTER TABLE `cms_cmsplugin` DISABLE KEYS */;
INSERT INTO `cms_cmsplugin` VALUES (1,33,NULL,0,'en','TextPlugin','2014-01-07 11:54:05','2014-01-23 16:30:08',0,1,2,1),(3,95,NULL,0,'en','PicturePlugin','2014-01-07 12:13:41','2014-01-07 12:18:31',0,1,2,3),(43,69,NULL,0,'en','FormPlugin','2014-01-08 17:27:36','2014-02-07 15:18:14',0,1,2,43),(45,69,NULL,2,'en','SnippetPlugin','2014-01-08 19:38:42','2014-01-08 19:57:00',0,1,2,45),(48,69,NULL,1,'en','SnippetPlugin','2014-01-08 19:56:50','2014-01-08 19:56:59',0,1,2,48),(112,49,NULL,0,'en','TextPlugin','2014-01-10 09:53:24','2014-01-13 22:36:40',0,1,2,112),(142,200,NULL,0,'en','TextPlugin','2014-01-10 12:28:37','2014-03-03 10:09:15',0,1,2,142),(186,242,NULL,0,'en','TextPlugin','2014-01-10 15:07:20','2014-01-13 17:49:12',0,1,2,186),(187,245,NULL,0,'en','TextPlugin','2014-01-10 15:08:04','2014-01-13 17:50:37',0,1,2,187),(198,217,NULL,0,'en','PicturePlugin','2014-01-13 17:26:35','2014-01-13 17:26:45',0,1,2,198),(199,218,NULL,0,'en','TextPlugin','2014-01-13 17:26:57','2014-01-22 18:41:46',0,1,2,199),(204,258,NULL,0,'en','PicturePlugin','2014-01-13 17:30:15','2014-01-13 17:30:36',0,1,2,204),(212,250,NULL,0,'en','TextPlugin','2014-01-10 15:09:57','2014-01-13 17:51:12',0,1,2,212),(216,262,NULL,0,'en','PicturePlugin','2014-01-13 17:53:09','2014-04-07 14:54:06',0,1,2,216),(217,221,NULL,0,'en','TextPlugin','2014-01-13 17:53:22','2014-04-07 14:24:33',0,1,2,217),(220,266,NULL,0,'en','PicturePlugin','2014-01-13 18:02:20','2014-04-07 15:11:44',0,1,2,220),(221,224,NULL,0,'en','TextPlugin','2014-01-13 18:02:31','2014-01-13 18:04:36',0,1,2,221),(429,179,NULL,0,'en','PicturePlugin','2014-01-13 22:13:10','2014-01-13 22:13:16',0,1,2,429),(430,45,NULL,0,'en','TextPlugin','2014-01-13 22:13:22','2014-01-13 22:13:35',0,1,2,430),(431,45,NULL,1,'en','TextPlugin','2014-01-13 22:13:38','2014-04-08 13:13:18',0,1,8,431),(435,292,NULL,0,'en','PicturePlugin','2014-01-13 22:34:29','2014-01-13 22:34:51',0,1,2,435),(442,49,NULL,1,'en','TextPlugin','2014-01-13 22:36:43','2014-01-13 22:40:45',0,1,2,442),(454,296,NULL,0,'en','PicturePlugin','2014-01-13 22:41:34','2014-01-13 22:43:22',0,1,2,454),(459,53,NULL,0,'en','TextPlugin','2014-01-13 22:35:54','2014-01-13 22:43:12',0,1,2,459),(460,298,NULL,0,'en','PicturePlugin','2014-01-13 22:35:41','2014-01-13 22:43:12',0,1,2,460),(461,299,NULL,0,'en','PicturePlugin','2014-01-13 22:42:21','2014-01-13 22:43:12',0,1,2,461),(481,13,NULL,0,'en','FormPlugin','2014-01-13 23:03:07','2014-01-14 08:59:34',0,1,2,481),(487,15,NULL,0,'en','CMSLatestEntriesPlugin','2014-01-13 23:22:00','2014-01-13 23:22:00',0,1,2,487),(488,15,NULL,1,'en','CMSLatestEntriesPlugin','2014-01-13 23:22:22','2014-01-13 23:22:22',0,1,2,488),(517,300,NULL,1,'en','CMSLatestEntriesPlugin','2014-01-14 08:59:13','2014-02-06 12:53:15',0,1,2,517),(599,353,NULL,0,'en','PicturePlugin','2014-01-10 11:58:26','2014-01-16 18:14:10',0,1,2,596),(600,354,NULL,0,'en','TextPlugin','2014-01-10 11:56:23','2014-01-16 18:14:10',0,1,2,597),(601,356,NULL,0,'en','PicturePlugin','2014-01-10 11:56:06','2014-01-16 18:14:10',0,1,2,598),(710,308,NULL,1,'en','TextPlugin','2014-01-17 10:42:09','2014-01-17 11:24:41',0,1,2,641),(716,308,NULL,0,'en','TextPlugin','2014-01-17 10:46:50','2014-01-17 10:47:19',0,1,2,643),(719,311,NULL,0,'en','TextPlugin','2014-01-17 10:48:00','2014-01-17 10:48:20',0,1,2,646),(720,311,NULL,1,'en','TextPlugin','2014-01-17 10:48:26','2014-01-17 11:25:07',0,1,2,647),(723,314,NULL,0,'en','TextPlugin','2014-01-17 10:52:14','2014-01-17 10:52:24',0,1,2,650),(732,314,NULL,1,'en','TextPlugin','2014-01-17 11:08:44','2014-01-17 11:25:38',0,1,2,652),(739,317,NULL,1,'en','TextPlugin','2014-01-17 11:12:34','2014-04-07 13:49:30',0,1,2,655),(742,317,NULL,0,'en','TextPlugin','2014-01-17 11:14:36','2014-04-08 13:12:55',0,1,2,657),(745,320,NULL,0,'en','TextPlugin','2014-01-17 11:15:29','2014-01-17 11:15:36',0,1,2,660),(746,320,NULL,1,'en','TextPlugin','2014-01-17 11:15:41','2014-01-17 11:26:34',0,1,2,661),(749,323,NULL,0,'en','TextPlugin','2014-01-17 11:17:35','2014-01-17 11:17:41',0,1,2,664),(751,323,NULL,1,'en','TextPlugin','2014-01-17 11:17:50','2014-01-17 11:21:19',0,1,2,666),(787,306,NULL,0,'en','SnippetPlugin','2014-01-17 11:35:19','2014-01-17 11:35:29',0,1,2,692),(788,309,NULL,0,'en','SnippetPlugin','2014-01-17 11:36:28','2014-01-17 11:36:30',0,1,2,693),(789,312,NULL,0,'en','SnippetPlugin','2014-01-17 11:37:43','2014-01-17 11:37:47',0,1,2,694),(790,315,NULL,0,'en','SnippetPlugin','2014-01-17 11:38:50','2014-04-07 13:44:48',0,1,2,695),(791,318,NULL,0,'en','SnippetPlugin','2014-01-17 11:39:44','2014-01-17 11:39:52',0,1,2,696),(792,321,NULL,0,'en','SnippetPlugin','2014-01-17 11:41:13','2014-01-17 11:41:17',0,1,2,697),(793,357,NULL,0,'en','SnippetPlugin','2014-01-17 11:35:19','2014-01-17 11:41:22',0,1,2,698),(794,359,NULL,1,'en','TextPlugin','2014-01-17 10:42:09','2014-01-17 11:41:22',0,1,2,699),(795,359,NULL,0,'en','TextPlugin','2014-01-17 10:46:50','2014-01-17 11:41:22',0,1,2,700),(796,360,NULL,0,'en','SnippetPlugin','2014-01-17 11:36:28','2014-01-17 11:41:23',0,1,2,701),(797,362,NULL,0,'en','TextPlugin','2014-01-17 10:48:00','2014-01-17 11:41:23',0,1,2,702),(798,362,NULL,1,'en','TextPlugin','2014-01-17 10:48:26','2014-01-17 11:41:23',0,1,2,703),(799,366,NULL,0,'en','SnippetPlugin','2014-01-17 11:37:43','2014-01-17 11:41:23',0,1,2,704),(800,368,NULL,0,'en','TextPlugin','2014-01-17 10:52:14','2014-01-17 11:41:23',0,1,2,705),(801,368,NULL,1,'en','TextPlugin','2014-01-17 11:08:44','2014-01-17 11:41:23',0,1,2,706),(805,369,NULL,0,'en','SnippetPlugin','2014-01-17 11:39:44','2014-01-17 11:41:25',0,1,2,710),(806,371,NULL,0,'en','TextPlugin','2014-01-17 11:15:29','2014-01-17 11:41:25',0,1,2,711),(807,371,NULL,1,'en','TextPlugin','2014-01-17 11:15:41','2014-01-17 11:41:25',0,1,2,712),(808,372,NULL,0,'en','SnippetPlugin','2014-01-17 11:41:13','2014-01-17 11:41:25',0,1,2,713),(809,374,NULL,0,'en','TextPlugin','2014-01-17 11:17:35','2014-01-17 11:41:25',0,1,2,714),(810,374,NULL,1,'en','TextPlugin','2014-01-17 11:17:50','2014-01-17 11:41:25',0,1,2,715),(824,377,NULL,0,'en','CMSPhotologueGalleryPlugin','2014-01-17 11:55:06','2014-01-21 14:41:44',0,1,2,728),(849,389,NULL,0,'en','CMSPhotologueGalleryPlugin','2014-01-17 12:25:27','2014-01-17 12:25:31',0,1,2,744),(850,392,NULL,0,'en','CMSPhotologueGalleryPlugin','2014-01-17 12:25:27','2014-01-17 12:25:35',0,1,2,745),(851,395,NULL,0,'en','CMSPhotologueGalleryPlugin','2014-01-17 12:35:21','2014-01-17 12:35:27',0,1,2,746),(852,398,NULL,0,'en','CMSPhotologueGalleryPlugin','2014-01-17 12:35:21','2014-01-17 12:35:31',0,1,2,747),(853,401,NULL,0,'en','CMSPhotologueGalleryPlugin','2014-01-17 12:41:00','2014-01-17 12:41:06',0,1,2,748),(854,404,NULL,0,'en','CMSPhotologueGalleryPlugin','2014-01-17 12:41:00','2014-01-17 12:41:10',0,1,2,749),(866,407,NULL,0,'en','CMSPhotologueGalleryPlugin','2014-01-20 12:27:36','2014-01-21 16:15:09',0,1,2,756),(872,430,NULL,0,'en','CMSPhotologueGalleryPlugin','2014-01-20 12:42:23','2014-01-21 16:16:20',0,1,2,762),(893,419,NULL,0,'en','PicturePlugin','2014-01-07 12:13:41','2014-01-20 12:58:47',0,1,2,781),(894,421,NULL,0,'en','TextPlugin','2014-01-07 11:54:05','2014-01-20 12:58:47',0,1,2,782),(895,436,NULL,0,'en','SnippetPlugin','2014-01-20 12:55:33','2014-01-20 12:58:47',0,1,2,783),(925,442,NULL,0,'en','PicturePlugin','2014-01-10 12:56:26','2014-01-20 13:23:08',0,1,2,804),(926,444,NULL,0,'en','TextPlugin','2014-01-10 12:57:08','2014-01-20 13:23:08',0,1,2,805),(927,444,NULL,2,'en','SnippetPlugin','2014-01-20 13:04:23','2014-01-20 13:23:08',0,1,2,806),(928,444,NULL,1,'en','TextPlugin','2014-01-20 13:07:30','2014-01-20 13:23:08',0,1,2,807),(929,444,NULL,4,'en','SnippetPlugin','2014-01-20 13:08:48','2014-01-20 13:23:08',0,1,2,808),(930,444,NULL,3,'en','TextPlugin','2014-01-20 13:13:12','2014-01-20 13:23:08',0,1,2,809),(978,27,NULL,0,'en','CMSPhotologueGalleriesListPlugin','2014-01-09 09:32:15','2014-01-21 14:38:47',0,1,2,846),(979,171,NULL,0,'en','PicturePlugin','2014-01-21 14:38:19','2014-01-21 14:38:47',0,1,2,847),(993,462,NULL,NULL,'en','TextPlugin','2014-01-21 14:53:06','2014-01-21 14:53:06',0,1,2,851),(994,462,NULL,NULL,'en','CMSLatestEntriesPlugin','2014-01-21 14:53:12','2014-01-21 14:53:12',0,1,2,852),(1004,259,NULL,0,'en','PicturePlugin','2014-01-21 15:06:56','2014-01-24 13:29:48',0,1,2,861),(1024,375,NULL,0,'en','PicturePlugin','2014-01-21 16:29:40','2014-01-21 16:29:46',0,1,2,878),(1027,378,NULL,0,'en','PicturePlugin','2014-01-21 16:29:40','2014-01-21 16:30:29',0,1,2,879),(1028,380,NULL,0,'en','CMSPhotologueGalleryPlugin','2014-01-17 11:55:06','2014-01-21 16:30:29',0,1,2,880),(1029,405,NULL,0,'en','PicturePlugin','2014-01-21 16:33:01','2014-01-21 16:33:11',0,1,2,881),(1030,408,NULL,0,'en','PicturePlugin','2014-01-21 16:33:01','2014-01-21 16:33:16',0,1,2,882),(1031,410,NULL,0,'en','CMSPhotologueGalleryPlugin','2014-01-20 12:27:36','2014-01-21 16:33:16',0,1,2,883),(1101,140,NULL,0,'en','TextPlugin','2014-01-21 17:16:10','2014-01-21 17:17:06',0,1,2,926),(1104,63,NULL,2,'en','TextPlugin','2014-01-21 17:23:22','2014-02-24 13:56:42',0,1,2,929),(1151,303,NULL,0,'en','SnippetPlugin','2014-01-17 11:33:16','2014-04-07 15:24:38',0,1,2,960),(1152,305,NULL,0,'en','TextPlugin','2014-01-13 23:44:43','2014-04-07 15:24:40',0,1,2,961),(1153,305,NULL,1,'en','TextPlugin','2014-01-13 23:44:52','2014-01-22 19:10:38',0,1,2,962),(1157,180,NULL,0,'en','PicturePlugin','2014-01-22 19:18:24','2014-01-22 19:18:36',0,1,2,966),(1531,86,NULL,0,'en','PicturePlugin','2014-01-23 16:16:18','2014-01-23 16:32:04',0,1,2,1164),(1547,39,NULL,0,'en','TextPlugin','2014-01-07 11:54:05','2014-01-23 16:32:07',0,1,2,1165),(1548,90,NULL,0,'en','PicturePlugin','2014-01-23 16:16:18','2014-01-23 16:32:07',0,1,2,1166),(1549,96,NULL,0,'en','PicturePlugin','2014-01-07 12:13:41','2014-01-23 16:32:07',0,1,2,1167),(1559,7,NULL,0,'en','TextPlugin','2014-01-10 12:38:41','2014-01-23 16:47:44',0,1,2,1177),(1560,7,NULL,1,'en','PicturePlugin','2014-01-23 13:41:14','2014-01-23 16:47:44',0,1,2,1178),(1561,7,NULL,2,'en','TextPlugin','2014-01-23 13:41:45','2014-04-07 14:18:39',0,1,2,1179),(1562,7,NULL,3,'en','PicturePlugin','2014-01-23 13:48:13','2014-04-07 14:20:52',0,1,2,1180),(1563,7,NULL,4,'en','TextPlugin','2014-01-23 13:55:07','2014-04-07 14:20:52',0,1,2,1181),(1564,7,NULL,7,'en','PicturePlugin','2014-01-23 14:09:31','2014-04-07 14:20:52',0,1,2,1182),(1565,85,NULL,1,'en','TextPlugin','2014-01-23 14:14:51','2014-02-24 10:31:32',0,1,2,1183),(1566,85,NULL,0,'en','PicturePlugin','2014-01-23 14:21:22','2014-01-23 16:47:44',0,1,2,1184),(1567,172,NULL,0,'en','PicturePlugin','2014-01-10 12:45:07','2014-01-23 16:47:44',0,1,2,1185),(1610,35,NULL,0,'en','TextPlugin','2014-01-10 12:57:08','2014-04-07 14:21:55',0,1,2,1224),(1611,35,NULL,3,'en','TextPlugin','2014-01-10 12:58:54','2014-04-07 14:23:25',0,1,2,1225),(1612,35,NULL,2,'en','SnippetPlugin','2014-01-23 17:04:24','2014-01-23 17:04:24',0,1,2,1226),(1613,35,NULL,1,'en','SnippetPlugin','2014-01-23 14:40:50','2014-01-23 17:04:24',0,1,2,1227),(1614,35,NULL,4,'en','PicturePlugin','2014-01-23 17:04:24','2014-01-23 17:04:24',0,1,2,1228),(1615,87,NULL,0,'en','FormPlugin','2014-01-23 17:04:24','2014-01-23 17:04:24',0,1,2,1229),(1616,87,NULL,2,'en','LinkPlugin','2014-01-23 17:04:24','2014-01-23 17:09:38',0,1,2,1230),(1619,87,NULL,0,'en','PicturePlugin','2014-01-23 16:55:21','2014-01-24 13:11:57',0,1,2,1233),(1620,87,NULL,2,'en','PicturePlugin','2014-01-23 16:56:02','2014-01-24 13:12:06',0,1,2,1234),(1621,87,NULL,4,'en','PicturePlugin','2014-01-23 16:56:52','2014-01-24 13:12:22',0,1,2,1235),(1622,210,NULL,0,'en','PicturePlugin','2014-01-10 12:56:26','2014-01-23 17:04:24',0,1,2,1236),(1623,87,NULL,7,'en','TextPlugin','2014-01-23 17:05:17','2014-02-05 16:08:01',0,1,2,1237),(1796,87,NULL,1,'en','TextPlugin','2014-01-24 13:11:46','2014-01-24 13:12:06',0,1,2,1350),(1797,87,NULL,3,'en','TextPlugin','2014-01-24 13:12:16','2014-01-24 13:12:22',0,1,2,1351),(1812,221,NULL,1,'en','TextPlugin','2014-01-24 13:23:37','2014-01-24 13:23:37',0,1,2,1366),(1878,204,NULL,0,'en','PicturePlugin','2014-01-13 21:42:07','2014-03-06 09:20:00',0,1,2,1400),(1879,205,NULL,7,'en','TextPlugin','2014-01-13 21:14:34','2014-02-21 11:10:45',0,1,2,1401),(1880,205,NULL,9,'en','PicturePlugin','2014-01-13 21:15:10','2014-02-21 11:10:45',0,1,2,1402),(1882,204,NULL,2,'en','TextPlugin','2014-01-28 12:44:41','2014-03-03 10:14:22',0,1,2,1404),(1883,204,NULL,1,'en','TextPlugin','2014-01-28 12:45:11','2014-02-06 11:12:50',0,1,2,1405),(1885,205,NULL,0,'en','TextPlugin','2014-01-13 20:22:53','2014-02-21 11:10:45',0,1,2,1407),(1888,205,NULL,1,'en','TextPlugin','2014-01-28 13:21:32','2014-01-28 13:56:03',0,1,2,1410),(1889,205,NULL,5,'en','TextPlugin','2014-01-28 13:21:32','2014-02-21 11:10:45',0,1,2,1411),(1890,205,NULL,6,'en','LinkPlugin','2014-01-28 13:21:32','2014-02-21 11:10:45',0,1,2,1412),(1891,205,NULL,8,'en','LinkPlugin','2014-01-28 13:21:32','2014-02-21 11:10:45',0,1,2,1413),(1892,205,NULL,10,'en','PicturePlugin','2014-01-28 13:21:32','2014-02-21 11:10:45',0,1,2,1414),(1926,205,NULL,2,'en','TextPlugin','2014-01-28 13:39:20','2014-02-21 11:10:26',0,1,2,1432),(1993,205,NULL,3,'en','PicturePlugin','2014-01-28 13:45:05','2014-02-21 11:10:26',0,1,2,1467),(2456,11,NULL,0,'en','TextPlugin','2014-01-29 17:59:53','2014-01-29 18:04:18',0,1,2,1645),(2457,11,NULL,3,'en','TextPlugin','2014-01-13 22:07:59','2014-01-30 13:09:21',0,1,2,1646),(2459,11,NULL,5,'en','TextPlugin','2014-01-29 17:59:53','2014-01-30 13:09:21',0,1,2,1648),(2460,11,NULL,7,'en','TextPlugin','2014-01-29 17:59:53','2014-01-30 13:09:21',0,1,2,1649),(2461,11,NULL,4,'en','PicturePlugin','2014-01-29 17:44:11','2014-01-30 13:09:21',0,1,2,1650),(2462,11,NULL,6,'en','TextPlugin','2014-01-29 17:50:12','2014-01-30 13:11:00',0,1,2,1651),(2463,11,NULL,8,'en','PicturePlugin','2014-01-29 17:55:23','2014-01-30 13:09:21',0,1,2,1652),(2464,288,NULL,0,'en','PicturePlugin','2014-01-13 21:47:40','2014-02-05 14:13:13',0,1,2,1653),(2465,11,NULL,1,'en','TextPlugin','2014-01-13 21:47:58','2014-01-29 18:04:04',0,1,2,1654),(2466,11,NULL,2,'en','TextPlugin','2014-01-29 17:19:58','2014-01-30 13:09:21',0,1,2,1655),(2467,289,NULL,0,'en','PicturePlugin','2014-01-29 17:20:48','2014-02-05 14:19:03',0,1,2,1656),(2508,289,NULL,1,'en','TextPlugin','2014-01-29 18:05:41','2014-01-29 18:08:13',0,1,2,1670),(2569,289,NULL,3,'en','TextPlugin','2014-01-29 18:09:15','2014-02-05 14:17:05',0,1,2,1717),(2587,289,NULL,4,'en','PicturePlugin','2014-01-29 18:13:11','2014-02-05 14:16:59',0,1,2,1735),(2635,519,NULL,0,'en','TextPlugin','2014-01-10 15:09:57','2014-01-29 18:19:57',0,1,2,1783),(2636,523,NULL,0,'en','TextPlugin','2014-01-10 15:08:04','2014-01-29 18:19:57',0,1,2,1784),(2637,526,NULL,0,'en','TextPlugin','2014-01-10 15:07:20','2014-01-29 18:19:57',0,1,2,1785),(2659,579,NULL,0,'en','TextPlugin','2014-01-29 18:29:10','2014-01-29 18:29:10',0,1,2,1807),(2660,579,NULL,4,'en','TextPlugin','2014-01-13 22:07:59','2014-01-29 18:29:10',0,1,2,1808),(2661,579,NULL,9,'en','PicturePlugin','2014-01-29 17:17:28','2014-01-29 18:29:10',0,1,2,1809),(2662,579,NULL,6,'en','TextPlugin','2014-01-29 18:29:10','2014-01-29 18:29:10',0,1,2,1810),(2663,579,NULL,8,'en','TextPlugin','2014-01-29 18:29:10','2014-01-29 18:29:10',0,1,2,1811),(2664,579,NULL,5,'en','PicturePlugin','2014-01-29 17:44:11','2014-01-29 18:29:10',0,1,2,1812),(2665,579,NULL,7,'en','TextPlugin','2014-01-29 17:50:12','2014-01-29 18:29:10',0,1,2,1813),(2666,579,NULL,10,'en','PicturePlugin','2014-01-29 17:55:23','2014-01-29 18:29:10',0,1,2,1814),(2667,579,NULL,1,'en','TextPlugin','2014-01-13 21:47:58','2014-01-29 18:29:10',0,1,2,1815),(2668,579,NULL,3,'en','TextPlugin','2014-01-29 17:19:58','2014-01-29 18:29:10',0,1,2,1816),(2669,577,NULL,0,'en','PicturePlugin','2014-01-13 21:47:40','2014-01-29 18:29:10',0,1,2,1817),(2670,578,NULL,0,'en','PicturePlugin','2014-01-29 17:20:48','2014-01-29 18:29:10',0,1,2,1818),(2671,578,NULL,2,'en','PicturePlugin','2014-01-29 18:05:07','2014-01-29 18:29:10',0,1,2,1819),(2672,578,NULL,1,'en','TextPlugin','2014-01-29 18:05:41','2014-01-29 18:29:10',0,1,2,1820),(2673,578,NULL,3,'en','TextPlugin','2014-01-29 18:09:15','2014-01-29 18:29:10',0,1,2,1821),(2674,578,NULL,4,'en','PicturePlugin','2014-01-29 18:13:11','2014-01-29 18:29:10',0,1,2,1822),(2675,585,NULL,0,'en','TextPlugin','2014-01-10 09:53:24','2014-01-29 18:29:11',0,1,2,1823),(2676,585,NULL,1,'en','TextPlugin','2014-01-13 22:36:43','2014-01-29 18:29:11',0,1,2,1824),(2677,583,NULL,0,'en','PicturePlugin','2014-01-22 19:18:24','2014-01-29 18:29:11',0,1,2,1825),(2678,584,NULL,0,'en','PicturePlugin','2014-01-13 22:41:34','2014-01-29 18:29:11',0,1,2,1826),(2679,589,NULL,0,'en','TextPlugin','2014-01-13 22:35:54','2014-01-29 18:29:11',0,1,2,1827),(2680,587,NULL,0,'en','PicturePlugin','2014-01-13 22:35:41','2014-01-29 18:29:11',0,1,2,1828),(2681,588,NULL,0,'en','PicturePlugin','2014-01-13 22:42:21','2014-01-29 18:29:11',0,1,2,1829),(2682,593,NULL,0,'en','TextPlugin','2014-01-13 22:13:22','2014-01-29 18:29:11',0,1,2,1830),(2683,593,NULL,1,'en','TextPlugin','2014-01-13 22:13:38','2014-04-07 15:24:05',0,1,2,1831),(2684,595,NULL,0,'en','PicturePlugin','2014-01-13 22:13:10','2014-01-29 18:29:11',0,1,2,1832),(2685,596,NULL,0,'en','PicturePlugin','2014-01-13 22:34:29','2014-01-29 18:29:11',0,1,2,1833),(2686,597,NULL,0,'en','SnippetPlugin','2014-01-17 11:41:13','2014-01-29 18:29:11',0,1,2,1834),(2687,599,NULL,0,'en','TextPlugin','2014-01-17 11:17:35','2014-01-29 18:29:11',0,1,2,1835),(2688,599,NULL,1,'en','TextPlugin','2014-01-17 11:17:50','2014-01-29 18:29:11',0,1,2,1836),(2689,600,NULL,0,'en','SnippetPlugin','2014-01-17 11:39:44','2014-01-29 18:29:11',0,1,2,1837),(2690,602,NULL,0,'en','TextPlugin','2014-01-17 11:15:29','2014-01-29 18:29:11',0,1,2,1838),(2691,602,NULL,1,'en','TextPlugin','2014-01-17 11:15:41','2014-01-29 18:29:11',0,1,2,1839),(2692,603,NULL,0,'en','SnippetPlugin','2014-01-17 11:38:50','2014-01-29 18:29:11',0,1,2,1840),(2693,605,NULL,1,'en','TextPlugin','2014-01-17 11:12:34','2014-01-29 18:29:11',0,1,2,1841),(2694,605,NULL,0,'en','TextPlugin','2014-01-17 11:14:36','2014-01-29 18:29:11',0,1,2,1842),(2695,606,NULL,0,'en','SnippetPlugin','2014-01-17 11:37:43','2014-01-29 18:29:11',0,1,2,1843),(2696,608,NULL,0,'en','TextPlugin','2014-01-17 10:52:14','2014-01-29 18:29:11',0,1,2,1844),(2697,608,NULL,1,'en','TextPlugin','2014-01-17 11:08:44','2014-01-29 18:29:11',0,1,2,1845),(2698,609,NULL,0,'en','SnippetPlugin','2014-01-17 11:36:28','2014-01-29 18:29:11',0,1,2,1846),(2699,611,NULL,0,'en','TextPlugin','2014-01-17 10:48:00','2014-01-29 18:29:11',0,1,2,1847),(2700,611,NULL,1,'en','TextPlugin','2014-01-17 10:48:26','2014-01-29 18:29:11',0,1,2,1848),(2701,612,NULL,0,'en','SnippetPlugin','2014-01-17 11:35:19','2014-01-29 18:29:11',0,1,2,1849),(2702,614,NULL,1,'en','TextPlugin','2014-01-17 10:42:09','2014-01-29 18:29:11',0,1,2,1850),(2703,614,NULL,0,'en','TextPlugin','2014-01-17 10:46:50','2014-01-29 18:29:11',0,1,2,1851),(2704,615,NULL,0,'en','SnippetPlugin','2014-01-17 11:33:16','2014-01-29 18:29:11',0,1,2,1852),(2705,616,NULL,0,'en','TextPlugin','2014-01-13 23:44:43','2014-01-29 18:29:11',0,1,2,1853),(2706,616,NULL,1,'en','TextPlugin','2014-01-13 23:44:52','2014-01-29 18:29:11',0,1,2,1854),(2828,643,NULL,0,'en','PicturePlugin','2014-01-10 12:45:07','2014-01-30 10:52:46',0,1,2,1928),(2829,644,NULL,1,'en','TextPlugin','2014-01-23 14:14:51','2014-01-30 10:52:46',0,1,2,1929),(2830,644,NULL,0,'en','PicturePlugin','2014-01-23 14:21:22','2014-01-30 10:52:46',0,1,2,1930),(2831,645,NULL,0,'en','TextPlugin','2014-01-10 12:38:41','2014-01-30 10:52:46',0,1,2,1931),(2832,645,NULL,1,'en','PicturePlugin','2014-01-23 13:41:14','2014-01-30 10:52:46',0,1,2,1932),(2833,645,NULL,2,'en','TextPlugin','2014-01-23 13:41:45','2014-01-30 10:52:46',0,1,2,1933),(2834,645,NULL,3,'en','PicturePlugin','2014-01-23 13:48:13','2014-01-30 10:52:46',0,1,2,1934),(2835,645,NULL,4,'en','TextPlugin','2014-01-23 13:55:07','2014-01-30 10:52:46',0,1,2,1935),(2836,645,NULL,5,'en','PicturePlugin','2014-01-23 14:09:31','2014-01-30 10:52:46',0,1,2,1936),(2837,647,NULL,0,'en','PicturePlugin','2014-01-07 12:13:41','2014-01-30 10:52:46',0,1,2,1937),(2838,648,NULL,0,'en','PicturePlugin','2014-01-23 16:16:18','2014-01-30 10:52:46',0,1,2,1938),(2839,649,NULL,0,'en','TextPlugin','2014-01-07 11:54:05','2014-01-30 10:52:46',0,1,2,1939),(2840,654,NULL,0,'en','PicturePlugin','2014-01-10 12:56:26','2014-01-30 10:52:46',0,1,2,1940),(2841,655,NULL,0,'en','FormPlugin','2014-01-30 10:52:46','2014-01-30 10:52:46',0,1,2,1941),(2842,655,NULL,2,'en','LinkPlugin','2014-01-30 10:52:46','2014-01-30 10:52:46',0,1,2,1942),(2843,655,NULL,0,'en','PicturePlugin','2014-01-23 16:55:21','2014-01-30 10:52:46',0,1,2,1943),(2844,655,NULL,2,'en','PicturePlugin','2014-01-23 16:56:02','2014-01-30 10:52:46',0,1,2,1944),(2845,655,NULL,4,'en','PicturePlugin','2014-01-23 16:56:52','2014-01-30 10:52:46',0,1,2,1945),(2846,655,NULL,1,'en','TextPlugin','2014-01-24 13:11:46','2014-01-30 10:52:46',0,1,2,1946),(2847,655,NULL,3,'en','TextPlugin','2014-01-24 13:12:16','2014-01-30 10:52:46',0,1,2,1947),(2848,656,NULL,0,'en','TextPlugin','2014-01-10 12:57:08','2014-01-30 10:52:46',0,1,2,1948),(2849,656,NULL,3,'en','TextPlugin','2014-01-10 12:58:54','2014-01-30 10:52:46',0,1,2,1949),(2850,656,NULL,2,'en','SnippetPlugin','2014-01-30 10:52:46','2014-01-30 10:52:46',0,1,2,1950),(2851,656,NULL,1,'en','SnippetPlugin','2014-01-23 14:40:50','2014-01-30 10:52:46',0,1,2,1951),(2852,656,NULL,4,'en','PicturePlugin','2014-01-30 10:52:46','2014-01-30 10:52:46',0,1,2,1952),(2853,656,NULL,5,'en','TextPlugin','2014-01-23 17:05:17','2014-01-30 10:52:46',0,1,2,1953),(2854,658,NULL,0,'en','PicturePlugin','2014-01-13 17:30:15','2014-01-30 10:52:46',0,1,2,1954),(2855,659,NULL,0,'en','PicturePlugin','2014-01-21 15:06:56','2014-01-30 10:52:46',0,1,2,1955),(2856,660,NULL,0,'en','TextPlugin','2014-01-13 17:26:57','2014-01-30 10:52:46',0,1,2,1956),(2857,662,NULL,0,'en','PicturePlugin','2014-01-13 17:26:35','2014-01-30 10:52:46',0,1,2,1957),(2858,663,NULL,0,'en','PicturePlugin','2014-01-07 15:45:14','2014-01-30 10:52:46',0,1,2,1958),(2859,664,NULL,0,'en','TextPlugin','2014-01-10 14:06:52','2014-01-30 10:52:46',0,1,2,1959),(2860,670,NULL,0,'en','TextPlugin','2014-01-10 15:07:20','2014-01-30 10:52:46',0,1,2,1960),(2861,673,NULL,0,'en','TextPlugin','2014-01-10 15:08:04','2014-01-30 10:52:47',0,1,2,1961),(2862,675,NULL,0,'en','TextPlugin','2014-01-10 15:09:57','2014-01-30 10:52:47',0,1,2,1962),(2863,677,NULL,0,'en','PicturePlugin','2014-01-13 17:53:09','2014-01-30 10:52:47',0,1,2,1963),(2864,679,NULL,0,'en','TextPlugin','2014-01-13 17:53:22','2014-01-30 10:52:47',0,1,2,1964),(2865,679,NULL,1,'en','TextPlugin','2014-01-30 10:52:47','2014-01-30 10:52:47',0,1,2,1965),(2866,682,NULL,0,'en','PicturePlugin','2014-01-13 18:02:20','2014-01-30 10:52:47',0,1,2,1966),(2867,684,NULL,0,'en','TextPlugin','2014-01-13 18:02:31','2014-01-30 10:52:47',0,1,2,1967),(2868,687,NULL,0,'en','PicturePlugin','2014-01-13 18:07:46','2014-01-30 10:52:47',0,1,2,1968),(2869,689,NULL,0,'en','TextPlugin','2014-01-13 18:07:56','2014-01-30 10:52:47',0,1,2,1969),(2870,689,NULL,3,'en','TextPlugin','2014-01-13 18:22:14','2014-01-30 10:52:47',0,1,2,1970),(2871,689,NULL,4,'en','TextPlugin','2014-01-13 19:19:30','2014-01-30 10:52:47',0,1,2,1971),(2872,689,NULL,2,'en','TextPlugin','2014-01-13 19:27:09','2014-01-30 10:52:47',0,1,2,1972),(2873,689,NULL,1,'en','TextPlugin','2014-01-13 20:13:20','2014-01-30 10:52:47',0,1,2,1973),(2874,692,NULL,0,'en','PicturePlugin','2014-01-21 14:17:08','2014-01-30 10:52:47',0,1,2,1974),(2875,693,NULL,0,'en','PicturePlugin','2014-01-23 17:13:25','2014-01-30 10:52:47',0,1,2,1975),(2876,693,NULL,2,'en','PicturePlugin','2014-01-23 17:13:48','2014-01-30 10:52:47',0,1,2,1976),(2877,693,NULL,1,'en','TextPlugin','2014-01-24 13:25:42','2014-01-30 10:52:47',0,1,2,1977),(2878,694,NULL,0,'en','TextPlugin','2014-01-07 11:54:05','2014-01-30 10:52:47',0,1,2,1978),(2879,694,NULL,2,'en','SnippetPlugin','2014-01-21 14:20:06','2014-01-30 10:52:47',0,1,2,1979),(2880,694,NULL,4,'en','SnippetPlugin','2014-01-21 14:25:55','2014-01-30 10:52:47',0,1,2,1980),(2881,694,NULL,3,'en','TextPlugin','2014-01-21 14:29:32','2014-01-30 10:52:47',0,1,2,1981),(2882,694,NULL,1,'en','TextPlugin','2014-01-21 14:30:11','2014-01-30 10:52:47',0,1,2,1982),(2883,699,NULL,0,'en','PicturePlugin','2014-01-21 14:17:08','2014-01-30 10:52:47',0,1,2,1983),(2884,700,NULL,0,'en','PicturePlugin','2014-01-23 17:13:25','2014-01-30 10:52:47',0,1,2,1984),(2885,700,NULL,2,'en','PicturePlugin','2014-01-23 17:13:48','2014-01-30 10:52:47',0,1,2,1985),(2886,700,NULL,1,'en','TextPlugin','2014-01-24 13:25:42','2014-01-30 10:52:47',0,1,2,1986),(2887,701,NULL,0,'en','TextPlugin','2014-01-07 11:54:05','2014-01-30 10:52:47',0,1,2,1987),(2888,701,NULL,2,'en','SnippetPlugin','2014-01-21 14:20:06','2014-01-30 10:52:47',0,1,2,1988),(2889,701,NULL,4,'en','SnippetPlugin','2014-01-21 14:25:55','2014-01-30 10:52:47',0,1,2,1989),(2890,701,NULL,3,'en','TextPlugin','2014-01-21 14:29:32','2014-01-30 10:52:47',0,1,2,1990),(2891,701,NULL,1,'en','TextPlugin','2014-01-21 14:30:11','2014-01-30 10:52:47',0,1,2,1991),(2892,708,NULL,0,'en','TextPlugin','2014-01-13 18:07:56','2014-01-30 10:52:47',0,1,2,1992),(2893,708,NULL,3,'en','TextPlugin','2014-01-13 18:22:14','2014-01-30 10:52:47',0,1,2,1993),(2894,708,NULL,4,'en','TextPlugin','2014-01-13 19:19:30','2014-01-30 10:52:47',0,1,2,1994),(2895,708,NULL,2,'en','TextPlugin','2014-01-13 19:27:09','2014-01-30 10:52:47',0,1,2,1995),(2896,708,NULL,1,'en','TextPlugin','2014-01-13 20:13:20','2014-01-30 10:52:47',0,1,2,1996),(2897,706,NULL,0,'en','PicturePlugin','2014-01-13 18:07:46','2014-01-30 10:52:47',0,1,2,1997),(2898,713,NULL,0,'en','TextPlugin','2014-01-13 18:02:31','2014-01-30 10:52:47',0,1,2,1998),(2899,711,NULL,0,'en','PicturePlugin','2014-01-13 18:02:20','2014-01-30 10:52:47',0,1,2,1999),(2900,718,NULL,0,'en','TextPlugin','2014-01-13 17:53:22','2014-01-30 10:52:47',0,1,2,2000),(2901,718,NULL,1,'en','TextPlugin','2014-01-30 10:52:47','2014-01-30 10:52:47',0,1,2,2001),(2902,716,NULL,0,'en','PicturePlugin','2014-01-13 17:53:09','2014-01-30 10:52:47',0,1,2,2002),(2903,722,NULL,0,'en','TextPlugin','2014-01-10 14:06:52','2014-01-30 10:52:47',0,1,2,2003),(2904,721,NULL,0,'en','PicturePlugin','2014-01-07 15:45:14','2014-01-30 10:52:47',0,1,2,2004),(2905,727,NULL,0,'en','TextPlugin','2014-01-10 15:09:57','2014-01-30 10:52:47',0,1,2,2005),(2906,731,NULL,0,'en','TextPlugin','2014-01-10 15:08:04','2014-01-30 10:52:47',0,1,2,2006),(2907,734,NULL,0,'en','TextPlugin','2014-01-10 15:07:20','2014-01-30 10:52:47',0,1,2,2007),(2908,739,NULL,0,'en','PicturePlugin','2014-01-13 17:26:35','2014-01-30 10:52:47',0,1,2,2008),(2909,737,NULL,0,'en','TextPlugin','2014-01-13 17:26:57','2014-01-30 10:52:47',0,1,2,2009),(2910,735,NULL,0,'en','PicturePlugin','2014-01-13 17:30:15','2014-01-30 10:52:47',0,1,2,2010),(2911,736,NULL,0,'en','PicturePlugin','2014-01-21 15:06:56','2014-01-30 10:52:47',0,1,2,2011),(2912,742,NULL,0,'en','TextPlugin','2014-01-10 12:57:08','2014-01-30 10:52:47',0,1,2,2012),(2913,742,NULL,3,'en','TextPlugin','2014-01-10 12:58:54','2014-01-30 10:52:47',0,1,2,2013),(2914,742,NULL,2,'en','SnippetPlugin','2014-01-30 10:52:47','2014-01-30 10:52:47',0,1,2,2014),(2915,742,NULL,1,'en','SnippetPlugin','2014-01-23 14:40:50','2014-01-30 10:52:47',0,1,2,2015),(2916,742,NULL,4,'en','PicturePlugin','2014-01-30 10:52:47','2014-01-30 10:52:47',0,1,2,2016),(2917,742,NULL,5,'en','TextPlugin','2014-01-23 17:05:17','2014-01-30 10:52:47',0,1,2,2017),(2918,741,NULL,0,'en','FormPlugin','2014-01-30 10:52:47','2014-01-30 10:52:47',0,1,2,2018),(2919,741,NULL,2,'en','LinkPlugin','2014-01-30 10:52:47','2014-01-30 10:52:47',0,1,2,2019),(2920,741,NULL,0,'en','PicturePlugin','2014-01-23 16:55:21','2014-01-30 10:52:47',0,1,2,2020),(2921,741,NULL,2,'en','PicturePlugin','2014-01-23 16:56:02','2014-01-30 10:52:47',0,1,2,2021),(2922,741,NULL,4,'en','PicturePlugin','2014-01-23 16:56:52','2014-01-30 10:52:47',0,1,2,2022),(2923,741,NULL,1,'en','TextPlugin','2014-01-24 13:11:46','2014-01-30 10:52:47',0,1,2,2023),(2924,741,NULL,3,'en','TextPlugin','2014-01-24 13:12:16','2014-01-30 10:52:47',0,1,2,2024),(2925,740,NULL,0,'en','PicturePlugin','2014-01-10 12:56:26','2014-01-30 10:52:47',0,1,2,2025),(2926,746,NULL,0,'en','TextPlugin','2014-01-07 11:54:05','2014-01-30 10:52:47',0,1,2,2026),(2927,745,NULL,0,'en','PicturePlugin','2014-01-23 16:16:18','2014-01-30 10:52:47',0,1,2,2027),(2928,744,NULL,0,'en','PicturePlugin','2014-01-07 12:13:41','2014-01-30 10:52:47',0,1,2,2028),(3091,558,NULL,0,'en','PicturePlugin','2014-02-05 12:35:59','2014-02-05 12:36:10',0,1,2,2124),(3121,751,NULL,0,'en','PicturePlugin','2014-01-10 12:45:07','2014-02-05 13:08:46',0,1,2,2147),(3122,752,NULL,1,'en','TextPlugin','2014-01-23 14:14:51','2014-02-05 13:08:46',0,1,2,2148),(3123,752,NULL,0,'en','PicturePlugin','2014-01-30 12:49:20','2014-02-05 13:08:46',0,1,2,2149),(3124,753,NULL,0,'en','TextPlugin','2014-01-10 12:38:41','2014-02-05 13:08:46',0,1,2,2150),(3125,753,NULL,1,'en','PicturePlugin','2014-01-23 13:41:14','2014-02-05 13:08:46',0,1,2,2151),(3126,753,NULL,2,'en','TextPlugin','2014-01-23 13:41:45','2014-02-05 13:08:46',0,1,2,2152),(3127,753,NULL,3,'en','PicturePlugin','2014-01-23 13:48:13','2014-02-05 13:08:46',0,1,2,2153),(3128,753,NULL,4,'en','TextPlugin','2014-01-23 13:55:07','2014-02-05 13:08:46',0,1,2,2154),(3129,753,NULL,5,'en','PicturePlugin','2014-01-23 14:09:31','2014-02-05 13:08:46',0,1,2,2155),(3160,289,NULL,2,'en','PicturePlugin','2014-02-05 14:16:34','2014-02-05 14:17:05',0,1,2,2171),(3191,35,NULL,6,'en','PicturePlugin','2014-02-05 16:07:35','2014-02-05 16:07:35',0,1,2,2187),(3216,7,NULL,6,'en','TextPlugin','2014-02-05 16:33:43','2014-04-07 14:20:52',0,1,2,2212),(3227,300,NULL,0,'en','PicturePlugin','2014-02-05 17:15:17','2014-02-06 12:53:15',0,1,2,2223),(3285,7,NULL,5,'en','PicturePlugin','2014-02-05 18:16:30','2014-04-07 14:20:52',0,1,2,2245),(3375,205,NULL,4,'en','TextPlugin','2014-02-06 11:11:25','2014-04-03 15:33:55',0,1,2,2302),(3458,229,NULL,0,'en','PicturePlugin','2014-01-13 17:26:35','2014-02-06 12:29:57',0,1,2,2347),(3459,230,NULL,0,'en','TextPlugin','2014-01-13 17:26:57','2014-02-06 12:29:57',0,1,2,2348),(3460,260,NULL,0,'en','PicturePlugin','2014-01-13 17:30:15','2014-02-06 12:29:57',0,1,2,2349),(3461,261,NULL,0,'en','PicturePlugin','2014-01-21 15:06:56','2014-02-06 12:29:57',0,1,2,2350),(3462,567,NULL,0,'en','CMSLatestEntriesPlugin','2014-02-06 12:34:16','2014-02-06 12:34:24',0,1,2,2351),(3472,570,NULL,0,'en','CMSLatestEntriesPlugin','2014-02-06 12:34:16','2014-02-06 13:07:26',0,1,2,2357),(3525,795,NULL,0,'en','CMSLatestEntriesPlugin','2014-02-06 18:50:12','2014-02-06 18:50:12',0,1,2,2397),(3526,795,NULL,1,'en','CMSLatestEntriesPlugin','2014-02-06 18:52:11','2014-02-06 18:52:11',0,1,2,2398),(3527,795,NULL,1,'en','CMSLatestEntriesPlugin','2014-02-06 18:53:08','2014-04-08 14:29:03',0,1,2,2399),(3531,83,NULL,0,'en','FormPlugin','2014-01-08 17:27:36','2014-02-07 15:18:25',0,1,2,2403),(3532,83,NULL,2,'en','SnippetPlugin','2014-01-08 19:38:42','2014-02-07 15:18:25',0,1,2,2404),(3533,83,NULL,1,'en','SnippetPlugin','2014-01-08 19:56:50','2014-02-07 15:18:25',0,1,2,2405),(3632,63,NULL,3,'en','PicturePlugin','2014-02-19 10:24:58','2014-02-24 13:56:38',0,1,2,2454),(3652,63,NULL,0,'en','TextPlugin','2014-02-20 15:19:50','2014-02-20 15:20:32',0,1,2,2474),(3694,203,NULL,0,'en','SnippetPlugin','2014-02-21 13:29:01','2014-02-21 13:29:06',0,1,2,2494),(3742,810,NULL,0,'en','PicturePlugin','2014-01-10 11:56:06','2014-02-21 15:51:09',0,1,2,2529),(3743,808,NULL,0,'en','TextPlugin','2014-01-10 11:56:23','2014-02-21 16:06:41',0,1,2,2530),(3760,812,NULL,0,'en','TextPlugin','2014-01-10 11:56:23','2014-02-21 16:06:46',0,1,2,2543),(3761,814,NULL,0,'en','PicturePlugin','2014-01-10 11:56:06','2014-02-21 16:06:46',0,1,2,2544),(3770,63,NULL,1,'en','TextPlugin','2014-02-24 10:15:19','2014-02-24 13:56:42',0,1,2,2547),(3776,77,NULL,2,'en','TextPlugin','2014-01-21 17:23:22','2014-02-24 13:56:45',0,1,2,2548),(3777,77,NULL,3,'en','PicturePlugin','2014-02-19 10:24:58','2014-02-24 13:56:45',0,1,2,2549),(3778,77,NULL,0,'en','TextPlugin','2014-02-20 15:19:50','2014-02-24 13:56:45',0,1,2,2550),(3779,77,NULL,1,'en','TextPlugin','2014-02-24 10:15:19','2014-02-24 13:56:45',0,1,2,2551),(3780,146,NULL,0,'en','TextPlugin','2014-01-21 17:16:10','2014-02-24 13:56:45',0,1,2,2552),(3790,193,NULL,0,'en','TextPlugin','2014-01-10 12:25:36','2014-02-24 16:03:36',0,1,2,2555),(3791,197,NULL,0,'en','TextPlugin','2014-01-10 12:25:36','2014-02-24 16:03:53',0,1,2,2556),(3825,15,NULL,4,'en','SnippetPlugin','2014-02-27 12:25:48','2014-03-05 17:25:59',0,1,2,2568),(3826,15,NULL,2,'en','TextPlugin','2014-02-27 12:26:02','2014-03-05 17:25:59',0,1,2,2569),(3827,15,NULL,3,'en','TextPlugin','2014-02-27 12:31:16','2014-03-05 17:25:59',0,1,2,2570),(3875,202,NULL,0,'en','TextPlugin','2014-01-10 12:28:37','2014-03-03 10:09:19',0,1,2,2596),(3876,97,NULL,0,'en','CMSSliderPlugin','2014-01-09 14:44:35','2014-03-20 10:11:21',0,1,2,2597),(3877,97,NULL,1,'en','SnippetPlugin','2014-03-03 10:12:55','2014-03-03 10:12:55',0,1,2,2598),(3879,97,NULL,2,'en','CMSSliderPlugin','2014-03-03 10:12:55','2014-03-04 11:11:21',0,1,2,2600),(3880,97,NULL,3,'en','CMSSliderPlugin','2014-03-03 10:12:55','2014-03-04 11:11:21',0,1,2,2601),(3881,99,NULL,1,'en','PicturePlugin','2014-01-07 14:31:38','2014-03-26 15:45:53',0,1,2,2602),(3882,99,NULL,2,'en','PicturePlugin','2014-01-07 14:32:43','2014-03-26 15:46:03',0,1,2,2603),(3883,99,NULL,0,'en','PicturePlugin','2014-01-10 08:30:38','2014-03-26 15:45:46',0,1,2,2604),(3884,101,NULL,1,'en','PicturePlugin','2014-01-07 14:45:24','2014-03-26 16:16:38',0,1,2,2605),(3885,101,NULL,2,'en','PicturePlugin','2014-01-07 14:46:08','2014-03-26 16:16:44',0,1,2,2606),(3886,101,NULL,0,'en','PicturePlugin','2014-01-07 14:46:28','2014-03-26 16:04:57',0,1,2,2607),(3920,818,NULL,NULL,'en','CMSPhotologueGalleryPlugin','2014-03-03 17:15:49','2014-03-03 17:16:00',0,1,2,2639),(3930,448,NULL,0,'en','PicturePlugin','2014-01-21 14:17:08','2014-03-03 18:35:15',0,1,2,2648),(3931,449,NULL,0,'en','PicturePlugin','2014-01-23 17:13:25','2014-03-03 18:35:15',0,1,2,2649),(3932,449,NULL,2,'en','PicturePlugin','2014-01-23 17:13:48','2014-03-03 18:35:15',0,1,2,2650),(3933,449,NULL,1,'en','TextPlugin','2014-01-24 13:25:42','2014-03-03 18:35:15',0,1,2,2651),(3934,450,NULL,0,'en','SnippetPlugin','2014-02-27 17:17:45','2014-03-09 18:39:13',0,1,2,2652),(4003,450,NULL,1,'en','SnippetPlugin','2014-03-09 18:31:11','2014-03-09 18:39:33',0,1,2,2690),(4004,455,NULL,0,'en','PicturePlugin','2014-01-21 14:17:08','2014-03-09 18:41:55',0,1,2,2691),(4005,456,NULL,0,'en','PicturePlugin','2014-01-23 17:13:25','2014-03-09 18:41:55',0,1,2,2692),(4006,456,NULL,2,'en','PicturePlugin','2014-01-23 17:13:48','2014-03-09 18:41:55',0,1,2,2693),(4007,456,NULL,1,'en','TextPlugin','2014-01-24 13:25:42','2014-03-09 18:41:55',0,1,2,2694),(4008,457,NULL,0,'en','SnippetPlugin','2014-02-27 17:17:45','2014-03-09 18:41:55',0,1,2,2695),(4009,457,NULL,1,'en','SnippetPlugin','2014-03-09 18:31:11','2014-03-09 18:41:55',0,1,2,2696),(4010,820,NULL,NULL,'en','CMSPhotologueGalleryPlugin','2014-03-10 16:00:21','2014-03-10 16:10:01',0,1,2,2697),(4012,564,NULL,0,'en','CMSLatestEntriesPlugin','2014-02-04 17:00:37','2014-03-10 16:44:30',0,1,2,2698),(4013,563,NULL,0,'en','PicturePlugin','2014-03-10 16:56:41','2014-03-26 06:33:04',0,1,2,2699),(4016,25,NULL,0,'en','CMSLatestEntriesPlugin','2014-03-10 16:57:48','2014-03-10 16:57:48',0,1,2,2702),(4017,25,NULL,1,'en','CMSLatestEntriesPlugin','2014-03-10 16:57:48','2014-03-10 16:57:48',0,1,2,2703),(4018,25,NULL,4,'en','SnippetPlugin','2014-02-27 12:25:48','2014-03-10 16:57:48',0,1,2,2704),(4019,25,NULL,2,'en','TextPlugin','2014-02-27 12:26:02','2014-03-10 16:57:48',0,1,2,2705),(4020,25,NULL,3,'en','TextPlugin','2014-02-27 12:31:16','2014-03-10 16:57:48',0,1,2,2706),(4021,634,NULL,0,'en','PicturePlugin','2014-02-05 12:35:59','2014-03-10 16:57:48',0,1,2,2707),(4039,9,NULL,0,'en','TextPlugin','2014-01-13 20:19:38','2014-03-12 10:47:10',0,1,2,2725),(4040,9,NULL,1,'en','TextPlugin','2014-01-13 20:21:08','2014-03-12 10:47:10',0,1,2,2726),(4041,274,NULL,0,'en','PicturePlugin','2014-01-13 20:19:22','2014-03-12 10:47:10',0,1,2,2727),(4042,286,NULL,0,'en','PicturePlugin','2014-01-13 21:45:05','2014-03-12 10:48:00',0,1,2,2728),(4043,286,NULL,1,'en','TextPlugin','2014-02-05 12:36:52','2014-03-12 10:47:10',0,1,2,2729),(4049,21,NULL,0,'en','TextPlugin','2014-01-13 20:19:38','2014-03-12 10:48:03',0,1,2,2730),(4050,21,NULL,1,'en','TextPlugin','2014-01-13 20:21:08','2014-03-12 10:48:03',0,1,2,2731),(4051,278,NULL,0,'en','PicturePlugin','2014-01-13 20:19:22','2014-03-12 10:48:03',0,1,2,2732),(4052,287,NULL,0,'en','PicturePlugin','2014-01-13 21:45:05','2014-03-12 10:48:03',0,1,2,2733),(4053,287,NULL,1,'en','TextPlugin','2014-02-05 12:36:52','2014-03-12 10:48:03',0,1,2,2734),(4260,279,NULL,0,'en','CMSPhotologueGalleryPlugin','2014-03-12 12:09:34','2014-03-12 12:09:34',0,1,2,2800),(4261,279,NULL,1,'en','SnippetPlugin','2014-03-12 11:45:55','2014-03-12 12:09:34',0,1,2,2801),(4262,280,NULL,0,'en','PicturePlugin','2014-01-13 21:39:22','2014-03-12 12:09:34',0,1,2,2802),(4263,280,NULL,1,'en','TextPlugin','2014-03-12 12:09:34','2014-03-12 12:09:34',0,1,2,2803),(4264,280,NULL,2,'en','PicturePlugin','2014-02-05 18:01:26','2014-03-12 12:09:34',0,1,2,2804),(4265,280,NULL,1,'en','TextPlugin','2014-02-06 11:14:33','2014-03-12 12:09:34',0,1,2,2805),(4266,281,NULL,0,'en','TextPlugin','2014-01-13 21:31:18','2014-03-12 12:09:34',0,1,2,2806),(4267,281,NULL,1,'en','TextPlugin','2014-02-05 17:22:27','2014-03-12 12:09:34',0,1,2,2807),(4268,281,NULL,2,'en','SnippetPlugin','2014-03-12 12:09:34','2014-03-12 12:09:34',0,1,2,2808),(4269,275,NULL,0,'en','CMSPhotologueGalleryPlugin','2014-03-12 13:56:18','2014-03-12 13:56:18',0,1,2,2809),(4270,275,NULL,1,'en','SnippetPlugin','2014-03-12 11:45:55','2014-03-12 13:56:18',0,1,2,2810),(4271,276,NULL,0,'en','PicturePlugin','2014-01-13 21:39:22','2014-03-12 13:56:18',0,1,2,2811),(4272,276,NULL,1,'en','TextPlugin','2014-03-12 13:56:18','2014-03-12 13:56:18',0,1,2,2812),(4273,276,NULL,2,'en','PicturePlugin','2014-02-05 18:01:26','2014-03-12 13:56:18',0,1,2,2813),(4274,276,NULL,1,'en','TextPlugin','2014-02-06 11:14:33','2014-03-12 13:56:18',0,1,2,2814),(4275,277,NULL,0,'en','TextPlugin','2014-01-13 21:31:18','2014-03-12 13:56:18',0,1,2,2815),(4276,277,NULL,1,'en','TextPlugin','2014-02-05 17:22:27','2014-03-12 13:56:18',0,1,2,2816),(4277,277,NULL,2,'en','SnippetPlugin','2014-03-12 13:56:18','2014-03-12 13:56:18',0,1,2,2817),(4278,821,NULL,NULL,'en','CMSPhotologueGalleryPlugin','2014-03-12 14:17:03','2014-03-12 14:21:08',0,1,2,2818),(4283,17,NULL,0,'en','CMSPhotologueGalleriesListPlugin','2014-01-09 09:32:15','2014-03-16 17:19:59',0,1,2,2819),(4284,170,NULL,0,'en','PicturePlugin','2014-01-21 14:38:19','2014-03-16 17:19:59',0,1,2,2820),(4285,825,NULL,0,'en','CMSPhotologueGalleryPlugin','2014-01-20 12:42:23','2014-03-17 07:01:37',0,1,2,2821),(4286,828,NULL,0,'en','CMSPhotologueGalleryPlugin','2014-01-20 12:42:23','2014-03-17 07:01:45',0,1,2,2822),(4288,834,NULL,0,'en','CMSPhotologueGalleryPlugin','2014-01-20 12:42:23','2014-03-17 07:09:35',0,1,2,2823),(4289,837,NULL,0,'en','CMSPhotologueGalleryPlugin','2014-01-20 12:42:23','2014-03-17 07:10:21',0,1,2,2824),(4306,839,NULL,0,'en','TextPlugin','2014-03-17 15:32:26','2014-03-17 15:33:03',0,1,2,2840),(4309,840,NULL,0,'en','CMSPhotologueGalleryPlugin','2014-03-17 16:03:36','2014-03-17 16:03:41',0,1,2,2843),(4310,842,NULL,0,'en','TextPlugin','2014-03-17 15:32:26','2014-03-17 16:04:12',0,1,2,2844),(4311,843,NULL,0,'en','CMSPhotologueGalleryPlugin','2014-03-17 16:03:36','2014-03-17 16:04:12',0,1,2,2845),(4312,184,NULL,0,'en','PicturePlugin','2014-01-10 11:56:06','2014-03-19 15:52:02',0,1,2,2846),(4313,185,NULL,0,'en','TextPlugin','2014-01-10 11:56:23','2014-03-24 16:51:30',0,1,2,2847),(4314,189,NULL,0,'en','PicturePlugin','2014-01-10 11:58:26','2014-03-19 15:52:02',0,1,2,2848),(4316,846,NULL,0,'en','CMSPhotologueGalleryPlugin','2014-01-17 11:55:06','2014-03-19 16:58:39',0,1,2,2850),(4317,844,NULL,0,'en','TextPlugin','2014-03-19 16:57:15','2014-03-19 16:59:06',0,1,2,2851),(4320,850,NULL,1,'en','CMSPhotologueGalleryPlugin','2014-03-19 17:04:28','2014-03-26 16:26:46',0,1,2,2854),(4381,5,NULL,0,'en','TextPlugin','2014-01-10 10:49:58','2014-03-24 16:50:12',0,1,2,2865),(4382,109,NULL,0,'en','PicturePlugin','2014-01-07 15:45:53','2014-03-24 16:49:45',0,1,2,2866),(4383,31,NULL,0,'en','TextPlugin','2014-01-10 10:49:58','2014-03-24 16:50:17',0,1,2,2867),(4384,110,NULL,0,'en','PicturePlugin','2014-01-07 15:45:53','2014-03-24 16:50:17',0,1,2,2868),(4385,187,NULL,0,'en','PicturePlugin','2014-01-10 11:56:06','2014-03-24 16:51:40',0,1,2,2869),(4386,188,NULL,0,'en','TextPlugin','2014-01-10 11:56:23','2014-03-24 16:51:40',0,1,2,2870),(4387,190,NULL,0,'en','PicturePlugin','2014-01-10 11:58:26','2014-03-24 16:51:40',0,1,2,2871),(4408,635,NULL,0,'en','PicturePlugin','2014-03-26 06:34:49','2014-03-26 06:35:04',0,1,2,2882),(4409,572,NULL,0,'en','PicturePlugin','2014-03-10 16:56:41','2014-03-26 06:35:06',0,1,2,2883),(4410,573,NULL,0,'en','CMSLatestEntriesPlugin','2014-02-04 17:00:37','2014-03-26 06:35:06',0,1,2,2884),(4411,637,NULL,0,'en','PicturePlugin','2014-03-26 06:34:49','2014-03-26 06:35:06',0,1,2,2885),(4412,29,NULL,0,'en','TextPlugin','2014-03-26 09:16:43','2014-03-26 09:16:43',0,1,2,2886),(4413,29,NULL,3,'en','TextPlugin','2014-01-13 22:07:59','2014-03-26 09:16:43',0,1,2,2887),(4414,29,NULL,5,'en','TextPlugin','2014-03-26 09:16:43','2014-03-26 09:16:43',0,1,2,2888),(4415,29,NULL,7,'en','TextPlugin','2014-03-26 09:16:43','2014-03-26 09:16:43',0,1,2,2889),(4416,29,NULL,4,'en','PicturePlugin','2014-01-29 17:44:11','2014-03-26 09:16:43',0,1,2,2890),(4417,29,NULL,6,'en','TextPlugin','2014-01-29 17:50:12','2014-03-26 09:16:43',0,1,2,2891),(4418,29,NULL,8,'en','PicturePlugin','2014-01-29 17:55:23','2014-03-26 09:16:43',0,1,2,2892),(4419,29,NULL,1,'en','TextPlugin','2014-01-13 21:47:58','2014-03-26 09:16:43',0,1,2,2893),(4420,29,NULL,2,'en','TextPlugin','2014-01-29 17:19:58','2014-03-26 09:16:43',0,1,2,2894),(4421,290,NULL,0,'en','PicturePlugin','2014-01-13 21:47:40','2014-03-26 09:16:43',0,1,2,2895),(4422,291,NULL,0,'en','PicturePlugin','2014-01-29 17:20:48','2014-03-26 09:16:43',0,1,2,2896),(4423,291,NULL,1,'en','TextPlugin','2014-01-29 18:05:41','2014-03-26 09:16:43',0,1,2,2897),(4424,291,NULL,3,'en','TextPlugin','2014-01-29 18:09:15','2014-03-26 09:16:43',0,1,2,2898),(4425,291,NULL,4,'en','PicturePlugin','2014-01-29 18:13:11','2014-03-26 09:16:43',0,1,2,2899),(4426,291,NULL,2,'en','PicturePlugin','2014-02-05 14:16:34','2014-03-26 09:16:43',0,1,2,2900),(4470,103,NULL,0,'en','PicturePlugin','2014-01-07 15:45:14','2014-03-26 10:31:12',0,1,2,2912),(4471,37,NULL,0,'en','TextPlugin','2014-03-26 10:31:26','2014-04-09 16:55:07',0,1,2,2913),(4532,98,NULL,0,'en','CMSSliderPlugin','2014-01-09 14:44:35','2014-03-26 16:16:49',0,1,2,2914),(4533,98,NULL,1,'en','SnippetPlugin','2014-03-26 16:16:49','2014-03-26 16:16:49',0,1,2,2915),(4534,98,NULL,2,'en','CMSSliderPlugin','2014-03-26 16:16:49','2014-03-26 16:16:49',0,1,2,2916),(4535,98,NULL,3,'en','CMSSliderPlugin','2014-03-26 16:16:49','2014-03-26 16:16:49',0,1,2,2917),(4536,100,NULL,1,'en','PicturePlugin','2014-01-07 14:31:38','2014-03-26 16:16:49',0,1,2,2918),(4537,100,NULL,2,'en','PicturePlugin','2014-01-07 14:32:43','2014-03-26 16:16:49',0,1,2,2919),(4538,100,NULL,0,'en','PicturePlugin','2014-01-10 08:30:38','2014-03-26 16:16:49',0,1,2,2920),(4539,102,NULL,1,'en','PicturePlugin','2014-01-07 14:45:24','2014-03-26 16:16:49',0,1,2,2921),(4540,102,NULL,2,'en','PicturePlugin','2014-01-07 14:46:08','2014-03-26 16:16:49',0,1,2,2922),(4541,102,NULL,0,'en','PicturePlugin','2014-01-07 14:46:28','2014-03-26 16:16:49',0,1,2,2923),(4546,204,NULL,3,'en','PicturePlugin','2014-04-02 16:34:52','2014-04-02 16:41:23',0,1,2,2924),(4606,868,NULL,0,'en','FormPlugin','2014-04-03 15:02:18','2014-04-03 15:02:18',0,1,2,2948),(4607,872,NULL,0,'en','SnippetPlugin','2014-04-03 15:02:07','2014-04-03 15:02:18',0,1,2,2949),(4610,876,NULL,0,'en','FormPlugin','2014-04-03 15:03:51','2014-04-03 15:03:51',0,1,2,2950),(4614,876,NULL,1,'en','TextPlugin','2014-04-03 15:04:51','2014-04-03 15:04:55',0,1,2,2952),(4618,879,NULL,0,'en','FormPlugin','2014-04-03 15:06:00','2014-04-03 15:06:00',0,1,2,2953),(4619,879,NULL,1,'en','TextPlugin','2014-04-03 15:04:51','2014-04-03 15:06:00',0,1,2,2954),(4637,206,NULL,0,'en','SnippetPlugin','2014-02-21 13:29:01','2014-04-03 15:33:59',0,1,2,2955),(4638,207,NULL,0,'en','PicturePlugin','2014-01-13 21:42:07','2014-04-03 15:33:59',0,1,2,2956),(4639,207,NULL,2,'en','TextPlugin','2014-01-28 12:44:41','2014-04-03 15:33:59',0,1,2,2957),(4640,207,NULL,1,'en','TextPlugin','2014-01-28 12:45:11','2014-04-03 15:33:59',0,1,2,2958),(4641,207,NULL,3,'en','PicturePlugin','2014-04-02 16:34:52','2014-04-03 15:33:59',0,1,2,2959),(4642,208,NULL,7,'en','TextPlugin','2014-01-13 21:14:34','2014-04-03 15:33:59',0,1,2,2960),(4643,208,NULL,9,'en','PicturePlugin','2014-01-13 21:15:10','2014-04-03 15:33:59',0,1,2,2961),(4644,208,NULL,0,'en','TextPlugin','2014-01-13 20:22:53','2014-04-03 15:33:59',0,1,2,2962),(4645,208,NULL,1,'en','TextPlugin','2014-04-03 15:33:59','2014-04-03 15:33:59',0,1,2,2963),(4646,208,NULL,5,'en','TextPlugin','2014-04-03 15:33:59','2014-04-03 15:33:59',0,1,2,2964),(4647,208,NULL,6,'en','LinkPlugin','2014-04-03 15:33:59','2014-04-03 15:33:59',0,1,2,2965),(4648,208,NULL,8,'en','LinkPlugin','2014-04-03 15:33:59','2014-04-03 15:33:59',0,1,2,2966),(4649,208,NULL,10,'en','PicturePlugin','2014-04-03 15:33:59','2014-04-03 15:33:59',0,1,2,2967),(4650,208,NULL,2,'en','TextPlugin','2014-01-28 13:39:20','2014-04-03 15:33:59',0,1,2,2968),(4651,208,NULL,3,'en','PicturePlugin','2014-01-28 13:45:05','2014-04-03 15:33:59',0,1,2,2969),(4652,208,NULL,4,'en','TextPlugin','2014-02-06 11:11:25','2014-04-03 15:33:59',0,1,2,2970),(4672,889,NULL,0,'en','CMSPeopleEntriesPlugin','2014-04-04 14:50:09','2014-04-04 14:50:35',0,1,2,2980),(4722,19,NULL,0,'en','TextPlugin','2014-01-10 12:38:41','2014-04-07 14:20:56',0,1,2,2998),(4723,19,NULL,1,'en','PicturePlugin','2014-01-23 13:41:14','2014-04-07 14:20:56',0,1,2,2999),(4724,19,NULL,2,'en','TextPlugin','2014-01-23 13:41:45','2014-04-07 14:20:56',0,1,2,3000),(4725,19,NULL,3,'en','PicturePlugin','2014-01-23 13:48:13','2014-04-07 14:20:56',0,1,2,3001),(4726,19,NULL,4,'en','TextPlugin','2014-01-23 13:55:07','2014-04-07 14:20:56',0,1,2,3002),(4727,19,NULL,7,'en','PicturePlugin','2014-01-23 14:09:31','2014-04-07 14:20:56',0,1,2,3003),(4728,19,NULL,6,'en','TextPlugin','2014-02-05 16:33:43','2014-04-07 14:20:56',0,1,2,3004),(4729,19,NULL,5,'en','PicturePlugin','2014-02-05 18:16:30','2014-04-07 14:20:56',0,1,2,3005),(4730,89,NULL,1,'en','TextPlugin','2014-01-23 14:14:51','2014-04-07 14:20:56',0,1,2,3006),(4731,89,NULL,0,'en','PicturePlugin','2014-01-23 14:21:22','2014-04-07 14:20:56',0,1,2,3007),(4732,209,NULL,0,'en','PicturePlugin','2014-01-10 12:45:07','2014-04-07 14:20:56',0,1,2,3008),(4763,41,NULL,0,'en','TextPlugin','2014-01-10 12:57:08','2014-04-07 14:23:29',0,1,2,3009),(4764,41,NULL,3,'en','TextPlugin','2014-01-10 12:58:54','2014-04-07 14:23:29',0,1,2,3010),(4765,41,NULL,2,'en','SnippetPlugin','2014-04-07 14:23:29','2014-04-07 14:23:29',0,1,2,3011),(4766,41,NULL,1,'en','SnippetPlugin','2014-01-23 14:40:50','2014-04-07 14:23:29',0,1,2,3012),(4767,41,NULL,4,'en','PicturePlugin','2014-04-07 14:23:29','2014-04-07 14:23:29',0,1,2,3013),(4768,41,NULL,6,'en','PicturePlugin','2014-04-07 14:23:29','2014-04-07 14:23:29',0,1,2,3014),(4769,91,NULL,0,'en','FormPlugin','2014-04-07 14:23:29','2014-04-07 14:23:29',0,1,2,3015),(4770,91,NULL,2,'en','LinkPlugin','2014-04-07 14:23:29','2014-04-07 14:23:29',0,1,2,3016),(4771,91,NULL,0,'en','PicturePlugin','2014-01-23 16:55:21','2014-04-07 14:23:29',0,1,2,3017),(4772,91,NULL,2,'en','PicturePlugin','2014-01-23 16:56:02','2014-04-07 14:23:29',0,1,2,3018),(4773,91,NULL,4,'en','PicturePlugin','2014-01-23 16:56:52','2014-04-07 14:23:29',0,1,2,3019),(4774,91,NULL,7,'en','TextPlugin','2014-01-23 17:05:17','2014-04-07 14:23:29',0,1,2,3020),(4775,91,NULL,1,'en','TextPlugin','2014-01-24 13:11:46','2014-04-07 14:23:29',0,1,2,3021),(4776,91,NULL,3,'en','TextPlugin','2014-01-24 13:12:16','2014-04-07 14:23:29',0,1,2,3022),(4777,211,NULL,0,'en','PicturePlugin','2014-01-10 12:56:26','2014-04-07 14:23:29',0,1,2,3023),(4781,233,NULL,0,'en','TextPlugin','2014-01-13 17:53:22','2014-04-07 14:54:35',0,1,2,3024),(4782,233,NULL,1,'en','TextPlugin','2014-04-07 14:54:35','2014-04-07 14:54:35',0,1,2,3025),(4783,264,NULL,0,'en','PicturePlugin','2014-01-13 17:53:09','2014-04-07 14:54:35',0,1,2,3026),(4784,236,NULL,0,'en','TextPlugin','2014-01-13 18:02:31','2014-04-07 15:11:57',0,1,2,3027),(4785,268,NULL,0,'en','PicturePlugin','2014-01-13 18:02:20','2014-04-07 15:11:57',0,1,2,3028),(4793,227,NULL,0,'en','TextPlugin','2014-01-13 18:07:56','2014-04-07 15:15:44',0,1,2,3035),(4794,227,NULL,3,'en','TextPlugin','2014-01-13 18:22:14','2014-04-07 15:15:44',0,1,2,3036),(4795,227,NULL,4,'en','TextPlugin','2014-01-13 19:19:30','2014-04-07 15:15:44',0,1,2,3037),(4796,227,NULL,2,'en','TextPlugin','2014-01-13 19:27:09','2014-04-07 15:15:44',0,1,2,3038),(4797,227,NULL,1,'en','TextPlugin','2014-01-13 20:13:20','2014-04-07 15:15:44',0,1,2,3039),(4798,270,NULL,0,'en','PicturePlugin','2014-01-13 18:07:46','2014-04-07 15:15:44',0,1,2,3040),(4835,239,NULL,0,'en','TextPlugin','2014-01-13 18:07:56','2014-04-07 15:18:58',0,1,2,3041),(4836,239,NULL,3,'en','TextPlugin','2014-01-13 18:22:14','2014-04-07 15:18:58',0,1,2,3042),(4837,239,NULL,4,'en','TextPlugin','2014-01-13 19:19:30','2014-04-07 15:18:58',0,1,2,3043),(4838,239,NULL,2,'en','TextPlugin','2014-01-13 19:27:09','2014-04-07 15:18:58',0,1,2,3044),(4839,239,NULL,1,'en','TextPlugin','2014-01-13 20:13:20','2014-04-07 15:18:58',0,1,2,3045),(4840,272,NULL,0,'en','PicturePlugin','2014-01-13 18:07:46','2014-04-07 15:18:58',0,1,2,3046),(4841,618,NULL,0,'en','PicturePlugin','2014-01-13 21:47:40','2014-04-07 15:20:49',0,1,2,3047),(4842,619,NULL,0,'en','PicturePlugin','2014-01-29 17:20:48','2014-04-07 15:20:49',0,1,2,3048),(4843,619,NULL,2,'en','PicturePlugin','2014-01-29 18:05:07','2014-04-07 15:20:49',0,1,2,3049),(4844,619,NULL,1,'en','TextPlugin','2014-01-29 18:05:41','2014-04-07 15:20:49',0,1,2,3050),(4845,619,NULL,3,'en','TextPlugin','2014-01-29 18:09:15','2014-04-07 15:20:49',0,1,2,3051),(4846,619,NULL,4,'en','PicturePlugin','2014-01-29 18:13:11','2014-04-07 15:20:49',0,1,2,3052),(4847,620,NULL,0,'en','TextPlugin','2014-04-07 15:20:49','2014-04-07 15:20:49',0,1,2,3053),(4848,620,NULL,4,'en','TextPlugin','2014-01-13 22:07:59','2014-04-07 15:20:49',0,1,2,3054),(4849,620,NULL,9,'en','PicturePlugin','2014-01-29 17:17:28','2014-04-07 15:20:49',0,1,2,3055),(4850,620,NULL,6,'en','TextPlugin','2014-04-07 15:20:49','2014-04-07 15:20:49',0,1,2,3056),(4851,620,NULL,8,'en','TextPlugin','2014-04-07 15:20:49','2014-04-07 15:20:49',0,1,2,3057),(4852,620,NULL,5,'en','PicturePlugin','2014-01-29 17:44:11','2014-04-07 15:20:49',0,1,2,3058),(4853,620,NULL,7,'en','TextPlugin','2014-01-29 17:50:12','2014-04-07 15:20:49',0,1,2,3059),(4854,620,NULL,10,'en','PicturePlugin','2014-01-29 17:55:23','2014-04-07 15:20:49',0,1,2,3060),(4855,620,NULL,1,'en','TextPlugin','2014-01-13 21:47:58','2014-04-07 15:20:49',0,1,2,3061),(4856,620,NULL,3,'en','TextPlugin','2014-01-29 17:19:58','2014-04-07 15:20:49',0,1,2,3062),(4857,624,NULL,0,'en','PicturePlugin','2014-01-22 19:18:24','2014-04-07 15:21:07',0,1,2,3063),(4858,625,NULL,0,'en','PicturePlugin','2014-01-13 22:41:34','2014-04-07 15:21:07',0,1,2,3064),(4859,626,NULL,0,'en','TextPlugin','2014-01-10 09:53:24','2014-04-07 15:21:07',0,1,2,3065),(4860,626,NULL,1,'en','TextPlugin','2014-01-13 22:36:43','2014-04-07 15:21:07',0,1,2,3066),(4861,896,NULL,0,'en','PicturePlugin','2014-01-13 22:35:41','2014-04-07 15:21:08',0,1,2,3067),(4862,897,NULL,0,'en','PicturePlugin','2014-01-13 22:42:21','2014-04-07 15:21:08',0,1,2,3068),(4863,898,NULL,0,'en','TextPlugin','2014-01-13 22:35:54','2014-04-07 15:21:08',0,1,2,3069),(4868,55,NULL,0,'en','TextPlugin','2014-01-10 09:53:24','2014-04-07 15:21:10',0,1,2,3074),(4869,55,NULL,1,'en','TextPlugin','2014-01-13 22:36:43','2014-04-07 15:21:10',0,1,2,3075),(4870,182,NULL,0,'en','PicturePlugin','2014-01-22 19:18:24','2014-04-07 15:21:10',0,1,2,3076),(4871,297,NULL,0,'en','PicturePlugin','2014-01-13 22:41:34','2014-04-07 15:21:10',0,1,2,3077),(4876,630,NULL,0,'en','TextPlugin','2014-01-13 22:13:22','2014-04-07 15:24:10',0,1,2,3082),(4877,630,NULL,1,'en','TextPlugin','2014-01-13 22:13:38','2014-04-07 15:24:10',0,1,2,3083),(4878,632,NULL,0,'en','PicturePlugin','2014-01-13 22:13:10','2014-04-07 15:24:10',0,1,2,3084),(4879,633,NULL,0,'en','PicturePlugin','2014-01-13 22:34:29','2014-04-07 15:24:10',0,1,2,3085),(4880,324,NULL,0,'en','SnippetPlugin','2014-01-17 11:33:16','2014-04-07 15:26:02',0,1,2,3086),(4881,326,NULL,0,'en','TextPlugin','2014-01-13 23:44:43','2014-04-07 15:26:02',0,1,2,3087),(4882,326,NULL,1,'en','TextPlugin','2014-01-13 23:44:52','2014-04-07 15:26:02',0,1,2,3088),(4887,51,NULL,0,'en','TextPlugin','2014-01-13 22:13:22','2014-04-08 13:13:39',0,1,2,3089),(4888,51,NULL,1,'en','TextPlugin','2014-01-13 22:13:38','2014-04-08 13:13:39',0,1,2,3090),(4889,181,NULL,0,'en','PicturePlugin','2014-01-13 22:13:10','2014-04-08 13:13:39',0,1,2,3091),(4890,293,NULL,0,'en','PicturePlugin','2014-01-13 22:34:29','2014-04-08 13:13:39',0,1,2,3092),(4897,893,NULL,0,'en','SnippetPlugin','2014-04-08 13:14:51','2014-04-08 13:14:54',0,1,2,3096),(4902,363,NULL,0,'en','SnippetPlugin','2014-01-17 11:38:50','2014-04-08 13:16:42',0,1,2,3097),(4903,365,NULL,1,'en','TextPlugin','2014-01-17 11:12:34','2014-04-08 13:16:42',0,1,2,3098),(4904,365,NULL,0,'en','TextPlugin','2014-01-17 11:14:36','2014-04-08 13:16:42',0,1,2,3099),(4905,895,NULL,0,'en','SnippetPlugin','2014-04-08 13:14:51','2014-04-08 13:16:42',0,1,2,3100),(4906,795,NULL,0,'en','TextPlugin','2014-04-08 14:27:51','2014-04-08 14:38:19',0,1,2,3101),(4919,794,NULL,0,'en','PicturePlugin','2014-04-08 15:25:06','2014-04-08 15:29:57',0,1,2,3106),(4935,796,NULL,0,'en','PicturePlugin','2014-04-08 15:25:06','2014-04-08 15:30:06',0,1,2,3107),(4936,797,NULL,0,'en','CMSLatestEntriesPlugin','2014-04-08 15:30:06','2014-04-08 15:30:06',0,1,2,3108),(4937,797,NULL,1,'en','CMSLatestEntriesPlugin','2014-04-08 15:30:06','2014-04-08 15:30:06',0,1,2,3109),(4938,797,NULL,1,'en','CMSLatestEntriesPlugin','2014-02-06 18:53:08','2014-04-08 15:30:06',0,1,2,3110),(4939,797,NULL,0,'en','TextPlugin','2014-04-08 14:27:51','2014-04-08 15:30:06',0,1,2,3111),(4940,904,NULL,0,'en','TextPlugin','2014-03-19 16:57:15','2014-04-09 13:48:58',0,1,2,3112),(4941,906,NULL,0,'en','CMSPhotologueGalleryPlugin','2014-01-17 11:55:06','2014-04-09 13:49:11',0,1,2,3113),(4942,433,NULL,0,'en','CMSPhotologueGalleryPlugin','2014-01-20 12:42:23','2014-04-09 13:49:32',0,1,2,3114),(4943,847,NULL,0,'en','TextPlugin','2014-03-19 16:57:15','2014-04-09 13:49:36',0,1,2,3115),(4944,849,NULL,0,'en','CMSPhotologueGalleryPlugin','2014-01-17 11:55:06','2014-04-09 13:49:36',0,1,2,3116),(4945,907,NULL,0,'en','TextPlugin','2014-03-19 16:57:15','2014-04-09 13:49:37',0,1,2,3117),(4946,909,NULL,0,'en','CMSPhotologueGalleryPlugin','2014-01-17 11:55:06','2014-04-09 13:49:37',0,1,2,3118),(4947,910,NULL,NULL,'en','CMSPhotologueGalleryPlugin','2014-04-09 13:58:49','2014-04-09 14:04:46',0,1,2,3119),(4948,23,NULL,0,'en','FormPlugin','2014-04-09 14:04:51','2014-04-09 14:04:51',0,1,2,3120),(4949,301,NULL,1,'en','CMSLatestEntriesPlugin','2014-01-14 08:59:13','2014-04-09 14:04:51',0,1,2,3121),(4950,301,NULL,0,'en','PicturePlugin','2014-02-05 17:15:17','2014-04-09 14:04:51',0,1,2,3122),(4953,917,NULL,0,'en','TextPlugin','2014-01-10 15:09:57','2014-04-09 14:07:04',0,1,2,3125),(4954,921,NULL,0,'en','TextPlugin','2014-01-10 15:08:04','2014-04-09 14:07:04',0,1,2,3126),(4955,924,NULL,0,'en','TextPlugin','2014-01-10 15:07:20','2014-04-09 14:07:04',0,1,2,3127),(4957,927,NULL,0,'en','CMSPeopleEntriesPlugin','2014-04-09 14:08:00','2014-04-09 14:10:47',0,1,2,3129),(4962,930,NULL,0,'en','CMSPeopleEntriesPlugin','2014-04-09 14:08:00','2014-04-09 14:11:36',0,1,2,3132),(4974,257,NULL,0,'en','TextPlugin','2014-01-10 15:08:04','2014-04-09 14:18:32',0,1,2,3139),(4975,254,NULL,0,'en','TextPlugin','2014-01-10 15:07:20','2014-04-09 14:18:32',0,1,2,3140),(4976,939,NULL,0,'en','CMSPeopleEntriesPlugin','2014-04-09 16:54:00','2014-04-09 16:54:05',0,1,2,3141),(4977,960,NULL,0,'en','CMSPeopleEntriesPlugin','2014-04-09 16:54:00','2014-04-09 16:54:10',0,1,2,3142),(4980,43,NULL,0,'en','TextPlugin','2014-03-26 10:31:26','2014-04-09 16:55:11',0,1,2,3143),(4981,108,NULL,0,'en','PicturePlugin','2014-01-07 15:45:14','2014-04-09 16:55:11',0,1,2,3144);
/*!40000 ALTER TABLE `cms_cmsplugin` ENABLE KEYS */;
UNLOCK TABLES;

--
-- Table structure for table `cms_globalpagepermission`
--

DROP TABLE IF EXISTS `cms_globalpagepermission`;
/*!40101 SET @saved_cs_client     = @@character_set_client */;
/*!40101 SET character_set_client = utf8 */;
CREATE TABLE `cms_globalpagepermission` (
  `id` int(11) NOT NULL AUTO_INCREMENT,
  `user_id` int(11) DEFAULT NULL,
  `group_id` int(11) DEFAULT NULL,
  `can_change` tinyint(1) NOT NULL,
  `can_add` tinyint(1) NOT NULL,
  `can_delete` tinyint(1) NOT NULL,
  `can_change_advanced_settings` tinyint(1) NOT NULL,
  `can_publish` tinyint(1) NOT NULL,
  `can_change_permissions` tinyint(1) NOT NULL,
  `can_move_page` tinyint(1) NOT NULL,
  `can_view` tinyint(1) NOT NULL,
  `can_recover_page` tinyint(1) NOT NULL,
  PRIMARY KEY (`id`),
  KEY `cms_globalpagepermission_403f60f` (`user_id`),
  KEY `cms_globalpagepermission_425ae3c4` (`group_id`),
  CONSTRAINT `group_id_refs_id_4edd8708` FOREIGN KEY (`group_id`) REFERENCES `auth_group` (`id`),
  CONSTRAINT `user_id_refs_id_ac9af97` FOREIGN KEY (`user_id`) REFERENCES `auth_user` (`id`)
) ENGINE=InnoDB DEFAULT CHARSET=utf8;
/*!40101 SET character_set_client = @saved_cs_client */;

--
-- Dumping data for table `cms_globalpagepermission`
--

LOCK TABLES `cms_globalpagepermission` WRITE;
/*!40000 ALTER TABLE `cms_globalpagepermission` DISABLE KEYS */;
/*!40000 ALTER TABLE `cms_globalpagepermission` ENABLE KEYS */;
UNLOCK TABLES;

--
-- Table structure for table `cms_globalpagepermission_sites`
--

DROP TABLE IF EXISTS `cms_globalpagepermission_sites`;
/*!40101 SET @saved_cs_client     = @@character_set_client */;
/*!40101 SET character_set_client = utf8 */;
CREATE TABLE `cms_globalpagepermission_sites` (
  `id` int(11) NOT NULL AUTO_INCREMENT,
  `globalpagepermission_id` int(11) NOT NULL,
  `site_id` int(11) NOT NULL,
  PRIMARY KEY (`id`),
  UNIQUE KEY `globalpagepermission_id` (`globalpagepermission_id`,`site_id`),
  KEY `cms_globalpagepermission_sites_a21423f` (`globalpagepermission_id`),
  KEY `cms_globalpagepermission_sites_6223029` (`site_id`),
  CONSTRAINT `globalpagepermission_id_refs_id_2c730e06` FOREIGN KEY (`globalpagepermission_id`) REFERENCES `cms_globalpagepermission` (`id`),
  CONSTRAINT `site_id_refs_id_38dfe611` FOREIGN KEY (`site_id`) REFERENCES `django_site` (`id`)
) ENGINE=InnoDB DEFAULT CHARSET=utf8;
/*!40101 SET character_set_client = @saved_cs_client */;

--
-- Dumping data for table `cms_globalpagepermission_sites`
--

LOCK TABLES `cms_globalpagepermission_sites` WRITE;
/*!40000 ALTER TABLE `cms_globalpagepermission_sites` DISABLE KEYS */;
/*!40000 ALTER TABLE `cms_globalpagepermission_sites` ENABLE KEYS */;
UNLOCK TABLES;

--
-- Table structure for table `cms_page`
--

DROP TABLE IF EXISTS `cms_page`;
/*!40101 SET @saved_cs_client     = @@character_set_client */;
/*!40101 SET character_set_client = utf8 */;
CREATE TABLE `cms_page` (
  `id` int(11) NOT NULL AUTO_INCREMENT,
  `created_by` varchar(70) NOT NULL,
  `changed_by` varchar(70) NOT NULL,
  `parent_id` int(11) DEFAULT NULL,
  `creation_date` datetime NOT NULL,
  `changed_date` datetime NOT NULL,
  `publication_date` datetime DEFAULT NULL,
  `publication_end_date` datetime DEFAULT NULL,
  `in_navigation` tinyint(1) NOT NULL,
  `soft_root` tinyint(1) NOT NULL,
  `reverse_id` varchar(40) DEFAULT NULL,
  `navigation_extenders` varchar(80) DEFAULT NULL,
  `published` tinyint(1) NOT NULL,
  `template` varchar(100) NOT NULL,
  `site_id` int(11) NOT NULL,
  `login_required` tinyint(1) NOT NULL,
  `limit_visibility_in_menu` smallint(6) DEFAULT NULL,
  `level` int(10) unsigned NOT NULL,
  `lft` int(10) unsigned NOT NULL,
  `rght` int(10) unsigned NOT NULL,
  `tree_id` int(10) unsigned NOT NULL,
  `publisher_is_draft` tinyint(1) NOT NULL,
  `publisher_public_id` int(11) DEFAULT NULL,
  `publisher_state` smallint(6) NOT NULL,
  PRIMARY KEY (`id`),
  UNIQUE KEY `publisher_public_id` (`publisher_public_id`),
  KEY `cms_page_63f17a16` (`parent_id`),
  KEY `cms_page_1199bb9e` (`publication_date`),
  KEY `cms_page_5dde019c` (`publication_end_date`),
  KEY `cms_page_3c0ea264` (`in_navigation`),
  KEY `cms_page_455d889d` (`soft_root`),
  KEY `cms_page_b56116b` (`reverse_id`),
  KEY `cms_page_267392ec` (`navigation_extenders`),
  KEY `cms_page_6223029` (`site_id`),
  KEY `cms_page_36f698d1` (`limit_visibility_in_menu`),
  KEY `cms_page_2a8f42e8` (`level`),
  KEY `cms_page_42b06ff6` (`lft`),
  KEY `cms_page_6eabc1a6` (`rght`),
  KEY `cms_page_102f80d8` (`tree_id`),
  KEY `cms_page_16d2d3fa` (`publisher_is_draft`),
  KEY `cms_page_5ffeb0a6` (`publisher_state`),
  CONSTRAINT `parent_id_refs_id_653a773` FOREIGN KEY (`parent_id`) REFERENCES `cms_page` (`id`),
  CONSTRAINT `publisher_public_id_refs_id_653a773` FOREIGN KEY (`publisher_public_id`) REFERENCES `cms_page` (`id`),
  CONSTRAINT `site_id_refs_id_128f08e6` FOREIGN KEY (`site_id`) REFERENCES `django_site` (`id`)
) ENGINE=InnoDB AUTO_INCREMENT=224 DEFAULT CHARSET=utf8;
/*!40101 SET character_set_client = @saved_cs_client */;

--
-- Dumping data for table `cms_page`
--

LOCK TABLES `cms_page` WRITE;
/*!40000 ALTER TABLE `cms_page` DISABLE KEYS */;
INSERT INTO `cms_page` VALUES (1,'admin','laura',NULL,'2014-01-06 23:03:11','2014-03-26 16:16:49','2014-01-06 23:03:15',NULL,0,0,'home','',1,'main.html',1,0,NULL,0,1,136,1,1,2,0),(2,'admin','laura',NULL,'2014-01-06 23:03:19','2014-03-26 16:16:49','2014-01-06 23:03:15',NULL,0,0,'home','',1,'main.html',1,0,NULL,0,1,152,5,0,1,0),(3,'admin','laura',1,'2014-01-07 09:10:05','2014-03-24 16:50:17','2014-01-07 09:10:10',NULL,1,0,NULL,'',1,'inner.html',1,0,NULL,1,2,13,1,1,16,0),(4,'admin','laura',1,'2014-01-07 09:11:05','2014-04-07 14:20:56','2014-01-07 09:13:13',NULL,1,0,NULL,'',1,'submenu.html',1,0,NULL,1,14,49,1,1,10,0),(5,'admin','laura',1,'2014-01-07 09:11:28','2014-03-12 10:48:03','2014-01-07 09:13:15',NULL,1,0,NULL,'',1,'submenu.html',1,0,NULL,1,50,55,1,1,11,0),(6,'admin','laura',1,'2014-01-07 09:11:51','2014-03-26 09:16:43','2014-01-07 09:11:55',NULL,1,0,NULL,'',1,'submenu.html',1,0,NULL,1,56,97,1,1,15,0),(7,'admin','laura',1,'2014-01-07 09:12:23','2014-04-09 14:04:51','2014-01-07 09:13:17',NULL,1,0,NULL,'',1,'inner.html',1,0,NULL,1,98,101,1,1,12,0),(8,'admin','laura',1,'2014-01-07 09:12:38','2014-03-10 16:57:48','2014-01-07 09:13:20',NULL,1,0,NULL,'',1,'inner.html',1,0,NULL,1,102,109,1,1,13,0),(9,'admin','laura',1,'2014-01-07 09:12:56','2014-03-16 17:19:59','2014-01-07 09:13:22',NULL,1,0,NULL,'',1,'inner.html',1,0,NULL,1,110,133,1,1,14,0),(10,'admin','laura',2,'2014-01-07 09:13:17','2014-04-07 14:20:56','2014-01-07 09:13:13',NULL,1,0,NULL,'',1,'submenu.html',1,0,NULL,1,18,63,5,0,4,0),(11,'admin','laura',2,'2014-01-07 09:13:19','2014-03-12 10:48:03','2014-01-07 09:13:15',NULL,1,0,NULL,'',1,'submenu.html',1,0,NULL,1,64,69,5,0,5,0),(12,'admin','laura',2,'2014-01-07 09:13:21','2014-04-09 14:04:51','2014-01-07 09:13:17',NULL,1,0,NULL,'',1,'inner.html',1,0,NULL,1,100,105,5,0,7,0),(13,'admin','laura',2,'2014-01-07 09:13:24','2014-03-10 16:57:48','2014-01-07 09:13:20',NULL,1,0,NULL,'',1,'inner.html',1,0,NULL,1,106,113,5,0,8,0),(14,'admin','admin',2,'2014-01-07 09:13:26','2014-01-21 14:38:47','2014-01-07 09:13:22',NULL,1,0,NULL,'',1,'inner.html',1,0,NULL,1,120,149,5,0,9,0),(15,'admin','laura',2,'2014-01-07 09:13:34','2014-03-26 09:16:43','2014-01-07 09:11:55',NULL,1,0,NULL,'',1,'submenu.html',1,0,NULL,1,70,99,5,0,6,0),(16,'admin','laura',2,'2014-01-07 09:13:39','2014-03-24 16:50:17','2014-01-07 09:10:10',NULL,1,0,NULL,'',1,'inner.html',1,0,NULL,1,2,17,5,0,3,0),(17,'admin','admin',4,'2014-01-07 09:22:59','2014-02-05 13:08:40','2014-01-07 09:23:54',NULL,1,0,NULL,'',1,'submenu.html',1,0,NULL,2,15,16,1,1,20,0),(18,'admin','laura',4,'2014-01-07 09:23:24','2014-04-07 14:23:29','2014-01-07 09:23:57',NULL,1,0,NULL,'',1,'submenu.html',1,0,NULL,2,17,18,1,1,21,0),(19,'admin','laura',4,'2014-01-07 09:23:49','2014-04-09 16:59:00','2014-01-07 09:24:00',NULL,1,0,NULL,'',0,'inner.html',1,0,NULL,2,21,40,1,1,22,1),(20,'admin','admin',10,'2014-01-07 09:23:58','2014-02-05 13:08:40','2014-01-07 09:23:54',NULL,1,0,NULL,'',1,'submenu.html',1,0,NULL,2,21,22,5,0,17,0),(21,'admin','laura',10,'2014-01-07 09:24:01','2014-04-07 14:23:29','2014-01-07 09:23:57',NULL,1,0,NULL,'',1,'submenu.html',1,0,NULL,2,23,24,5,0,18,0),(22,'admin','laura',10,'2014-01-07 09:24:04','2014-04-09 16:59:00','2014-01-07 09:24:00',NULL,1,0,NULL,'',0,'inner.html',1,0,NULL,2,27,48,5,0,19,0),(23,'admin','laura',6,'2014-01-07 09:24:30','2014-04-08 13:13:39','2014-01-07 09:25:16',NULL,1,0,NULL,'',1,'submenu.html',1,0,NULL,2,79,94,1,1,26,0),(25,'admin','laura',6,'2014-01-07 09:25:11','2014-04-07 15:21:10','2014-01-07 09:25:22',NULL,0,0,NULL,'',1,'submenu.html',1,0,NULL,2,95,96,1,1,28,0),(26,'admin','laura',15,'2014-01-07 09:25:20','2014-04-08 13:13:39','2014-01-07 09:25:16',NULL,1,0,NULL,'',1,'submenu.html',1,0,NULL,2,79,94,5,0,23,0),(28,'admin','laura',15,'2014-01-07 09:25:26','2014-04-07 15:21:10','2014-01-07 09:25:22',NULL,0,0,NULL,'',1,'submenu.html',1,0,NULL,2,97,98,5,0,25,0),(29,'admin','laura',NULL,'2014-01-07 09:54:42','2014-04-02 16:05:50','2014-01-07 09:58:06',NULL,0,0,'footer-menu','',1,'inner.html',1,0,NULL,0,1,14,3,1,36,0),(30,'admin','admin',29,'2014-01-07 09:55:26','2014-01-08 22:08:31','2014-01-07 09:58:16',NULL,1,0,NULL,'',1,'submenu.html',1,0,NULL,1,2,3,3,1,37,0),(31,'admin','admin',29,'2014-01-07 09:55:51','2014-01-08 22:06:58','2014-01-07 09:58:24',NULL,1,0,NULL,'',1,'inner.html',1,0,NULL,1,4,5,3,1,38,0),(32,'admin','laura',29,'2014-01-07 09:56:17','2014-02-24 13:56:45','2014-01-07 09:58:29',NULL,1,0,NULL,'',1,'inner.html',1,0,NULL,1,6,7,3,1,39,0),(33,'admin','admin',29,'2014-01-07 09:57:15','2014-01-08 22:10:11','2014-01-07 09:58:32',NULL,1,0,NULL,'',1,'inner.html',1,0,NULL,1,8,9,3,1,40,0),(34,'admin','admin',29,'2014-01-07 09:57:39','2014-01-22 19:38:52','2014-01-07 09:58:35',NULL,1,0,NULL,'',1,'inner.html',1,0,NULL,1,10,11,3,1,41,1),(35,'admin','laura',29,'2014-01-07 09:57:58','2014-04-02 16:05:17','2014-01-07 09:58:38',NULL,1,0,'contact-us','',1,'contacts.html',1,0,NULL,1,12,13,3,1,42,1),(36,'admin','laura',NULL,'2014-01-07 09:58:10','2014-04-02 16:05:50','2014-01-07 09:58:06',NULL,0,0,'footer-menu','',1,'inner.html',1,0,NULL,0,1,16,7,0,29,0),(37,'admin','admin',36,'2014-01-07 09:58:20','2014-01-08 22:08:31','2014-01-07 09:58:16',NULL,1,0,NULL,'',1,'submenu.html',1,0,NULL,1,2,3,7,0,30,0),(38,'admin','admin',36,'2014-01-07 09:58:28','2014-01-08 22:06:58','2014-01-07 09:58:24',NULL,1,0,NULL,'',1,'inner.html',1,0,NULL,1,4,5,7,0,31,0),(39,'admin','laura',36,'2014-01-07 09:58:33','2014-02-24 13:56:45','2014-01-07 09:58:29',NULL,1,0,NULL,'',1,'inner.html',1,0,NULL,1,6,7,7,0,32,0),(40,'admin','admin',36,'2014-01-07 09:58:36','2014-01-08 22:10:11','2014-01-07 09:58:32',NULL,1,0,NULL,'',1,'inner.html',1,0,NULL,1,8,9,7,0,33,0),(41,'admin','admin',36,'2014-01-07 09:58:39','2014-01-08 22:10:12','2014-01-07 09:58:35',NULL,1,0,NULL,'',1,'inner.html',1,0,NULL,1,10,11,7,0,34,0),(42,'admin','bhj',36,'2014-01-07 09:58:42','2014-02-07 15:18:24','2014-01-07 09:58:38',NULL,1,0,'contact-us','',1,'contacts.html',1,0,NULL,1,12,13,7,0,35,0),(47,'admin','laura',NULL,'2014-01-09 20:41:16','2014-03-03 17:18:43','2014-01-09 21:08:05',NULL,0,0,'subscription','',1,'inner.html',1,0,NULL,0,1,4,2,1,48,0),(48,'admin','laura',NULL,'2014-01-09 21:08:17','2014-03-03 17:18:43','2014-01-09 21:08:05',NULL,0,0,'subscription','',1,'inner.html',1,0,NULL,0,1,4,6,0,47,0),(49,'admin','laura',47,'2014-01-09 21:52:28','2014-04-08 13:13:43','2014-04-08 13:13:38',NULL,0,0,NULL,'',1,'inner.html',1,0,NULL,1,2,3,2,1,203,0),(50,'admin','laura',3,'2014-01-10 11:54:15','2014-03-24 16:51:40','2014-01-10 11:55:30',NULL,1,0,NULL,'',1,'inner.html',1,0,NULL,2,3,4,1,1,51,0),(51,'admin','laura',16,'2014-01-10 11:55:35','2014-03-24 16:51:40','2014-01-10 11:55:30',NULL,1,0,NULL,'',1,'inner.html',1,0,NULL,2,3,4,5,0,50,0),(52,'admin','laura',3,'2014-01-10 12:25:20','2014-02-24 16:03:53','2014-01-10 12:27:34',NULL,1,0,NULL,'',1,'main.html',1,0,NULL,2,5,6,1,1,53,0),(53,'admin','laura',16,'2014-01-10 12:27:39','2014-02-24 16:03:53','2014-01-10 12:27:34',NULL,1,0,NULL,'',1,'main.html',1,0,NULL,2,5,6,5,0,52,0),(54,'admin','laura',3,'2014-01-10 12:28:24','2014-03-03 10:09:19','2014-01-10 12:29:55',NULL,1,0,NULL,'',1,'inner.html',1,0,NULL,2,9,10,1,1,55,0),(55,'admin','laura',16,'2014-01-10 12:30:00','2014-03-03 10:09:19','2014-01-10 12:29:55',NULL,1,0,NULL,'',1,'inner.html',1,0,NULL,2,9,10,5,0,54,0),(56,'admin','laura',5,'2014-01-10 12:32:45','2014-04-03 15:33:59','2014-01-10 12:32:57',NULL,1,0,NULL,'',1,'submenu.html',1,0,NULL,2,51,52,1,1,57,0),(57,'admin','laura',11,'2014-01-10 12:33:06','2014-04-03 15:33:59','2014-01-10 12:32:57',NULL,1,0,NULL,'',1,'submenu.html',1,0,NULL,2,65,66,5,0,56,0),(58,'admin','bhj',4,'2014-01-10 14:05:13','2014-02-06 12:29:57','2014-01-10 14:06:01',NULL,1,0,NULL,'',1,'submenu.html',1,0,NULL,2,19,20,1,1,62,0),(59,'admin','laura',4,'2014-01-10 14:05:28','2014-04-07 14:54:35','2014-01-10 14:06:02',NULL,1,0,NULL,'',1,'submenu.html',1,0,NULL,2,41,42,1,1,63,0),(60,'admin','laura',4,'2014-01-10 14:05:42','2014-04-07 15:11:57','2014-01-10 14:06:02',NULL,1,0,NULL,'',1,'submenu.html',1,0,NULL,2,43,44,1,1,64,0),(61,'admin','laura',4,'2014-01-10 14:06:00','2014-04-07 15:18:58','2014-01-10 14:06:03',NULL,1,0,NULL,'',1,'submenu.html',1,0,NULL,2,45,46,1,1,65,0),(62,'admin','bhj',10,'2014-01-10 14:06:06','2014-02-06 12:29:57','2014-01-10 14:06:01',NULL,1,0,NULL,'',1,'submenu.html',1,0,NULL,2,25,26,5,0,58,0),(63,'admin','laura',10,'2014-01-10 14:06:07','2014-04-07 14:54:35','2014-01-10 14:06:02',NULL,1,0,NULL,'',1,'submenu.html',1,0,NULL,2,51,52,5,0,59,0),(64,'admin','laura',10,'2014-01-10 14:06:07','2014-04-07 15:11:57','2014-01-10 14:06:02',NULL,1,0,NULL,'',1,'submenu.html',1,0,NULL,2,53,54,5,0,60,0),(65,'admin','laura',10,'2014-01-10 14:06:08','2014-04-07 15:18:58','2014-01-10 14:06:03',NULL,1,0,NULL,'',1,'submenu.html',1,0,NULL,2,55,56,5,0,61,0),(66,'admin','laura',19,'2014-01-10 15:07:11','2014-04-09 16:59:00','2014-01-10 15:07:27',NULL,0,0,NULL,'',1,'main.html',1,0,NULL,3,28,29,1,1,70,4),(67,'admin','laura',19,'2014-01-10 15:08:00','2014-04-09 16:59:01','2014-01-10 15:15:35',NULL,0,0,NULL,'',1,'main.html',1,0,NULL,3,36,37,1,1,71,4),(70,'admin','laura',22,'2014-01-10 15:15:38','2014-04-09 16:59:00','2014-01-10 15:07:27',NULL,0,0,NULL,'',0,'main.html',1,0,NULL,3,34,35,5,0,66,0),(71,'admin','laura',22,'2014-01-10 15:15:40','2014-04-09 16:59:01','2014-01-10 15:15:35',NULL,0,0,NULL,'',0,'main.html',1,0,NULL,3,42,43,5,0,67,0),(72,'admin','laura',5,'2014-01-13 20:21:56','2014-03-12 13:56:18','2014-01-13 20:22:08',NULL,1,0,NULL,'',1,'inner.html',1,0,NULL,2,53,54,1,1,73,0),(73,'admin','laura',11,'2014-01-13 20:29:00','2014-03-12 12:09:34','2014-01-13 20:22:08',NULL,1,0,NULL,'',1,'inner.html',1,0,NULL,2,67,68,5,0,72,0),(74,'admin','laura',23,'2014-01-13 23:40:39','2014-04-07 15:26:02','2014-01-13 23:47:15',NULL,0,0,NULL,'',1,'inner.html',1,0,NULL,3,80,81,1,1,81,0),(75,'admin','admin',23,'2014-01-13 23:40:54','2014-01-17 11:41:22','2014-01-16 18:48:30',NULL,0,0,NULL,'',1,'submenu.html',1,0,NULL,3,82,83,1,1,84,0),(76,'admin','admin',23,'2014-01-13 23:41:08','2014-01-17 11:41:23','2014-01-16 18:48:31',NULL,0,0,NULL,'',1,'submenu.html',1,0,NULL,3,84,85,1,1,85,0),(77,'admin','admin',23,'2014-01-13 23:41:22','2014-01-17 11:41:23','2014-01-16 18:48:33',NULL,0,0,NULL,'',1,'submenu.html',1,0,NULL,3,86,87,1,1,87,0),(78,'admin','laura',23,'2014-01-13 23:41:33','2014-04-08 13:16:42','2014-01-16 18:48:32',NULL,0,0,NULL,'',1,'submenu.html',1,0,NULL,3,88,89,1,1,86,0),(79,'admin','admin',23,'2014-01-13 23:41:50','2014-01-17 11:41:25','2014-01-16 18:48:34',NULL,0,0,NULL,'',1,'submenu.html',1,0,NULL,3,90,91,1,1,88,0),(80,'admin','admin',23,'2014-01-13 23:42:02','2014-01-17 11:41:25','2014-01-16 18:48:35',NULL,0,0,NULL,'',1,'submenu.html',1,0,NULL,3,92,93,1,1,89,0),(81,'admin','laura',26,'2014-01-13 23:47:20','2014-04-07 15:26:02','2014-01-13 23:47:15',NULL,0,0,NULL,'',1,'inner.html',1,0,NULL,3,80,81,5,0,74,0),(84,'admin','admin',26,'2014-01-16 18:48:34','2014-01-17 11:41:22','2014-01-16 18:48:30',NULL,0,0,NULL,'',1,'submenu.html',1,0,NULL,3,82,83,5,0,75,0),(85,'admin','admin',26,'2014-01-16 18:48:36','2014-01-17 11:41:23','2014-01-16 18:48:31',NULL,0,0,NULL,'',1,'submenu.html',1,0,NULL,3,84,85,5,0,76,0),(86,'admin','laura',26,'2014-01-16 18:48:36','2014-04-08 13:16:42','2014-01-16 18:48:32',NULL,0,0,NULL,'',1,'submenu.html',1,0,NULL,3,88,89,5,0,78,0),(87,'admin','admin',26,'2014-01-16 18:48:38','2014-01-17 11:41:23','2014-01-16 18:48:33',NULL,0,0,NULL,'',1,'submenu.html',1,0,NULL,3,86,87,5,0,77,0),(88,'admin','admin',26,'2014-01-16 18:48:39','2014-01-17 11:41:25','2014-01-16 18:48:34',NULL,0,0,NULL,'',1,'submenu.html',1,0,NULL,3,90,91,5,0,79,0),(89,'admin','admin',26,'2014-01-16 18:48:40','2014-01-17 11:41:25','2014-01-16 18:48:35',NULL,0,0,NULL,'',1,'submenu.html',1,0,NULL,3,92,93,5,0,80,0),(90,'admin','admin',9,'2014-01-17 11:53:57','2014-01-21 16:30:29','2014-01-17 11:54:45',NULL,0,0,NULL,'',1,'main.html',1,0,NULL,2,111,112,1,1,91,0),(91,'admin','admin',14,'2014-01-17 11:54:50','2014-01-21 16:30:29','2014-01-17 11:54:45',NULL,0,0,NULL,'',1,'main.html',1,0,NULL,2,121,122,5,0,90,0),(94,'admin','admin',9,'2014-01-17 12:20:45','2014-01-17 12:25:35','2014-01-17 12:25:30',NULL,0,0,NULL,'',1,'main.html',1,0,NULL,2,113,114,1,1,95,0),(95,'admin','admin',14,'2014-01-17 12:25:35','2014-01-17 12:25:35','2014-01-17 12:25:30',NULL,0,0,NULL,'',1,'main.html',1,0,NULL,2,123,124,5,0,94,0),(96,'admin','admin',9,'2014-01-17 12:35:12','2014-01-17 12:35:31','2014-01-17 12:35:26',NULL,0,0,NULL,'',1,'main.html',1,0,NULL,2,115,116,1,1,97,0),(97,'admin','admin',14,'2014-01-17 12:35:31','2014-01-17 12:35:31','2014-01-17 12:35:26',NULL,0,0,NULL,'',1,'main.html',1,0,NULL,2,125,126,5,0,96,0),(98,'admin','admin',9,'2014-01-17 12:40:37','2014-01-17 12:41:10','2014-01-17 12:40:45',NULL,0,0,NULL,'',1,'main.html',1,0,NULL,2,117,118,1,1,99,0),(99,'admin','admin',14,'2014-01-17 12:40:50','2014-01-17 12:41:10','2014-01-17 12:40:45',NULL,0,0,NULL,'',1,'main.html',1,0,NULL,2,127,128,5,0,98,0),(100,'admin','admin',9,'2014-01-17 13:02:11','2014-01-21 16:33:16','2014-01-17 13:02:11',NULL,0,0,NULL,'',1,'main.html',1,0,NULL,2,119,120,1,1,101,0),(101,'admin','admin',14,'2014-01-17 13:02:16','2014-01-21 16:33:16','2014-01-17 13:02:11',NULL,0,0,NULL,'',1,'main.html',1,0,NULL,2,129,130,5,0,100,0),(105,'admin','laura',9,'2014-01-20 12:42:14','2014-04-09 13:49:32','2014-01-20 12:42:29',NULL,0,0,NULL,'',1,'main.html',1,0,NULL,2,121,122,1,1,106,0),(106,'admin','laura',14,'2014-01-20 12:42:34','2014-04-09 13:49:32','2014-01-20 12:42:29',NULL,0,0,NULL,'',1,'main.html',1,0,NULL,2,131,132,5,0,105,0),(109,'admin','admin',4,'2014-01-21 14:10:03','2014-03-09 18:41:55','2014-01-07 09:23:54',NULL,1,0,NULL,'',1,'submenu.html',1,0,NULL,2,47,48,1,1,110,0),(110,'admin','admin',10,'2014-01-21 14:10:31','2014-03-09 18:41:55','2014-01-07 09:23:54',NULL,1,0,NULL,'',1,'submenu.html',1,0,NULL,2,57,58,5,0,109,0),(130,'admin','laura',8,'2014-01-29 18:25:47','2014-02-07 09:58:41','2014-01-29 18:26:35',NULL,0,0,NULL,'',1,'main.html',1,0,NULL,2,105,106,1,1,135,0),(131,'admin','mindo',8,'2014-01-29 18:26:01','2014-03-26 06:35:07','2014-01-29 18:26:34',NULL,1,0,NULL,'',1,'inner.html',1,0,NULL,2,103,104,1,1,134,0),(132,'admin','bhj',8,'2014-01-29 18:26:12','2014-02-06 13:07:26','2014-01-29 18:26:34',NULL,1,0,NULL,'',1,'main.html',1,0,NULL,2,107,108,1,1,133,0),(133,'admin','bhj',13,'2014-01-29 18:26:39','2014-02-06 13:07:26','2014-01-29 18:26:34',NULL,1,0,NULL,'',1,'main.html',1,0,NULL,2,111,112,5,0,132,0),(134,'admin','mindo',13,'2014-01-29 18:26:39','2014-03-26 06:35:06','2014-01-29 18:26:34',NULL,1,0,NULL,'',1,'inner.html',1,0,NULL,2,107,108,5,0,131,0),(135,'admin','laura',13,'2014-01-29 18:26:40','2014-02-07 09:58:41','2014-01-29 18:26:35',NULL,0,0,NULL,'',1,'main.html',1,0,NULL,2,109,110,5,0,130,0),(136,'admin','laura',6,'2014-01-29 18:29:10','2014-04-07 15:20:49','2014-01-07 09:11:55',NULL,0,0,NULL,'',1,'INHERIT',1,0,NULL,2,57,78,1,1,147,0),(137,'admin','laura',136,'2014-01-29 18:29:10','2014-04-07 15:21:07','2014-01-07 09:25:22',NULL,0,0,NULL,'',1,'submenu.html',1,0,NULL,3,58,59,1,1,148,0),(138,'admin','laura',136,'2014-01-29 18:29:11','2014-04-07 15:21:08','2014-01-07 09:25:19',NULL,0,0,NULL,'',1,'submenu.html',1,0,NULL,3,60,61,1,1,202,0),(139,'admin','laura',136,'2014-01-29 18:29:11','2014-04-07 15:24:10','2014-01-07 09:25:16',NULL,0,0,NULL,'',1,'main.html',1,0,NULL,3,62,77,1,1,149,0),(140,'admin','admin',139,'2014-01-29 18:29:11','2014-01-29 18:29:11','2014-01-16 18:48:35',NULL,0,0,NULL,'',0,'submenu.html',1,0,NULL,4,63,64,1,1,NULL,1),(141,'admin','admin',139,'2014-01-29 18:29:11','2014-01-29 18:29:11','2014-01-16 18:48:34',NULL,0,0,NULL,'',0,'submenu.html',1,0,NULL,4,65,66,1,1,NULL,1),(142,'admin','admin',139,'2014-01-29 18:29:11','2014-01-29 18:29:11','2014-01-16 18:48:32',NULL,0,0,NULL,'',0,'submenu.html',1,0,NULL,4,67,68,1,1,NULL,1),(143,'admin','admin',139,'2014-01-29 18:29:11','2014-01-29 18:29:11','2014-01-16 18:48:33',NULL,0,0,NULL,'',0,'submenu.html',1,0,NULL,4,69,70,1,1,NULL,1),(144,'admin','admin',139,'2014-01-29 18:29:11','2014-01-29 18:29:11','2014-01-16 18:48:31',NULL,0,0,NULL,'',0,'submenu.html',1,0,NULL,4,71,72,1,1,NULL,1),(145,'admin','admin',139,'2014-01-29 18:29:11','2014-01-29 18:29:11','2014-01-16 18:48:30',NULL,0,0,NULL,'',0,'submenu.html',1,0,NULL,4,73,74,1,1,NULL,1),(146,'admin','admin',139,'2014-01-29 18:29:11','2014-01-29 18:29:11','2014-01-13 23:47:15',NULL,0,0,NULL,'',0,'inner.html',1,0,NULL,4,75,76,1,1,NULL,1),(147,'admin','laura',15,'2014-01-29 18:29:22','2014-04-07 15:20:49','2014-01-07 09:11:55',NULL,0,0,NULL,'',1,'INHERIT',1,0,NULL,2,71,78,5,0,136,0),(148,'admin','laura',147,'2014-01-29 18:30:28','2014-04-07 15:21:07','2014-01-07 09:25:22',NULL,0,0,NULL,'',1,'submenu.html',1,0,NULL,3,72,73,5,0,137,0),(149,'admin','laura',147,'2014-01-29 18:30:33','2014-04-07 15:24:10','2014-01-07 09:25:16',NULL,0,0,NULL,'',1,'main.html',1,0,NULL,3,76,77,5,0,139,0),(175,'admin','laura',1,'2014-02-04 08:30:42','2014-03-03 17:18:42','2014-02-04 08:30:45',NULL,1,0,NULL,'',1,'inner.html',1,0,NULL,1,134,135,1,1,176,0),(176,'admin','laura',2,'2014-02-04 08:30:50','2014-03-03 17:18:42','2014-02-04 08:30:45',NULL,1,0,NULL,'',1,'inner.html',1,0,NULL,1,150,151,5,0,175,0),(178,'laura','laura',3,'2014-02-06 18:48:00','2014-04-08 15:30:06','2014-01-10 12:29:55',NULL,1,0,'Reviews','',1,'inner.html',1,0,NULL,2,11,12,1,1,179,0),(179,'laura','laura',16,'2014-02-06 18:49:13','2014-04-08 15:30:06','2014-01-10 12:29:55',NULL,1,0,'Reviews','',1,'inner.html',1,0,NULL,2,11,12,5,0,178,0),(180,'laura','laura',3,'2014-02-21 15:51:09','2014-02-21 16:06:46','2014-01-10 11:55:30',NULL,1,0,NULL,'',1,'inner.html',1,0,NULL,2,7,8,1,1,181,0),(181,'laura','laura',16,'2014-02-21 15:57:55','2014-02-21 16:06:46','2014-01-10 11:55:30',NULL,1,0,NULL,'',1,'inner.html',1,0,NULL,2,7,8,5,0,180,0),(182,'mindo','mindo',9,'2014-03-17 07:00:49','2014-03-17 07:01:45','2014-01-20 12:42:29',NULL,0,0,NULL,'',1,'main.html',1,0,NULL,2,123,124,1,1,183,0),(183,'mindo','mindo',14,'2014-03-17 07:01:45','2014-03-17 07:01:45','2014-01-20 12:42:29',NULL,0,0,NULL,'',1,'main.html',1,0,NULL,2,133,134,5,0,182,0),(185,'bhj','bhj',9,'2014-03-17 07:07:01','2014-03-17 07:10:21','2014-01-20 12:42:29',NULL,0,0,NULL,'',1,'main.html',1,0,NULL,2,125,126,1,1,186,0),(186,'bhj','bhj',14,'2014-03-17 07:10:21','2014-03-17 07:10:21','2014-01-20 12:42:29',NULL,0,0,NULL,'',1,'main.html',1,0,NULL,2,135,136,5,0,185,0),(187,'laura','laura',9,'2014-03-17 15:28:22','2014-03-17 16:04:12','2014-01-20 12:42:29',NULL,0,0,NULL,'',1,'main.html',1,0,NULL,2,127,128,1,1,188,0),(188,'laura','laura',14,'2014-03-17 15:59:51','2014-03-17 16:04:12','2014-01-20 12:42:29',NULL,0,0,NULL,'',1,'main.html',1,0,NULL,2,137,138,5,0,187,0),(189,'laura','laura',9,'2014-03-19 16:55:53','2014-04-09 13:49:36','2014-01-17 11:54:45',NULL,0,0,NULL,'',1,'main.html',1,0,NULL,2,129,130,1,1,190,0),(190,'laura','laura',14,'2014-03-19 17:00:55','2014-04-09 13:49:36','2014-01-17 11:54:45',NULL,0,0,NULL,'',1,'main.html',1,0,NULL,2,139,140,5,0,189,0),(198,'laura','laura',7,'2014-04-03 15:03:51','2014-04-03 15:07:45','2014-01-07 09:13:17',NULL,1,0,NULL,'',0,'main.html',1,0,NULL,2,99,100,1,1,199,1),(199,'laura','laura',12,'2014-04-03 15:05:07','2014-04-03 15:06:21','2014-01-07 09:13:17',NULL,1,0,NULL,'',0,'inner.html',1,0,NULL,2,101,102,5,0,198,0),(202,'laura','laura',147,'2014-04-07 15:21:08','2014-04-07 15:21:08','2014-01-07 09:25:19',NULL,0,0,NULL,'',1,'submenu.html',1,0,NULL,3,74,75,5,0,138,0),(203,'laura','laura',48,'2014-04-08 13:13:43','2014-04-08 13:13:43','2014-04-08 13:13:38',NULL,0,0,NULL,'',1,'inner.html',1,0,NULL,1,2,3,6,0,49,0),(204,'laura','laura',9,'2014-04-09 13:45:59','2014-04-09 13:49:37','2014-01-17 11:54:45',NULL,0,0,NULL,'',1,'main.html',1,0,NULL,2,131,132,1,1,205,0),(205,'laura','laura',14,'2014-04-09 13:49:37','2014-04-09 13:49:37','2014-01-17 11:54:45',NULL,0,0,NULL,'',1,'main.html',1,0,NULL,2,141,142,5,0,204,0),(210,'laura','laura',19,'2014-04-09 14:07:20','2014-04-09 16:59:00','2014-01-10 15:07:27',NULL,0,0,NULL,'',1,'main.html',1,0,NULL,3,22,23,1,1,211,4),(211,'laura','laura',22,'2014-04-09 14:10:15','2014-04-09 16:59:00','2014-01-10 15:07:27',NULL,0,0,NULL,'',0,'main.html',1,0,NULL,3,28,29,5,0,210,0),(212,'laura','laura',19,'2014-04-09 14:14:52','2014-04-09 16:59:01','2014-01-10 15:07:27',NULL,0,0,NULL,'',1,'main.html',1,0,NULL,3,32,33,1,1,223,4),(213,'laura','laura',19,'2014-04-09 14:15:33','2014-04-09 16:59:01','2014-01-10 15:07:27',NULL,0,0,NULL,'',1,'main.html',1,0,NULL,3,34,35,1,1,222,4),(214,'laura','laura',19,'2014-04-09 14:16:04','2014-04-09 16:59:01','2014-01-10 15:07:27',NULL,0,0,NULL,'',1,'main.html',1,0,NULL,3,30,31,1,1,221,4),(215,'laura','laura',19,'2014-04-09 14:16:32','2014-04-09 16:59:00','2014-01-10 15:07:27',NULL,0,0,NULL,'',1,'main.html',1,0,NULL,3,24,25,1,1,220,4),(216,'laura','laura',19,'2014-04-09 14:16:58','2014-04-09 16:59:00','2014-01-10 15:07:27',NULL,0,0,NULL,'',1,'main.html',1,0,NULL,3,26,27,1,1,219,4),(217,'laura','laura',19,'2014-04-09 14:18:00','2014-04-09 16:59:01','2014-01-10 15:07:27',NULL,0,0,NULL,'',1,'main.html',1,0,NULL,3,38,39,1,1,218,4),(218,'laura','laura',22,'2014-04-09 14:18:29','2014-04-09 16:59:01','2014-01-10 15:07:27',NULL,0,0,NULL,'',0,'main.html',1,0,NULL,3,46,47,5,0,217,0),(219,'laura','laura',22,'2014-04-09 14:18:29','2014-04-09 16:59:00','2014-01-10 15:07:27',NULL,0,0,NULL,'',0,'main.html',1,0,NULL,3,32,33,5,0,216,0),(220,'laura','laura',22,'2014-04-09 14:18:30','2014-04-09 16:59:00','2014-01-10 15:07:27',NULL,0,0,NULL,'',0,'main.html',1,0,NULL,3,30,31,5,0,215,0),(221,'laura','laura',22,'2014-04-09 14:18:30','2014-04-09 16:59:00','2014-01-10 15:07:27',NULL,0,0,NULL,'',0,'main.html',1,0,NULL,3,36,37,5,0,214,0),(222,'laura','laura',22,'2014-04-09 14:18:31','2014-04-09 16:59:01','2014-01-10 15:07:27',NULL,0,0,NULL,'',0,'main.html',1,0,NULL,3,40,41,5,0,213,0),(223,'laura','laura',22,'2014-04-09 14:18:31','2014-04-09 16:59:01','2014-01-10 15:07:27',NULL,0,0,NULL,'',0,'main.html',1,0,NULL,3,38,39,5,0,212,0);
/*!40000 ALTER TABLE `cms_page` ENABLE KEYS */;
UNLOCK TABLES;

--
-- Table structure for table `cms_page_placeholders`
--

DROP TABLE IF EXISTS `cms_page_placeholders`;
/*!40101 SET @saved_cs_client     = @@character_set_client */;
/*!40101 SET character_set_client = utf8 */;
CREATE TABLE `cms_page_placeholders` (
  `id` int(11) NOT NULL AUTO_INCREMENT,
  `page_id` int(11) NOT NULL,
  `placeholder_id` int(11) NOT NULL,
  PRIMARY KEY (`id`),
  UNIQUE KEY `page_id` (`page_id`,`placeholder_id`),
  KEY `cms_page_placeholders_32d04bc7` (`page_id`),
  KEY `cms_page_placeholders_3e35d7b0` (`placeholder_id`),
  CONSTRAINT `page_id_refs_id_4dd4551b` FOREIGN KEY (`page_id`) REFERENCES `cms_page` (`id`),
  CONSTRAINT `placeholder_id_refs_id_4f20b6a0` FOREIGN KEY (`placeholder_id`) REFERENCES `cms_placeholder` (`id`)
) ENGINE=InnoDB AUTO_INCREMENT=1197 DEFAULT CHARSET=utf8;
/*!40101 SET character_set_client = @saved_cs_client */;

--
-- Dumping data for table `cms_page_placeholders`
--

LOCK TABLES `cms_page_placeholders` WRITE;
/*!40000 ALTER TABLE `cms_page_placeholders` DISABLE KEYS */;
INSERT INTO `cms_page_placeholders` VALUES (319,1,1),(321,1,2),(322,1,97),(320,1,99),(323,1,101),(493,2,3),(494,2,4),(491,2,98),(492,2,100),(490,2,102),(326,3,5),(324,3,6),(327,3,105),(325,3,109),(344,4,7),(342,4,8),(345,4,85),(343,4,172),(391,5,9),(389,5,10),(390,5,274),(393,5,282),(392,5,283),(394,5,286),(401,6,11),(403,6,12),(402,6,288),(404,6,289),(760,6,477),(761,6,478),(439,7,13),(440,7,14),(438,7,300),(442,8,15),(443,8,16),(441,8,302),(841,8,558),(444,9,17),(445,9,18),(446,9,164),(447,9,165),(448,9,166),(449,9,170),(1060,9,822),(509,10,19),(512,10,20),(511,10,89),(510,10,209),(556,11,21),(557,11,22),(558,11,278),(560,11,284),(559,11,285),(561,11,287),(589,12,23),(587,12,24),(588,12,301),(590,13,25),(591,13,26),(592,13,327),(917,13,634),(593,14,27),(594,14,28),(597,14,167),(595,14,168),(596,14,169),(598,14,171),(569,15,29),(568,15,30),(570,15,290),(571,15,291),(762,15,479),(763,15,480),(496,16,31),(495,16,32),(497,16,106),(498,16,110),(346,17,33),(350,17,34),(347,17,86),(348,17,93),(349,17,95),(730,17,446),(731,17,447),(351,18,35),(352,18,36),(354,18,87),(353,18,210),(363,19,37),(362,19,38),(361,19,88),(360,19,103),(364,19,104),(514,20,39),(516,20,40),(513,20,90),(515,20,94),(517,20,96),(756,20,473),(757,20,474),(519,21,41),(520,21,42),(518,21,91),(521,21,211),(531,22,43),(530,22,44),(529,22,92),(527,22,107),(528,22,108),(406,23,45),(405,23,46),(408,23,179),(407,23,292),(748,23,465),(749,23,466),(437,25,49),(436,25,50),(435,25,180),(434,25,296),(573,26,51),(575,26,52),(572,26,181),(574,26,293),(1123,26,890),(1124,26,891),(583,28,55),(585,28,56),(584,28,182),(586,28,297),(462,29,57),(463,29,58),(460,29,120),(461,29,121),(465,30,59),(464,30,60),(466,30,124),(467,30,125),(468,30,126),(469,31,61),(470,31,62),(472,31,136),(471,31,137),(473,32,63),(474,32,64),(475,32,140),(476,32,141),(750,32,467),(751,32,468),(752,32,469),(478,33,65),(479,33,66),(477,33,142),(480,33,143),(484,34,67),(481,34,68),(482,34,144),(483,34,145),(489,35,69),(487,35,70),(486,35,114),(485,35,115),(488,35,118),(610,36,71),(609,36,72),(607,36,122),(608,36,123),(614,37,73),(613,37,74),(615,37,127),(611,37,128),(612,37,129),(617,38,75),(616,38,76),(618,38,138),(619,38,139),(620,39,77),(622,39,78),(621,39,146),(623,39,147),(753,39,470),(754,39,471),(755,39,472),(625,40,79),(624,40,80),(626,40,148),(627,40,149),(631,41,81),(628,41,82),(629,41,150),(630,41,151),(632,42,83),(636,42,84),(634,42,116),(633,42,117),(635,42,119),(457,47,173),(456,47,174),(606,48,175),(605,48,176),(458,49,177),(459,49,178),(328,50,183),(330,50,184),(331,50,185),(329,50,189),(500,51,186),(501,51,187),(499,51,188),(502,51,190),(333,52,191),(335,52,192),(334,52,193),(332,52,194),(503,53,195),(505,53,196),(504,53,197),(506,53,198),(337,54,199),(336,54,200),(507,55,201),(508,55,202),(395,56,203),(397,56,204),(396,56,205),(746,56,463),(747,56,464),(564,57,206),(563,57,207),(562,57,208),(758,57,475),(759,57,476),(355,58,216),(356,58,217),(359,58,218),(357,58,258),(358,58,259),(376,59,219),(378,59,220),(377,59,221),(375,59,262),(374,59,263),(382,60,222),(379,60,223),(380,60,224),(383,60,266),(381,60,267),(386,61,225),(385,61,226),(384,61,227),(387,61,270),(388,61,271),(526,62,228),(525,62,229),(524,62,230),(523,62,260),(522,62,261),(543,63,231),(541,63,232),(542,63,233),(545,63,264),(544,63,265),(546,64,234),(547,64,235),(548,64,236),(549,64,268),(550,64,269),(552,65,237),(553,65,238),(554,65,239),(551,65,272),(555,65,273),(366,66,240),(365,66,241),(367,66,242),(370,67,243),(369,67,244),(368,67,245),(532,70,252),(533,70,253),(534,70,254),(537,71,255),(535,71,256),(536,71,257),(398,72,275),(399,72,276),(400,72,277),(710,72,426),(711,72,427),(566,73,279),(567,73,280),(565,73,281),(718,73,434),(719,73,435),(409,74,303),(410,74,304),(411,74,305),(413,75,306),(414,75,307),(412,75,308),(415,76,309),(417,76,310),(416,76,311),(419,77,312),(418,77,313),(420,77,314),(423,78,315),(422,78,316),(421,78,317),(1125,78,892),(1126,78,893),(425,79,318),(424,79,319),(426,79,320),(429,80,321),(427,80,322),(428,80,323),(577,81,324),(578,81,325),(576,81,326),(641,84,357),(642,84,358),(643,84,359),(644,85,360),(645,85,361),(646,85,362),(647,86,363),(648,86,364),(649,86,365),(1127,86,894),(1128,86,895),(650,87,366),(651,87,367),(652,87,368),(653,88,369),(654,88,370),(655,88,371),(656,89,372),(657,89,373),(658,89,374),(659,90,375),(660,90,376),(661,90,377),(662,91,378),(663,91,379),(664,91,380),(671,94,387),(672,94,388),(673,94,389),(674,95,390),(675,95,391),(676,95,392),(677,96,393),(678,96,394),(679,96,395),(680,97,396),(681,97,397),(682,97,398),(683,98,399),(684,98,400),(685,98,401),(686,99,402),(687,99,403),(688,99,404),(689,100,405),(690,100,406),(691,100,407),(692,101,408),(693,101,409),(694,101,410),(712,105,428),(713,105,429),(714,105,430),(715,106,431),(716,106,432),(717,106,433),(732,109,448),(733,109,449),(734,109,450),(735,109,451),(736,109,452),(737,109,453),(738,109,454),(739,110,455),(740,110,456),(741,110,457),(742,110,458),(743,110,459),(744,110,460),(745,110,461),(842,130,559),(843,130,560),(844,130,561),(845,131,562),(846,131,563),(847,131,564),(918,131,635),(919,131,636),(848,132,565),(849,132,566),(850,132,567),(1038,132,755),(1043,132,761),(851,133,568),(852,133,569),(853,133,570),(1044,133,762),(1045,133,763),(854,134,571),(855,134,572),(856,134,573),(920,134,637),(921,134,638),(857,135,574),(858,135,575),(859,135,576),(860,136,577),(861,136,578),(862,136,579),(863,136,580),(864,136,581),(865,136,582),(866,137,583),(867,137,584),(868,137,585),(869,137,586),(870,138,587),(871,138,588),(872,138,589),(873,138,590),(874,139,591),(875,139,592),(876,139,593),(877,139,594),(878,139,595),(879,139,596),(880,140,597),(881,140,598),(882,140,599),(883,141,600),(884,141,601),(885,141,602),(886,142,603),(887,142,604),(888,142,605),(889,143,606),(890,143,607),(891,143,608),(892,144,609),(893,144,610),(894,144,611),(895,145,612),(896,145,613),(897,145,614),(898,146,615),(899,146,616),(900,146,617),(901,147,618),(902,147,619),(903,147,620),(904,147,621),(905,147,622),(906,147,623),(907,148,624),(908,148,625),(909,148,626),(910,148,627),(911,149,628),(912,149,629),(913,149,630),(914,149,631),(915,149,632),(916,149,633),(1039,175,756),(1040,175,757),(1041,176,758),(1042,176,759),(1048,178,794),(1049,178,795),(1050,179,796),(1051,179,797),(1052,180,807),(1053,180,808),(1054,180,809),(1055,180,810),(1056,181,811),(1057,181,812),(1058,181,813),(1059,181,814),(1061,182,823),(1062,182,824),(1063,182,825),(1064,183,826),(1065,183,827),(1066,183,828),(1070,185,832),(1071,185,833),(1072,185,834),(1073,186,835),(1074,186,836),(1075,186,837),(1076,187,838),(1077,187,839),(1078,187,840),(1079,188,841),(1080,188,842),(1081,188,843),(1082,189,844),(1083,189,845),(1084,189,846),(1085,190,847),(1086,190,848),(1087,190,849),(1109,198,875),(1110,198,876),(1111,198,877),(1115,198,881),(1116,198,882),(1112,199,878),(1113,199,879),(1114,199,880),(1129,202,896),(1130,202,897),(1131,202,898),(1132,202,899),(1133,203,900),(1134,203,901),(1135,204,904),(1136,204,905),(1137,204,906),(1138,205,907),(1139,205,908),(1140,205,909),(1155,210,925),(1156,210,926),(1157,210,927),(1158,211,928),(1159,211,929),(1160,211,930),(1161,212,931),(1162,212,932),(1163,212,933),(1164,213,934),(1165,213,935),(1166,213,936),(1167,214,937),(1168,214,938),(1169,214,939),(1170,215,940),(1171,215,941),(1172,215,942),(1173,216,943),(1174,216,944),(1175,216,945),(1176,217,946),(1177,217,947),(1178,217,948),(1179,218,949),(1180,218,950),(1181,218,951),(1182,219,952),(1183,219,953),(1184,219,954),(1185,220,955),(1186,220,956),(1187,220,957),(1188,221,958),(1189,221,959),(1190,221,960),(1191,222,961),(1192,222,962),(1193,222,963),(1194,223,964),(1195,223,965),(1196,223,966);
/*!40000 ALTER TABLE `cms_page_placeholders` ENABLE KEYS */;
UNLOCK TABLES;

--
-- Table structure for table `cms_pagemoderatorstate`
--

DROP TABLE IF EXISTS `cms_pagemoderatorstate`;
/*!40101 SET @saved_cs_client     = @@character_set_client */;
/*!40101 SET character_set_client = utf8 */;
CREATE TABLE `cms_pagemoderatorstate` (
  `id` int(11) NOT NULL AUTO_INCREMENT,
  `page_id` int(11) NOT NULL,
  `user_id` int(11) DEFAULT NULL,
  `created` datetime NOT NULL,
  `action` varchar(3) DEFAULT NULL,
  `message` longtext NOT NULL,
  PRIMARY KEY (`id`),
  KEY `cms_pagemoderatorstate_32d04bc7` (`page_id`),
  KEY `cms_pagemoderatorstate_403f60f` (`user_id`),
  CONSTRAINT `page_id_refs_id_b236163` FOREIGN KEY (`page_id`) REFERENCES `cms_page` (`id`),
  CONSTRAINT `user_id_refs_id_2808fb19` FOREIGN KEY (`user_id`) REFERENCES `auth_user` (`id`)
) ENGINE=InnoDB AUTO_INCREMENT=1257 DEFAULT CHARSET=utf8;
/*!40101 SET character_set_client = @saved_cs_client */;

--
-- Dumping data for table `cms_pagemoderatorstate`
--

LOCK TABLES `cms_pagemoderatorstate` WRITE;
/*!40000 ALTER TABLE `cms_pagemoderatorstate` DISABLE KEYS */;
INSERT INTO `cms_pagemoderatorstate` VALUES (18,30,NULL,'2014-01-09 14:29:37','ADD',''),(19,31,NULL,'2014-01-09 14:29:37','ADD',''),(21,33,NULL,'2014-01-09 14:29:37','ADD',''),(22,34,NULL,'2014-01-09 14:29:37','ADD',''),(87,30,NULL,'2014-01-14 12:09:39','ADD',''),(88,31,NULL,'2014-01-14 12:09:39','ADD',''),(90,33,NULL,'2014-01-14 12:09:39','ADD',''),(91,34,NULL,'2014-01-14 12:09:39','ADD',''),(631,140,1,'2014-01-29 18:29:11','ADD','Page was copied.'),(632,141,1,'2014-01-29 18:29:11','ADD','Page was copied.'),(633,142,1,'2014-01-29 18:29:11','ADD','Page was copied.'),(634,143,1,'2014-01-29 18:29:11','ADD','Page was copied.'),(635,144,1,'2014-01-29 18:29:11','ADD','Page was copied.'),(636,145,1,'2014-01-29 18:29:11','ADD','Page was copied.'),(637,146,1,'2014-01-29 18:29:11','ADD','Page was copied.'),(1142,198,3,'2014-04-03 15:06:58','CHA',''),(1143,198,3,'2014-04-03 15:07:21','CHA','');
/*!40000 ALTER TABLE `cms_pagemoderatorstate` ENABLE KEYS */;
UNLOCK TABLES;

--
-- Table structure for table `cms_pagepermission`
--

DROP TABLE IF EXISTS `cms_pagepermission`;
/*!40101 SET @saved_cs_client     = @@character_set_client */;
/*!40101 SET character_set_client = utf8 */;
CREATE TABLE `cms_pagepermission` (
  `id` int(11) NOT NULL AUTO_INCREMENT,
  `user_id` int(11) DEFAULT NULL,
  `group_id` int(11) DEFAULT NULL,
  `can_change` tinyint(1) NOT NULL,
  `can_add` tinyint(1) NOT NULL,
  `can_delete` tinyint(1) NOT NULL,
  `can_change_advanced_settings` tinyint(1) NOT NULL,
  `can_publish` tinyint(1) NOT NULL,
  `can_change_permissions` tinyint(1) NOT NULL,
  `can_move_page` tinyint(1) NOT NULL,
  `can_view` tinyint(1) NOT NULL,
  `grant_on` int(11) NOT NULL,
  `page_id` int(11) DEFAULT NULL,
  PRIMARY KEY (`id`),
  KEY `cms_pagepermission_403f60f` (`user_id`),
  KEY `cms_pagepermission_425ae3c4` (`group_id`),
  KEY `cms_pagepermission_32d04bc7` (`page_id`),
  CONSTRAINT `group_id_refs_id_2c9c6fcd` FOREIGN KEY (`group_id`) REFERENCES `auth_group` (`id`),
  CONSTRAINT `page_id_refs_id_2ce5c936` FOREIGN KEY (`page_id`) REFERENCES `cms_page` (`id`),
  CONSTRAINT `user_id_refs_id_4f0ab76c` FOREIGN KEY (`user_id`) REFERENCES `auth_user` (`id`)
) ENGINE=InnoDB DEFAULT CHARSET=utf8;
/*!40101 SET character_set_client = @saved_cs_client */;

--
-- Dumping data for table `cms_pagepermission`
--

LOCK TABLES `cms_pagepermission` WRITE;
/*!40000 ALTER TABLE `cms_pagepermission` DISABLE KEYS */;
/*!40000 ALTER TABLE `cms_pagepermission` ENABLE KEYS */;
UNLOCK TABLES;

--
-- Table structure for table `cms_pageuser`
--

DROP TABLE IF EXISTS `cms_pageuser`;
/*!40101 SET @saved_cs_client     = @@character_set_client */;
/*!40101 SET character_set_client = utf8 */;
CREATE TABLE `cms_pageuser` (
  `user_ptr_id` int(11) NOT NULL,
  `created_by_id` int(11) NOT NULL,
  PRIMARY KEY (`user_ptr_id`),
  KEY `cms_pageuser_4a21cf42` (`created_by_id`),
  CONSTRAINT `created_by_id_refs_id_16b8b1ea` FOREIGN KEY (`created_by_id`) REFERENCES `auth_user` (`id`),
  CONSTRAINT `user_ptr_id_refs_id_16b8b1ea` FOREIGN KEY (`user_ptr_id`) REFERENCES `auth_user` (`id`)
) ENGINE=InnoDB DEFAULT CHARSET=utf8;
/*!40101 SET character_set_client = @saved_cs_client */;

--
-- Dumping data for table `cms_pageuser`
--

LOCK TABLES `cms_pageuser` WRITE;
/*!40000 ALTER TABLE `cms_pageuser` DISABLE KEYS */;
INSERT INTO `cms_pageuser` VALUES (2,1),(3,1),(16,3),(19,3),(20,3),(61,3),(73,3),(67,5),(74,5);
/*!40000 ALTER TABLE `cms_pageuser` ENABLE KEYS */;
UNLOCK TABLES;

--
-- Table structure for table `cms_pageusergroup`
--

DROP TABLE IF EXISTS `cms_pageusergroup`;
/*!40101 SET @saved_cs_client     = @@character_set_client */;
/*!40101 SET character_set_client = utf8 */;
CREATE TABLE `cms_pageusergroup` (
  `group_ptr_id` int(11) NOT NULL,
  `created_by_id` int(11) NOT NULL,
  PRIMARY KEY (`group_ptr_id`),
  KEY `cms_pageusergroup_4a21cf42` (`created_by_id`),
  CONSTRAINT `created_by_id_refs_id_3dc63396` FOREIGN KEY (`created_by_id`) REFERENCES `auth_user` (`id`),
  CONSTRAINT `group_ptr_id_refs_id_661a1ca9` FOREIGN KEY (`group_ptr_id`) REFERENCES `auth_group` (`id`)
) ENGINE=InnoDB DEFAULT CHARSET=utf8;
/*!40101 SET character_set_client = @saved_cs_client */;

--
-- Dumping data for table `cms_pageusergroup`
--

LOCK TABLES `cms_pageusergroup` WRITE;
/*!40000 ALTER TABLE `cms_pageusergroup` DISABLE KEYS */;
/*!40000 ALTER TABLE `cms_pageusergroup` ENABLE KEYS */;
UNLOCK TABLES;

--
-- Table structure for table `cms_placeholder`
--

DROP TABLE IF EXISTS `cms_placeholder`;
/*!40101 SET @saved_cs_client     = @@character_set_client */;
/*!40101 SET character_set_client = utf8 */;
CREATE TABLE `cms_placeholder` (
  `id` int(11) NOT NULL AUTO_INCREMENT,
  `slot` varchar(50) NOT NULL,
  `default_width` smallint(5) unsigned DEFAULT NULL,
  PRIMARY KEY (`id`),
  KEY `cms_placeholder_400badfd` (`slot`)
) ENGINE=InnoDB AUTO_INCREMENT=967 DEFAULT CHARSET=utf8;
/*!40101 SET character_set_client = @saved_cs_client */;

--
-- Dumping data for table `cms_placeholder`
--

LOCK TABLES `cms_placeholder` WRITE;
/*!40000 ALTER TABLE `cms_placeholder` DISABLE KEYS */;
INSERT INTO `cms_placeholder` VALUES (1,'main_content',NULL),(2,'top_image',NULL),(3,'main_content',NULL),(4,'top_image',NULL),(5,'main_content',NULL),(6,'top_image',NULL),(7,'main_content',NULL),(8,'top_image',NULL),(9,'main_content',NULL),(10,'top_image',NULL),(11,'main_content',NULL),(12,'top_image',NULL),(13,'main_content',NULL),(14,'top_image',NULL),(15,'main_content',NULL),(16,'top_image',NULL),(17,'main_content',NULL),(18,'top_image',NULL),(19,'main_content',NULL),(20,'top_image',NULL),(21,'main_content',NULL),(22,'top_image',NULL),(23,'main_content',NULL),(24,'top_image',NULL),(25,'main_content',NULL),(26,'top_image',NULL),(27,'main_content',NULL),(28,'top_image',NULL),(29,'main_content',NULL),(30,'top_image',NULL),(31,'main_content',NULL),(32,'top_image',NULL),(33,'main_content',NULL),(34,'top_image',NULL),(35,'main_content',NULL),(36,'top_image',NULL),(37,'main_content',NULL),(38,'top_image',NULL),(39,'main_content',NULL),(40,'top_image',NULL),(41,'main_content',NULL),(42,'top_image',NULL),(43,'main_content',NULL),(44,'top_image',NULL),(45,'main_content',NULL),(46,'top_image',NULL),(49,'main_content',NULL),(50,'top_image',NULL),(51,'main_content',NULL),(52,'top_image',NULL),(53,'main_content',NULL),(54,'top_image',NULL),(55,'main_content',NULL),(56,'top_image',NULL),(57,'main_content',NULL),(58,'top_image',NULL),(59,'main_content',NULL),(60,'top_image',NULL),(61,'main_content',NULL),(62,'top_image',NULL),(63,'main_content',NULL),(64,'top_image',NULL),(65,'main_content',NULL),(66,'top_image',NULL),(67,'main_content',NULL),(68,'top_image',NULL),(69,'main_content',NULL),(70,'top_image',NULL),(71,'main_content',NULL),(72,'top_image',NULL),(73,'main_content',NULL),(74,'top_image',NULL),(75,'main_content',NULL),(76,'top_image',NULL),(77,'main_content',NULL),(78,'top_image',NULL),(79,'main_content',NULL),(80,'top_image',NULL),(81,'main_content',NULL),(82,'top_image',NULL),(83,'main_content',NULL),(84,'top_image',NULL),(85,'left_content',NULL),(86,'left_content',NULL),(87,'left_content',NULL),(88,'left_content',NULL),(89,'left_content',NULL),(90,'left_content',NULL),(91,'left_content',NULL),(92,'left_content',NULL),(93,'large_image',NULL),(94,'large_image',NULL),(95,'header_image',NULL),(96,'header_image',NULL),(97,'slider',NULL),(98,'slider',NULL),(99,'footer_images',NULL),(100,'footer_images',NULL),(101,'main_images',NULL),(102,'main_images',NULL),(103,'header_image',NULL),(104,'footer_images',NULL),(105,'footer_images',NULL),(106,'footer_images',NULL),(107,'footer_images',NULL),(108,'header_image',NULL),(109,'header_image',NULL),(110,'header_image',NULL),(111,'main',NULL),(112,'main',NULL),(113,'main',NULL),(114,'header_image',NULL),(115,'footer_images',NULL),(116,'header_image',NULL),(117,'footer_images',NULL),(118,'left_content',NULL),(119,'left_content',NULL),(120,'header_image',NULL),(121,'footer_images',NULL),(122,'header_image',NULL),(123,'footer_images',NULL),(124,'header_image',NULL),(125,'footer_images',NULL),(126,'left_content',NULL),(127,'header_image',NULL),(128,'left_content',NULL),(129,'footer_images',NULL),(133,'header_image',NULL),(134,'main_content',NULL),(135,'footer_images',NULL),(136,'header_image',NULL),(137,'footer_images',NULL),(138,'header_image',NULL),(139,'footer_images',NULL),(140,'header_image',NULL),(141,'footer_images',NULL),(142,'header_image',NULL),(143,'footer_images',NULL),(144,'header_image',NULL),(145,'footer_images',NULL),(146,'header_image',NULL),(147,'footer_images',NULL),(148,'header_image',NULL),(149,'footer_images',NULL),(150,'header_image',NULL),(151,'footer_images',NULL),(155,'header_image',NULL),(156,'main_content',NULL),(157,'footer_images',NULL),(161,'header_image',NULL),(162,'main_content',NULL),(163,'footer_images',NULL),(164,'slider',NULL),(165,'main_images',NULL),(166,'footer_images',NULL),(167,'slider',NULL),(168,'main_images',NULL),(169,'footer_images',NULL),(170,'header_image',NULL),(171,'header_image',NULL),(172,'header_image',NULL),(173,'header_image',NULL),(174,'main_content',NULL),(175,'header_image',NULL),(176,'main_content',NULL),(177,'header_image',NULL),(178,'main_content',NULL),(179,'header_image',NULL),(180,'header_image',NULL),(181,'header_image',NULL),(182,'header_image',NULL),(183,'slider',NULL),(184,'main_images',NULL),(185,'main_content',NULL),(186,'slider',NULL),(187,'main_images',NULL),(188,'main_content',NULL),(189,'header_image',NULL),(190,'header_image',NULL),(191,'slider',NULL),(192,'main_images',NULL),(193,'main_content',NULL),(194,'header_image',NULL),(195,'slider',NULL),(196,'main_images',NULL),(197,'main_content',NULL),(198,'header_image',NULL),(199,'header_image',NULL),(200,'main_content',NULL),(201,'header_image',NULL),(202,'main_content',NULL),(203,'header_image',NULL),(204,'left_content',NULL),(205,'main_content',NULL),(206,'header_image',NULL),(207,'left_content',NULL),(208,'main_content',NULL),(209,'header_image',NULL),(210,'header_image',NULL),(211,'header_image',NULL),(214,'header_image',NULL),(215,'main_content',NULL),(216,'slider',NULL),(217,'main_images',NULL),(218,'main_content',NULL),(219,'slider',NULL),(220,'main_images',NULL),(221,'main_content',NULL),(222,'slider',NULL),(223,'main_images',NULL),(224,'main_content',NULL),(225,'slider',NULL),(226,'main_images',NULL),(227,'main_content',NULL),(228,'slider',NULL),(229,'main_images',NULL),(230,'main_content',NULL),(231,'slider',NULL),(232,'main_images',NULL),(233,'main_content',NULL),(234,'slider',NULL),(235,'main_images',NULL),(236,'main_content',NULL),(237,'slider',NULL),(238,'main_images',NULL),(239,'main_content',NULL),(240,'slider',NULL),(241,'main_images',NULL),(242,'main_content',NULL),(243,'slider',NULL),(244,'main_images',NULL),(245,'main_content',NULL),(249,'slider',NULL),(250,'main_images',NULL),(251,'main_content',NULL),(252,'slider',NULL),(253,'main_images',NULL),(254,'main_content',NULL),(255,'slider',NULL),(256,'main_images',NULL),(257,'main_content',NULL),(258,'header_image',NULL),(259,'left_content',NULL),(260,'header_image',NULL),(261,'left_content',NULL),(262,'header_image',NULL),(263,'left_content',NULL),(264,'header_image',NULL),(265,'left_content',NULL),(266,'header_image',NULL),(267,'left_content',NULL),(268,'header_image',NULL),(269,'left_content',NULL),(270,'header_image',NULL),(271,'left_content',NULL),(272,'header_image',NULL),(273,'left_content',NULL),(274,'header_image',NULL),(275,'header_image',NULL),(276,'left_content',NULL),(277,'main_content',NULL),(278,'header_image',NULL),(279,'header_image',NULL),(280,'left_content',NULL),(281,'main_content',NULL),(282,'slider',NULL),(283,'main_images',NULL),(284,'slider',NULL),(285,'main_images',NULL),(286,'left_content',NULL),(287,'left_content',NULL),(288,'header_image',NULL),(289,'left_content',NULL),(290,'header_image',NULL),(291,'left_content',NULL),(292,'left_content',NULL),(293,'left_content',NULL),(296,'left_content',NULL),(297,'left_content',NULL),(298,'header_image',NULL),(299,'left_content',NULL),(300,'header_image',NULL),(301,'header_image',NULL),(302,'header_image',NULL),(303,'header_image',NULL),(304,'left_content',NULL),(305,'main_content',NULL),(306,'header_image',NULL),(307,'left_content',NULL),(308,'main_content',NULL),(309,'header_image',NULL),(310,'left_content',NULL),(311,'main_content',NULL),(312,'header_image',NULL),(313,'left_content',NULL),(314,'main_content',NULL),(315,'header_image',NULL),(316,'left_content',NULL),(317,'main_content',NULL),(318,'header_image',NULL),(319,'left_content',NULL),(320,'main_content',NULL),(321,'header_image',NULL),(322,'left_content',NULL),(323,'main_content',NULL),(324,'header_image',NULL),(325,'left_content',NULL),(326,'main_content',NULL),(327,'header_image',NULL),(328,'main',NULL),(329,'main',NULL),(330,'main',NULL),(331,'main',NULL),(332,'main',NULL),(333,'main',NULL),(334,'main',NULL),(335,'main',NULL),(340,'main',NULL),(341,'main',NULL),(342,'main',NULL),(343,'main',NULL),(344,'main',NULL),(345,'main',NULL),(346,'main',NULL),(347,'main',NULL),(348,'main',NULL),(349,'main',NULL),(350,'main',NULL),(351,'main',NULL),(352,'main',NULL),(353,'header_image',NULL),(354,'main_content',NULL),(355,'slider',NULL),(356,'main_images',NULL),(357,'header_image',NULL),(358,'left_content',NULL),(359,'main_content',NULL),(360,'header_image',NULL),(361,'left_content',NULL),(362,'main_content',NULL),(363,'header_image',NULL),(364,'left_content',NULL),(365,'main_content',NULL),(366,'header_image',NULL),(367,'left_content',NULL),(368,'main_content',NULL),(369,'header_image',NULL),(370,'left_content',NULL),(371,'main_content',NULL),(372,'header_image',NULL),(373,'left_content',NULL),(374,'main_content',NULL),(375,'slider',NULL),(376,'main_images',NULL),(377,'main_content',NULL),(378,'slider',NULL),(379,'main_images',NULL),(380,'main_content',NULL),(384,'slider',NULL),(385,'main_images',NULL),(386,'main_content',NULL),(387,'slider',NULL),(388,'main_images',NULL),(389,'main_content',NULL),(390,'slider',NULL),(391,'main_images',NULL),(392,'main_content',NULL),(393,'slider',NULL),(394,'main_images',NULL),(395,'main_content',NULL),(396,'slider',NULL),(397,'main_images',NULL),(398,'main_content',NULL),(399,'slider',NULL),(400,'main_images',NULL),(401,'main_content',NULL),(402,'slider',NULL),(403,'main_images',NULL),(404,'main_content',NULL),(405,'slider',NULL),(406,'main_images',NULL),(407,'main_content',NULL),(408,'slider',NULL),(409,'main_images',NULL),(410,'main_content',NULL),(419,'header_image',NULL),(420,'left_content',NULL),(421,'main_content',NULL),(422,'top_image',NULL),(423,'large_image',NULL),(426,'slider',NULL),(427,'main_images',NULL),(428,'slider',NULL),(429,'main_images',NULL),(430,'main_content',NULL),(431,'slider',NULL),(432,'main_images',NULL),(433,'main_content',NULL),(434,'slider',NULL),(435,'main_images',NULL),(436,'slider',NULL),(437,'main_images',NULL),(442,'header_image',NULL),(443,'left_content',NULL),(444,'main_content',NULL),(445,'top_image',NULL),(446,'slider',NULL),(447,'main_images',NULL),(448,'header_image',NULL),(449,'left_content',NULL),(450,'main_content',NULL),(451,'top_image',NULL),(452,'large_image',NULL),(453,'slider',NULL),(454,'main_images',NULL),(455,'header_image',NULL),(456,'left_content',NULL),(457,'main_content',NULL),(458,'top_image',NULL),(459,'large_image',NULL),(460,'slider',NULL),(461,'main_images',NULL),(462,'main',NULL),(463,'slider',NULL),(464,'main_images',NULL),(465,'slider',NULL),(466,'main_images',NULL),(467,'left_content',NULL),(468,'slider',NULL),(469,'main_images',NULL),(470,'left_content',NULL),(471,'slider',NULL),(472,'main_images',NULL),(473,'slider',NULL),(474,'main_images',NULL),(475,'slider',NULL),(476,'main_images',NULL),(477,'slider',NULL),(478,'main_images',NULL),(479,'slider',NULL),(480,'main_images',NULL),(518,'slider',NULL),(519,'main_images',NULL),(520,'main_content',NULL),(521,'slider',NULL),(522,'main_images',NULL),(523,'main_content',NULL),(524,'slider',NULL),(525,'main_images',NULL),(526,'main_content',NULL),(549,'slider',NULL),(550,'main_images',NULL),(551,'main_content',NULL),(552,'slider',NULL),(553,'main_images',NULL),(554,'main_content',NULL),(555,'slider',NULL),(556,'main_images',NULL),(557,'main_content',NULL),(558,'left_content',NULL),(559,'slider',NULL),(560,'main_images',NULL),(561,'main_content',NULL),(562,'slider',NULL),(563,'main_images',NULL),(564,'main_content',NULL),(565,'slider',NULL),(566,'main_images',NULL),(567,'main_content',NULL),(568,'slider',NULL),(569,'main_images',NULL),(570,'main_content',NULL),(571,'slider',NULL),(572,'main_images',NULL),(573,'main_content',NULL),(574,'slider',NULL),(575,'main_images',NULL),(576,'main_content',NULL),(577,'header_image',NULL),(578,'left_content',NULL),(579,'main_content',NULL),(580,'top_image',NULL),(581,'slider',NULL),(582,'main_images',NULL),(583,'header_image',NULL),(584,'left_content',NULL),(585,'main_content',NULL),(586,'top_image',NULL),(587,'header_image',NULL),(588,'left_content',NULL),(589,'main_content',NULL),(590,'top_image',NULL),(591,'slider',NULL),(592,'main_images',NULL),(593,'main_content',NULL),(594,'top_image',NULL),(595,'header_image',NULL),(596,'left_content',NULL),(597,'header_image',NULL),(598,'left_content',NULL),(599,'main_content',NULL),(600,'header_image',NULL),(601,'left_content',NULL),(602,'main_content',NULL),(603,'header_image',NULL),(604,'left_content',NULL),(605,'main_content',NULL),(606,'header_image',NULL),(607,'left_content',NULL),(608,'main_content',NULL),(609,'header_image',NULL),(610,'left_content',NULL),(611,'main_content',NULL),(612,'header_image',NULL),(613,'left_content',NULL),(614,'main_content',NULL),(615,'header_image',NULL),(616,'main_content',NULL),(617,'left_content',NULL),(618,'header_image',NULL),(619,'left_content',NULL),(620,'main_content',NULL),(621,'top_image',NULL),(622,'slider',NULL),(623,'main_images',NULL),(624,'header_image',NULL),(625,'left_content',NULL),(626,'main_content',NULL),(627,'top_image',NULL),(628,'slider',NULL),(629,'main_images',NULL),(630,'main_content',NULL),(631,'top_image',NULL),(632,'header_image',NULL),(633,'left_content',NULL),(634,'left_content',NULL),(635,'header_image',NULL),(636,'left_content',NULL),(637,'header_image',NULL),(638,'left_content',NULL),(643,'header_image',NULL),(644,'left_content',NULL),(645,'main_content',NULL),(646,'top_image',NULL),(647,'header_image',NULL),(648,'left_content',NULL),(649,'main_content',NULL),(650,'top_image',NULL),(651,'large_image',NULL),(652,'slider',NULL),(653,'main_images',NULL),(654,'header_image',NULL),(655,'left_content',NULL),(656,'main_content',NULL),(657,'top_image',NULL),(658,'header_image',NULL),(659,'left_content',NULL),(660,'main_content',NULL),(661,'slider',NULL),(662,'main_images',NULL),(663,'header_image',NULL),(664,'main_content',NULL),(665,'top_image',NULL),(666,'left_content',NULL),(667,'footer_images',NULL),(668,'slider',NULL),(669,'main_images',NULL),(670,'main_content',NULL),(671,'slider',NULL),(672,'main_images',NULL),(673,'main_content',NULL),(674,'slider',NULL),(675,'main_images',NULL),(676,'main_content',NULL),(677,'header_image',NULL),(678,'left_content',NULL),(679,'main_content',NULL),(680,'slider',NULL),(681,'main_images',NULL),(682,'header_image',NULL),(683,'left_content',NULL),(684,'main_content',NULL),(685,'slider',NULL),(686,'main_images',NULL),(687,'header_image',NULL),(688,'left_content',NULL),(689,'main_content',NULL),(690,'slider',NULL),(691,'main_images',NULL),(692,'header_image',NULL),(693,'left_content',NULL),(694,'main_content',NULL),(695,'top_image',NULL),(696,'large_image',NULL),(697,'slider',NULL),(698,'main_images',NULL),(699,'header_image',NULL),(700,'left_content',NULL),(701,'main_content',NULL),(702,'top_image',NULL),(703,'large_image',NULL),(704,'slider',NULL),(705,'main_images',NULL),(706,'header_image',NULL),(707,'left_content',NULL),(708,'main_content',NULL),(709,'slider',NULL),(710,'main_images',NULL),(711,'header_image',NULL),(712,'left_content',NULL),(713,'main_content',NULL),(714,'slider',NULL),(715,'main_images',NULL),(716,'header_image',NULL),(717,'left_content',NULL),(718,'main_content',NULL),(719,'slider',NULL),(720,'main_images',NULL),(721,'header_image',NULL),(722,'main_content',NULL),(723,'top_image',NULL),(724,'left_content',NULL),(725,'footer_images',NULL),(726,'slider',NULL),(727,'main_images',NULL),(728,'main_content',NULL),(729,'slider',NULL),(730,'main_images',NULL),(731,'main_content',NULL),(732,'slider',NULL),(733,'main_images',NULL),(734,'main_content',NULL),(735,'header_image',NULL),(736,'left_content',NULL),(737,'main_content',NULL),(738,'slider',NULL),(739,'main_images',NULL),(740,'header_image',NULL),(741,'left_content',NULL),(742,'main_content',NULL),(743,'top_image',NULL),(744,'header_image',NULL),(745,'left_content',NULL),(746,'main_content',NULL),(747,'top_image',NULL),(748,'large_image',NULL),(749,'slider',NULL),(750,'main_images',NULL),(751,'header_image',NULL),(752,'left_content',NULL),(753,'main_content',NULL),(754,'top_image',NULL),(755,'header_image',NULL),(756,'header_image',NULL),(757,'main_content',NULL),(758,'header_image',NULL),(759,'main_content',NULL),(760,'main',NULL),(761,'left_content',NULL),(762,'header_image',NULL),(763,'left_content',NULL),(764,'main',NULL),(765,'main',NULL),(766,'main',NULL),(767,'main',NULL),(768,'main',NULL),(769,'main',NULL),(770,'main',NULL),(771,'main',NULL),(772,'main',NULL),(773,'main',NULL),(774,'main',NULL),(775,'main',NULL),(776,'main',NULL),(777,'main',NULL),(778,'main',NULL),(779,'main',NULL),(780,'main',NULL),(781,'main',NULL),(782,'main',NULL),(783,'main',NULL),(784,'main',NULL),(785,'main',NULL),(786,'main',NULL),(787,'main',NULL),(788,'main',NULL),(789,'main',NULL),(790,'main',NULL),(791,'main',NULL),(794,'header_image',NULL),(795,'main_content',NULL),(796,'header_image',NULL),(797,'main_content',NULL),(798,'main',NULL),(799,'main',NULL),(800,'main',NULL),(801,'main',NULL),(802,'main',NULL),(803,'main',NULL),(804,'main',NULL),(805,'main',NULL),(806,'main',NULL),(807,'header_image',NULL),(808,'main_content',NULL),(809,'slider',NULL),(810,'main_images',NULL),(811,'header_image',NULL),(812,'main_content',NULL),(813,'slider',NULL),(814,'main_images',NULL),(815,'main',NULL),(816,'main',NULL),(817,'main',NULL),(818,'main',NULL),(819,'main',NULL),(820,'main',NULL),(821,'main',NULL),(822,'left_content',NULL),(823,'slider',NULL),(824,'main_images',NULL),(825,'main_content',NULL),(826,'slider',NULL),(827,'main_images',NULL),(828,'main_content',NULL),(832,'slider',NULL),(833,'main_images',NULL),(834,'main_content',NULL),(835,'slider',NULL),(836,'main_images',NULL),(837,'main_content',NULL),(838,'slider',NULL),(839,'main_images',NULL),(840,'main_content',NULL),(841,'slider',NULL),(842,'main_images',NULL),(843,'main_content',NULL),(844,'slider',NULL),(845,'main_images',NULL),(846,'main_content',NULL),(847,'slider',NULL),(848,'main_images',NULL),(849,'main_content',NULL),(850,'main',NULL),(851,'main',NULL),(852,'main',NULL),(863,'main',NULL),(867,'header_image',NULL),(868,'main_content',NULL),(869,'top_image',NULL),(872,'slider',NULL),(873,'main_images',NULL),(875,'header_image',NULL),(876,'main_content',NULL),(877,'top_image',NULL),(878,'header_image',NULL),(879,'main_content',NULL),(880,'top_image',NULL),(881,'slider',NULL),(882,'main_images',NULL),(883,'main',NULL),(887,'slider',NULL),(888,'main_images',NULL),(889,'main_content',NULL),(890,'slider',NULL),(891,'main_images',NULL),(892,'slider',NULL),(893,'main_images',NULL),(894,'slider',NULL),(895,'main_images',NULL),(896,'header_image',NULL),(897,'left_content',NULL),(898,'main_content',NULL),(899,'top_image',NULL),(900,'header_image',NULL),(901,'main_content',NULL),(902,'main',NULL),(903,'main',NULL),(904,'slider',NULL),(905,'main_images',NULL),(906,'main_content',NULL),(907,'slider',NULL),(908,'main_images',NULL),(909,'main_content',NULL),(910,'main',NULL),(916,'slider',NULL),(917,'main_images',NULL),(918,'main_content',NULL),(919,'slider',NULL),(920,'main_images',NULL),(921,'main_content',NULL),(922,'slider',NULL),(923,'main_images',NULL),(924,'main_content',NULL),(925,'slider',NULL),(926,'main_images',NULL),(927,'main_content',NULL),(928,'slider',NULL),(929,'main_images',NULL),(930,'main_content',NULL),(931,'slider',NULL),(932,'main_images',NULL),(933,'main_content',NULL),(934,'slider',NULL),(935,'main_images',NULL),(936,'main_content',NULL),(937,'slider',NULL),(938,'main_images',NULL),(939,'main_content',NULL),(940,'slider',NULL),(941,'main_images',NULL),(942,'main_content',NULL),(943,'slider',NULL),(944,'main_images',NULL),(945,'main_content',NULL),(946,'slider',NULL),(947,'main_images',NULL),(948,'main_content',NULL),(949,'slider',NULL),(950,'main_images',NULL),(951,'main_content',NULL),(952,'slider',NULL),(953,'main_images',NULL),(954,'main_content',NULL),(955,'slider',NULL),(956,'main_images',NULL),(957,'main_content',NULL),(958,'slider',NULL),(959,'main_images',NULL),(960,'main_content',NULL),(961,'slider',NULL),(962,'main_images',NULL),(963,'main_content',NULL),(964,'slider',NULL),(965,'main_images',NULL),(966,'main_content',NULL);
/*!40000 ALTER TABLE `cms_placeholder` ENABLE KEYS */;
UNLOCK TABLES;

--
-- Table structure for table `cms_title`
--

DROP TABLE IF EXISTS `cms_title`;
/*!40101 SET @saved_cs_client     = @@character_set_client */;
/*!40101 SET character_set_client = utf8 */;
CREATE TABLE `cms_title` (
  `id` int(11) NOT NULL AUTO_INCREMENT,
  `language` varchar(15) NOT NULL,
  `title` varchar(255) NOT NULL,
  `menu_title` varchar(255) DEFAULT NULL,
  `slug` varchar(255) NOT NULL,
  `path` varchar(255) NOT NULL,
  `has_url_overwrite` tinyint(1) NOT NULL,
  `application_urls` varchar(200) DEFAULT NULL,
  `redirect` varchar(255) DEFAULT NULL,
  `meta_description` longtext,
  `meta_keywords` varchar(255) DEFAULT NULL,
  `page_title` varchar(255) DEFAULT NULL,
  `page_id` int(11) NOT NULL,
  `creation_date` datetime NOT NULL,
  PRIMARY KEY (`id`),
  UNIQUE KEY `language` (`language`,`page_id`),
  KEY `cms_title_75853655` (`language`),
  KEY `cms_title_56ae2a2a` (`slug`),
  KEY `cms_title_6a8a34e2` (`path`),
  KEY `cms_title_3d964e2e` (`has_url_overwrite`),
  KEY `cms_title_23b1fc68` (`application_urls`),
  KEY `cms_title_32d04bc7` (`page_id`),
  CONSTRAINT `page_id_refs_id_36799a1` FOREIGN KEY (`page_id`) REFERENCES `cms_page` (`id`)
) ENGINE=InnoDB AUTO_INCREMENT=224 DEFAULT CHARSET=utf8;
/*!40101 SET character_set_client = @saved_cs_client */;

--
-- Dumping data for table `cms_title`
--

LOCK TABLES `cms_title` WRITE;
/*!40000 ALTER TABLE `cms_title` DISABLE KEYS */;
INSERT INTO `cms_title` VALUES (1,'en','Home','','home','',0,'','','','','',1,'2014-01-06 23:03:12'),(2,'en','Home','','home','',0,'','','','','',2,'2014-01-06 23:03:12'),(3,'en','Brands','','brands','brands',0,'','','','','',3,'2014-01-07 09:10:05'),(4,'en','Our Distillery','','our-distillery','our-distillery',0,'','','','','',4,'2014-01-07 09:11:05'),(5,'en','Members ','','members','members',0,'','','','','',5,'2014-01-07 09:11:28'),(6,'en','The Bistro and Bar','','bistro-and-bar','bistro-and-bar',0,'','','','','',6,'2014-01-07 09:11:51'),(7,'en','What\'s New','','whats-new','whats-new',0,'BlogCategoryApphook','','','','',7,'2014-01-07 09:12:23'),(8,'en','In The Media','','in-the-media','in-the-media',0,'','','','','',8,'2014-01-07 09:12:38'),(9,'en','Gallery','','gallery','gallery',0,'','','','','',9,'2014-01-07 09:12:56'),(10,'en','Our Distillery','','our-distillery','our-distillery',0,'','','','','',10,'2014-01-07 09:11:05'),(11,'en','Members ','','members','members',0,'','','','','',11,'2014-01-07 09:11:28'),(12,'en','What\'s New','','whats-new','whats-new',0,'BlogCategoryApphook','','','','',12,'2014-01-07 09:12:23'),(13,'en','In The Media','','in-the-media','in-the-media',0,'','','','','',13,'2014-01-07 09:12:38'),(14,'en','Gallery','','gallery','gallery',0,'','','','','',14,'2014-01-07 09:12:56'),(15,'en','The Bistro and Bar','','bistro-and-bar','bistro-and-bar',0,'','','','','',15,'2014-01-07 09:11:51'),(16,'en','Brands','','brands','brands',0,'','','','','',16,'2014-01-07 09:10:05'),(17,'en','Our Site','','our-site','our-distillery/our-site',0,'','','','','',17,'2014-01-07 09:22:59'),(18,'en','Our Buildings','','our-buildings','our-distillery/our-buildings',0,'','','','','',18,'2014-01-07 09:23:24'),(19,'en','Our People','','our-people','our-distillery/our-people',0,'','','','','',19,'2014-01-07 09:23:49'),(20,'en','Our Site','','our-site','our-distillery/our-site',0,'','','','','',20,'2014-01-07 09:22:59'),(21,'en','Our Buildings','','our-buildings','our-distillery/our-buildings',0,'','','','','',21,'2014-01-07 09:23:24'),(22,'en','Our People','','our-people','our-distillery/our-people',0,'','','','','',22,'2014-01-07 09:23:49'),(23,'en','Cocktails','','cocktails','bistro-and-bar/cocktails',0,'','','','','',23,'2014-01-07 09:24:31'),(25,'en','Menus','','menus','bistro-and-bar/menus',0,'','','','','',25,'2014-01-07 09:25:11'),(26,'en','Cocktails','','cocktails','bistro-and-bar/cocktails',0,'','','','','',26,'2014-01-07 09:24:31'),(28,'en','Menus','','menus','bistro-and-bar/menus',0,'','','','','',28,'2014-01-07 09:25:11'),(29,'en','footer','','footer','footer',0,'','','','','',29,'2014-01-07 09:54:42'),(30,'en','Terms & Conditions','','terms-and-condition','terms-and-condition',1,'','','','','',30,'2014-01-07 09:55:26'),(31,'en','FAQ','','faq','faq',1,'','','','','',31,'2014-01-07 09:55:51'),(32,'en','Partner Scheme','','partner-scheme','partner-scheme',1,'','','','','',32,'2014-01-07 09:56:17'),(33,'en','Returns & Delivery','','returns-and-delivery','returns-and-delivery',1,'','','','','',33,'2014-01-07 09:57:15'),(34,'en','Privacy Policy','','privacy-policy','privacy-policy',1,'','','','','',34,'2014-01-07 09:57:39'),(35,'en','Contact Us','','contact-us','contact-us',1,'','','','','',35,'2014-01-07 09:57:58'),(36,'en','footer','','footer','footer',0,'','','','','',36,'2014-01-07 09:54:42'),(37,'en','Terms & Conditions','','terms-and-condition','terms-and-condition',1,'','','','','',37,'2014-01-07 09:55:26'),(38,'en','FAQ','','faq','faq',1,'','','','','',38,'2014-01-07 09:55:51'),(39,'en','Partner Scheme','','partner-scheme','partner-scheme',1,'','','','','',39,'2014-01-07 09:56:17'),(40,'en','Returns & Delivery','','returns-and-delivery','returns-and-delivery',1,'','','','','',40,'2014-01-07 09:57:15'),(41,'en','Privacy Policy','','privacy-policy','privacy-policy',1,'','','','','',41,'2014-01-07 09:57:39'),(42,'en','Contact Us','','contact-us','contact-us',1,'','','','','',42,'2014-01-07 09:57:58'),(47,'en','Subscription','','subscription','subscription',0,'BlogSubscriptionHook','','','','',47,'2014-01-09 20:41:16'),(48,'en','Subscription','','subscription','subscription',0,'BlogSubscriptionHook','','','','',48,'2014-01-09 20:41:16'),(49,'en','Activate',NULL,'activate','subscription/activate',0,NULL,NULL,NULL,NULL,NULL,49,'2014-01-09 21:52:28'),(50,'en','THE ONE','','one','brands/one',0,'','','','','',50,'2014-01-10 11:54:15'),(51,'en','THE ONE','','one','brands/one',0,'','','','','',51,'2014-01-10 11:54:15'),(52,'en','THE LAKES GIN','','lakes-gin','brands/lakes-gin',0,'','','','','',52,'2014-01-10 12:25:20'),(53,'en','THE LAKES GIN','','lakes-gin','brands/lakes-gin',0,'','','','','',53,'2014-01-10 12:25:20'),(54,'en','THE LAKES MALT','','lakes-malt','brands/lakes-malt',0,'','','','','',54,'2014-01-10 12:28:24'),(55,'en','THE LAKES MALT','','lakes-malt','brands/lakes-malt',0,'','','','','',55,'2014-01-10 12:28:24'),(56,'en','Founders\' Club - 595','','founders-club','members/founders-club',0,'','','','','',56,'2014-01-10 12:32:45'),(57,'en','Founders\' Club - 595','','founders-club','members/founders-club',0,'','','','','',57,'2014-01-10 12:32:45'),(58,'en','The Paul Currie Story','','paul-currie-story','our-distillery/paul-currie-story',0,'','','','','',58,'2014-01-10 14:05:13'),(59,'en','Timetable','','timetable','our-distillery/timetable',0,'','','','','',59,'2014-01-10 14:05:28'),(60,'en','Distillery Tours','','distillery-tours','our-distillery/distillery-tours',0,'','','','','',60,'2014-01-10 14:05:42'),(61,'en','Production','','production','our-distillery/production',0,'','','','','',61,'2014-01-10 14:06:00'),(62,'en','The Paul Currie Story','','paul-currie-story','our-distillery/paul-currie-story',0,'','','','','',62,'2014-01-10 14:05:13'),(63,'en','Timetable','','timetable','our-distillery/timetable',0,'','','','','',63,'2014-01-10 14:05:28'),(64,'en','Distillery Tours','','distillery-tours','our-distillery/distillery-tours',0,'','','','','',64,'2014-01-10 14:05:42'),(65,'en','Production','','production','our-distillery/production',0,'','','','','',65,'2014-01-10 14:06:00'),(66,'en','Chris Anderson','','chris-anderson-our-people','our-distillery/our-people/chris-anderson-our-people',0,'','','','','',66,'2014-01-10 15:07:11'),(67,'en','Alan Rutherford','','alan-rutherford-our-people','our-distillery/our-people/alan-rutherford-our-people',0,'','','','','',67,'2014-01-10 15:08:00'),(70,'en','Chris Anderson','','chris-anderson-our-people','our-distillery/our-people/chris-anderson-our-people',0,'','','','','',70,'2014-01-10 15:07:11'),(71,'en','Alan Rutherford','','alan-rutherford-our-people','our-distillery/our-people/alan-rutherford-our-people',0,'','','','','',71,'2014-01-10 15:08:00'),(72,'en','Connoisseurs\' Club - 12,000','','connoisseurs-club','members/connoisseurs-club',0,'','','','','',72,'2014-01-13 20:21:56'),(73,'en','Connoisseurs\' Club - 12,000','','connoisseurs-club','members/connoisseurs-club',0,'','','','','',73,'2014-01-13 20:21:56'),(74,'en','COCKTAILS - THE ONE','','one','bistro-and-bar/cocktails/one',0,'','','','','',74,'2014-01-13 23:40:39'),(75,'en','COCKTAILS - THE SOUR ONE','','sour-one','bistro-and-bar/cocktails/sour-one',0,'','','','','',75,'2014-01-13 23:40:55'),(76,'en','COCKTAILS -  THE OLD ONE','','old-one','bistro-and-bar/cocktails/old-one',0,'','','','','',76,'2014-01-13 23:41:08'),(77,'en','COCKTAILS - THE IRISH ONE','','irish-one','bistro-and-bar/cocktails/irish-one',0,'','','','','',77,'2014-01-13 23:41:22'),(78,'en','COCKTAILS - THE BLUE ONE','','blue-one','bistro-and-bar/cocktails/blue-one',0,'','','','','',78,'2014-01-13 23:41:33'),(79,'en','COCKTAILS - THE SMOKEY ONE','','smokey-one','bistro-and-bar/cocktails/smokey-one',0,'','','','','',79,'2014-01-13 23:41:50'),(80,'en','COCKTAILS - THE STRAWBERRY SOUR ONE','','strawberry-sour-one','bistro-and-bar/cocktails/strawberry-sour-one',0,'','','','','',80,'2014-01-13 23:42:02'),(81,'en','COCKTAILS - THE ONE','','one','bistro-and-bar/cocktails/one',0,'','','','','',81,'2014-01-13 23:40:39'),(84,'en','COCKTAILS - THE SOUR ONE','','sour-one','bistro-and-bar/cocktails/sour-one',0,'','','','','',84,'2014-01-13 23:40:55'),(85,'en','COCKTAILS -  THE OLD ONE','','old-one','bistro-and-bar/cocktails/old-one',0,'','','','','',85,'2014-01-13 23:41:08'),(86,'en','COCKTAILS - THE BLUE ONE','','blue-one','bistro-and-bar/cocktails/blue-one',0,'','','','','',86,'2014-01-13 23:41:33'),(87,'en','COCKTAILS - THE IRISH ONE','','irish-one','bistro-and-bar/cocktails/irish-one',0,'','','','','',87,'2014-01-13 23:41:22'),(88,'en','COCKTAILS - THE SMOKEY ONE','','smokey-one','bistro-and-bar/cocktails/smokey-one',0,'','','','','',88,'2014-01-13 23:41:50'),(89,'en','COCKTAILS - THE STRAWBERRY SOUR ONE','','strawberry-sour-one','bistro-and-bar/cocktails/strawberry-sour-one',0,'','','','','',89,'2014-01-13 23:42:02'),(90,'en','New World Whisky Tasting -18th August','','new-world-whisky-tasting-18th-august','gallery/new-world-whisky-tasting-18th-august',0,'','','','','',90,'2014-01-17 11:53:57'),(91,'en','New World Whisky Tasting -18th August','','new-world-whisky-tasting-18th-august','gallery/new-world-whisky-tasting-18th-august',0,'','','','','',91,'2014-01-17 11:53:57'),(94,'en','Equipment','','equipment','gallery/equipment',0,'','','','','',94,'2014-01-17 12:20:45'),(95,'en','Equipment','','equipment','gallery/equipment',0,'','','','','',95,'2014-01-17 12:20:45'),(96,'en','Artist Impressions','','artist-impressions','gallery/artist-impressions',0,'','','','','',96,'2014-01-17 12:35:12'),(97,'en','Artist Impressions','','artist-impressions','gallery/artist-impressions',0,'','','','','',97,'2014-01-17 12:35:12'),(98,'en','Taste Cumbria Festival 2013','','taste-cumbria-festival-2013','gallery/taste-cumbria-festival-2013',0,'','','','','',98,'2014-01-17 12:40:37'),(99,'en','Taste Cumbria Festival 2013','','taste-cumbria-festival-2013','gallery/taste-cumbria-festival-2013',0,'','','','','',99,'2014-01-17 12:40:37'),(100,'en','The ONE Launch - 26th September 2013','','one-launch-26th-september-2013','gallery/one-launch-26th-september-2013',0,'','','','','',100,'2014-01-17 13:02:11'),(101,'en','The ONE Launch - 26th September 2013','','one-launch-26th-september-2013','gallery/one-launch-26th-september-2013',0,'','','','','',101,'2014-01-17 13:02:11'),(105,'en','The Lakes Distillery Site','','lakes-distillery-site','gallery/lakes-distillery-site',0,'','','','','',105,'2014-01-20 12:42:14'),(106,'en','The Lakes Distillery Site','','lakes-distillery-site','gallery/lakes-distillery-site',0,'','','','','',106,'2014-01-20 12:42:14'),(109,'en','Webcams','','webcams','our-distillery/webcams',0,'','','','','',109,'2014-01-07 09:22:59'),(110,'en','Webcams','','webcams','our-distillery/webcams',0,'','','','','',110,'2014-01-07 09:22:59'),(130,'en','Video',NULL,'video','in-the-media/video',0,NULL,NULL,NULL,NULL,NULL,130,'2014-01-29 18:25:47'),(131,'en','News','','news','in-the-media/news',0,'BlogCategoryApphook','','','','',131,'2014-01-29 18:26:01'),(132,'en','Related Articles','','related-articles','in-the-media/related-articles',0,'BlogCategoryApphook','','','','',132,'2014-01-29 18:26:12'),(133,'en','Related Articles','','related-articles','in-the-media/related-articles',0,'BlogCategoryApphook','','','','',133,'2014-01-29 18:26:12'),(134,'en','News','','news','in-the-media/news',0,'BlogCategoryApphook','','','','',134,'2014-01-29 18:26:01'),(135,'en','Video',NULL,'video','in-the-media/video',0,NULL,NULL,NULL,NULL,NULL,135,'2014-01-29 18:25:47'),(136,'en','The Bistro & Bar','','bistro-and-bar','bistro-and-bar/bistro-and-bar',0,'','','','','',136,'2014-01-07 09:11:51'),(137,'en','Menus','','menus','bistro-and-bar/bistro-and-bar/menus',0,'','','','','',137,'2014-01-07 09:25:11'),(138,'en','The Board Room','','board-room','bistro-and-bar/bistro-and-bar/board-room',0,'','','','','',138,'2014-01-07 09:24:55'),(139,'en','Cocktails','','cocktails','bistro-and-bar/bistro-and-bar/cocktails',0,'','','','','',139,'2014-01-07 09:24:31'),(140,'en','COCKTAILS - THE STRAWBERRY SOUR ONE','','strawberry-sour-one','bistro-and-bar/bistro-and-bar/cocktails/strawberry-sour-one',0,'','','','','',140,'2014-01-13 23:42:02'),(141,'en','COCKTAILS - THE SMOKEY ONE','','smokey-one','bistro-and-bar/bistro-and-bar/cocktails/smokey-one',0,'','','','','',141,'2014-01-13 23:41:50'),(142,'en','COCKTAILS - THE BLUE ONE','','blue-one','bistro-and-bar/bistro-and-bar/cocktails/blue-one',0,'','','','','',142,'2014-01-13 23:41:33'),(143,'en','COCKTAILS - THE IRISH ONE','','irish-one','bistro-and-bar/bistro-and-bar/cocktails/irish-one',0,'','','','','',143,'2014-01-13 23:41:22'),(144,'en','COCKTAILS -  THE OLD ONE','','old-one','bistro-and-bar/bistro-and-bar/cocktails/old-one',0,'','','','','',144,'2014-01-13 23:41:08'),(145,'en','COCKTAILS - THE SOUR ONE','','sour-one','bistro-and-bar/bistro-and-bar/cocktails/sour-one',0,'','','','','',145,'2014-01-13 23:40:55'),(146,'en','COCKTAILS - THE ONE','','one','bistro-and-bar/bistro-and-bar/cocktails/one',0,'','','','','',146,'2014-01-13 23:40:39'),(147,'en','The Bistro & Bar','','bistro-and-bar','bistro-and-bar/bistro-and-bar',0,'','','','','',147,'2014-01-07 09:11:51'),(148,'en','Menus','','menus','bistro-and-bar/bistro-and-bar/menus',0,'','','','','',148,'2014-01-07 09:25:11'),(149,'en','Cocktails','','cocktails','bistro-and-bar/bistro-and-bar/cocktails',0,'','','','','',149,'2014-01-07 09:24:31'),(175,'en','Shop','','shop','shop',0,'','','','','',175,'2014-02-04 08:30:42'),(176,'en','Shop','','shop','shop',0,'','','','','',176,'2014-02-04 08:30:42'),(178,'en','Reviews','','reviews','brands/reviews',0,'BlogCategoryApphook','','','','',178,'2014-01-10 12:28:24'),(179,'en','Reviews','','reviews','brands/reviews',0,'BlogCategoryApphook','','','','',179,'2014-01-10 12:28:24'),(180,'en','THE Lakes Vodka','','the-lakes-vodka','brands/the-lakes-vodka',0,'','','','','',180,'2014-01-10 11:54:15'),(181,'en','THE Lakes Vodka','','the-lakes-vodka','brands/the-lakes-vodka',0,'','','','','',181,'2014-01-10 11:54:15'),(182,'en','Site Visit From Britains Energy Coast','','site-visit-from-britains-energy-coast','gallery/site-visit-from-britains-energy-coast',0,'','','','','',182,'2014-01-20 12:42:14'),(183,'en','Site Visit From Britains Energy Coast','','site-visit-from-britains-energy-coast','gallery/site-visit-from-britains-energy-coast',0,'','','','','',183,'2014-01-20 12:42:14'),(185,'en','Lakes-Distillery-Corporate-Fun','','lakes-distillery-corporate-fun','gallery/lakes-distillery-corporate-fun',0,'','','','','',185,'2014-01-20 12:42:14'),(186,'en','Lakes-Distillery-Corporate-Fun','','lakes-distillery-corporate-fun','gallery/lakes-distillery-corporate-fun',0,'','','','','',186,'2014-01-20 12:42:14'),(187,'fr','Brands','','brands','brands',0,NULL,NULL,'','','',3,'2014-03-17 09:23:00'),(188,'fr','Brands','','brands','brands',0,NULL,NULL,'','','',16,'2014-03-17 09:23:00'),(189,'fr','home fr','','home-fr','',0,NULL,NULL,'','','',1,'2014-03-17 09:23:58'),(190,'fr','home fr','','home-fr','',0,NULL,NULL,'','','',2,'2014-03-17 09:23:58'),(191,'en','Visit to Musk','','visit-to-musk','gallery/visit-to-musk',0,'','','','','',187,'2014-01-20 12:42:14'),(192,'en','Visit to Musk','','visit-to-musk','gallery/visit-to-musk',0,'','','','','',188,'2014-01-20 12:42:14'),(193,'en','Behind The Scenes','','behind-the-scenes','gallery/behind-the-scenes',0,'','','','','',189,'2014-01-17 11:53:57'),(194,'en','Behind The Scenes','','behind-the-scenes','gallery/behind-the-scenes',0,'','','','','',190,'2014-01-17 11:53:57'),(198,'en','Building Progress','','building-progress','whats-new/building-progress',0,'','','','','',198,'2014-01-07 09:12:23'),(199,'en','Building Progress','','building-progress','whats-new/building-progress',0,'','','','','',199,'2014-01-07 09:12:23'),(202,'en','The Board Room','','board-room','bistro-and-bar/bistro-and-bar/board-room',0,'','','','','',202,'2014-01-07 09:24:55'),(203,'en','Activate',NULL,'activate','subscription/activate',0,NULL,NULL,NULL,NULL,NULL,203,'2014-01-09 21:52:28'),(204,'en','Building Work on The Roof','','building-work-on-the-roof','gallery/building-work-on-the-roof',0,'','','','','',204,'2014-01-17 11:53:57'),(205,'en','Building Work on The Roof','','building-work-on-the-roof','gallery/building-work-on-the-roof',0,'','','','','',205,'2014-01-17 11:53:57'),(210,'en','Paul Currie','','paul-currie-our-people','our-distillery/our-people/paul-currie-our-people',0,'','','','','',210,'2014-01-10 15:07:11'),(211,'en','Paul Currie','','paul-currie-our-people','our-distillery/our-people/paul-currie-our-people',0,'','','','','',211,'2014-01-10 15:07:11'),(212,'en','Katie Read','','katie-read-our-people','our-distillery/our-people/katie-read-our-people',0,'','','','','',212,'2014-01-10 15:07:11'),(213,'en','Laura Simpson','','laura-simpson-our-people','our-distillery/our-people/laura-simpson-our-people',0,'','','','','',213,'2014-01-10 15:07:11'),(214,'en','John Drake','','john-drake-our-people','our-distillery/our-people/john-drake-our-people',0,'','','','','',214,'2014-01-10 15:07:11'),(215,'en','Nigel Mills','','nigel-mills-our-people','our-distillery/our-people/nigel-mills-our-people',0,'','','','','',215,'2014-01-10 15:07:11'),(216,'en','Brian Jobling','','brian-jobling-our-people','our-distillery/our-people/brian-jobling-our-people',0,'','','','','',216,'2014-01-10 15:07:11'),(217,'en','Tom Hedley','','tom-hedley-our-people','our-distillery/our-people/tom-hedley-our-people',0,'','','','','',217,'2014-01-10 15:07:11'),(218,'en','Tom Hedley','','tom-hedley-our-people','our-distillery/our-people/tom-hedley-our-people',0,'','','','','',218,'2014-01-10 15:07:11'),(219,'en','Brian Jobling','','brian-jobling-our-people','our-distillery/our-people/brian-jobling-our-people',0,'','','','','',219,'2014-01-10 15:07:11'),(220,'en','Nigel Mills','','nigel-mills-our-people','our-distillery/our-people/nigel-mills-our-people',0,'','','','','',220,'2014-01-10 15:07:11'),(221,'en','John Drake','','john-drake-our-people','our-distillery/our-people/john-drake-our-people',0,'','','','','',221,'2014-01-10 15:07:11'),(222,'en','Laura Simpson','','laura-simpson-our-people','our-distillery/our-people/laura-simpson-our-people',0,'','','','','',222,'2014-01-10 15:07:11'),(223,'en','Katie Read','','katie-read-our-people','our-distillery/our-people/katie-read-our-people',0,'','','','','',223,'2014-01-10 15:07:11');
/*!40000 ALTER TABLE `cms_title` ENABLE KEYS */;
UNLOCK TABLES;

--
-- Table structure for table `cmsplugin_blog_entry`
--

DROP TABLE IF EXISTS `cmsplugin_blog_entry`;
/*!40101 SET @saved_cs_client     = @@character_set_client */;
/*!40101 SET character_set_client = utf8 */;
CREATE TABLE `cmsplugin_blog_entry` (
  `id` int(11) NOT NULL AUTO_INCREMENT,
  `is_published` tinyint(1) NOT NULL,
  `pub_date_from` datetime NOT NULL,
  `pub_date_to` datetime DEFAULT NULL,
  `is_visible_in_rss` tinyint(1) NOT NULL,
  `is_visible_in_archive` tinyint(1) NOT NULL,
  `tags` varchar(255) NOT NULL,
  PRIMARY KEY (`id`)
) ENGINE=InnoDB AUTO_INCREMENT=79 DEFAULT CHARSET=utf8;
/*!40101 SET character_set_client = @saved_cs_client */;

--
-- Dumping data for table `cmsplugin_blog_entry`
--

LOCK TABLES `cmsplugin_blog_entry` WRITE;
/*!40000 ALTER TABLE `cmsplugin_blog_entry` DISABLE KEYS */;
INSERT INTO `cmsplugin_blog_entry` VALUES (1,1,'2013-12-04 08:59:53',NULL,0,0,''),(2,1,'2013-11-19 09:11:54',NULL,0,0,''),(3,1,'2013-10-30 09:14:21',NULL,0,0,''),(4,1,'2013-10-21 09:17:43',NULL,0,0,''),(5,1,'2013-09-23 09:21:34',NULL,0,0,''),(6,1,'2013-12-16 09:25:32',NULL,0,0,''),(7,1,'2013-12-04 09:28:33',NULL,0,0,''),(8,1,'2013-11-25 09:29:39',NULL,0,0,''),(9,1,'2013-11-15 09:32:26',NULL,0,0,''),(10,0,'2013-11-08 09:35:11',NULL,0,0,''),(11,1,'2013-11-06 09:36:47',NULL,0,0,''),(12,1,'2013-10-12 09:37:25',NULL,0,0,''),(13,1,'2013-10-04 09:38:36',NULL,0,0,''),(14,1,'2013-10-07 09:39:23',NULL,0,0,''),(15,1,'2013-10-02 09:43:39',NULL,0,0,''),(16,1,'2013-09-30 09:45:38',NULL,0,0,''),(18,1,'2013-09-30 09:47:47',NULL,0,0,''),(20,1,'2013-09-27 09:49:19',NULL,0,0,''),(21,1,'2013-09-20 09:49:29',NULL,0,0,''),(22,1,'2013-09-19 09:50:13',NULL,0,0,''),(23,1,'2013-09-02 09:51:00',NULL,0,0,''),(24,1,'2013-08-28 09:51:54',NULL,0,0,''),(25,1,'2013-08-23 09:52:51',NULL,0,0,''),(26,1,'2013-08-21 09:53:42',NULL,0,0,''),(29,1,'2013-06-19 13:54:47',NULL,0,0,''),(30,0,'2013-06-17 09:56:30',NULL,0,0,''),(31,1,'2013-06-04 13:46:18',NULL,0,0,''),(32,1,'2013-06-03 10:00:35',NULL,0,0,''),(33,1,'2013-05-20 10:01:25',NULL,0,0,''),(34,0,'2013-05-20 10:02:28',NULL,0,0,''),(35,1,'2013-05-14 10:03:21',NULL,0,0,''),(37,1,'2013-05-24 10:04:00',NULL,0,0,''),(38,1,'2013-05-20 10:05:26',NULL,0,0,''),(39,1,'2013-05-15 10:06:41',NULL,0,0,''),(40,1,'2013-04-06 10:07:40',NULL,0,0,''),(41,1,'2013-01-17 10:08:26',NULL,0,0,''),(43,1,'2013-01-16 10:10:35',NULL,0,0,''),(44,0,'2012-09-21 10:10:48',NULL,0,0,''),(45,0,'2012-09-21 10:11:48',NULL,0,0,''),(46,1,'2013-01-30 10:12:07',NULL,0,0,''),(47,0,'2011-10-04 10:12:46',NULL,0,0,''),(48,0,'2011-09-15 10:13:58',NULL,0,0,''),(49,0,'2011-04-28 14:43:10',NULL,0,0,''),(50,0,'2011-04-28 10:15:58',NULL,0,0,''),(52,1,'2014-02-06 13:02:27',NULL,0,0,''),(53,1,'2014-02-10 12:40:32',NULL,0,0,''),(54,1,'2014-02-10 13:32:53',NULL,0,0,''),(55,1,'2014-02-11 16:16:04',NULL,0,0,''),(56,1,'2014-02-12 16:24:32',NULL,0,0,''),(57,1,'2014-02-12 16:31:01',NULL,0,0,''),(58,1,'2014-02-14 16:36:40',NULL,0,0,''),(59,1,'2014-01-18 11:04:03',NULL,0,0,''),(60,1,'2014-02-12 13:02:33',NULL,0,0,''),(61,1,'2014-02-19 14:58:01',NULL,0,0,''),(62,1,'2014-02-18 15:40:00',NULL,0,0,''),(63,0,'2014-02-24 16:06:56',NULL,0,0,''),(64,1,'2014-02-24 16:25:17',NULL,0,0,''),(65,1,'2014-03-03 10:53:48',NULL,0,0,''),(66,1,'2014-03-03 16:29:53',NULL,0,0,''),(67,1,'2014-03-10 10:29:45',NULL,0,0,''),(68,1,'2014-03-10 14:50:08',NULL,0,0,''),(69,1,'2014-03-12 14:10:37',NULL,0,0,''),(70,0,'2014-03-17 16:11:34',NULL,0,0,''),(71,1,'2014-03-19 17:02:05',NULL,0,0,''),(72,1,'2014-03-27 11:03:36',NULL,0,0,''),(73,1,'2014-03-27 11:27:20',NULL,0,0,''),(74,1,'2014-04-03 14:16:01',NULL,0,0,''),(75,1,'2014-04-03 15:08:40',NULL,0,0,''),(76,0,'2014-04-08 14:26:35',NULL,0,0,''),(77,1,'2014-04-09 11:06:43',NULL,0,0,''),(78,1,'2014-04-09 13:53:26',NULL,0,0,'');
/*!40000 ALTER TABLE `cmsplugin_blog_entry` ENABLE KEYS */;
UNLOCK TABLES;

--
-- Table structure for table `cmsplugin_blog_entry_placeholders`
--

DROP TABLE IF EXISTS `cmsplugin_blog_entry_placeholders`;
/*!40101 SET @saved_cs_client     = @@character_set_client */;
/*!40101 SET character_set_client = utf8 */;
CREATE TABLE `cmsplugin_blog_entry_placeholders` (
  `id` int(11) NOT NULL AUTO_INCREMENT,
  `entry_id` int(11) NOT NULL,
  `placeholder_id` int(11) NOT NULL,
  PRIMARY KEY (`id`),
  UNIQUE KEY `entry_id` (`entry_id`,`placeholder_id`),
  KEY `cmsplugin_blog_entry_placeholders_38a62041` (`entry_id`),
  KEY `cmsplugin_blog_entry_placeholders_3e35d7b0` (`placeholder_id`),
  CONSTRAINT `entry_id_refs_id_6dfa3c91` FOREIGN KEY (`entry_id`) REFERENCES `cmsplugin_blog_entry` (`id`),
  CONSTRAINT `placeholder_id_refs_id_577a66d5` FOREIGN KEY (`placeholder_id`) REFERENCES `cms_placeholder` (`id`)
) ENGINE=InnoDB AUTO_INCREMENT=87 DEFAULT CHARSET=utf8;
/*!40101 SET character_set_client = @saved_cs_client */;

--
-- Dumping data for table `cmsplugin_blog_entry_placeholders`
--

LOCK TABLES `cmsplugin_blog_entry_placeholders` WRITE;
/*!40000 ALTER TABLE `cmsplugin_blog_entry_placeholders` DISABLE KEYS */;
INSERT INTO `cmsplugin_blog_entry_placeholders` VALUES (19,1,328),(20,2,330),(23,3,329),(24,4,331),(62,5,791),(17,6,332),(18,7,333),(34,8,760),(21,9,334),(37,10,766),(22,11,335),(39,12,768),(33,13,352),(40,14,769),(38,15,767),(42,16,771),(41,18,770),(43,20,772),(44,21,773),(45,22,774),(46,23,775),(47,24,776),(48,25,777),(49,26,778),(51,29,780),(50,30,779),(52,31,781),(25,32,342),(28,33,346),(27,34,345),(55,35,784),(26,37,343),(53,38,782),(54,39,783),(56,40,785),(30,41,340),(57,43,786),(31,44,350),(58,45,787),(29,46,349),(59,47,788),(60,48,789),(32,49,351),(61,50,790),(36,52,765),(63,53,798),(64,54,799),(65,55,800),(66,56,801),(67,57,802),(68,58,803),(69,59,804),(70,60,805),(71,61,806),(72,63,815),(73,64,816),(74,65,817),(75,66,818),(76,67,819),(77,68,820),(78,69,821),(79,71,850),(80,72,851),(81,73,852),(82,74,863),(83,75,883),(84,76,902),(85,77,903),(86,78,910);
/*!40000 ALTER TABLE `cmsplugin_blog_entry_placeholders` ENABLE KEYS */;
UNLOCK TABLES;

--
-- Table structure for table `cmsplugin_blog_entrytitle`
--

DROP TABLE IF EXISTS `cmsplugin_blog_entrytitle`;
/*!40101 SET @saved_cs_client     = @@character_set_client */;
/*!40101 SET character_set_client = utf8 */;
CREATE TABLE `cmsplugin_blog_entrytitle` (
  `id` int(11) NOT NULL AUTO_INCREMENT,
  `entry_id` int(11) NOT NULL,
  `language` varchar(2) NOT NULL,
  `title` varchar(255) NOT NULL,
  `slug` varchar(50) NOT NULL,
  `first_image` varchar(100) DEFAULT NULL,
  `excerpt` longtext,
  `main_text` longtext,
  `category_id` int(11) NOT NULL,
  PRIMARY KEY (`id`),
  KEY `cmsplugin_blog_entrytitle_38a62041` (`entry_id`),
  KEY `cmsplugin_blog_entrytitle_56ae2a2a` (`slug`),
  KEY `cmsplugin_blog_entrytitle_42dc49bc` (`category_id`),
  CONSTRAINT `entry_id_refs_id_30f515dc` FOREIGN KEY (`entry_id`) REFERENCES `cmsplugin_blog_entry` (`id`)
) ENGINE=InnoDB AUTO_INCREMENT=79 DEFAULT CHARSET=utf8;
/*!40101 SET character_set_client = @saved_cs_client */;

--
-- Dumping data for table `cmsplugin_blog_entrytitle`
--

LOCK TABLES `cmsplugin_blog_entrytitle` WRITE;
/*!40000 ALTER TABLE `cmsplugin_blog_entrytitle` DISABLE KEYS */;
INSERT INTO `cmsplugin_blog_entrytitle` VALUES (1,1,'en','OUR PLANT...','our-plant','blog/Gin_Still_Condenser_for_blog.jpg','Our main suppliers have been busy moving forward with fabricating our distillery plant, all ready to start installation on site in the spring. One of our suppliers is Musk, based near Burton on Trent, the brewing centre of the UK. They have tremendous expertise in brewing plant, and we are introducing these very high brewery standards into our distillery plant -...','<hr />\r\n<p>Our main suppliers have been busy moving forward with fabricating our distillery plant, all ready to start installation on site in the spring.</p>\r\n<p>One of our suppliers is Musk, based near Burton on Trent, the brewing centre of the UK. They have tremendous expertise in brewing plant, and we are introducing these very high brewery standards into our distillery plant - for our mashtun and washbacks. &nbsp;We are sure that this will make a difference to our final spirit, to improve its quality yet further.</p>\r\n<p>The three stills (two for the malt whisky one for gin and vodka - yes, we are going to produce a vodka as well) are being made by McMillans based near Edinburgh. &nbsp;They have a long history of making stills for the whisky industry, and ours will be beautifully crafted to our own unique design. &nbsp;Our Master Distiller, Chris Anderson, recently visited to see how they are progressing - and these are some photos of the stills and condensers as they are being made. &nbsp;Exciting times!</p>\r\n<p><a href=\"http://www.lakesdistillery.com/gallery\">Click here for photos!</a></p>',7),(2,2,'en',' THE ONE HAS CONTINUED TO RECEIVE A TREMENDOUS RESPONSE.....','one-has-continued-receive-tremendous-response','blog/IMG_0247-2.jpg','It\'s been another busy few weeks for us at The Lakes Distillery.  Our new blend, The ONE,  has continued to receive a tremendous response - you can see some of the reviews here: http://www.liv...','<p><span class=\"creation_date\">It\'s been another busy few weeks for us at The Lakes Distillery. &nbsp;Our new blend, The ONE, &nbsp;has continued to receive a tremendous response - you can see some of the reviews here:</span></p>\r\n<p><a href=\"http://www.livingroomwhisky.com/project/the-one-the-lakes-distillery/\">http://www.livingroomwhisky.com/project/the-one-the-lakes-distillery/</a></p>\r\n<p><a href=\"http://whiskyisrael.co.il/2013/11/08/the-one-british-blend-lakes-distillery/\">http://whiskyisrael.co.il/2013/11/08/the-one-british-blend-lakes-distillery/</a></p>\r\n<p><a href=\"http://www.somersetwhisky.com/index.php/review-the-one-british-blended-whisky/\">http://www.somersetwhisky.com/index.php/review-the-one-british-blended-whisky/</a></p>\r\n<p><span>You can buy The ONE through our&nbsp;<a href=\"http://www.lakesdistillery.com/shop\">website shop</a>, and soon it will also be available in some other European markets. &nbsp;I have been hopping on to planes and trains over the last few weeks, and we are set to launch very soon in France and the Netherlands - and we hope in Russia in 2014. &nbsp;The response to The ONE has been just as positive in these markets.</span></p>\r\n<p><span>We have also been developing our label design and packaging for&nbsp;<a href=\"http://www.lakesdistillery.com/brands/the-lakes-gin\">The Lakes Gin</a>&nbsp;that we will launch next spring - it looks great! &nbsp;This will be the only gin to be distilled in the Lake District, in our own still at the distillery. &nbsp;And -&nbsp;<span>latest news</span>&nbsp;- we are now planning to produce The Lakes Vodka, using the same still as we will use for gin, and the same ideal water from the river Derwent. &nbsp;So with whisky, gin and vodka we hope to keep everybody happy!</span></p>\r\n<p><span>We are also making good progress on our plant. &nbsp;Musk, who are supplying our mashtun and washbacks, are moving ahead with the fabrication, and McMillans are also progressing we</span></p>',7),(3,3,'en','THE USA AND CRAFT DISTILLING BY GAVIN D SMITH','usa-and-craft-distilling-gavin-d-smith','blog/20091028-whiskey-istock.jpg','Whisky is now made in more countries around the world than ever before, with craft/boutique/micro/artisanal  take your pick of terms  distilleries operated by passionate and committed individuals and groups from The Netherlands to New Zealand, Sweden to South Africa. There is even going to be one in the English Lakes before too long!\r\n','<p><span class=\"creation_date\">Whisky is now made in more countries around the world than ever before, with craft/boutique/micro/artisanal &ndash; take your pick of terms &ndash; distilleries operated by passionate and committed individuals and groups from The Netherlands to New Zealand, Sweden to South Africa. There is even going to be one in the English Lakes before too long!</span></p>\r\n<p>However, the greatest growth in spirit craft distilling has undoubtedly taken place in the USA, where the Kentucky and Tennessee old guard of Buffalo Trace, Heaven Hill, Jim Beam, Jack Daniels and their like are being taken on by a new breed of distiller, keen to experiment and innovate and extend the category of &lsquo;American whiskey&rsquo; way beyond anywhere it has been before.</p>\r\n<p>Firstly, some figures. According to the American Distilling Institute (ADI), which describes itself as &ldquo;The voice of artisan distilling,&rdquo; in 2003 there were 69 craft distilleries in the USA. That number has now risen to more than 400, and it is estimated by ADI that the number will grow to between 600 and 800 by then end of 2015. Although there is no legal definition, a &lsquo;craft&rsquo; distillery is usually considered to be one that produces less than 100,000 gallons of spirits in a year.</p>\r\n<p>Obviously not all of them make whiskey, with white spirits being favoured by many due to the fact that they do not require ageing, unlike whiskey, and thereby produce a much faster potential return on production costs. But at some point, most craft distillers do get to lay down some spirit to mature as whiskey, though there has also been a trend to offer unaged &lsquo;white&rsquo; corn whiskey, such as Popcorn Sutton\'s Tennessee White Whiskey and the West Virginia Distillery Company&rsquo;s (entirely legal) &nbsp;Mountain Moonshine.</p>\r\n<p>On the subject of the law, one major event which changed the landscape of US distilling forever was the period of Prohibition, which lasted from 1920 to 1933 and made the production and consumption of alcohol illegal in the USA. Not surprisingly, the ban decimated the whiskey-distilling landscape of the USA. In Kentucky alone, of the 17 operational distilleries before Prohibition, only seven re-opened after repeal, and that picture was repeated across the States. A few decades later, amalgamations and rationalisation programmes put in place by a number of large distilling corporations led to the closure of even more distilleries.</p>\r\n<p>The positive events of the last decade or so &ndash; mirroring the way that the US craft brewing movement expanded so rapidly from the 1990s - have gone some way to restoring an independent whiskey-making tradition which offers individual craftsmanship and a wide stylistic choice of products.</p>\r\n<p>Back in 2005 Tuthilltown Spirits at Gardiner in the Hudson Valley opened for business, and began distilling what was remarkably the first Bourbon in New York State and the first legal pot-distilled whiskey to be made there since Prohibition.</p>\r\n<p>Co-founder Ralph Erenzo says &ldquo;We started by distilling vodka from apples, but began experimenting with grains right away, making corn whiskey. Our first aged spirit was an experiment that turned out quite well indeed. We also realised early that whiskey was coming back, in particular the interest in straightforward aged spirits; people are just tired of the same old thing. And we copied no one.</p>\r\n<p>&ldquo;We&rsquo;re not making whiskey the &lsquo;traditional&rsquo; way, as defined for 80 years by the big whiskey producers. We are making it the way their grandfathers made it. We do all the work, hands-on, from scratch in one building.&rdquo;</p>\r\n<p>Tuthilltown&rsquo;s range of products includes the popular Hudson Baby Bourbon, Four Grain Bourbon, Manhattan Rye and Single Malt whiskey, and the quality of the whiskey in question led high-profile Scottish distiller William Grant &amp; Sons Ltd to acquire the Hudson whiskeys range in 2010, giving the Glenfiddich distiller a foothold in the US craft distilling marketplace.</p>\r\n<p>Ralph Erenzo and colleagues are experimenting with grain types such as spelt, oats and rice, and the Tuthilltown warehouses resonate to the sound of loud drum-and-bass music, intended to aid the ageing process &ndash; they call it sonic maturation!</p>\r\n<p>Meanwhile, across in Montana, the state&rsquo;s first legal whiskey distillery &ndash; RoughStock &ndash; likes to mature its RoughStock Montana Malt Whiskey, Spring Wheat, Sweet Corn and Straight Rye to the sound of Johnny Cash, which is apparently the spirit&rsquo;s favourite country music.</p>\r\n<p>Experimentation is the name of the game for many of the new generation of craft distillers, though a significant number are also recreating American classics using tradition Bourbon and rye recipes. Few distilleries are more devoted to &lsquo;pushing the envelope&rsquo; than Balcones, founded by Chip Tate at Waco in Texas during 2008, and Corsair, established by Darek Bell a year previously in Nashville, Tennessee.</p>\r\n<p>Tate&rsquo;s enterprising nature led him to produce Brimstone, which infuses corn whiskey withsmke derived from wild Texas scrub oak. He also produces a spirit called Rumble &ndash; made with distilled Texas honey, distilled mission fig spirit and turbinado sugar, matured in American oak barrels!</p>\r\n<p>At the same time, DarekBell makes whiskey fromquinoa and pumpkin-spiced moonshine, as well as more traditional elements, and is the author of Alt Whiskeys, subtitled &lsquo;Alternative whiskeys and techniques for the adventurous distiller.&rsquo; He declares that &ldquo;For a long time, all of the products coming out of the bigger boys were very much the same. All of a sudden, they\'re changing quite a bit too, and I think that\'s definitely attributable to the craft distillers.&rdquo;</p>\r\n<p>With a broader choice being offered by many of the major commercial distillers and an apparently never-ending stream of new products emanating from small-scale enterprises, there has probably never been a more exciting time for American whiskey.</p>',7),(4,4,'en','WELL, WE HAVE HAD A VERY EXCITING FEW WEEKS!','well-we-have-had-very-exciting-few-weeks','blog/The-One-Launch.gif','The highlight undoubtedly has been the launch of our new blended whisky, The ONE , which has been incredibly well received.  It all started at the Taste Cumbria Festival at the end of September, with a launch even...','<p><span class=\"creation_date\">The highlight undoubtedly has been the launch of our new blended whisky,&nbsp;<a href=\"http://www.lakesdistillery.com/brands/brand-x\">The ONE</a>, which has been incredibly well received.&nbsp; It all started at the Taste Cumbria Festival at the end of September, with a launch event at The Trout in Cockermouth, and then our sales launch at a stand at the festival.&nbsp; Our sales were way above what we anticipated &ndash; at least 10 times, and the reaction to The ONE was so positive, both in the packaging and the taste.&nbsp;</span></p>\r\n<p><span>We have made a huge effort over the last months to ensure&nbsp;<a href=\"http://www.lakesdistillery.com/brands/brand-x\">The ONE</a>&nbsp;was as perfect as we could make it.&nbsp; The blend is the first blend of British whiskies (as opposed to being only scotch), and it has been carefully and lovingly crafted by us to create what is an outstanding whisky.&nbsp;&nbsp;<a href=\"http://www.lakesdistillery.com/our%20people/our-distillery/our-people/alan-rutherford\">Alan Rutherford</a>, who is on our board and whose expertise is second to none, has played a central role in this, and we are delighted with the result.&nbsp;</span></p>\r\n<p><span>The packaging has also had a very positive reaction.&nbsp; The leading Newcastle based design agency, Hedley McEwan, developed the design, and it really is something different in the whisky market.&nbsp;</span></p>\r\n<p><span>Sales through our website have started very well, and we are now talking to partners in other markets to launch.&nbsp; So the future looks very bright for&nbsp;<a href=\"http://www.lakesdistillery.com/brands/brand-x\">The ONE</a>.&nbsp;</span></p>\r\n<p><span>Have you tried it yet?&nbsp; If you have, please do let me know what you think.</span></p>',7),(5,5,'en','MY FIRST Post ON OUR BEAUTIFUL NEW WEBSITE','my-first-post-our-beautiful-new-website','blog/Paul_Currie_Lakes_Distillery.JPG','So here it is  my first post on our beautiful new website.  I will regularly put fingers to keyboard and let you know the latest news about the distillery, and my current thoughts on the whisky and gin world.  I hope you find them entertaining! It has been a long ro...','<p><span class=\"creation_date\">So here it is &ndash; my first post on our beautiful new website. &nbsp;I will regularly put fingers to keyboard and let you know the latest news about the distillery, and my current thoughts on the whisky and gin world.&nbsp; I hope you find them entertaining!</span></p>\r\n<p>It has been a long road to make our dream of The Lakes Distillery become reality, but we are now very much on the home stretch.&nbsp; I did know before starting how many hurdles would need to be jumped, so I can&rsquo;t claim to have been surprised. But it nevertheless has been quite a challenge.&nbsp;&nbsp;</p>\r\n<p>Finding a suitable site was the key task, and we really have come up trumps with our site at Bassenthwaite.&nbsp; Do look through the various photos on our website and on our Facebook page &ndash; it really is as beautiful as it looks!&nbsp; The Victorian Model Farm where we are based is itself a gem &ndash; even without renovation it exudes history and character.&nbsp; If we had built it from scratch, it would not have been much different, as each building lends itself perfectly to our use &ndash; the wonderful barn that will be the distillery, the old byre that will be the bistro.&nbsp; Our setting so near the river Derwent, which will provide ideal water for our whisky and gin, is perfect &ndash; and we are only a few hundred metres from the only lake in the Lake District, Bassenthwaite, with Skiddaw towering above.</p>\r\n<p>Work on the plant has been progressing well, with everything now ordered &ndash; our stills from McMillans in Scotland, the rest of the plant from Musks near Burton on Trent.&nbsp; Musks have a tremendous reputation in supplying brewery plant, and we are sure that by using the latest brewing technology and plant we will produce an even better whisky.&nbsp; Our Master Distiller, Chris Anderson, has been very busy fine tuning every detail of the plant and design &ndash; this will be one of the best designed distilleries that has ever been set up!&nbsp;</p>\r\n<p>Our electricity supply is going in at the moment, so we will have a gleaming new substation ready to use in the next few weeks.&nbsp; Apologies to our neighbours who have had to put up with a traffic light system because of this work &ndash; thank you for your understanding!</p>\r\n<p>So exciting times lie ahead of us.&nbsp; Next year The Lakes Distillery will start production and our Visitor Centre will open.&nbsp; We can&rsquo;t wait.</p>',7),(6,6,'en','Work Is Underway On Stills For Lakes Distillery','work-underway','blog/New__Star.jpg','Monday, 16th December 2013 ','<p style=\"text-align: justify;\"><span>CRAFTSMEN have started making copper stills for the new Lakes Distillery, and construction work on site is due to begin in January.</span></p>\r\n<p style=\"text-align: justify;\"><span>Made to measure: A craftsman at specialist fabricator McMilllan, near Edinburgh, at work on one of the new stills (Main pic)</span></p>\r\n<p style=\"text-align: justify;\"><span><img style=\"vertical-align: text-top; margin: 5px;\" src=\"/media/files/wash_still_head.jpg\" alt=\"\" width=\"544\" height=\"428\" />A consortium of private investors led by Paul Currie, a co-founder of the Isle of Arran Distillery, is converting a Victorian farm at Setmurthy, near Bassenthwaite, into a &pound;2.5m distillery.</span></p>\r\n<p style=\"text-align: justify;\">The aim is to start production of <a href=\"/brands/lakes-malt/\">malt whisky</a>,&nbsp;<a href=\"/brands/lakes-gin/\">gin</a>&nbsp;and vodka by the spring of 2014.</p>\r\n<p style=\"text-align: justify;\"><span>Three copper stills &ndash; in which the spirits will be distilled &ndash; are being produced to a unique design by McMillan, a specialist fabricator at Prestonpans near Edinburgh.</span></p>\r\n<p style=\"text-align: justify;\"><span>The company has been supplying stills to the Scottish whisky industry for more than 100 years.</span></p>\r\n<p style=\"text-align: justify;\"><span>Other plant and equipment is coming from Musk, of Burton-on-Trent, which has a long track record of working with breweries.</span></p>\r\n<p style=\"text-align: justify;\"><span>Mr Currie said: &ldquo;We have taken great care to find suppliers who are the very best in their field and this will ultimately be evident in the quality of the spirits we produce &ndash; they will be exceptional.</span></p>\r\n<p style=\"text-align: justify;\"><span>&ldquo;Work to develop the distillery site will commence in January and we are well on schedule to start distilling Cumbria&rsquo;s first malt whisky for more than 100 years. We&rsquo;ve also been busy installing webcams so that people can view our progress.&rdquo;</span></p>\r\n<p style=\"text-align: justify;\"><span>The project includes a visitor centre with bar, bistro and shop. Production is expected to reach 300,000 bottles a year &ndash; although the distillery will have the capacity to produce 1m bottles &ndash; and the site should support 27 jobs.</span></p>\r\n<p style=\"text-align: justify;\"><span>Although production has yet to start, the Lakes Distillery launched its first whisky at the Taste Cumbria food event in Cockermouth in September.&nbsp;<a href=\"/brands/the-one\">The One</a>&nbsp;is a blend of grain and malt whiskies from other British distilleries. The distillery has also launched an exclusive&nbsp;<a href=\"/members/founders-club\">founders&rsquo; club</a>&nbsp;for whisky enthusiasts, limited to 2,975 members.</span></p>\r\n<p style=\"text-align: justify;\"><span>They will receive one 70cl bottle each year for the first 10 years, starting in 2015, drawn from the distillery&rsquo;s initial production. Whisky from these casks will not go on general sale.</span></p>\r\n<p style=\"text-align: justify;\"><span>Members will also receive two miniatures each year so they can taste the spirit as it develops.&nbsp;<a href=\"/shop/product/founders-club-uk-delivery/\">Memberships cost &pound;595</a>.</span></p>\r\n<p style=\"text-align: justify;\"><span><a href=\"http://www.newsandstar.co.uk/news/business/work-underway-on-stills-for-lakes-distillery-1.1105098\">http://www.newsandstar.co.uk/news/business/work-underway-on-stills-for-lakes-distillery-1.1105098</a></span></p>',131),(7,7,'en','RAISING A GLASS TO NEW TIPPLE - 4TH DECEMBER - NORTH WEST EVENING MAIL','raising-glass','blog/North_West_Evening_Mail_3.jpg','Wednesday, 4th December 2013','<p style=\"text-align: justify;\">THE first-ever English blended premium whisky, made at a distillery near Bassenthwaite, was been launched in Cockermouth on the eve of the festival.</p>\r\n<p style=\"text-align: justify;\">IN THE MIX: Paul Currie, managing director of the Lakes Distillery Company at the launch of&nbsp;<a href=\"http://ld.lidemo.co.uk/shop/product/the-one-70cl-in-cylinder/\">The ONE</a></p>\r\n<p style=\"text-align: justify;\">THE first-ever English blended premium whisky, made at a distillery near Bassenthwaite, was been launched in Cockermouth on the eve of the festival.</p>\r\n<p style=\"text-align: justify;\">The Lakes Distillery, based in a converted Victorian farm in Setmurthy, revealed its first product,&nbsp;<a href=\"http://ld.lidemo.co.uk/shop/product/the-one-70cl-in-cylinder/\">The ONE</a>.</p>\r\n<p style=\"text-align: justify;\">Dignitaries, business owners and whisky society members were invited to the unveiling of the 40 per cent whisky, at the Trout Hotel.</p>\r\n<p style=\"text-align: justify;\">Paul Currie, managing director, said: &ldquo;We wanted to create a really interesting high-quality whisky. It&rsquo;s something for Cumbria to be proud of.</p>\r\n<p style=\"text-align: justify;\">&ldquo;Being a new Cumbrian company it&rsquo;s great to be launching at Taste Cumbria.&rdquo;</p>\r\n<p style=\"text-align: justify;\">The company will export the whisky to countries in Europe and Asia.</p>\r\n<p style=\"text-align: justify;\">Mr Currie led a whisky masterclass during the festival and the company had a stall selling&nbsp;<a href=\"http://ld.lidemo.co.uk/shop/product/the-one-70cl-in-cylinder/\">The ONE</a>.</p>\r\n<p style=\"text-align: justify;\">The Lakes Distillery is Cumbria&rsquo;s first whisky distillery for over 100 years. It will start producing malt whisky and gin next spring and also plans to open a visitors&rsquo; centre.</p>\r\n<p style=\"text-align: justify;\"><a href=\"http://www.nwemail.co.uk/news/barrow/2.5902/raising-a-glass-to-new-tipple-1.1102580\">http://www.nwemail.co.uk/news/barrow/2.5902/raising-a-glass-to-new-tipple-1.1102580</a></p>',131),(8,8,'en','ONE TO WATCH - 25TH NOVEMBER 2013 - LUXE MAGAZINE','one-watch-25th-november-2013-luxe-magazine','blog/Luxe_Magazine.jpg','Monday, 25th November 2013','<p><a href=\"http://issuu.com/room501/docs/luxe_nov-dec13?e=8834296/5676487\">http://issuu.com/room501/docs/luxe_nov-dec13?e=8834296/5676487</a></p>',131),(9,9,'en','REVIEW: THE ONE  BRITISH BLENDED WHISKY - SOMERSET WHISKY BLOG','review-one-','','Today Im reviewing The One, a British Blended Whisky from The Lakes Distillery, a new distillery about to take shape in Cumbria. Official blurb reads as such: The One is a unique blend of exceptional whiskies from the British Isles, each has its own distinctive characterist','<p><span>Today I&rsquo;m reviewing &ldquo;The One&rdquo;, a British Blended Whisky from The Lakes Distillery, a new distillery about to take shape in Cumbria.</span></p>\r\n<p><span><strong>Official&nbsp;blurb reads as such:</strong>&nbsp;The One is a unique blend of exceptional whiskies from the British Isles, each has its own distinctive characteristics, resulting in a whisky of intriguing complexity.</span></p>\r\n<p><span>There are now distilleries producing whisky across the British Isles, and this has led us to create an entirely new concept in blended whiskies &ndash; a British Isles Blend.<br />To create &lsquo;The One&rsquo;, we have searched far and wide to bring together a range of very special whiskies from the British Isles. These have been blended with great care and passion to create a perfectly balanced whisky.</span></p>\r\n<p><strong>Official Tasting Notes:&nbsp;</strong><span>Slightly smoky, sweet and fruity, nutty, with hints of spice.</span></p>\r\n<p><strong>Now on to my review&hellip;</strong></p>\r\n<p><span>The One &ndash; British Blended Whisky / The Lakes Distillery &ndash; 40%</span></p>\r\n<p><span><strong>Colour:</strong>&nbsp;An honest looking light gold.</span></p>\r\n<p><span><strong>Nose:</strong>&nbsp;Malty, cream and vanilla toffee, hints of smoke and hints of north eastern costal promise. Fairly complex, goes one way and then another. Some autumn spiced apples.</span></p>\r\n<p><span><strong>Palate:</strong>&nbsp;The palate isn&rsquo;t too far away from the nose, it&rsquo;s fairly thick, just like the cream and toffee notes lead you to hope. It&rsquo;s nicely sweet and well balanced, it&rsquo;s great to hold on your tongue for a while and to enjoy rolling around. Rather like a Werther&rsquo;s Original caramel sweet.</span></p>\r\n<p><span><strong>Finish:</strong>&nbsp;Warming and oily, thickly creamy with vanilla notes and smoky hints lasting out, fruits and wood lasting even longer still.</span></p>\r\n<p><span><strong>Thoughts:</strong>&nbsp;A really quality blend this, crafted with obvious love. If the output of the yet-to-be-built distillery is crafted with the love this that has then I rather think we have exciting times ahead for another English born whisky (producers of which are still countable on one hand). It&rsquo;s a slight shame that this is assumedly chill-filtered, it would really be quite something if it weren&rsquo;t and was presented at 46% ABV. Maybe for another release in the future?</span></p>\r\n<p><strong>Score: 87</strong></p>\r\n<p><a href=\"http://www.somersetwhisky.com/index.php/review-the-one-british-blended-whisky/\">http://www.somersetwhisky.com/index.php/review-the-one-british-blended-whisky/</a></p>',178),(10,10,'en','The Lakes distillery is a very exciting new whisky distillery that is in the processes of building in one of the nicest places on earth (in the UK, that is, ok?), and it is going to be the first distillery built there for the last 100 years or so. I reall','lakes-distillery-','','The Lakes distillery is a very exciting new whisky distillery that is in the processes of building in one of the nicest places on earth (in the UK, that is, ok?), and it is going to be the first distillery built there for the last 100 years or so. I really wanted to visit the distillery location','<p><span><span>The Lakes distillery is a very exciting new whisky distillery that is in the processes of building in one of the nicest places on earth (in the UK, that is, ok?), and it is going to be the first distillery built there for the last 100 years or so. I really wanted to visit the distillery location last August when I was in the Lakes District with the family, but schedule issues with both me and Paul who was very nice and inviting, made it quite impossible at the time.&nbsp; Anyways, the distillery is not running yet but is scheduled to start distilling this spring (2014), It shall first release a Gin, and open its gates for visitors in the visitor centre, as well as a shop, a restaurant and bar. Sounds like a wonderful place to visit next time you&rsquo;re there.</span></span></p>\r\n<p><span><span>They have not really distilled anything yet, but have created their first prodcut already, in the form of a Blended whisky, A British whisky that is. What does that really mean? Essentially that the whiskies used are all distilled in the British Isles , not sure what really goes into that but there are some hints you can use to figure that out if you&rsquo;re really into that&hellip;</span></span></p>\r\n<p><span><span>The bottle looks lovely too, but let&rsquo;s see what&rsquo;s inside&hellip;</span></span></p>\r\n<p><span><span><a href=\"/shop\">The One Blended whisky, 40% , &pound;29.95</a></span></span></p>',131),(11,11,'en','THE ONE','the-one','blog/Living_Room_Whisky_1.jpg','Wednesday, 6th November 2013','<p style=\"text-align: justify;\">We&rsquo;re particularly excited about the plans for the first distillery to be built in the Lake District for over 100 years. So excited in fact that we couldn&rsquo;t even wait for it to be built and have already visited the site and had a chat with the lovely managing director Paul Currie.&nbsp;</p>\r\n<p style=\"text-align: justify;\">A lot has happened since we last visited the distillery; and that includes the launch of a brand new blended whisky that we&rsquo;ll discuss shortly. Renovation work is starting this month with production scheduled to begin in Spring 2014. Following this the Lakes Gin will be released and the distillery will accept visitors to its visitor centre, shop, bistro and bar from the summer. All in all its exciting times up at Bassenthwaite and we&rsquo;re looking forward to getting back up there to check on progress!</p>\r\n<p style=\"text-align: justify;\"><span style=\"text-decoration: underline;\">The One</span></p>\r\n<p style=\"text-align: justify;\">With production not beginning until next year we were surprised to see a whisky being launched by the Lakes Distillery in Autumn 2013. It was however a lovely surprise, unlike the horror of opening a Christmas gift to discover that yet again your clever relative managed to stuff some socks into a particularly rare and sadly empty malt bottle. This whisky is a blend created from whiskies from around the British Isles. There is no information as to the constituent parts but we could take some educated guesses on some components based upon their geography! It would be remiss not to mention the bottle itself &ndash; the design is simple and gorgeous and based on looks alone would grace any decent whisky shelf. However, what we&rsquo;re really interested in is the spirit. The One is a blended whisky, bottled at 40% and here is what we thought.</p>\r\n<p style=\"text-align: justify;\">The&nbsp;nose&nbsp;begins with a lovely&nbsp;creamy sweet vanilla&nbsp;fudge&nbsp;note. We&rsquo;re then off on a journey around the Isles as we&rsquo;re treated to a floral bouquet&nbsp;with top notes of&nbsp;heather&nbsp;and&nbsp;honey.&nbsp;White grapes come through strongly only to be tempered by&nbsp;icing sugar&nbsp;and rather interestingly &ndash; some&nbsp;cumin seeds!</p>\r\n<p style=\"text-align: justify;\">The&nbsp;palate&nbsp;is light and&nbsp;vibrant&nbsp;with an almost&nbsp;hoppy&nbsp;like taste. There is a lot of&nbsp;spice&nbsp;and&nbsp;salt&nbsp;on the tip of the tongue, with some cayenne&nbsp;further back in the mouth.&nbsp;Grapes&nbsp;and&nbsp;coriander leaves&nbsp;are briefly present before a&nbsp;golden syrup&nbsp;and&nbsp;custard&nbsp;like sweetness takes over and fills the mouth. The whisky finishes with a flourish; lots of lingering spice and heat with an abundance of&nbsp;white chocolate chips.</p>\r\n<p style=\"text-align: justify;\">The One is a good solid blend and well worth considering as we move into the winter months. Now, obviously it hasn&rsquo;t been distilled by the Lakes Distillery but if this is the care and attention they&rsquo;re putting in to their products, and having seen the care and attention that&rsquo;s going into their site, we&rsquo;re now even more excited about the first spirits to run off their stills! 2014 will be an exciting time for a remote corner of Cumbria, so get involved early and enjoy the first release from a distillery that we hope will be doing fabulous things for English whisky in 2014 and beyond.</p>\r\n<p style=\"text-align: justify;\"><a href=\"http://www.livingroomwhisky.com/project/the-one-the-lakes-distillery/\">Living Room Whisky</a></p>',131),(12,12,'en','MINE\'S AN ENGLISH ','mines-english','blog/The_Economist.jpg','Saturday, 12th October 2013','<p style=\"text-align: justify;\">WITH its lofty peaks, peaty water and the steady drip of rain on heather, Bassenthwaite seems an ideal place to make whisky. The nearest Scotch distillery is just 60 miles away. But when the Lakes Distillery, which has just been given planning permission, bottles its first casks of single malt in a few years&rsquo; time, strict EU rules will make it something quite different. It might look like Scotch and taste like Scotch, but the dram will be English.</p>\r\n<p style=\"text-align: justify;\">&ldquo;It was a stroke of genius coining &lsquo;Scotch&rsquo; for a drink that can be made successfully anywhere,&rdquo; says Andrew Nelstrop, a Norfolk farmer who in 2006 opened England&rsquo;s first new distillery for more than a century. With the help of a former Laphroaig distiller&mdash;a contribution more crucial than any amount of peat or rainfall&mdash;St George&rsquo;s Distillery now sells its English Whisky Company single malts to supermarkets in England, distributors overseas, and even in Scotland. In December Adnams, a Suffolk brewer, will bottle whisky that has been sitting in casks for three years&mdash;the time it takes for the European Union to recognise fermented cereal mash as whisky. The London Distillery Company in Battersea is soon to start barrelling a single malt aimed at young urbanites.</p>\r\n<p style=\"text-align: justify;\">When that happens, England will have roughly the same number of whisky distilleries as it did in the 19th century. The reasons they closed are murky: a scarcity of equipment as Scottish whisky took off probably played a part. But the resurgence of English whisky is no mystery. Global demand is surging. In emerging economies it is the high-status tipple for a burgeoning middle class. Growth is strong even in mature markets like America. Over the last decade exports of Scotch have risen by 87%, reaching &pound;4.3 billion ($7 billion) in 2012.</p>\r\n<p style=\"text-align: justify;\">Progress on free trade could drive sales much higher. In India, which drinks almost as much whisky as the rest of the world put together, tariffs of 150% have long put imported whisky beyond most drinkers&rsquo; reach. But with the EU hoping to win a tariff reduction under a free-trade agreement with the subcontinent, imbibers of cheap domestic brands such as Bagpiper and Antiquity may soon be able to enjoy whiskies made in, or close to, Scotland.</p>\r\n<p style=\"text-align: justify;\"><a href=\"http://www.economist.com/news/britain/21587838-mines-english\">The Economist</a></p>',131),(13,13,'en','THE LAKES DISTILLERY LAUNCH IT\'S FIRST WHISKY','lakes-distillery','blog/Todo_Whisky.jpg','Friday, 4th October 2013','<p style=\"text-align: justify;\">Do you remember&nbsp;The Lakes Distillery?</p>\r\n<p style=\"text-align: justify;\">On May 21 we told as&nbsp;Paul Currie&nbsp;, co-founder of Isle of Arran, was to open a<span style=\"color: #000000;\">&nbsp;<span style=\"color: #000000;\">new distillery in the Lake District</span>&nbsp;&nbsp;in&nbsp;<span style=\"color: #000000;\">Cumbria</span>&nbsp;</span>, northwest England.</p>\r\n<p style=\"text-align: justify;\">Now, sooner than they had anticipated, The Lakes Distillery has announced their first&nbsp;blend&nbsp;, called \"&nbsp;The One&nbsp;\", the first whiskey created in that area&nbsp;for over 100 years&nbsp;.&nbsp;According to the distiller, The One has merged with walnut smoked sweet and fruity flavors, with notes of spice.&nbsp;</p>\r\n<p style=\"text-align: justify;\">The new blend will be available in the&nbsp;online store of the distillery&nbsp;(have not yet built a visitor center) or at various retail stores in Britain.&nbsp;In addition, the distillery claims to already have the support of various European and Asian distributors, so maybe The One can get to Spain.&nbsp;Its suggested retail price is about&nbsp;35 euros.</p>\r\n<p style=\"text-align: justify;\">As we advance, The Lakes Distillery has created a&nbsp;<a href=\"/members/founders-club\">Founders Club</a>&nbsp;, which gives the opportunity to purchase one of the first 100 barrels of this new distillery.&nbsp;Thus, from 2015 each year for a total of 10 members of the club will receive a 70cl bottle of whiskey that is already getting old.&nbsp;</p>\r\n<p style=\"text-align: justify;\">Finally The Lakes Distillery has also dated the release of their&nbsp;single malt&nbsp;called&nbsp;<a href=\"/brands/the-lakes-malt\">The Lakes Malt</a>&nbsp;, to be launched in 2019.</p>\r\n<p style=\"text-align: justify;\"><a href=\"http://todowhisky.es/2013/10/the-lakes-distillery-lanza-su-primer-whisky/\">Todo Whisky Blogger</a></p>',131),(14,14,'en','LAKES DISTILLERY PRODUCE FIRST BRITISH BLENDED WHISKY ','lakes-distillery-produces-first-british-blended','blog/Harpers.jpg','Monday, 7th October 2013','<p><a href=\"http://www.harpers.co.uk/news/lakes-distillery-to-produce-first-british-blended-whisky/350218.article\">http://www.harpers.co.uk/news/lakes-distillery-to-produce-first-british-blended-whisky/350218.article</a></p>',131),(15,15,'en','FIRST EVER BRITISH BLENDED WHISKY RELEASED','first-ever-british-whisky-released','blog/The_Spirits_Business_1.jpg','Wednesday, 2nd October 2013','<p style=\"text-align: justify;\">A&nbsp;UK distillery has created the first British blended whisky, bringing together a range of whiskies from the British Isles.</p>\r\n<p style=\"text-align: justify;\">While the Scotch market is brimming with blended malts, The One is the first British blended whisky</p>\r\n<p style=\"text-align: justify;\">The Lakes Distillery, Cumbria&rsquo;s first whisky distillery for over 100 years, has launched The One British blended whisky, an expression described as &ldquo;slightly smoky, sweet and fruity, nutty, with hints of spice&rdquo;.</p>\r\n<p style=\"text-align: justify;\">The One will be sold in The Lakes Distillery online shop as well as a small number of outlets in the UK.</p>\r\n<p style=\"text-align: justify;\">The distillery has also announced that it will be looking to develop the brand in export markets and is in discussions with partners in a number of markets in Europe and Asia.</p>\r\n<p style=\"text-align: justify;\">Paul Currie, managing director of The Lakes Distillery, said: &ldquo;We have kept the bottle, branding and even the name of The One tightly under wraps so we were incredibly proud to launch it at last.</p>\r\n<p style=\"text-align: justify;\">&ldquo;The One and The Lakes Distillery are very strong Cumbrian brands and we hope to build on this in both national and international markets so that both become synonymous with Cumbria.&rdquo;</p>\r\n<p style=\"text-align: justify;\">In addition to this launch, The Lakes Distillery will be looking to start distilling its own Cumbrian malt whisky and gin next spring.</p>\r\n<p style=\"text-align: justify;\">The spirits producer has recently created a &lsquo;Founders&rsquo; Club&rsquo;, where members will receive a bottle of maturing whisky from the first 100 casks of Lakes Malt every year for 10 years from 2015.</p>\r\n<p><a href=\"http://www.thespiritsbusiness.com/2013/10/first-ever-british-blended-whisky-released/\">The Spirits Business</a></p>',131),(16,16,'en','THE LAKES DISTILLERY LAUNCHES THE FIRST BRITISH BLENDED WHISKY ','lakes-distillery-launches-the-first-britsh-blended','blog/Cumbria_24_2.jpg','Monday, 30th September 2013','<p style=\"text-align: justify;\">The Lakes Distillery, Cumbria&rsquo;s first whisky distillery for over 100 years, launched its inaugural product last week; A British Isles blend named &lsquo;The One&rsquo;.&nbsp;</p>\r\n<p style=\"text-align: justify;\">Over 50 guests came together to celebrate the launch in a marquee on the grounds of Cockermouth&rsquo;s Trout Hotel.&nbsp; The unique, contemporary bottle and branding of The One was unveiled by Paul Currie, Managing Director of The Lakes Distillery, before guests were treated to a tasting of the blend, followed by a lunch of Cumbrian tapas and a tour of the distillery site near Bassenthwaite.</p>\r\n<p style=\"text-align: justify;\">The One, the very first British blended whisky, brings together a range of exceptional whiskies from around the British Isles.&nbsp; Each has its own distinctive characteristics, melded with great care and passion to create a perfectly balanced whisky of intriguing complexity; slightly smoky, sweet and fruity, nutty, with hints of spice.</p>\r\n<p style=\"text-align: justify;\">Paul Currie said:<br />&ldquo;We have kept the bottle, branding and even the name of The One tightly under wraps so we were incredibly proud to officially launch it at last. The One and The Lakes Distillery are very strong Cumbrian brands and we hope to build on this in both national and international markets so that both become synonymous with Cumbria.</p>\r\n<p style=\"text-align: justify;\">&ldquo;The next step for us now is the development of our site at Setmurthy and preparing to start production of The Lakes Malt and The Lakes Gin in Spring next year. This is a very exciting time.&rdquo;</p>\r\n<p style=\"text-align: justify;\">The Lakes Distillery is idyllically housed in a former Victorian model farm in a spectacular secluded setting.&nbsp; By next summer the characterful site will also include a visitor centre offering supervised distillery tours, a bistro, bar and shop, creating over 30 jobs and making it a key Lake District attraction.</p>\r\n<p style=\"text-align: justify;\"><a href=\"http://www.cumbria24.com/lake-district/2013/09/30/lakes-distillery-launches-first-british-blended-whisky?quicktabs_news_feeds=0\">Cumbria 24</a></p>',131),(18,18,'en','ENGLISH DISTILLERY PRODUCES THE VERY FIRST BRITISH BLENDED WHISKY ','english-distillery-produces-first-british-blend','blog/SYS_Media.jpg','Monday, 30th September 2013','<p style=\"text-align: justify;\">The Lakes Distillery, Cumbria\'s first whisky distillery for over 100 years, has created an entirely new concept in blended whiskies for its inaugural product: A British Isles blend.</p>\r\n<p style=\"text-align: justify;\">There is a host of Scotch blends on the market, but \'The One\', the very first British blended whisky, brings together a range of exceptional whiskies from around the British Isles. Each has its own distinctive characteristics, melded with great care and passion to create a perfectly balanced whisky of intriguing complexity; slightly smoky, sweet and fruity, nutty, with hints of spice.<br /><br />The One will be sold in The Lakes Distillery\'s online shop and in a small number of carefully chosen outlets in the UK. The distillery will place a great emphasis on developing the brand in export markets and is already in discussions with partners in a number of markets in Europe and Asia.<br /><br />The Lakes Distillery, idyllically housed in a secluded former Victorian model farm in the Lake District, will make the most of Cumbria\'s perfect whisky producing conditions and will start distilling its own Cumbrian malt whisky and gin in Spring next year. The characterful site will also include a visitor centre offering supervised distillery tours, a bistro, bar and shop.<br /><br />As well as launching The One, the innovative distillery has created a unique Founders\'\' Club, providing a one-off chance to obtain whisky from its first 100 casks of Lakes Malt. Each year for ten years from 2015, members will receive a 70cl bottle of the maturing whisky, each with a limited edition label, forming a rare collection of The Lakes Distillery\'s first ever production.<br /><br />Founders\' Club members will be provided with two miniatures each year allowing them to taste the spirit as it develops into a wonderful single malt whisky. Delivery of the first bottle will be in 2015 and these casks are exclusively for Founders\' Club members.<br /><br />Overseen by Paul Currie, co-founder of the award-winning Arran Distillery and Alan Rutherford, former Production Director at Diageo, The Lakes Distillery\'s tremendous whisky expertise has led to the successful creation of The One and the future Lakes Malt.</p>\r\n<p style=\"text-align: justify;\"><a href=\"http://www.sys-con.com/node/2814985\">SYS Media</a></p>',131),(20,20,'en','WEST CUMBRIAN WHISKY IS LAUNCHED','west-cumbrian-whisky-is-launched','blog/Times__Star_2.jpg','Friday, 27th September 2013','<p style=\"text-align: justify;\">The first ever British blended premium whisky, made at a distillery near Bassenthwaite, was launched in Cockermouth yesterday.</p>\r\n<p style=\"text-align: justify;\">The Lakes Distillery, based at a converted Victorian farm in Setmurthy, revealed its first product, The One, at the Trout Hotel on the eve of the Taste Cumbria Food Festival.</p>\r\n<p style=\"text-align: justify;\">Dignitaries, business owners and whisky society members were invited to the unveiling of the 40 per cent proof whisky.</p>\r\n<p style=\"text-align: justify;\">Paul Currie, managing director, said: &ldquo;We wanted to create a really interesting high quality whisky. It&rsquo;s something for Cumbria to be proud of.</p>\r\n<p style=\"text-align: justify;\">&ldquo;Being a new Cumbrian company, it&rsquo;s great to be launching at Taste Cumbria.&rdquo;</p>\r\n<p style=\"text-align: justify;\">He said that the company will export its whisky to countries in Europe and Asia.</p>\r\n<p style=\"text-align: justify;\">Mr Currie will lead a whisky masterclass during the food festival and the company will have a stall selling The One.</p>\r\n<p style=\"text-align: justify;\">John Simmons, 67, of Southwaite, near Cockermouth, who is honorary president of the Crusty Bones whisky society based in Cockermouth, said: &ldquo;It&rsquo;s excellent. I was really surprised to find out it was a blended whisky rather than a single malt.&rdquo;</p>\r\n<p style=\"text-align: justify;\">Julie Watson, owner of Cockermouth Sweet Shop on Main Street, said: &ldquo;It&rsquo;s an amazing whisky and I am sure it will do really well.&rdquo;</p>\r\n<p style=\"text-align: justify;\">Kate Parry, general manager at Cockermouth&rsquo;s Kirkgate Centre, said: &ldquo;I think it&rsquo;s beautiful. I am really proud that it&rsquo;s going to be produced so close to Cockermouth. It&rsquo;s a really great achievement.&rdquo;</p>\r\n<p style=\"text-align: justify;\">The Lakes Distillery is Cumbria&rsquo;s first whisky distillery for over 100 years.</p>\r\n<p style=\"text-align: justify;\">It will start producing malt whisky and gin next spring and plans to open a visitors&rsquo; centre.</p>\r\n<p style=\"text-align: justify;\"><a href=\"http://www.timesandstar.co.uk/news/other/west-cumbrian-whisky-is-launched-1.1087529\">The Times &amp; Star</a></p>',131),(21,21,'en','FIRST WHISKY FROM NEW LAKES DISTILLERY ','first-whisky-from-new-lakes-distillery','blog/North_West_Evening_Mail_2.jpg','Friday, 20th September 2013','<p style=\"text-align: justify;\">The Lakes Distillery launches its first whisky next week as part of the Taste Cumbria food festival in Cockermouth.</p>\r\n<p style=\"text-align: justify;\">A consortium of private investors led by Paul Currie, a co-founder of the Isle of Arran Distillery, is converting a Victorian farm at Setmurthy, near Bassenthwaite, into a &pound;2.5m distillery.</p>\r\n<p style=\"text-align: justify;\">Building work should start next month and it aims to produce malt whisky and gin from next spring.</p>\r\n<p style=\"text-align: justify;\">A visitor centre with bar, bistro and shop will follow later in the year. Production is expected to reach 300,000 bottles a year &ndash; although the distillery will have the capacity to produce a million bottles &ndash; and the site should support 27 jobs.</p>\r\n<p style=\"text-align: justify;\">The first product to be released under the Lakes Distillery brand is a blend of grain and malt whiskies from other British distilleries. It is described as &ldquo;a unique blend of exceptional whiskies&rdquo; that together create &ldquo;a whisky of intriguing complexity&rdquo;.</p>\r\n<p style=\"text-align: justify;\">The name and packaging are being kept under wraps until the launch at Cockermouth&rsquo;s Trout Hotel next Thursday.</p>\r\n<p style=\"text-align: justify;\">Mr Currie, managing director of the business, said: &ldquo;The Lakes Distillery is an intrinsically Cumbrian brand and we are immensely proud of our Cumbrian home.</p>\r\n<p style=\"text-align: justify;\">&ldquo;Our whiskies will, after all, be a product of our remarkable landscape, so it seemed only fitting that we chose Cumbria&rsquo;s leading food festival as the place to launch our first creation.&rdquo;</p>\r\n<p style=\"text-align: justify;\">He will lead a whisky masterclass next Saturday, as part of Taste Cumbria, providing tastings, an insight into the world of whisky and an opportunity to sample the new blend.</p>\r\n<p style=\"text-align: justify;\">Meanwhile, the Lakes Distillery has launched a founders&rsquo; club for enthusiasts. Members receive one 70cl bottle each year for the first 10 years, starting in 2015, drawn from the distillery&rsquo;s initial production.</p>\r\n<p style=\"text-align: justify;\">Whisky from these casks will not be on sale to the general public. They also receive two miniatures each year so they can taste the spirit as it develops. Memberships costs &pound;595.</p>\r\n<p style=\"text-align: justify;\">The Lakes Distillery aims to build on the huge commercial success of Scottish malt whisky &ndash; exports were worth &pound;4.27bn last year, representing a quarter of Britain&rsquo;s food and drink exports.</p>\r\n<p style=\"text-align: justify;\"><a href=\"http://www.nwemail.co.uk/first-whisky-from-new-lakes-distillery-1.1086010\">North West Evening Mail</a></p>',131),(22,22,'en','NEW WHISKY SET TO BE CREATED AT A BASSENTHWAITE DISTILLERY','new-whisky-set-to-be-created-at-bassenthwaite-dist','blog/The_Journal_1.jpg','Thursday, 19th September 2013','<p style=\"text-align: justify;\">The Lakes Distillery, at Bassenthwaite, which has just won planning permission, is a &pound;2.5m venture by a consortium of investors headed by Nigel Mills and Paul Currie.</p>\r\n<p style=\"text-align: justify;\">A news whisky is being created at a distillery about to be built in the heart of the Lake District.</p>\r\n<p style=\"text-align: justify;\">The Lakes Distillery, at Bassenthwaite, which has just won planning permission, is a &pound;2.5m venture by a consortium of investors headed by Nigel Mills and Paul Currie and anticipated to employ 27 people.</p>\r\n<p style=\"text-align: justify;\">Mills founded the Whitley Bay-based Mills Group before selling the business to Tesco for more than &pound;20m in 2011, while Currie is co-founder of award-winning Isle of Arran distillery in Scotland.</p>\r\n<p style=\"text-align: justify;\">The pair aim to produce the equivalent of 300,000 bottles of single malt whisky per year at the distillery, housed in a converted model farm on the edge of picturesque Bassenthwaite near Keswick.</p>\r\n<p style=\"text-align: justify;\">Building work will begin next month and is due to be completed in 2014.</p>\r\n<p style=\"text-align: justify;\">Mills said: &ldquo;We&rsquo;ve put a board together comprising myself, Paul, my former finance director at Mills Group, Martin Stokoe, and Gary Thornton.</p>\r\n<p style=\"text-align: justify;\">&ldquo;We&rsquo;ve managing to raise between &pound;1m and &pound;2m and we&rsquo;ve also received some European grant funding to get the business started.&rdquo;</p>\r\n<p style=\"text-align: justify;\">Currie added: &ldquo;We are embarking on an exciting new venture to create a world-class, single malt whisky at the heart of the Lake District.</p>\r\n<p style=\"text-align: justify;\">&ldquo;As co-founder of the award-winning Arran Distillery in Scotland, I have more than 20 years&rsquo; experience of the whisky industry. However, this new project, which will see whisky produced in the Lake District for the first time in 200 years, has really fired my imagination - not least because the area we have chosen possesses the finest natural ingredients.&rdquo;</p>\r\n<p style=\"text-align: justify;\">The water the distillery is planned to use has its source at Sprinkling Tarn and is of unparalleled purity, Currie said, while the mountain air and the peaty foothills of iconic Scafell Pike will combine to create a lightly peated malt.</p>\r\n<p style=\"text-align: justify;\">The site will also house a visitor centre with a bar, bistro and shop, each aimed at showcasing locally-sourced Cumbrian produce with regular tours for visitors, and development will be undertaken using environmentally-friendly and sustainable materials,</p>\r\n<p style=\"text-align: justify;\">Mills said: &ldquo;There is only one other whisky distillery in England and that&rsquo;s in Norfolk but it is very much a smaller operation to what we are trying to do in the Lake District.&rdquo;</p>\r\n<p style=\"text-align: justify;\">The Lakes Distillery team is comprised of a consortium of experienced investors and some of the whisky industry&rsquo;s leading authorities, with Alan Rutherford, former production director at Diageo and Council Member of the Scotch Whisky Association, overseeing the operation.</p>\r\n<p style=\"text-align: justify;\">The distilling plant uses the industry&rsquo;s latest technology while the copper stills will be made to a unique design and a range of different casks will be used to ensure that the spirit is perfectly matured.</p>\r\n<p style=\"text-align: justify;\"><a href=\"http://www.thejournal.co.uk/business/business-news/new-whisky-set-created-bassenthwaite-6062241\">The Journal</a></p>',131),(23,23,'en','FIRST PRODUCT FROM THE LAKES DISTILLERY TO BE LAUNCHED AT TASTE CUMBRIA ','first-product-from-lakes-distillery-launched','blog/Cumbria_24_1.jpg','Monday, 2nd September 2013','<p style=\"text-align: justify;\"><strong>The Lakes Distillery will launch its very first product &ndash; a unique premium blended whisky - at the Taste Cumbria food festival in Cockermouth this September.</strong></p>\r\n<p style=\"text-align: justify;\">The blended whisky, which will be available to buy at The Lakes Distillery&rsquo;s festival stand, will be the first ever&nbsp;<a href=\"http://213.175.215.219/~lakes2/brands/brand-x\">British blend</a>&nbsp;&ndash; carefully crafted with grain and malt whiskies from across the British Isles. Each element has its own distinctive characteristics and these have been melded with great care and passion to create a whisky of intriguing complexity.</p>\r\n<p style=\"text-align: justify;\">The brand name of the product and its innovative packaging, will be kept firmly under wraps until Taste Cumbria.</p>\r\n<p style=\"text-align: justify;\">Founder and Managing Director of The Lakes Distillery, Paul Currie, will lead a whisky master-class during the festival too, providing tastings, an insight into the world of whisky and its creation around the globe and even the opportunity to sample the brand&nbsp;<a href=\"http://213.175.215.219/~lakes2/brands/brand-x\">new blended whisky.</a></p>\r\n<p style=\"text-align: justify;\">Paul said:&nbsp;&ldquo;The Lakes Distillery is an intrinsically Cumbrian brand, we are immensely proud of our Cumbrian home - our whiskies will, after all, be a product of our remarkable landscape, so it seemed only fitting that we chose Cumbria&rsquo;s leading food festival as the place to launch our first creation.</p>\r\n<p style=\"text-align: justify;\">&ldquo;All will be revealed at Taste Cumbria, but it&rsquo;s safe to say that our first product is incredibly exciting and will be very special.&rdquo;</p>\r\n<p style=\"text-align: justify;\">The Lakes Distillery is Cumbria&rsquo;s first whisky distillery for over 100 years and is located between Cockermouth and Keswick, idyllically housed in a former<a href=\"http://213.175.215.219/~lakes2/our-distillery/our-buildings\">Victorian model farm</a>, next to the River Derwent.&nbsp; It will start producing&nbsp;<a href=\"http://213.175.215.219/~lakes2/brands/the-lakes-malt\">malt whisky</a>&nbsp;and&nbsp;<a href=\"http://213.175.215.219/~lakes2/brands/the-lakes-gin\">gin</a>&nbsp;in Spring next year and in Summer 2014 will open its visitor centre complete with&nbsp;&nbsp;<a href=\"http://213.175.215.219/~lakes2/distillery-bar-and-bistro\">bar and bistro</a>&nbsp;and&nbsp;<a href=\"http://213.175.215.219/~lakes2/shop\">shop</a>, making it a key attraction for visitors to the county, creating jobs and helping to continue raising the profile of the Western Lake District as an outstanding place to visit.</p>\r\n<p style=\"text-align: justify;\">Membership for The Lakes Distillery&rsquo;s&nbsp;<a href=\"http://213.175.215.219/~lakes2/members/founders-club\">Founders&rsquo; Club</a>&nbsp;is currently open, providing a one-off chance to obtain whisky from the first 100 casks of its Lakes Malt, but is fast being taken up as its such a rare opportunity to own a piece of whisky history from a distillery whose team is a veritable who&rsquo;s who of the whisky world&hellip;Paul Currie himself co-founded the award-winning Aaran Distillery and the production will be overseen by one of Scotland&rsquo;s foremost whisky experts, Alan Rutherford, former Production Director at Diageo.</p>\r\n<p style=\"text-align: justify;\">Taste Cumbria takes place in Cockermouth on the 28th and 29th of September and The Lakes Distillery&rsquo;s&nbsp;<a href=\"http://213.175.215.219/~lakes2/brands/brand-x\">new blended whisky</a>&nbsp;will be available to buy throughout.&nbsp; Paul&rsquo;s master-class is at 3pm on the Saturday and tickets cost &pound;5 per person.&nbsp;</p>\r\n<p style=\"text-align: justify;\"><a href=\"http://www.cumbria24.com/lake-district/2013/09/02/first-product-lakes-distillery-be-launched-taste-cumbria\">By Cumbria 24</a></p>',131),(24,24,'en','AMAZING BARROW MADE CAKE IS JUST THE TONIC FOR CUMBRIA DISTILLERYS LAUNCH','amazing-barrow-made-cake','blog/North_West_Evening_Mail_1.jpg','Wednesday, 28th August 2013','<p style=\"text-align: justify;\"><strong>A BAKER was given the honour of creating a spectacular cake crafted as a scale model of a pioneering new Lakes business.</strong></p>\r\n<p style=\"text-align: justify;\">Elliot Johnson&rsquo;s superb cake was a star attraction as more than 100 guests celebrated the launch of the&nbsp;<a href=\"http://213.175.215.219/~lakes2/members/founders-club\">Founders&rsquo; Club&nbsp;</a>for The Lakes Distillery &ndash; Cumbria&rsquo;s first whisky distillery for more than 100 years.</p>\r\n<p style=\"text-align: justify;\">The launch event, held in a marquee in the grounds of the Trout Hotel in Cockermouth, was hosted by Paul Currie, the distillery&rsquo;s managing director and Gavin D Smith, one of the world&rsquo;s leading whisky writers, who together presented a tasting of five whiskies from around the globe.</p>\r\n<p style=\"text-align: justify;\">The event marked the start of a schedule of opening activity for the brand new distillery, which is set to start producing&nbsp;<a href=\"http://213.175.215.219/~lakes2/brands/the-lakes-malt\">malt whisky</a>&nbsp;and&nbsp;<a href=\"http://213.175.215.219/~lakes2/brands/the-lakes-gin\">gin</a>&nbsp;in spring next year.</p>\r\n<p style=\"text-align: justify;\">The spectacular cake, crafted in the design of The Lakes Distillery site, was created by Mr Johnson of Lakes Bakery, Dalton Road, Barrow, and was donated to the nearby St Oswald&rsquo;s Hospice following Sunday&rsquo;s event.</p>\r\n<p style=\"text-align: justify;\">Mr Johnson was approached by the&nbsp;<a href=\"http://213.175.215.219/~lakes2/members/founders-club\">Founders&rsquo; Club</a>&nbsp;and asked to create the cake after they heard his Bridge House cake won the Lakeland Cake of the Year award in the annual contest at Briery Wood Hotel, Windermere, earlier this year.</p>\r\n<p style=\"text-align: justify;\">Mr Johnson said &ldquo;It was such an honour to be able to use my skills to help mark such an event.</p>\r\n<p style=\"text-align: justify;\">&ldquo;From a business point of view it&rsquo;s also wonderful to be able to publicise my cakes and Lakes Bakery&rsquo;s name.</p>\r\n<p style=\"text-align: justify;\">&ldquo;The cake turned out better than I expected and I was extremely pleased with the end product.&rdquo;</p>\r\n<p style=\"text-align: justify;\"><a href=\"http://www.nwemail.co.uk/news/amazing-barrow-made-cake-is-just-the-tonic-for-cumbria-distillery-s-launch-1.1080860\">North West Evening Mail</a></p>',131),(25,25,'en','TIPPLES DOWNED AT DISTILLERY LAUNCH ','tipples-downed-distillery-launch','blog/Times__Star_1.jpg','Friday, 23rd August 2013','<p style=\"text-align: justify;\"><strong>More than 100 guests came together to celebrate the Cumbrian launch of the Founders&rsquo; Club for The Lakes Distillery &ndash; Cumbria&rsquo;s first whisky distillery for over 100 years.</strong></p>\r\n<p style=\"text-align: justify;\">Paul Currie is converting the Victorian Low Barkhouse Farm at Setmurthy, near Cockermouth, into a &pound;1.5 million distillery. The launch event was held in a marquee in the grounds of the Trout Hotel, Cockermouth. It was hosted by Mr Currie and Gavin D Smith, one of the world&rsquo;s leading whisky writers, who together presented a tasting of five whiskies from around the globe.</p>\r\n<p style=\"text-align: justify;\">The event marked the start of a schedule of activity for the distillery, which is set to start producing<a href=\"http://213.175.215.219/~lakes2/brands/the-lakes-malt\">malt whisky&nbsp;</a>and&nbsp;<a href=\"http://213.175.215.219/~lakes2/brands/the-lakes-gin\">gin</a>&nbsp;next spring.</p>\r\n<p style=\"text-align: justify;\">The Lakes Distillery, next to the River Derwent, will also have a visitor&rsquo;s centre, due to open next summer, with a&nbsp;<a href=\"http://213.175.215.219/~lakes2/distillery-bar-and-bistro\">bar, bistro</a>&nbsp;and&nbsp;<a href=\"http://213.175.215.219/~lakes2/shop\">shop</a>.</p>\r\n<p style=\"text-align: justify;\">The&nbsp;<a href=\"http://213.175.215.219/~lakes2/members/founders-club\">Founders\' club</a>&nbsp;is the first phase of the distillery&rsquo;s opening and provides a one-off chance to obtain whisky from the inaugural 100 casks of its Lakes Malt. Each year for 10 years from 2015, members will receive a 70cl bottle of the maturing whisky. The first 100 casks will not be available to the general public and are exclusively for&nbsp;<a href=\"http://213.175.215.219/~lakes2/members/founders-club\">Founders&rsquo; Club</a>&nbsp;members.</p>\r\n<p style=\"text-align: justify;\">Mr Currie said: &ldquo;We created the&nbsp;<a href=\"http://213.175.215.219/~lakes2/members/founders-club\">Founders&rsquo; Club</a>&nbsp;as we wanted local people to join us on our journey to becoming a renowned premium whisky producer.</p>\r\n<p style=\"text-align: justify;\">&ldquo;We have been overwhelmed with the interest we have received and even prior to our launch event on Sunday we had people signing up to be members.&rdquo;</p>\r\n<p style=\"text-align: justify;\">It is expected that the distillery will produce 100,000 litres of whisky a year plus gin.</p>\r\n<p style=\"text-align: justify;\">It will contain two stills for the production of whisky. They will have a capacity of 3,500 litres and are being built in Scotland.</p>\r\n<p style=\"text-align: justify;\">Mr Currie said there would be a third small still to produce a Lakeland gin using local juniper berries.</p>\r\n<p style=\"text-align: justify;\">Mr Currie co-founded the award-winning Arran Distillery and the production at the Lakes Distillery will be overseen by one of Scotland&rsquo;s foremost whisky experts, Alan Rutherford, former production director at Diageo.</p>\r\n<p style=\"text-align: justify;\">Published by&nbsp;<a href=\"http://www.timesandstar.co.uk/\">http://www.timesandstar.co.uk</a></p>',131),(26,26,'en','LAKES DISTILLERY LAUNCHES UNIQUE CHANCE TO OWN A PART OF CUMBRIAN HISTORY ','lakes-distillery-launches-unique-chance','blog/Cumbria_24.jpg','Wednesday, 21st August','<p style=\"text-align: justify;\"><strong>Over 100 guests came together on Sunday (18th August) to celebrate the Cumbrian launch of the Founders&rsquo; Club for The Lakes Distillery &ndash; Cumbria&rsquo;s first whisky distillery for over 100 years.</strong></p>\r\n<p style=\"text-align: justify;\">The launch event, held in a marquee in the grounds of the Trout Hotel in Cockermouth, was hosted by Paul Currie, the Distillery&rsquo;s Managing Director and Gavin D. Smith, one of the world&rsquo;s leading whisky writers, who together presented a tasting of five whiskies from around the globe.</p>\r\n<p style=\"text-align: justify;\">The event marked the start of a schedule of opening activity for the brand new Distillery, which is set to start producing&nbsp;<a href=\"http://213.175.215.219/~lakes2/brands/the-lakes-malt\">malt whisky</a>&nbsp;and&nbsp;<a href=\"http://213.175.215.219/~lakes2/brands/the-lakes-gin\">gin</a>&nbsp;in Spring next year.&nbsp; The Lakes Distillery, which will be idyllically housed in historic&nbsp;<a href=\"http://213.175.215.219/~lakes2/our-distillery/our-buildings\">buildings</a>&nbsp;next to the River Derwent, will also boast a Visitor Centre, due to open in Summer 2014, complete with bar and bistro and shop, making it a key attraction for visitors to the county.</p>\r\n<p style=\"text-align: justify;\">The&nbsp;<a href=\"http://213.175.215.219/~lakes2/members/founders-club\">Founders&rsquo; Club</a>&nbsp;is the first phase of the Distillery&rsquo;s opening and provides a one-off chance to obtain whisky from the inaugural 100 casks of its Lakes Malt.&nbsp; Each year for ten years from 2015, members will receive a 70cl bottle of the maturing whisky, each with unique limited edition labels, forming a rare collection of The Lakes Distillery&rsquo;s first ever production. The first 100 casks will not be available to the general public and are exclusively for&nbsp;<a href=\"http://213.175.215.219/~lakes2/members/founders-club\">Founders&rsquo; Club</a>&nbsp;members.</p>\r\n<p style=\"text-align: justify;\">Paul Currie said:<br />&ldquo;We created the&nbsp;<a href=\"http://213.175.215.219/~lakes2/members/founders-club\">Founders&rsquo; Club</a>&nbsp;as we wanted local people to join us on our journey to becoming a renowned premium whisky producer.&nbsp; We have been overwhelmed with the interest we have received, even prior to our launch event on Sunday we had people signing up to be members.</p>\r\n<p style=\"text-align: justify;\">&ldquo;This is an incredibly exciting time for us and for the Western Lake District too; The Lakes Distillery will create outstanding products that are Cumbrian through and through.&nbsp; We aim to become an intrinsic part of the Western Lake District experience, helping to support the local economy and further enhance Cumbria&rsquo;s reputation for excellent quality.&rdquo;</p>\r\n<p style=\"text-align: justify;\">The&nbsp;<a href=\"http://213.175.215.219/~lakes2/members/founders-club\">Founders&rsquo; Club</a>&nbsp;provides an exceptional opportunity to own a piece of whisky history from a distillery whose team is a veritable who&rsquo;s who of the whisky world&hellip;Paul Currie himself co-founded the award-winning Aaran Distillery and the production will be overseen by one of Scotland&rsquo;s foremost whisky experts, Alan Rutherford, former Production Director at Diageo.</p>\r\n<p style=\"text-align: justify;\">A spectacular cake crafted in the design of The Lakes Distillery site was donated to St. Oswald&rsquo;s Hospice following Sunday&rsquo;s event.</p>\r\n<p style=\"text-align: justify;\">Reported by Maurice Chesworth&nbsp;</p>\r\n<p style=\"text-align: justify;\"><a href=\"http://www.cumbria24.com/news/2013/08/21/lakes-distillery-launches-unique-chance-own-part-cumbrian-history\">By Cumbria 24</a></p>',131),(29,29,'en','2.5M BASSENTHWAITE LAKE DISTILLERY PROJECT BRINGS JOBS BOOST ','lake-district-project-brings-jobs-boost','blog/The_Journal.jpg','Wednesday, 19th June 2013','<p style=\"text-align: justify;\"><strong>LAW firm Watson Burton has advised The Lakes Distillery Company on the creation of Cumbria&rsquo;s first whisky distillery in over 100 years in a &pound;2.5m venture.</strong></p>\r\n<p style=\"text-align: justify;\">The distillery is set to open its doors on the edge of picturesque Bassenthwaite Lake, reviving an age-old tradition as well as providing a boost to the local economy.</p>\r\n<p style=\"text-align: justify;\">Founded by a consortium of private investors, The Lakes Distillery will be headed by Paul Currie, co-founder of award-winning Isle of Arran distillery in Scotland.</p>\r\n<p style=\"text-align: justify;\">Aiming to produce the equivalent of 300,000 bottles of&nbsp;<a href=\"http://213.175.215.219/~lakes2/brands/the-lakes-malt\">single malt whisky&nbsp;</a>per year with the capacity to produce 1,000,000, the distillery will be housed in a converted model farm and will create 27 jobs in the region.</p>\r\n<p style=\"text-align: justify;\">The distilling plant will use the industry&rsquo;s latest technology while the copper stills will be made to a unique design and a range of different casks will be used to ensure that the spirit is perfectly matured.</p>\r\n<p style=\"text-align: justify;\">Watson Burton, which has offices in Newcastle and London advised The Lakes Distillery Company in co-ordinating the investments.</p>\r\n<p style=\"text-align: justify;\">The corporate team&rsquo;s associate Paul Wigham and solicitor Helen Foy drafted and negotiated the agreements with the consortium of investors and advised on the legal aspects of establishing the&nbsp;<a href=\"http://213.175.215.219/~lakes2/members/founders-club\">Founders&rsquo; Club,</a>&nbsp;which offers enthusiasts the opportunity to be among the first in the world to taste and own&nbsp;<a href=\"http://213.175.215.219/~lakes2/members/founders-club\">The Lakes Malt</a>.</p>\r\n<p style=\"text-align: justify;\">The site will also house a visitor centre with a&nbsp;<a href=\"http://213.175.215.219/~lakes2/distillery-bar-and-bistro\">bar, bistro</a>&nbsp;and&nbsp;<a href=\"http://213.175.215.219/~lakes2/shop\">shop</a>, each aimed at showcasing locally-sourced Cumbrian produce with regular tours for visitors.</p>\r\n<p style=\"text-align: justify;\">The development of the site, which will be undertaken using environmentally-friendly and sustainable materials, is scheduled to start in the autumn with the stills ordered and due for delivery in the early part of 2014.</p>\r\n<p style=\"text-align: justify;\">Paul Wigham said: &ldquo;Not only will this provide a real boost for the local economy, it will hugely raise the profile of Bassenthwaite Lake as a focal point in England for the whisky industry. We are delighted to have acted as part of the team in helping the investors&rsquo; vision become a reality and are confident that this will be a successful venture for all involved when distilling commences next year.&rdquo;</p>\r\n<p style=\"text-align: justify;\">Lakes Distillery Company chairman Nigel Mills said: &ldquo;This is a once in a lifetime opportunity to make whisky history by building a distillery in the Lake District National Park which will not only create jobs but will also eventually become a key food and beverage destination for the people of Cumbria and one of the North West&rsquo;s leading tourist attractions.&rdquo;</p>\r\n<p style=\"text-align: justify;\"><a href=\"http://www.thejournal.co.uk/business/business-news/25m-bassenthwaite-lake-distillery-project-4715069\">By The Journal</a></p>',131),(30,30,'en','WATSON BURTON RAISES DRAM TO NEW DISTILLERY - 17TH JUNE 2013','watson-burton','','Law firm Watson Burton has advised The Lakes Distillery Company on the creation of Cumbria\'s first whisky distillery in more than 100 years. The 2.5m venture, founded by a consortium of private investors, will be headed by Paul Currie and is set to open its doors on the edge of Bassenthwait\r\n','<p><strong>Law firm Watson Burton has advised The Lakes Distillery Company on the creation of Cumbria\'s first whisky distillery in more than 100 years.</strong></p>\r\n<p>The &pound;2.5m venture, founded by a consortium of private investors, will be headed by Paul Currie and is set to open its doors on the edge of Bassenthwaite Lake.</p>\r\n<p>\"We are delighted to be bringing this ancient tradition back to the region and are confident we will be able to produce an outstanding&nbsp;<a href=\"http://213.175.215.219/~lakes2/brands/the-lakes-malt\">single malt</a>,\" said Currie. \"It is also our intention that the distillery will become one of the biggest tourist attractions in the Lakes.\"</p>\r\n<p>Aiming to produce the equivalent of 300,000 bottles of&nbsp;<a href=\"http://213.175.215.219/~lakes2/brands/the-lakes-malt\">single malt whisky</a>&nbsp;per year with the capacity to produce one million, the distillery will be housed in a converted model farm and will create 27 jobs in the region.</p>\r\n<p>Watson Burton\'s corporate team advised The Lakes Distillery Company in coordinating the investments.</p>\r\n<p>Associate Paul Wigham and solicitor Helen Foy drafted and negotiated the agreements with the consortium of investors and advised on the legal aspects of establishing the Founders\' Club, which offers enthusiasts the opportunity to be among the first in the world to taste and own The Lakes Malt.</p>\r\n<p>\"This distillery has huge appeal for whisky enthusiasts visiting the Lakes,\" said Wigham. \"Not only will this provide a real boost for the local economy, it will hugely raise the profile of Bassenthwaite Lake as a focal point in England for the whisky industry.</p>\r\n<p>\"We are delighted to have acted as part of the team in helping the investors\' vision become a reality and are confident that this will be a successful venture for all involved when distilling commences next year.\"</p>\r\n<p><a href=\"http://www.insidermedia.com/insider/north-east/92302-/index.html\">By Insider Media Ltd</a></p>',131),(31,31,'en','LAKES DRAM DREAM TAKES SHAPE','lakes-dram-dream-takes-shape','blog/Cheers.jpg','Tuesday, 4th June 2014','<p style=\"text-align: justify;\"><strong>A new whisky distillery is set to open in the heart of The Lake District. The Lakes Distillery, the first of its kind in Cumbria in more than 100 years, is planned for the edge of picturesque Bassenthwaite Lake &ndash; and could create a much needed boost to the local economy.</strong></p>\r\n<p style=\"text-align: justify;\">The &pound;2.5m venture, which has been founded by a consortium of private investors who include Nigel Mills, who sold his North East chain of newsagents to Tesco, and Geoff Hodgson, former chief executive of the Federation Brewery (and before that marketing director at Newcastle Breweries). It will be headed by Paul Currie (pictured above), co-founder of the award-winning Isle of Arran distillery. He said: &ldquo;The water is ideal, flowing from a source at Sprinkling Tarn &ndash; one of the most beautiful in Cumbria &ndash; through the foothills of Scafell Pike which are rich in peat, and will give the whisky a unique flavor and depth. Combine that with the purity of the air and you have the perfect raw ingredients for distilling whisky.&rdquo;</p>\r\n<p style=\"text-align: justify;\">The distillery will be housed in a converted&nbsp;<a href=\"http://213.175.215.219/~lakes2/our-distillery/our-buildings\">Victorian model farm</a>&nbsp;and aims to produce around 300,000 bottles of&nbsp;<a href=\"http://213.175.215.219/~lakes2/brands/the-lakes-malt\">single malt whisky</a>&nbsp;per year with the creation of 27 jobs. The development of the site &ndash; with visitor centre,&nbsp;<a href=\"http://213.175.215.219/~lakes2/distillery-bar-and-bistro\">bar, bistro</a>&nbsp;and&nbsp;<a href=\"http://213.175.215.219/~lakes2/shop\">shop</a>&nbsp;&ndash; is scheduled to start this summer with plans to begin whisky production in December.</p>\r\n<p style=\"text-align: justify;\"><a href=\"http://cheersnortheast.co.uk/2013/06/lakes-dram-dream-takes-shape/\">By North East Cheers</a></p>',131),(32,32,'en','Coming Soon: LAKE DISTRICT WHISKY ','coming-soon-lake-district-whisky-3rd-june-2013','blog/Country_Life.jpg','Monday, 3rd June 2013','<p style=\"text-align: justify;\"><strong>Bassenthwaite is set to be the site of the first (legal) whisky distillery in the Lake District</strong></p>\r\n<p style=\"text-align: justify;\">The Lake District is to have its first official whisky distillery. It will be housed in a converted&nbsp;<a href=\"http://213.175.215.219/~lakes2/our-distillery/our-buildings\">Victorian model</a>&nbsp;farm on the edge of Bassenthwaite and should produce some 300,000 bottles of malt whisky a year.&nbsp;<br /><br />Paul Currie, co-founder of the Isle of Arran distillery, heads the consortium of investors. &lsquo;The water is ideal,\' he explains. &lsquo;It flows from a source at Sprinkling Tarn through the foothills of Scafell Pike, which are rich in peat and will give the whisky its flavour and depth. Combine that with the purity of the air, and you have the perfect raw ingredients for distilling whisky.\'</p>\r\n<p style=\"text-align: justify;\">In the 1800s, Cumbria, once part of Scotland, was rife with bootlegged whisky production thanks to the hilly terrain and abundance of rivers, but the new Lakes Distillery will be the first legal operation.</p>\r\n<p style=\"text-align: justify;\">By Nigel Burnham</p>\r\n<p style=\"text-align: justify;\"><a href=\"http://www.countrylife.co.uk/news/article/531098/Coming-soon-Lake-District-Whisky.html\">Country Life</a></p>',131),(33,33,'en','NEW WHISKY DISTILLERY PLANNED FOR LAKE DISTRICT ','new-whisky-','blog/Harpers_2.jpg','Monday, 20th May 2013','<p>A new whisky distillery is set to open in the heart of the Lake District and will be the first in the region for more than 100 years.</p>\r\n<p><a href=\"http://www.harpers.co.uk/news/new-whisky-distillery-planned-for-lake-district/346877.article\">Read the article here</a></p>',131),(34,34,'en','For William Wordsworth, the Lake District was a national property for all to enjoy. But what the poet, a teetotal, would have made of the first whiskey distillery in the area for more than 100 years is hard to tell. The Lakes Distillery is set to open o','william-wordsw','blog/DSC_1046.jpg','For William Wordsworth, the Lake District was a national property for all to enjoy. But what the poet, a teetotal, would have made of the first whiskey distillery in the area for more than 100 years is hard to tell. The Lakes Distillery is set to open on the edge of the picturesque Bass','<p><strong>For William Wordsworth, the Lake District was a &ldquo;national property&rdquo; for all to enjoy. But what the poet, a teetotal, would have made of the first whiskey distillery in the area for more than 100 years is hard to tell.</strong></p>\r\n<p>The Lakes Distillery is set to open on the edge of the picturesque Bassenthwaite Lake in a converted<a href=\"http://213.175.215.219/~lakes2/our-distillery/our-buildings\">Victorian model farm</a>. The &pound;2.5 million venture aims to produce around 300,000 bottles of&nbsp;<a href=\"http://213.175.215.219/~lakes2/brands/the-lakes-malt\">single malt whisky</a>&nbsp;a year and create 27 jobs.</p>\r\n<p>A consortium of private investors, headed by Paul Currie, co-founder of the Isle of Arran distillery in Scotland, hope &nbsp;the distillery will be operational by December.</p>\r\n<p>Explaining the choice of location, Currie said: &ldquo;The water is ideal, flowing from a source at Sprinkling Tarn - one of the most beautiful tarns, or lakes, in Cumbria &ndash; through the foothills of Scafell Pike which are rich in peat and will give the whisky its unique flavour and depth. Combine that with the purity of the air and you have the perfect raw ingredients for distilling whisky.</p>\r\n<p>&ldquo;We are delighted to be bringing this ancient tradition back and are&nbsp;confident we will be able to produce an&nbsp;outstanding single malt.&nbsp; It is also our intention that the distillery will become one of the biggest tourist attractions in the Lakes.&rdquo;</p>\r\n<p>Despite stalling last year, Scotch whisky exports have increased dramatically over the past decade - up 190% to &pound;778m. An increasing percentage of which goes to emerging markets like China, keen for luxury products seen to hold status and heritage.&nbsp;</p>\r\n<p><a href=\"http://www.independent.co.uk/life-style/food-and-drink/news/whiskey-distillery-to-open-in-the-heart-of-the-lake-district-8623079.html?origin=internalSearch\">By The Independant</a></p>',131),(35,35,'en','WHISKY IN THE LAKES','whisky-lakes','blog/imbibe.jpg','Tuesday, 14th May 2013','<p style=\"text-align: justify;\"><strong>Work has started on The Lakes Distillery, the first to grace the area in over a century, is set to open in Cumbria.</strong></p>\r\n<p style=\"text-align: justify;\">The distillery will incorporate a&nbsp;<a href=\"http://213.175.215.219/~lakes2/distillery-bar-and-bistro\">bar, bistro,</a>&nbsp;visitor centre and&nbsp;<a href=\"http://213.175.215.219/~lakes2/shop\">shop</a>, and will be headed up by Paul Currie, one of the founders of the Isle of Arran Distillery.</p>\r\n<p style=\"text-align: justify;\">Set within a&nbsp;<a href=\"http://213.175.215.219/~lakes2/our-distillery/our-buildings\">Victorian farm</a>&nbsp;on the banks of Bassenthwaite Lake, custom-designed copper stills will be used, alongside a range of different casks such as bourbon barrels and sherry hogsheads and the water will be drawn from local source, Sprinkiling Tarn.</p>\r\n<p style=\"text-align: justify;\">The distillery is aiming to produce 300,000 bottles per year, creating 27 jobs, and will also be producing a gin, made with local juniper, bilberries, heather and meadowsweet.</p>\r\n<p style=\"text-align: justify;\">There has also been a call for whisky buffs to join&nbsp;<a href=\"http://213.175.215.219/~lakes2/members/founders-club\">The Founders\' Club</a>, for a one-off fee of &pound;595, which will entitle members to a series of special offers and perks, but most excitingly to an exclusive selection of whisky. The first 100 casks produced will be set aside, and then shared with them.</p>\r\n<p style=\"text-align: justify;\"><a href=\"http://imbibe.com/news/2013-05/whisky-in-the-lakes\">By Imbibe.com</a></p>',131),(37,37,'en','LAKES DISTILLERY TO PRODUCE ENGLISH WHISKY FROM DECEMBER ','lakes-distillery','blog/Drinks_International.jpg','Friday, 24th May 2013','<p style=\"text-align: justify;\"><strong>The new &pound;2.5m Lakes Distillery will become the first whisky operation in the Lake District in more than 100 years, when it opens in December. The venture is backed by a consortium of private investors and headed by Paul Currie, co-founder of Isle of Arran distillery in western Scotland.</strong></p>\r\n<p style=\"text-align: justify;\">Set on the edge of Bassenthwaite Lake, the distillery will be housed in a converted&nbsp;<a href=\"http://213.175.215.219/~lakes2/our-distillery/our-buildings\">Victorian farm</a>and will produce around 300,000 bottles of lightly peated&nbsp;<a href=\"http://213.175.215.219/~lakes2/brands/the-lakes-malt\">single malt&nbsp;</a>whisky per year, though the distillery&rsquo;s capacity will be one million bottles.</p>\r\n<p style=\"text-align: justify;\">Plans are also afoot for a New World blend, made of whiskies from outside of Scotland.</p>\r\n<p style=\"text-align: justify;\">Curry said: &ldquo;The water is ideal, flowing from a source at Sprinkling Tarn - one of the most beautiful tarns, or lakes, in Cumbria &ndash; through the foothills of Scafell Pike which are rich in peat and will give the whisky its unique flavor and depth. Combine that with the purity of the air and you have the perfect raw ingredients for distilling whisky.<br /><br />&ldquo;The area has a long history of illicit distilling as the fells provided an ideal location for hidden stills and smuggling, but is more than 100 years since the last whisky was produced here.\"</p>\r\n<p style=\"text-align: justify;\">The facility will use &ldquo; the latest industry technology&rdquo; including bespoke copper pot stills.<br /><br />The first 100 casks produced at the distillery will be bottled for members of the<a href=\"http://213.175.215.219/~lakes2/members/founders-club\">&nbsp;Founders&rsquo; Club</a>, an initiative designed to attract whisky enthusiasts to the brand.</p>\r\n<p style=\"text-align: justify;\">Currie added: &ldquo;Imagine if you could have bought one of the first bottles of one the great single malts. It&rsquo;s going to be fascinating seeing how our spirit matures and we want&nbsp;<a href=\"http://213.175.215.219/~lakes2/members/connoisseurs-club\">connoisseurs</a>&nbsp;and friends of the Lakes to be part of the journey.&rdquo;</p>\r\n<p style=\"text-align: justify;\">Along with the distillery the site will house a visitor centre &ndash; that offers&nbsp;<a href=\"http://213.175.215.219/~lakes2/our-distillery/distillery-tours\">tours</a>&nbsp;of the site - a&nbsp;<a href=\"http://213.175.215.219/~lakes2/distillery-bar-and-bistro\">bar, bistro</a>&nbsp;and&nbsp;<a href=\"http://213.175.215.219/~lakes2/shop\">shop</a>, aimed at showcasing locally-sourced Cumbrian produce.<br /><br />Further investment is also sought by the consortium to fund &ldquo;future development&rdquo;.</p>\r\n<p style=\"text-align: justify;\">By&nbsp;Hamish Smith</p>\r\n<p style=\"text-align: justify;\"><a href=\"http://www.drinksint.com/news/fullstory.php/aid/3836/Lakes_Distillery_to_produce_English_whisky_from_December.html\">Drinks International</a></p>',131),(38,38,'en','LAKE\'S FIRST DISTILLERY IN A CENTURY TO OPEN ','lakes-first-distillery-century-open-20th-may-2013','blog/Insider_Media.jpg','Monday, 20th May 2013','<p style=\"text-align: justify;\"><strong>Almost 30 jobs are to be created at new &pound;2.5m whisky distillery in the Lake District &ndash; the area\'s first for more than a century.</strong></p>\r\n<p style=\"text-align: justify;\">Work on the conversion of a<a href=\"http://213.175.215.219/~lakes2/our-distillery/our-buildings\">&nbsp;Victorian farm</a>&nbsp;plot is due to commence later this summer with brewing operations scheduled for a December start.</p>\r\n<p style=\"text-align: justify;\">Called the Lakes Distillery, it will be housed in a 15,000 sq ft building on eight acres of land on the edge of Bassenthwaite Lake, near Cockermouth.</p>\r\n<p style=\"text-align: justify;\">It will initially employ 27 staff and aim to produce 300,000 bottles per year.</p>\r\n<p style=\"text-align: justify;\">Along with the distillery, the site will house a visitor centre with a&nbsp;<a href=\"http://213.175.215.219/~lakes2/distillery-bar-and-bistro\">bar, bistro</a>&nbsp;and&nbsp;<a href=\"http://213.175.215.219/~lakes2/shop\">shop</a>.</p>\r\n<p style=\"text-align: justify;\">Paul Currie, who co-founded the Isle of Arran distillery in Scotland, is leading the project with a team of private investors.</p>\r\n<p style=\"text-align: justify;\">He said: \"The water is ideal, flowing from a source at Sprinkling Tarn through the foothills of Scafell Pike which are rich in peat and will give the whisky its unique flavour and depth.</p>\r\n<p style=\"text-align: justify;\">\"Combine that with the purity of the air and you have the perfect raw ingredients for distilling whisky.</p>\r\n<p style=\"text-align: justify;\">\"The area has a long history of illicit distilling as the fells provided an ideal location for hidden stills and smuggling but it is more than 100 years since the last whisky was produced here.</p>\r\n<p style=\"text-align: justify;\">\"We are delighted to be bringing this ancient tradition back and are confident we will be able to produce an outstanding&nbsp;<a href=\"http://213.175.215.219/~lakes2/brands/the-lakes-malt\">single malt.</a></p>\r\n<p style=\"text-align: justify;\">\"It is also our intention that the distillery will become one of the biggest tourist attractions in the Lakes.</p>\r\n<p style=\"text-align: justify;\"><a href=\"http://www.insidermedia.com/insider/north-west/90536-\">Insider Media</a></p>',131),(39,39,'en','NEW LAKE DISTRICT WHISKY DISTILLERY LAUNCHES FOUNDERS CLUB','new-lake-district-whisky-distillery','blog/The_Spirits_Business_2.jpg','Wednesday, 15th May 2013','<p><strong>A new English whisky distillery has launched a&nbsp;<a href=\"http://213.175.215.219/~lakes2/members/founders-club\">Founders&rsquo; Club</a>&nbsp;to help raise funds prior to distillation starting next year.</strong></p>\r\n<p>The Lakes Distillery will start producing liquid in 2014.</p>\r\n<p>The Lakes Distillery, the first whisky distillery to open in England&rsquo;s Lake District in over a century, is giving consumers the chance to own some of its first bottles of whisky, as well as other special offers and discounts, for a one-off payment of &pound;595. The first 100 casks produced each year will also be set aside exclusively for&nbsp;<a href=\"http://213.175.215.219/~lakes2/members/founders-club\">Founders&rsquo; Club</a>&nbsp;members.</p>\r\n<p>&ldquo;It&rsquo;s a fantastic opportunity,&rdquo; said Paul Currie, co-founder of the Isle of Arran distillery in Scotland and founder of the Lakes Distillery. &ldquo;I am confident that the whisky we produce here will be among the finest in the world for a number of reasons.</p>\r\n<p>&ldquo;Our water flows from a source at Sprinkling Tarn &ndash; one of the most beautiful tarns, or lakes, in Cumbria &ndash; through the foothills of Scafell Pike which are rich in peat and will give the whisky its unique flavor and depth. &nbsp;Combine that with the purity of the air and you have the perfect raw ingredients for distilling whisky.&rdquo;</p>\r\n<p>The &pound;2.5m distillery is being built at the site of a former&nbsp;<a href=\"http://213.175.215.219/~lakes2/our-distillery/our-buildings\">Victorian farm</a>&nbsp;at the edge of Bassenthwaite Lake in the National Park itself, which in the 1800s was rich with illicit whisky production thanks to the area&rsquo;s hilly terrain and abundance of rivers.</p>\r\n<p>The farm buildings will contain two stills with a relatively small capacity of 3,500 litres designed to produce a lighter style whisky. Currie is joined by former Diageo whisky bod Alan Rutherford,&nbsp;who will oversee production.</p>\r\n<p>Development of the site is due to take pace this autumn, with production kicking off in summer 2014. While Currie waits for the whisky to mature, it will produce<a href=\"http://213.175.215.219/~lakes2/brands/the-lakes-gin\">Lakes Gin</a>&nbsp;from a third, smaller pot still using local botanicals.</p>\r\n<p>With 18 million visitors passing through the National Park every year, Lakes Distillery will have its visitors&rsquo; centre up and running by the end of 2013.</p>\r\n<p><a href=\"http://www.thespiritsbusiness.com/2013/05/new-lake-district-whisky-distillery-launches-founders-club/\">The Spirits Business</a></p>',131),(40,40,'en','WORK TO START ON 1.5M KESWICK DISTILLERY  6TH APRIL 2013','work-star','blog/DSC04149.jpg','Saturday, 6th April 2013','<p><strong>Building work is due to start on the site of a &pound;1.5 million distillery near Keswick. Paul Currie is behind plans to renovate a Victorian farm, near Bassenthwaite, to produce Cumbria&rsquo;s first whisky and gin.</strong></p>\r\n<p>He said the plant itself had now been ordered and building work is due to start in the next two months.</p>\r\n<p>Mr Currie, who set up a distillery on the Isle of Arran 15 years ago, got permission for the conversion in 2011.</p>\r\n<p>He plans to set up the Lakes Distillery at Low Barkhouse Farm together with a visitor centre, including&nbsp;<a href=\"http://213.175.215.219/~lakes2/our-distillery/distillery-tours\">tours</a>, a&nbsp;<a href=\"http://213.175.215.219/~lakes2/shop\">shop</a>&nbsp;and a&nbsp;<a href=\"http://213.175.215.219/~lakes2/distillery-bar-and-bistro\">bar &amp; bistro</a>.</p>\r\n<p>It is expected that the distillery will produce 100,000 litres of whisky a year plus the county&rsquo;s first branded&nbsp;<a href=\"http://213.175.215.219/~lakes2/brands/the-lakes-gin\">gin</a>.</p>\r\n<p>&ldquo;The location could not be better,&rdquo; he said.</p>\r\n<p>&ldquo;The peaty water from the fells will blend nicely to create a wonderful taste that will appeal.&rdquo;</p>\r\n<p>The distillery will contain two stills for the production of whisky, one wash and one spirit.</p>\r\n<p>They will have a capacity of 3,500 litres and are currently being built in Scotland.</p>\r\n<p>Mr Currie said there would be a third small still in the still house which will produce the only Lakes gin on the market, using local juniper berries.</p>\r\n<p>&ldquo;There is no reason why we cannot create a brand that goes global because we have all the right ingredients,&rdquo; he said.</p>\r\n<p>Mr Currie said there was a heritage of whisky in Cumbria in the past but &ldquo;not all of it was legal!&rdquo;</p>\r\n<p>&ldquo;It&rsquo;s a tradition we&rsquo;d like to revive and spread to the masses,&rdquo; he said.</p>\r\n<p>He hopes to capitalise on the county&rsquo;s strong tourism trade and said visitors could also experience Bassenthwaite lake and Keswick.</p>\r\n<p>He said he hoped to open the visitor centre at the end of 2013, with production of whisky and gin starting around the same time.</p>',131),(41,41,'en','CALL FOR INVESTORS FOR NEW LAKE DISTRICT DISTILLERY','call-investors-for-new-lakes-distillery','blog/Harpers_1.jpg','Thursday, 17th January 2013','<p><span>Further investment is being sought for a &pound;2.5-million new distillery, The Lakes Distillery, which is to be built in Cumbria and opened at the back end of 2013.</span></p>\r\n<p><span> http://www.harpers.co.uk/news/call-for-investors-for-new-lake-district-distillery/313365.article</span></p>',131),(43,43,'en','RETAIL KING NIGEL MILLS SETS SIGHTS ON NEW WHISKY EMPIRE ','retail-king-nigel-mills-sets-sights-on-whisky-empi','blog/The_Journal_2.jpg','Wednesday, 16th January 2013','<p style=\"text-align: justify;\"><strong>THE man behind the North East\'s biggest independent chain of shops has his sights set on making whisky in the Lake District.</strong></p>\r\n<p style=\"text-align: justify;\">Nigel Mills, who founded the Whitley Bay-based Mills Group before selling the business to Tesco for more than &pound;20m in 2011, hopes to repeat the success with a new venture in Cumbria.</p>\r\n<p style=\"text-align: justify;\">The &pound;2.5m Lakes Distillery on a farm near Bassenthwaite Lake has received planning permission and building will commence in April this year.</p>\r\n<p style=\"text-align: justify;\">The distillery should create 25 jobs and, although no whisky will be available until matured for at least three years, the company hopes to start selling their Cumbrian-made&nbsp;<a href=\"http://213.175.215.219/~lakes2/brands/the-lakes-gin\">gin&nbsp;</a>by April 2014.</p>\r\n<p style=\"text-align: justify;\">Mills is joined in his latest venture by Paul Currie, who set up the Isle of Arran distillery with his father 15 years ago.</p>\r\n<p style=\"text-align: justify;\">Mills said: &ldquo;We&rsquo;ve put a board together comprising myself, Paul, Geoff Hodgson, my former finance director at Mills Group, Martin Stokoe, and Gary Thornton.</p>\r\n<p style=\"text-align: justify;\">&ldquo;We&rsquo;re managing to raise between &pound;1m and &pound;2m and we&rsquo;ve also received some European grant funding to get the business started.</p>\r\n<p style=\"text-align: justify;\">&ldquo;We&rsquo;re hoping to open the visitor centre,&nbsp;<a href=\"http://213.175.215.219/~lakes2/distillery-bar-and-bistro\">bar and bistro</a>&nbsp;and local art gallery by April 2014.</p>\r\n<p style=\"text-align: justify;\">&ldquo;It will be one of the biggest tourist attractions in Cumbria when it&rsquo;s established and create jobs in a national park that desperately needs employment.</p>\r\n<p style=\"text-align: justify;\">&ldquo;There is only one other whisky distillery in England and that&rsquo;s in Norfolk but it is very much a smaller operation to what we are trying to do in the Lake District.&rdquo;</p>\r\n<p style=\"text-align: justify;\">Cumbria has a heritage for whisky-making as it was a Celtic area and whisky was distilled illegally there until late into the 19th Century.</p>\r\n<p style=\"text-align: justify;\">The landscape is one of fast-flowing rivers, rugged mountains and clean pure air. These conditions are very much like those found in Scotland, and they are ideal for producing malt whisky.</p>\r\n<p style=\"text-align: justify;\">There is also a long history of illicit whisky distilling in the area, with the secluded hills and valleys of the area ideal for smugglers.</p>\r\n<p style=\"text-align: justify;\">One of these distillers was Lancelot &lsquo;Lanty&rsquo; Slee, who had a thriving business and always managed to keep one step ahead of the customs authorities, helped by supplying his whisky to the local magistrates.</p>\r\n<p style=\"text-align: justify;\">The Lakes Distillery will set aside the first 100 casks produced and, each year, will bottle the maturing whisky exclusively for its&nbsp;<a href=\"http://213.175.215.219/~lakes2/members/founders-club\">Founders&rsquo; Club</a>&nbsp;members.</p>\r\n<p style=\"text-align: justify;\">Each year for 10 years, members will receive one 70cl bottle plus two miniatures, giving them the opportunity to taste the spirit as it develops over time into a 10-year-old malt whisky. These casks will not be available to the general public &ndash; only to members.</p>\r\n<p style=\"text-align: justify;\">&ldquo;We will sell the whisky through our membership club, the distillery and distribute it around the world,&rdquo; said Mills. &ldquo;We don&rsquo;t want to produce huge volumes as we want it to remain a niche product.</p>\r\n<p style=\"text-align: justify;\">&ldquo;You&rsquo;ll be able to distinguish it from Scottish whiskies as it will be distilled three times instead of twice. We aim to produce roughly 24,000 casks a year each containing 12 bottles.</p>\r\n<p style=\"text-align: justify;\">&ldquo;All of us involved bring a lot of business experience to the table, and although it&rsquo;s still very much a commercial venture for all of us, it&rsquo;s also a great deal of fun.&rdquo;</p>\r\n<p style=\"text-align: justify;\"><a href=\"http://www.thejournal.co.uk/business/business-news/retail-king-nigel-mills-sets-4398206\">The Journal</a></p>',131),(44,44,'en','LAKE DISTRICT WHISKY DISTILLERY TO CREATE 27 JOBS NEXT YEAR - 21ST SEPTEMBER 2012','lake-district-whisky-','blog/DSC04126.jpg','A new whisky distillery near Cockermouth is due to open next summer, creating 27 jobs. Building work on The Lakes Distillery at Low Barkhouse Farm in Setmurthy is likely to start in the next few months. The Lakes Distillery Company was given the go-ahead by Lake District planners last yea','<p><strong>A new whisky distillery near Cockermouth is due to open next summer, creating 27 jobs.</strong></p>\r\n<p>Building work on The Lakes Distillery at Low Barkhouse Farm in Setmurthy is likely to start in the next few months.</p>\r\n<p>The Lakes Distillery Company was given the go-ahead by Lake District planners last year, despite the scheme being recommended for refusal by planning officers.</p>\r\n<p>Building work was due to start late last year with hopes it opening in June.</p>\r\n<p>Paul Currie, founder and managing director of The Lakes Distillery Company, said this week: &ldquo;Building work has been delayed because there were a few things we had to finalise as regards to the building work.</p>\r\n<p>&ldquo;The Victorian building, which the distillery will be housed in, is 150 years old and we hope that it will attract a lot of local interest.</p>\r\n<p>&ldquo;We will be producing&nbsp;<a href=\"http://213.175.215.219/~lakes2/brands/the-lakes-malt\">lakes malt</a>&nbsp;whisky and&nbsp;<a href=\"http://213.175.215.219/~lakes2/brands/the-lakes-gin\">gins</a>&nbsp;using local botanicals.&rdquo;</p>\r\n<p>The distillery will also run a visitor centre, including&nbsp;<a href=\"http://213.175.215.219/~lakes2/our-distillery/distillery-tours\">tours</a>, a shop and a&nbsp;<a href=\"http://213.175.215.219/~lakes2/distillery-bar-and-bistro\">bar &amp; bistro</a>.</p>',131),(45,45,'en','LAKE DISTRICT WHISKY DISTILLERY TO CREATE 27 JOBS NEXT YEAR - 21ST SEPTEMBER 2012','lake-district-whisky-','blog/DSC04126_1.jpg','A new whisky distillery near Cockermouth is due to open next summer, creating 27 jobs. Building work on The Lakes Distillery at Low Barkhouse Farm in Setmurthy is likely to start in the next few months. The Lakes Distillery Company was given the go-ahead by Lake District planners last yea','<p><strong>A new whisky distillery near Cockermouth is due to open next summer, creating 27 jobs.</strong></p>\r\n<p>Building work on The Lakes Distillery at Low Barkhouse Farm in Setmurthy is likely to start in the next few months.</p>\r\n<p>The Lakes Distillery Company was given the go-ahead by Lake District planners last year, despite the scheme being recommended for refusal by planning officers.</p>\r\n<p>Building work was due to start late last year with hopes it opening in June.</p>\r\n<p>Paul Currie, founder and managing director of The Lakes Distillery Company, said this week: &ldquo;Building work has been delayed because there were a few things we had to finalise as regards to the building work.</p>\r\n<p>&ldquo;The Victorian building, which the distillery will be housed in, is 150 years old and we hope that it will attract a lot of local interest.</p>\r\n<p>&ldquo;We will be producing&nbsp;<a href=\"http://213.175.215.219/~lakes2/brands/the-lakes-malt\">lakes malt</a>&nbsp;whisky and&nbsp;<a href=\"http://213.175.215.219/~lakes2/brands/the-lakes-gin\">gins</a>&nbsp;using local botanicals.&rdquo;</p>\r\n<p>The distillery will also run a visitor centre, including&nbsp;<a href=\"http://213.175.215.219/~lakes2/our-distillery/distillery-tours\">tours</a>, a shop and a&nbsp;<a href=\"http://213.175.215.219/~lakes2/distillery-bar-and-bistro\">bar &amp; bistro</a>.</p>',131),(46,46,'en','WHISKY INSIDERS INTERVIEW - PAUL CURRIE','whisky-ins','blog/The_Whisky_Wire.jpg','Wednesday, 30th January 2013','<p style=\"text-align: justify;\"><strong><span style=\"text-decoration: underline;\">How long have you been working in the whisky industry?</span></strong></p>\r\n<p style=\"text-align: justify;\">I started in 1995 when I set up Arran Distillers with my father. My new venture is now to set up a distillery in the Lake District, the Lakes Distillery, which will open this year. As well as a&nbsp;<a href=\"http://213.175.215.219/~lakes2/brands/the-lakes-malt\">single malt</a>, we&rsquo;ll also be producing&nbsp;<a href=\"http://213.175.215.219/~lakes2/brands/the-lakes-gin\">gin</a>.<br /><br /><strong><span style=\"text-decoration: underline;\">What has been your biggest career highlight to date?</span></strong></p>\r\n<p style=\"text-align: justify;\">Up until now it has to be the day Arran opened, although I expect this to be surpassed when we start production at our new Lakes Distillery in Cumbria. For me this will be a greater achievement, to start a new distillery in a new whisky region, which has a long heritage of illicit whisky production in the past.<br /><br /><strong><span style=\"text-decoration: underline;\">Can you remember your first dram, and indeed what it was?</span></strong></p>\r\n<p style=\"text-align: justify;\">My father spent his working life in the industry, so I grew up with whisky coursing through my veins. I probably had several tiny sips as a toddler, but the first I can remember was when I was 16 with an Aberlour.<br /><br /><strong><span style=\"text-decoration: underline;\">What does whisky mean to you?</span></strong></p>\r\n<p style=\"text-align: justify;\">Whisky is an extraordinary product, with an uncanny ability to bring a sense of goodwill and good humour to those who enjoy it. It&rsquo;s wonderful to be involved with something that holds such a fascination to so many people.<br /><br /><strong><span style=\"text-decoration: underline;\">Where would you like to see yourself in five years time?</span></strong></p>\r\n<p style=\"text-align: justify;\">I would hope by then that the Lakes Distillery is becoming well established, and that we are producing a whisky recognised as being of the highest quality.<br /><br /><strong><span style=\"text-decoration: underline;\">What was your last dram?</span></strong></p>\r\n<p style=\"text-align: justify;\">An Arran 14 year old yesterday evening, wonderful!<br /><br /><strong><span style=\"text-decoration: underline;\">Do you have a favourite whisky and food pairing combination?</span></strong></p>\r\n<p style=\"text-align: justify;\">I am very partial to a combination of herrings and whisky, although I think you can drink whisky with almost any food.<br /><br /><strong><span style=\"text-decoration: underline;\">What&rsquo;s your favourite time and place to enjoy a dram?</span></strong></p>\r\n<p style=\"text-align: justify;\">Any place with good friends, whisky is much better shared! I also look forward later this year to climbing Skiddaw (fourth highest fell in the Lakes, very near our new Lakes Distillery) and to celebrating our opening with a dram at the summit.<br /><br /><strong><span style=\"text-decoration: underline;\">What do you think is going to be the next big thing on the whisky horizon?</span></strong></p>\r\n<p style=\"text-align: justify;\">I think there will continue to be more new &lsquo;artisan&rsquo; distilleries opening just as we are doing with the Lakes Distillery. There will also be increasing innovation, particularly to find new ways of attracting younger consumers.<br /><br /><strong><span style=\"text-decoration: underline;\">What&rsquo;s the one dram you couldn&rsquo;t live without?</span></strong></p>\r\n<p style=\"text-align: justify;\">Of course it will be the&nbsp;<a href=\"http://213.175.215.219/~lakes2/brands/the-lakes-malt\">Lakes Malt!</a></p>\r\n<p style=\"text-align: justify;\"><a href=\"http://www.thewhiskywire.com/2012/01/whisky-insiders-interview-paul-currie.html\">The Whisky Wire</a></p>',131),(47,47,'en','MEET THE MAN WHO PLANS TO BRING WHISKY DISTILLING BACK TO CUMBRIA - 4TH OCTOBER 2011','meet-man-w','blog/PC_10.jpg','Meet Paul Currie, the 49-year-old entrepreneur whose focus is to make Cumbrian whisky the envy of the world. Mr Currie plans the 1.5m transformation of a dilapidated farm at Setmurthy, near Cockermouth, to create the perfect environment to blend a Lakes Malt whisky. Picturesque surround','<p><strong>Meet Paul Currie, the 49-year-old entrepreneur whose focus is to make Cumbrian whisky the envy of the world.</strong></p>\r\n<p>Mr Currie plans the &pound;1.5m transformation of a dilapidated farm at Setmurthy, near Cockermouth, to create the perfect environment to blend a&nbsp;<a href=\"http://213.175.215.219/~lakes2/brands/the-lakes-malt\">Lakes Malt&nbsp;</a>whisky.</p>\r\n<p>Picturesque surroundings, pure peaty water from the River Derwent and a tried and trusted recipe will go into reviving the industry in Cumbria.</p>\r\n<p>For now, old barns with wooden beams stand among weeds and waste left behind when Low Barkhouse Farm stopped being worked.</p>\r\n<p>But by the turn of the year, Mr Currie says, the area will be transformed.</p>\r\n<p>Planning permission for the work was recently granted.</p>\r\n<p>&ldquo;The location could not be better,&rdquo; said Mr Currie, who set up a successful distillery on the Isle of Arran with his father Harold 15 years ago.</p>\r\n<p>He added: &ldquo;Work to transform one of the barns into a visitor centre will start by the end of the year because it is important to start generating money for the local economy.</p>\r\n<p>&ldquo;We want to keep the traditional beams and the quirkiness of the buildings because it shows character that a new-build could never.</p>\r\n<p>&ldquo;The stonework is in great condition but we will need to work on the roofs to make sure they are safe.</p>\r\n<p>&ldquo;It&rsquo;s the perfect place to distill whisky and I&rsquo;m excited about the future.</p>\r\n<p>&ldquo;It will take time before the whisky is ready but the end product will be a smooth blend that&rsquo;s golden in colour.&rdquo;</p>\r\n<p>Mr Currie aims to create a global brand which, at first, will produce 240,000 bottles of&nbsp;<a href=\"http://213.175.215.219/~lakes2/brands/the-lakes-malt\">Lakes Malt</a>.</p>\r\n<p>He said: &ldquo;A lot of people have asked me why I chose Cumbria to set up base and the answer is &lsquo;why not?&rsquo;.</p>\r\n<p>&ldquo;When you say the words &lsquo;Cumbrian whisky&rsquo; it doesn&rsquo;t sound daft does it? In fact it makes perfect sense.</p>\r\n<p>&ldquo;There is no reason why we cannot create a brand that goes global because we have all the right ingredients.</p>\r\n<p>&ldquo;The peaty water from the fells will blend nicely to create a wonderful taste that will appeal.</p>\r\n<p>&ldquo;There&rsquo;s a heritage of whisky in Cumbria. Not all of it was legal, but it&rsquo;s a tradition we&rsquo;d like to revive and spread to the masses.</p>\r\n<p>&ldquo;The aim has to be turn this distillery into a global brand. We are in an area of the country where tourism rules. At Setmurthy the distillery will be based near the beautiful Bassenthwaite Lake, with Keswick and its tourist attractions close by too.</p>\r\n<p>&ldquo;West Cumbria is a great place to base a business because of the tourism and its beautiful scenery.&rdquo;</p>\r\n<p>It will take 10 years before the first bottle of malt is put on the shelves and, until it&rsquo;s ready, Mr Currie will produce&nbsp;<a href=\"http://213.175.215.219/~lakes2/brands/the-lakes-gin\">gin</a>&nbsp;as well as running a visitor centre.</p>\r\n<p>Mr Currie, who graduated from Bristol University, worked for oil firm BP for eight years.</p>\r\n<p>Based mainly in Eastern Europe setting up new businesses for them, he quit to start the Arran distillery with his dad.</p>',131),(48,48,'en','25 JOBS CREATED AS NEW CUMBRIAN WHISKY DISTILLERY GETS GO-AHEAD - 15TH SEPTEMBER 2011','25-jobs-created-','blog/Lakes_Distillery_Buildings.jpg','The ancient tradition of whisky distilling is to be revived in Cumbria  but this time it will be legal. Planning permission has been granted for a 1.5 million conversion of Low Barkhouse Farm, a former Victorian model farm, at Setmurthy, near Bassenthwaite Lake. The Lakes Distillery','<p><strong>The ancient tradition of whisky distilling is to be revived in Cumbria &ndash; but this time it will be legal.</strong></p>\r\n<p>Planning permission has been granted for a &pound;1.5 million conversion of Low Barkhouse Farm, a former Victorian model farm, at Setmurthy, near Bassenthwaite Lake.</p>\r\n<p>The Lakes Distillery will create 25 jobs when it opens next summer, according to managing director Paul Currie.</p>\r\n<p>He and his father set up a successful distillery on the Isle of Arran 15 years ago and he turned his attentions to Cumbria because of its peaty water.</p>\r\n<p>Mr Currie, 49, said: &ldquo;It&rsquo;s ideal for whisky making. If you look back at the history of Cumbria, it was a Celtic area and whisky was distilled illegally here until late into the 19th century.</p>\r\n<p>&ldquo;The conditions are very like Scotland.&rdquo;</p>\r\n<p>A 10-year-old&nbsp;<a href=\"http://213.175.215.219/~lakes2/brands/the-lakes-malt\">single malt</a>&nbsp;would become the flagship product of the distillery but until that is ready, the site will also make gin to generate cash flow.</p>\r\n<p>There will be a visitor centre, cafe and shop and the first 100 casks of the malt whisky will be set aside for members of a&nbsp;<a href=\"http://213.175.215.219/~lakes2/members/founders-club\">founders&rsquo; club</a>.</p>\r\n<p>It took Mr Currie 18 months to find a suitable site in Cumbria and a lengthy planning process then ensued.</p>\r\n<p>The Lake District National Park development control committee recently approved the development against advice from its officers because of objections from local residents.</p>\r\n<p>The committee passed the development after a site visit.</p>\r\n<p>The historic<a href=\"http://213.175.215.219/~lakes2/our-distillery/our-buildings\">&nbsp;model farm buildings</a>&nbsp;had fallen into disuse. Work will start to transform them within a few months.</p>\r\n<p>Mr Currie added: &ldquo;It will be 10 years before the product appears in shops.&rdquo;</p>\r\n<p>Cash for renovations has come from whisky-loving private investors.</p>\r\n<p>One of the biggest investments will be made on equipment including traditional copper stills.</p>\r\n<p>Some Cumbrian barley will be used to make the whisky.</p>\r\n<p>Once fully up and running, the distillery would produce 240,000 bottles of Lakes Malt every year.</p>\r\n<p>By Anna Burdett&nbsp;</p>',131),(49,49,'en','PLANS TO CREATE A CUMBRIAN WHISKY DISTILLERY - 28TH APRIL 2011','plans-create-cumbria','blog/Sprinkling_Tarn_1.jpg','','<p style=\"text-align: justify;\"><strong>Plans are in the pipeline to open a whisky distillery near Cockermouth, creating up to 25 jobs.</strong></p>\r\n<p style=\"text-align: justify;\">Cumbria Distillers Limited plans to create a Cumbrian whisky region with the launch of a distillery at Setmurthy, which will make a single&nbsp;<a href=\"http://213.175.215.219/~lakes2/brands/the-lakes-malt\">Lakes Malt</a>&nbsp;whisky.</p>\r\n<p style=\"text-align: justify;\">The firm said the worldwide whisky market was booming, with sales up 10 per cent over the last year and generating &pound;3.5 billion.</p>\r\n<p style=\"text-align: justify;\">The highest growth has been in sales of malt whisky, up by 18 per cent, which has encouraged the opening of several new distilleries in Scotland and England.</p>\r\n<p style=\"text-align: justify;\">The new venture aims to take advantage of the drink&rsquo;s rising popularity.</p>\r\n<p style=\"text-align: justify;\">The firm has lodged plans with the Lake District National Park Authority.</p>\r\n<p style=\"text-align: justify;\">Paul Currie, Cumbria Distillers founder and managing director, said the county&rsquo;s history included tales of many illicit whisky distillers.</p>\r\n<p style=\"text-align: justify;\">He said: &ldquo;The Lake District, with its similarities to Scotland, is considered ideal for making malt whisky.</p>\r\n<p style=\"text-align: justify;\">&ldquo;The area has many Celtic roots, and illicit stills were operating in the region in the 17th and 18th centuries.</p>\r\n<p style=\"text-align: justify;\">&ldquo;With abundant water, local barley and ideal conditions for maturing the whisky, we&rsquo;re confident of producing a world-class malt.</p>\r\n<p style=\"text-align: justify;\">&ldquo;We aim to be open by this time next year, producing around 20,000 cases of 12 bottles a year.&rdquo;</p>\r\n<p style=\"text-align: justify;\">A distiller from Arran will be involved in setting up the operation but the firm will recruit locally, probably from the brewing trade.</p>\r\n<p style=\"text-align: justify;\">Most of the whisky will be sold after 10 years of maturation, similar to quality Highlands whisky.</p>\r\n<p style=\"text-align: justify;\">The business will be accommodated within former agricultural buildings, which were constructed as a Victorian model farm.</p>\r\n<p style=\"text-align: justify;\">Mr Currie said the 9,000 sq ft site was ideal for a small artisan distillery.</p>\r\n<p style=\"text-align: justify;\">A planning application is due to be considered by national park authority at a meeting of its development control committee.</p>',131),(50,50,'en','WHISKY DISTILLERY PLAN FOR FORMER CUMBRIA LAKE DISTRICT FARM - 28TH APRIL 2011','whisky-distillery-plan-fo','','The county has long been known for the quality of its many home-grown beers, with local breweries producing distinctive ales that have been acclaimed worldwide. And there are now plans to create a Cumbrian whisky region with the launch of a distillery at Setmurthy, near Cockermouth, which wil','<p>Plans to create a Cumbrian whisky region with the launch of a distillery at Setmurthy, near Cockermouth, which will make a single malt whisky.</p>\r\n<p>The county has long been known for the quality of its many home-grown beers, with local breweries producing distinctive ales that have been acclaimed worldwide.</p>\r\n<p>And there are now plans to create a Cumbrian whisky region with the launch of a distillery at Setmurthy, near Cockermouth, which will make a single malt whisky.</p>\r\n<p>Cumbria Distilleries Limited, the firm involved, says the worldwide whisky market is booming, with sales up 10 per cent over the last year and generating &pound;3.5 billion.</p>\r\n<p>The highest growth has been in the sales of malt whisky, up by 18 per cent, which has encouraged the opening of several new distilleries both in both Scotland and England.</p>\r\n<p>This new venture &ndash; which will make Lakes Malt &ndash; aims to take advantage of the drink&rsquo;s rising popularity.</p>\r\n<p>The plans, now lodged with the Lake District National Park Authority, are being guided by the founder of a successful distillery on the Isle of Arran 15 years ago.</p>\r\n<p>Cumbria Distillers founder and managing director Paul Currie said the county&rsquo;s history included tales of many illicit whisky distillers.</p>\r\n<p>He said: &ldquo;The Lake District, with its similarities to Scotland, is considered ideal for making malt whisky.</p>\r\n<p>&ldquo;The area has many Celtic roots, and illicit stills were operating in the region in the 17th and 18th centuries,&rsquo;</p>\r\n<p>&ldquo;With abundant water, local barley and ideal conditions for maturing the whisky, we&rsquo;re confident of producing a world-class malt. We aim to be open by this time next year, producing around 20,000 cases of 12 bottles a year.&rdquo;</p>\r\n<p>A distiller from Arran will be involved in setting up the operation but the firm will recruit locally, probably from the brewing trade.</p>\r\n<p>Most of the whisky will be sold after 10 years of maturation, similar to quality Highlands whisky.</p>\r\n<p>The business will be accommodated within former agricultural buildings, which were originally constructed as a Victorian model farm.</p>\r\n<p>Mr Currie said the site is ideal for a small artisan distillery.</p>\r\n<p>The business is expected to employ up to 25 people.</p>\r\n<p>A planning application is due to be considered by the Lake District National Park Authority at a future meeting of their development control committee.</p>\r\n<p>By Phil Coleman&nbsp;</p>',131),(52,52,'en','Online alcohol sales surge set to continue, say analyists','online-alcohol-sales-surge-set-continue','blog/The_Grocer.jpg','After a festive surge in online alcohol sales, analysts are forecasting an even stronger 2014 than 2013.','<p><a href=\"http://www.thegrocer.co.uk/fmcg/online-alcohol-sales-surge-set-to-continue-say-analysts/353634.article\">http://www.thegrocer.co.uk/fmcg/online-alcohol-sales-surge-set-to-continue-say-analysts/353634.article</a></p>',132),(53,53,'en','English distillers race to profit from the 4bn whisky boom ','english-distillers-race-profit-4bn-whisky-boom','blog/The_Telegraph.jpg','Sunday, 9th February 2014','<p style=\"text-align: justify;\">English whisky was off the menu for more than a century. Now five entrepreneurs are battling to cash in on a revival, writes Tom Rowley.</p>\r\n<p style=\"text-align: justify;\">From the moment Paul Currie&rsquo;s father first took him to a distillery at the age of six, he was entranced by the steaming copper stills. He took his first sip of Scotch (very small, he insists) at 11, and was hooked by his late teens. Now, aged 49, he is finally on the cusp of making his own &ndash; in England.</p>\r\n<p style=\"text-align: justify;\">Next week, a team of 30 builders will begin work on a &pound;4 million project to transform a Victorian farm in the Lake District into Mr Currie&rsquo;s distillery. When it begins making spirit in June, it will be England&rsquo;s biggest whisky distillery, producing up to 1 million bottles a year.</p>\r\n<p style=\"text-align: justify;\">Yet until five years ago, English whisky had been off the menu for more than a century, since the Lea Valley distillery in London closed in 1903. Now connoisseurs and investors are racing to establish new distilleries, in an attempt to benefit from surging worldwide demand for single malts.</p>\r\n<p style=\"text-align: justify;\">In 2012, &pound;4.3 billion of Scotch was sold overseas, accounting for around a quarter of all UK food and drink exports. The value of Scotch exports has risen 87 percent in a decade, and English rivals are keen to take a slice of this lucrative trade. Mr Currie is the fifth entrepreneur to set up a distillery south of the border in the last eight years.</p>\r\n<p style=\"text-align: justify;\">Dominic Roskrow, director of the Craft Distillers Alliance and a former editor of Whisky magazine, believes the number of English distilleries could now quadruple. &ldquo;We have suddenly seen an explosion in whisky and England is at the forefront of it,&rdquo; he said. &ldquo;Over the next two years, we will see more and more people looking to do it.&rdquo;</p>\r\n<p style=\"text-align: justify;\">For now, there is little sign of this revolution at Low Barkhouse Farm. Nestled beneath the snow-capped peak of Skiddaw, England&rsquo;s fourth highest mountain, rotting chairs and smashed concrete cattle stalls litter the 1850s outbuildings of The Lakes Distillery. Piles of hay line the floor of the barn, untouched since the dairy farm was abandoned 20 years ago. Cobwebs cling to every inch of the Cumbrian stone walls.</p>\r\n<p style=\"text-align: justify;\">&ldquo;By the end of the year, this will be incredible,&rdquo; insisted Mr Currie. In April, a crane will lift three stills &ndash; two for whisky and one for gin and vodka &ndash; into the barn. But it will be another three years until the first spirit can officially be called whisky, and at least two more until it is ready to be sold.</p>\r\n<p style=\"text-align: justify;\">&ldquo;We&rsquo;re going to avoid bottling it too young, although it is very tempting to get the product out there,&rdquo; he said. &ldquo;We&rsquo;ll hold back. It will have been much in the making.&rdquo;</p>\r\n<p style=\"text-align: justify;\">Of course, the spirit will not technically be Scotch: EU legislation only allows the label to be applied to whisky made entirely in Scotland. The taste will be familiar to Scotch lovers, however, because it will be matured in a similar environment.</p>\r\n<p style=\"text-align: justify;\">Mr Currie first decided to set up a distillery on a holiday in the Lakes with his three teenagers five years ago. &ldquo;As soon as I saw this landscape, I thought &lsquo;this looks like Scotland&rsquo; &ndash; it looks like whisky country,&rdquo; he said. &ldquo;The water we get here is very similar to Scotland.&rdquo; The River Derwent flows down from its source, Sprinkling Tarn, high in the fells, through peaty foothills to the farm, ensuring that the water will be lightly peated. &ldquo;There are damp conditions here, which also helps. When you are maturing whisky, you don&rsquo;t want it too hot because it will evaporate.&rdquo;</p>\r\n<p style=\"text-align: justify;\">Andrew Nelstrop established the first in the new generation of distilleries in 2005, when he set up his English Whisky Company in Norfolk. The farmer planned merely to experiment by turning some of his excess barley crop into whisky. Instead, he was soon making 150,000 bottles a year. &ldquo;It went from being a fun thing to have a go at to a massive business,&rdquo; he said. Marks and Spencer began selling its own-label English whisky, distilled by Mr Nelstrop, last October. The company would have grown even faster if only it did not have to wait five years to mature more stock.</p>\r\n<p style=\"text-align: justify;\">Two established brewers &ndash; Adnams and Hicks and Healey &ndash; have since experimented with English whisky. Darren Rook, CEO of the London Distillery Company in Battersea, filled his first cask of whisky before Christmas, and soon expects to produce 600 bottles a week.</p>\r\n<p style=\"text-align: justify;\">The bulk of this English whisky will be exported to Asia and Latin America, where demand is growing rapidly. Mr Currie expects nine in ten bottles to be shipped overseas. He will visit Asia for a fortnight next month, where he hopes to take orders from countries such as Singapore, Taiwan, South Korea and China. Within four years, he plans to be trading in 40 countries.</p>\r\n<p style=\"text-align: justify;\">&ldquo;In Asia, the emerging middle classes are looking to buy it,&rdquo; he said. &ldquo;Whisky is an aspirational product and it is a status thing. If I can have this whisky, it shows everyone that I can afford it.&rdquo;</p>\r\n<p style=\"text-align: justify;\">Demand is also rapidly increasing in Mexico, Brazil and Venezuela, where the spirit is appealing to younger drinkers. The average whisky drinker in Mexico is just 23. &ldquo;We&rsquo;re really keen to move away from that pipe and tweed image,&rdquo; said Mr Currie. &ldquo;It can be a much more fashionable drink. On our website we&rsquo;ve got a series of videos of cocktails you can make with it.&rdquo;</p>\r\n<p style=\"text-align: justify;\">According to Dominic Roskrow, English whisky is better placed than Scotch to tap into this trend. &ldquo;Because it&rsquo;s English, the baggage that goes with that old man image some people have of Scotch goes out the window,&rdquo; he said. &ldquo;In Mad Men [the slick US drama set in a Fifties advertising agency], the characters were regularly seen to be drinking single malt &ndash; that is a great association.&rdquo;</p>\r\n<p style=\"text-align: justify;\">Even so, many of the new distilleries rely on expertise from north of the border. Paul Currie used to run a distillery on the Isle of Arran with his father, Harold, and his master distiller, Chris Anderson, was born on Islay, and spent four decades producing Scotch.</p>\r\n<p style=\"text-align: justify;\">But Scotch distillers are untroubled by the threat from the English upstarts. &ldquo;They have recognised the fantastic growth that is out there and they want to get in on it,&rdquo; said David Frost, chief executive of the Scotch Whisky Association. &ldquo;All our firms thrive on the competition &ndash; and we&rsquo;ll beat it.&rdquo;</p>\r\n<p style=\"text-align: justify;\"><a href=\"http://www.telegraph.co.uk/foodanddrink/foodanddrinknews/10624038/English-distillers-race-to-profit-from-the-4bn-whisky-boom.html#disqus_thread\">The Sunday Telegraph</a></p>',131),(54,54,'en','Marks and Spencer Fine Single Malt English Whisky out-sold Scottish bottles','fine-single-malt-english-whisky-out-sold-scott','blog/Daily_Mail_1.jpg','English dram outsells Scotch: Distillers believe growth in sales could be boosted due to independence vote','<p>Performance of English variety hailed as &lsquo;coup&rsquo; for industry south of border</p>\r\n<p>Distillers believe demand driven as Scots prepare to vote for independence</p>\r\n<p>Scotland\'s traditional whisky distilleries are facing a spirited fight... from England</p>\r\n<p>Scotland&rsquo;s traditional whisky distilleries are facing a spirited fight... from England.</p>\r\n<p>Sales figures revealed by Marks and Spencer showed the chain&rsquo;s Fine Single Malt English Whisky out-sold its new Scottish Single Malt by two to one during the Christmas period.</p>\r\n<p>Both bottles have been on sale for &pound;35 - and the impressive performance of the English variety is being hailed as a &lsquo;coup&rsquo; for the fledgling industry south of the border.</p>\r\n<p>Distillers believe a growing &lsquo;English movement&rsquo; - as the Scots prepare to vote for independence - could have helped boost sales.</p>\r\n<p>M&amp;S&rsquo;s English Whisky is made by St George&rsquo;s Distillery, in Roudham, Norfolk, which was set up in 2006 and is currently the only distillery in England - though several others are now being developed.</p>\r\n<p>Andrew Nelstrop, managing director of the English Whisky Company Limited, which runs St George&rsquo;s Distillery, said he was &lsquo;delighted&rsquo; at the sales figures.</p>\r\n<p>&lsquo;We weren&rsquo;t expecting to outsell Scottish whisky. It&rsquo;s a very nice feeling,&rsquo; he said.</p>\r\n<p>&lsquo;We produce a range of different whisky types, from the malty to the more heathery varieties. The one we did for M&amp;S is a bespoke single malt with a bit of smoke, which is easy to drink.</p>\r\n<p>&lsquo;These kind of sales show people aren&rsquo;t just buying our whisky as a novelty to see what English whisky tastes like but must be coming back for second bottles - meaning it&rsquo;s been well-received.&rsquo;</p>\r\n<p>Mr Nelstrop, a farmer before setting up his distillery, says the business is only &lsquo;tiny&rsquo; compared with some of the Scottish distilleries - employing just two production and two office staff.</p>\r\n<p>But he said the industry is a &lsquo;growing sector&rsquo;.</p>\r\n<p>Sales figures revealed by Marks and Spencer showed the chain\'s Fine Single Malt English Whisky out-sold its new Scottish Single Malt by two to one during the Christmas period</p>\r\n<p>&lsquo;We were the first English distillery for 100 years but a second is just getting going elsewhere, and four more are being developed,&rsquo; Mr Nelstrop said.</p>\r\n<p>He added that the Scottish independence referendum may have encouraged some whisky drinkers south of the border to try his product instead.</p>\r\n<p>Emma Dawson, spirits buyer for M&amp;S, said: &lsquo;We are all about innovation and new offerings; an approach which is made possible by the confidence we have in our customers to be adventurous.&rsquo;</p>\r\n<p><a href=\"http://www.dailymail.co.uk/news/article-2553468/English-dram-outsells-Scotch-Distillers-believe-growth-sales-boosted-independence-vote.html\">The Daily Mail</a></p>\r\n<p>&nbsp;</p>',132),(55,55,'en','The Lakes Distillery Set to Send Whisky to France','lakes-distillery-set-send-whisky-france','blog/In-Cumbria.jpg','Tuesday, 11 February 2014\r\n\r\n','<p style=\"text-align: justify;\">The Lakes Distillery is preparing to begin exports to France from April.</p>\r\n<p style=\"text-align: justify;\">Although the distillery &ndash; at Setmurthy near Bassenthwaite &ndash; is not due to start production until later this year, it launched its first whisky at the Taste Cumbria food festival in Cockermouth in September.</p>\r\n<p style=\"text-align: justify;\"><br />The One is a blend of grain and malt whiskies from other British distilleries.</p>\r\n<p style=\"text-align: justify;\"><br />It is this blend that will spearhead the export drive.</p>\r\n<p style=\"text-align: justify;\"><br />A consortium of private investors led by Paul Currie, a co-founder of the Isle of Arran Distillery, is behind the plan to set up a &pound;2.5m distillery on a former farm. It will produce malt whisky, gin and vodka.<br />Mr Currie said: &ldquo;We are well on schedule to start distilling Cumbria&rsquo;s first malt whisky for more than 100 years. We&rsquo;ve also been installing webcams so people can view our progress.&rdquo;</p>\r\n<p style=\"text-align: justify;\"><br />The project includes a visitor centre with bar, bistro and shop. Production is expected to reach 300,000 bottles a year &ndash; although the distillery will have the capacity to produce one million bottles &ndash; and the site should support 27 jobs</p>',131),(56,56,'en','Lakes Distillery Expansion: New Jobs & Major Investment','lakes-distillery-expansion-new-jobs','blog/New__Star_1.jpg','Wednesday, 12th February 2014','<p style=\"text-align: justify;\">A distillery is set to create and safeguard over 30 jobs after expanding to create a visitor centre, bar and shop.</p>\r\n<p style=\"text-align: justify;\">The expansion of the Lakes Distillery was made possible with a &pound;250,000 investment from Britain&rsquo;s Energy Coast.</p>\r\n<p style=\"text-align: justify;\">The &pound;2million development will be situated at the northern end of lake Bassenthwaite, near Keswick.</p>\r\n<p style=\"text-align: justify;\"><img style=\"float: right; margin-left: 10px; margin-right: 10px; margin-top: 2px; margin-bottom: 2px;\" src=\"/media/files/paul_at_the_one_launch.jpg\" alt=\"\" width=\"326\" height=\"500\" />Following the launch of its first product, The One blended whisky at Taste Cumbria last Autumn, renovations are now underway at the site with the assistance of the grant from the Government&rsquo;s Regional Growth Fund-supported and Nuclear Decommissioning Authority-backed &lsquo;Investing in Business&rsquo; programme.</p>\r\n<p style=\"text-align: justify;\">The facility will become Cumbria&rsquo;s first whisky distillery for more than a century and is set to become a key attraction for visitors to the County.</p>\r\n<p style=\"text-align: justify;\">Production of The Lakes Gin, The Lakes Vodka and The Lakes Malt is due to start in the summer with the remaining building work complete in time for the visitor centre, bistro, bar and shop to open later in the year.</p>\r\n<p style=\"text-align: justify;\">Paul Currie, Managing Director at Lakes Distillery, said: &ldquo;We&rsquo;re delighted to have secured this award from BEC, which has been essential to support our journey to become a renowned premium whisky producer.</p>\r\n<p style=\"text-align: justify;\">&ldquo;We aspire for The Lakes Distillery to become both a production operation and visitor attraction of excellence to the benefit of the local workforce and economy.&rdquo;</p>\r\n<p style=\"text-align: justify;\">The Investing in Business programme was set up to help businesses looking to create jobs by investing in fixed assets such as buildings, plant and equipment or for research and development.</p>\r\n<p style=\"text-align: justify;\">It utilises funding from the Government&rsquo;s Regional Growth Fund and a further &pound;1m from the Nuclear Decommissioning Authority.</p>\r\n<p style=\"text-align: justify;\"><a href=\"http://www.newsandstar.co.uk/lakes-distillery-expansion-new-jobs-and-major-investment-1.1116315\">News &amp; Star</a></p>',131),(57,57,'en','Celtic Symbols Found At New Lakes Distillery Site','celtic-symbols-found-new-lakes-distillery-site','blog/New__Star_2.jpg','Wednesday, 12th February 2014','<p style=\"text-align: justify;\">Ancient lucky Celtic symbols have been found at the site of a new distillery.</p>\r\n<p style=\"text-align: justify;\">More than 20 &lsquo;quatrefoils&rsquo; have been found throughout the buildings at the former Victorian model farm at Bassenthwaite.</p>\r\n<p style=\"text-align: justify;\">Renovation work at the site is set to start this month but managing director of the Lakes Distillery, Paul Currie, said the quatrefoils will be preserved.</p>\r\n<p style=\"text-align: justify;\">&ldquo;We fell in love with the distillery site not just because of its idyllic location and perfect whisky-making conditions, but also because of its character and we have been delighted to discover these symbols of good luck throughout the entire place,&rdquo; he said.</p>\r\n<p style=\"text-align: justify;\"><img style=\"float: right; margin: 5px;\" src=\"/media/files/quatro_2.jpg\" alt=\"\" width=\"208\" height=\"147\" />&ldquo;They will certainly stand us in good stead over the very busy months to come.&rdquo;</p>\r\n<p style=\"text-align: justify;\">The distillery, the first in Cumbria for over 100 years, will see a &pound;5 million investment programme of work carried out by the summer.</p>\r\n<p style=\"text-align: justify;\">Production of The Lakes Gin and Vodka, and of The Lakes Malt will begin as soon as renovation work completes.</p>\r\n<p style=\"text-align: justify;\">The distillery&rsquo;s visitor centre, which will offer guided tours, a shop and artisan bar and bistro, will open in the autumn.</p>\r\n<p style=\"text-align: justify;\"><a href=\"http://www.newsandstar.co.uk/news/business/celtic-symbols-find-at-new-lakes-distillery-site-1.1116266\">News &amp; Star</a></p>',131),(58,58,'en','250,000 To Boost Whisky Jobs','250000-boost-whisky-jobs','blog/Times__Star.jpg','Friday, 14th February 2014','<p>A new whisky distillery near Cockermouth has been given a &pound;250,000 grant to help it create more than 30 jobs.</p>\r\n<p><img style=\"float: right; margin: 5px;\" src=\"/media/files/paul_currie_1.jpg\" alt=\"\" width=\"320\" height=\"230\" /></p>\r\n<p>The Lakes Distillery, at Setmurthy, has been awarded the cash from Britain&rsquo;s Energy Coast.</p>\r\n<p>It will help the business to unlock a further &pound;2 million of funding.</p>\r\n<p>Renovation work at the former Victorian model farm is set to start this month.</p>\r\n<p>The distillery, the first in Cumbria for more than 100 years, will involve &pound;5 million of work to be carried out by the summer.</p>\r\n<p>Production of a Lakes gin and vodka and Lakes malt whisky will begin as soon as renovation work is completed.</p>\r\n<p>It will also house a visitor centre and bistro, bar and shop in a converted farm at the northern end of Bassenthwaite Lake.</p>\r\n<p>Paul Currie, the distillery&rsquo;s managing director, said: &ldquo;We&rsquo;re delighted to have secured this award, which has been essential to support our journey to become a renowned premium whisky producer.&rdquo;</p>\r\n<p>Earlier this week workers there found more than 20 quatrefoils &ndash; ancient lucky Celtic symbols &ndash; which the distillery said it will preserve.</p>\r\n<p>A webcam has been installed so people can watch as building work progresses.</p>\r\n<p><a href=\"http://www.timesandstar.co.uk/news/people/250-000-to-boost-whisky-jobs-1.1116926\">Times &amp; Star</a></p>',131),(59,59,'en','The ONE for the road....','one-road','blog/TMC_Net.jpg','Saturday, 18th January 2014','<p style=\"text-align: justify;\">The One is the first ever British blended whisky from the UK\'s newest distillery set in the heart of the picturesque Lake District. But will it be \'the one\'? Jane Hall finds out MANY glasses of amber nectar - otherwise known as whisky - would have been raised to 2014 on New Year\'s Eve.</p>\r\n<p style=\"text-align: justify;\">But few of the millions toasting the coming year with a glass or two of this magical alcoholic beverage would have had the luxury of doing so with a whisky produced by their own fair hands.</p>\r\n<p style=\"text-align: justify;\">Paul Currie was one such lucky man. As the chimes of Big Ben rang out on the stroke of midnight to signal the start of 2014, the 49- year-old saluted the death of the old and welcomed in the new with a tumbler of The One, the first British blended whisky.</p>\r\n<p style=\"text-align: justify;\">Bringing together whiskies from England, Scotland and Wales, the memorably named The One, is the inaugural drink to come out of Paul\'s new venture, The Lakes Distillery.</p>\r\n<p style=\"text-align: justify;\">It launched on to the market in the autumn and has thus far been well received by the critics, with one describing the slightly smoky, sweet and fruity drink as a \"really quality blend... crafted with obvious love.\" It bodes well for what is set to be an exciting year ahead for Cumbria\'s first whisky distillery for over a century.</p>\r\n<p style=\"text-align: justify;\">This spring will see distillation get under way on both a Lakes gin and malt whisky.</p>\r\n<p style=\"text-align: justify;\">And come the summer, work should be complete on a new visitor centre, bar, bistro and shop at the distillery\'s picturesque headquarters overlooking Bassenthwaite Lake and the shapely ridge of the 3,000-plus foot high Skiddaw.</p>\r\n<p style=\"text-align: justify;\">Once production is in full swing it will see the distillery housed in a secluded former Victorian model farm at Setmurthy seven miles from Keswick, producing up to 400,000 bottles a year each of both the blended and malt whiskies - although afi-cionados will have a few years\' wait before they\'re able to savour the latter.</p>\r\n<p style=\"text-align: justify;\">The Pounds 3m project will ultimately create 30 new jobs and could attract as many as 150,000 visitors a year to an area whose local economy is reliant on tourists attracted by the breath-taking natural beauty.</p>\r\n<p style=\"text-align: justify;\">Paul, living on site in the grand farmhouse just a few steps away from the River Derwent, whose clean and peaty water will play such a vital part in The Lakes Distillery\'s story going forward, has by his own admission a lot to look forward to as he sees plans which have been three years in the making come to fruition.</p>\r\n<p style=\"text-align: justify;\">He is confident of success, not in a naive, gung-ho way, but borne from the fact that whisky has always been a part of his life - his father was managing director of Chivas-Seagrams\' - and he is a co-founder of The Isle of Arran Distillery set up as recently as 1995.</p>\r\n<p style=\"text-align: justify;\">Paul left that behind to pursue other interests in the spirits world, but it\'s fair to say whisky runs through his veins.</p>\r\n<p style=\"text-align: justify;\">So it was perhaps inevitable that he would one day open another distillery - although the Lake District wouldn\'t be top of most people\'s list of places to do so.</p>\r\n<p style=\"text-align: justify;\">Whisky, thanks in part to some clever marketing north of the Border, is irrevocably linked to Scotland. But it\'s a drink that can be made any-where, and indeed England did once have its fair share of distilleries. Why they all shut is something of a mystery, but with demand for whisky surging globally (exports have risen by 87% in the last decade and reached Pounds 4.3bn in 2012), there has been a resurgence of distilling south of the River Tweed with businesses opening in East Anglia and London. While some sceptics may scoff at a Lakes\' malt, Paul immediately saw the potential on a family holiday to the area. In terms of scenery and infrastructure, this part of Cumbria shares many qualities with Scotland. Then there is \"the lakes, the peaty foothills, the pure air,\" Paul says. \"I realised this really was perfect whisky country.\" So The Lakes Distillery. - of which he is managing director - was born, although it has been a fairly lengthy gestation; as long as the wait for that first sip of malt will be. It will have to sit in its bourbon and sherry casks for three years - the time it takes under EU law for fermented cereal mash to be recognised as whisky - before being bottled. Paul expects the malt, which he is confidently predicting will have a lightly peated taste, to be \"really good\" at five years plus. Hence the need to start bringing in some cash with The One, the gin and the visitors centre. There have been no shortage of investors willing to back the enterprise, and it turns out there is a strong North East link. The Lakes Distillery\'s chairman is Tyneside-based entrepreneur Nigel Mills, who is heading up the company\'s base in Gosforth, Newcastle. As the main city that Cumbrians look towards, tens of thousands of North Easterners heading to the Lakes every year and the region already emerging as the biggest market for The One, Paul says it made sense for The Lakes Distillery to have its headquarters in Newcastle, leaving the Set Murthy site to get on with whisky production and catering for the hoped for visitors. Nigel will have a hand in this too, however. He owns The Trout Hotel in nearby Cockermouth and will be involved in the bistro and dining side of the centre.</p>\r\n<p style=\"text-align: justify;\">The main hurdle Paul has had to jump was finding the right location. It had to have buildings that could take the stills, scope for development and be close to the right sort of water to provide the base for the malt. And with the Lake District being a National Park and the obvious planning restrictions that go with that, it also had to be a site where the existing structures could be utilised and any development sympathetically undertaken. It was, Paul states, \"very tough. We looked at countless sites and spent days pouring over maps. We got lucky really when we found the model farm.\" He got lucky too when the parish council, DEFRA, Natural England, Cumbria Tourism and the Highways Agency all gave their support. Paul has g at he r e d together an expert team which includes Dr Alan Rutherford, a leading figure in the whisky industry, and master distiller Chris Anderson whose job it will ultimately be to create the perfect blend of grains and malt. There is, after all, only so much that nature can do to help the process. Chris comes from a long line of distinguished Scottish whisky distillers and began his own career at Caolila on Islay. He has also worked at Lagavulin before moving on to Dewars\' distilleries, including Royal Brackla, Aberfeldy, Craigellachie and Aultmore. Whisky, Paul says, \"is oozing through his veins. He brings a wealth of experience to us and he will play the central role in creating the new Lakes Malt.\" They can be \"80% certain\" of how that will taste even before work begins on distillation thanks to the quality of the water and the type of malted barley used. It\'s the other 20% that will remain unknown, which will ultimately give the malt its character and which Chris will guide with his expert hand. Producing The One has been a slightly less painful process. An artisan blend, it is selling well both through The Lakes Distillery. website and at selected independent outlets, and there is hope that it will soon be available in developing markets like Russia, France and Spain. The gin to be made from Lake District botanicals, will hopefully strike a similar chord. Paul says despite the early problems finding a site, there was never any doubt that the distillery would be based in the Lakes. \"In terms of the whisky, you need a location that is the brand, and the great thing about the Lakes is that it\'s known worldwide. And because we are looking at a long-term business it had to have the tourist element and it was very important that we had the bar and bistro. \"With the Keswick area attracting around three million tourists alone a year, we will hopefully have a ready source of visitors we can attract to the bar and bistro and on to the distillery tours. \"Eight per cent of all visitors to Scotland go on a distillery tour, which is amazing, and if we can get a fraction of that interest I will be happy. \" As well as the wonderful location the water is perfect and contains everything necessary for the distilling of the purest whisky.\" With his heart set on the romantic Lakes, Paul never considered basing himself elsewhere. And who can blame him, with Bassenthwaite Lake and the majestic view towards Skiddaw just a few seconds walk from his front door? It\'s a pity that long-awaited first sight and taste of the Lakes Malt will be longer in coming. But patience can be said to be a virtue in many walks of life, and it\'s something that Paul Currie has thankfully acquired over the years. And while there is still a lot of work to do, Paul\'s dream for The Lakes Distillery\'s at last starting to come true. He is optimistic that \"2014 will be a vintage year for us\".Now, that\'s certainly worth raising a glass of \'the water of life\' to. The One is available to buy from www.lakes distillery.com. Prices start from Pounds 3.95 for a 5cl miniature. A 70cl bottle costs Pounds 29.95. The distillery is also offering membership packages.</p>\r\n<p style=\"text-align: justify;\">\'The lakes, the peaty foothills, the pure air; I realised this really was perfect whisky country (c) 2014 ProQuest Information and Learning Company; All Rights Reserved.</p>\r\n<p style=\"text-align: justify;\"><a href=\"http://europe.tmcnet.com/news/2014/01/18/7636436.htm\">TMC.net</a></p>',131),(60,60,'en','Whisky distillery secures restoration funding','whisky-distillery-secures-restoration-funding','blog/Place_North_West.jpg','Wednesday, 12th February 2014','<p style=\"text-align: justify;\">A distillery in Cumbria has secured a &pound;250,000 Investing in Business grant from economic development organisation Britain\'s Energy Coast to unlock a &pound;2m development.</p>\r\n<p style=\"text-align: justify;\">The Lakes Distillery will invest the funding in a new distillery, visitor centre and bistro, bar and shop in a converted Victorian farm at the northern end of Bassenthwaite Lake, near Keswick.</p>\r\n<p style=\"text-align: justify;\">Following the launch of its first product, The One blended whisky at Taste Cumbria last autumn, renovations are now underway at the site. Investing in Business is financed by the Regional Growth Fund and Nuclear Decommissioning Authority.</p>\r\n<p style=\"text-align: justify;\">The new facility will be Cumbria\'s first whisky distillery built for more than a century. Production of The Lakes Gin, The Lakes Vodka and The Lakes Malt is due to start in the summer with the remaining building work complete in time for the visitor centre, bistro, bar and shop to open later in the year.</p>\r\n<p style=\"text-align: justify;\">Paul Currie, managing director of Lakes Distillery, said: \"We aspire for The Lakes Distillery to become both a production operation and visitor attraction of excellence to the benefit of the local workforce and economy.\"</p>',131),(61,61,'en','Lake District Distillery Readies Itself For Production','lake-district-distillery-readies-itslef-production','blog/The_Spirits_Business.jpg','Wednesday, 19th February 2014','<p style=\"text-align: justify;\">The first distillery to be built in the UK&rsquo;s Lake District in over a century will soon start production after the company received a &pound;250,000 grant.&nbsp;</p>\r\n<p style=\"text-align: justify;\">Artist&rsquo;s impression of The Lakes Distillery &ndash; Cumbria&rsquo;s first distillery in over 100 years</p>\r\n<p style=\"text-align: justify;\">The Lakes Distillery, which specialises in English whisky, will use the funds to create its site, as well as build a visitors&rsquo; centre, bistro, bar and shop on a Victorian farm near Keswick.</p>\r\n<p style=\"text-align: justify;\">Britain&rsquo;s Energy Coast (BEC) awarded the funds through its &lsquo;Investing in Business&rsquo; grant, enabling the distillery to unlock a further &pound;2 million in investment. A &pound;2.5 development figure was initially confirmed when&nbsp;plans for the new distillery were unveiled last year.</p>\r\n<p style=\"text-align: justify;\">Anticipated to become a &ldquo;key attraction&rdquo; for visitors to Cumbria, The Lakes Distillery is due to start producing its liquid this summer, while its&nbsp;visitors&rsquo; centre, bistro, bar and shop will be open later in the year.</p>\r\n<p style=\"text-align: justify;\">Paul Currie, managing director at Lakes Distillery, said: &ldquo;We&rsquo;re delighted to have secured this award from BEC, which has been essential to support our journey to become a renowned premium whisky producer.</p>\r\n<p style=\"text-align: justify;\">&ldquo;We aspire for The Lakes Distillery to become both a production operation and visitor attraction of excellence to the benefit of the local workforce and economy.&rdquo;</p>\r\n<p style=\"text-align: justify;\">It was announced in May 2013 that the distillery would launch a&nbsp;<a href=\"/members/founders-club/\">Founders&rsquo; Club to help raise funds for its planned work</a>.</p>\r\n<p style=\"text-align: justify;\">As part of the plans, consumers were given the chance to own some of The Lakes Distillery&rsquo;s first bottles of whisky, as well as other special offers and discounts, for a one-off payment of &pound;595. The first 100 casks produced each year will also be set aside exclusively for Founders&rsquo; Club members.</p>\r\n<p style=\"text-align: justify;\">The distillery is being built at the edge of Bassenthwaite Lake in the National Park itself. It will contain two stills with a relatively small capacity of 3,500 litres designed to produce a lighter style whisky.</p>\r\n<p style=\"text-align: justify;\">Currie, also co-founder of the Isle Arran Distillery will be joined by former Diageo whisky expert Alan Rutherford, who will oversee production.</p>\r\n<p style=\"text-align: justify;\">Brands to be released by the distillery include The Lakes Gin, The Lakes Vodka and The Lakes Malt.</p>\r\n<p style=\"text-align: justify;\">The Lakes Distillery bottled and released what it claimed was the&nbsp;<a href=\"/brands/one/\">first British blended whisky, called The One</a>, which brings together a range of whiskies from the British Isles.</p>\r\n<p style=\"text-align: justify;\"><a href=\"http://www.thespiritsbusiness.com/2014/02/lake-district-distillery-readies-itself-for-production/\">The Spirits Business</a></p>',131),(62,62,'en','New Lakes Distillery To Use Water From River Derwent','new-lakes-distillery-use-water-river-derwent','blog/North_West_Evening_Mail.jpg','Tuesday, 18th February 2014','<p style=\"text-align: justify;\">Plans to extract water from the River Derwent for a new distillery have been given the green light by the Environment Agency.</p>\r\n<p style=\"text-align: justify;\">Paul Currie, of The Lakes Distillery</p>\r\n<p style=\"text-align: justify;\">Work is due to get underway this month on The Lakes Distillery, at Bassenthwaite, near Keswick,</p>\r\n<p style=\"text-align: justify;\">The former Victorian model farm, which will house the first new whisky distillery in Cumbria for over 100 years, is undergoing a multi-million pound redevelopment.</p>\r\n<p style=\"text-align: justify;\">Production of The Lakes Gin and Vodka, and of The Lakes Malt, will begin as soon as renovation is finished, possibly in the spring.</p>\r\n<p style=\"text-align: justify;\">Managing director Paul Currie, co-founder of the Isle of Arran distillery, said they would use the &ldquo;lightly peated&rdquo; water in their Lakes Malt, Lakes Gin and Lakes vodka-brewing process, using a closed loop system to minimise water requirements.</p>\r\n<p style=\"text-align: justify;\">He said a state-of-the-art treatment plant will also be installed to produce clean water for its visitor centre.</p>\r\n<p style=\"text-align: justify;\">&ldquo;The site will have a biomass boiler for all its heating requirements and will recycle heat during the production process,&rdquo; a spokesman said. &ldquo;Along with this, waste products from the distilling process will be offered to farmers as animal feed and fertiliser.&rdquo;</p>\r\n<p style=\"text-align: justify;\">Production is expected to reach 300,000 bottles a year &ndash; although the distillery will have the capacity to produce 1m bottles &ndash; and the site should support 27 jobs.</p>\r\n<p style=\"text-align: justify;\">Although production has yet to start, The Lakes Distillery launched its first whisky at the Taste Cumbria food event in Cockermouth in September. The One is a blend of grain and malt whiskies from other British distilleries.</p>\r\n<p style=\"text-align: justify;\">Webcams have been installed so people can watch the renovation online. The distillery&rsquo;s visitor centre, which will offer guided tours, a shop and artisan bar and bistro, will open in the autumn.</p>\r\n<p style=\"text-align: justify;\">&nbsp;</p>',131),(63,63,'en','The ONE is going global...','one-going-glabal','blog/France_Flag.jpg','','<p><span style=\"font-size: medium;\">The ONE is spreading accross Europe, we now have a confirmed distributor in France!</span></p>\r\n<p><img style=\"border: 2px solid black; vertical-align: bottom;\" src=\"/media/files/paris_distributor_.jpg\" alt=\"\" width=\"567\" height=\"386\" /></p>\r\n<p style=\"text-align: center;\">&nbsp;</p>',7),(64,64,'en','Distillery expansion plans to be unveiled at Lake District tourism meeting','distillery-expansion-plans-be-unveiled','blog/Westmorland_Gazette.jpg','Monday, 24th February 2014','<p>First networking event of the year being held for tourist businesses.</p>\r\n<p>LAKES Distillery founder Paul Currie will reveal the company&rsquo;s plans for a visitor centre on the bank of the River Derwent this week.</p>\r\n<p>He has been invited to deliver a presentation&nbsp;on the proposed development during Cumbria Tourism&rsquo;s first commercial members&rsquo; meeting of 2014 at the Skiddaw Hotel, Keswick, on Thursday, from 11am to 1.30pm.&nbsp;</p>\r\n<p>Cumbria Tourism managing director Ian Stephens said: &ldquo;Commercial members&rsquo; meetings are a vital networking opportunity for both our members and the team to get together and share new ideas, keep up to date with key developments in the industry and have the opportunity to raise any issues that are concerning businesses across the county.&rdquo;</p>\r\n<p>Meanwhile, a team&nbsp;representing the Lake District&rsquo;s leading tourism businesses are planning to set up a stand at the Best of Britain and Ireland Show&nbsp;in Birmingham on March 12 and 13 as part of the build up to English Tourism Week (March 29 - April 6).</p>\r\n<p><a href=\"http://www.thewestmorlandgazette.co.uk/news/11032361.Distillery_expansion_plans_to_be_unveiled_at_Lake_District_tourism_meeting/\">Westmorland Gazette</a>&nbsp;</p>',131),(65,65,'en','Renovation work commences at The Lakes Distillery','renovation-work-commences-lakes-distillery','blog/Cumbria_Crack.jpg','Friday, 28th February 2014','<p style=\"text-align: left;\">Renovation work has now commenced at the brand new Lakes Distillery at Setmurthy, near Bassenthwaite in West Cumbria.</p>\r\n<p style=\"text-align: left;\">The distillery, the first in Cumbria for over 100 years, will see a multi-million pound investment programme of work over the coming months with completion due by Summer and production of The Lakes Gin, The Lakes Vodka and The Lakes Malt will begin as soon as renovation work comes to an end.</p>\r\n<p style=\"text-align: left;\">The distillery&rsquo;s Visitor Centre, which will boast its own artisan bar and bistro, shop and exclusive-use dining room, will open shortly after and is set to become a key attraction for the Lake District.</p>\r\n<p style=\"text-align: left;\"><img style=\"float: right; margin-left: 10px; margin-right: 10px; margin-top: 0px; margin-bottom: 0px;\" src=\"/media/files/8_medium.jpg\" alt=\"\" width=\"459\" height=\"306\" />The project has been supported by a &pound;250,000 &lsquo;Investing in Business&rsquo; grant from economic development organisation Britain&rsquo;s Energy Coast. The grant scheme, which is available for fixed assets and land, is supported by funding from the Government&rsquo;s Regional Growth Fund-supported and Nuclear Decommissioning Authority.</p>\r\n<p style=\"text-align: left;\">Sales of The One, The Lakes Distillery&rsquo;s inaugural product and the very first British blended whisky, have far surpassed expectations proving particularly popular in international export markets and membership for the distillery&rsquo;s exclusive Founders&rsquo; Club and Connoisseurs&rsquo; Club is also in high demand.</p>\r\n<p style=\"text-align: left;\">Paul Currie, Managing Director of The Lakes Distillery said: &ldquo;It&rsquo;s wonderful to see work at the distillery commence; now we can watch our plans take shape and see years of work come to fruition. This is a very exciting time for West Cumbria, our aim is to become a key attraction and a key employer for the area and we have been delighted at the local support we have received.</p>\r\n<p style=\"text-align: left;\">&ldquo;The One is fast establishing itself as an exceptional blended whisky and membership for our Founders&rsquo; Club too is rapidly being taken up as people, particularly Cumbrians, make the most of the opportunity to own a piece of Lake District whisky history.&rdquo;</p>\r\n<p style=\"text-align: left;\">Brian Hough, Socio Economic Manager for the NDA, which is supporting the Britain&rsquo;s Energy Coast Investing in Business programme, said: &ldquo;It is great to see another shovel enter the ground on a project that is bringing private sector investment and jobs to the local economy. The help and assistance from Britain&rsquo;s Energy Coast, utilising nuclear and Government funding, has been key to making The Lakes Distillery vision a reality and another demonstration of how working together we are making West Cumbria an easier place to invest and grow in.&rdquo;</p>\r\n<p style=\"text-align: left;\">Web cameras have been installed at the distillery site and people can now view the progress of the renovation work and find out more about The One, the Founders&rsquo; Club and the exclusive Connoisseurs&rsquo; Club, by visiting The Lakes Distillery&rsquo;s website&nbsp;<a href=\"/\" target=\"_blank\">www.lakesdistillery.com</a>.</p>',131),(66,66,'en','Renovation work has now commenced at The Lakes Distillery','renovation-work-has-now-commenced-lakes-distillery','blog/Builder_on_Roof.jpg','The builders have made great progress on the renovation of the roof over the production area of the distillery and the warehouse. ','<p>The builders have made great progress on the renovation of the roof over the production area of the distillery and the warehouse.&nbsp;</p>',7),(67,67,'en','Distillery drinks to success with funding deal','distillery-drinks-success-funding-deal','blog/Insider_Media_1.jpg','Tuesday, 4th March 2014','<p style=\"text-align: justify;\">Cumbria is to get its first whisky distillery in more than 100 years after a funding deal.</p>\r\n<p style=\"text-align: justify;\">The Lakes Distillery, which is founded by Paul Currie, has received a &pound;250,000 grant from Britain\'s Energy Coast, supported by the Access to Finance Service, to launch the new business.</p>\r\n<p style=\"text-align: justify;\">A total of &pound;2.5m is to be invested in the new site which will be located close to Bassenthwaite Lake. The project will create jobs.</p>\r\n<p style=\"text-align: justify;\">The distillery is to produce <a href=\"/brands/lakes-malt/?preview=1&amp;draft=1&amp;language=en\">malt whisky</a>, <a href=\"/brands/lakes-gin/?preview=1&amp;draft=1&amp;language=en\">gin</a> and <a href=\"/brands/the-lakes-vodka/?preview=1&amp;draft=1&amp;language=en\">vodka</a> for the wholesale market and will also have a visitor centre providing guided tours.</p>\r\n<p style=\"text-align: justify;\">Paul Currie said: \"Malt whisky is a Celtic product, and has been distilled in the highlands and islands of Scotland, in Ireland and in Wales.</p>\r\n<p style=\"text-align: justify;\">\"Now Cumbria, another Celtic region, is to start the age-old skill of whisky distilling once again when we open the doors of The Lakes Distillery. We will be combining long forgotten skills, ingredients, techniques and tradition with our contemporary knowledge and expertise to produce an outstanding range of products.</p>\r\n<p style=\"text-align: justify;\">\"This grant has been fundamental in helping us to achieve our vision of creating a world-class distillery and visitor centre in the area.\"</p>\r\n<p style=\"text-align: justify;\">Access to Finance advisor Maria Ramsdale said: \"The Lakes Distillery is a fantastic new business and visitor attraction for Cumbria and will be bringing an ancient tradition back to the region.</p>\r\n<p style=\"text-align: justify;\">\"We were delighted to be able to help them to secure the financing they needed to open the distillery and to work alongside the many local investors and supporters already involved in the project.\"</p>\r\n<p style=\"text-align: justify;\">David Jones, head of projects, energy and business support at Britain\'s Energy Coast, added: \"With our funding award unlocking a further &pound;7 worth of investment for every &pound;1 we put in, The Lakes Distillery is set to become a real asset to the area.</p>\r\n<p style=\"text-align: justify;\">\"The interest that has already been generated has been a strong indication of future success, which will not only encourage more visitors to the Western Lake District but will be a significant boost to jobs.\"</p>\r\n<p style=\"text-align: justify;\">Currie previously set up the Arran distillery. The Lakes Distillery launched its first product, The One blended whisky, at Taste Cumbria last autumn.</p>\r\n<p style=\"text-align: justify;\">&nbsp;</p>\r\n<p style=\"text-align: justify;\"><a href=\"http://www.insidermedia.com/insider/north-west/109591-distillery-drinks-success-funding-deal\">Inside Media</a></p>',131),(68,68,'en','Corporate fun with The Lakes Distillery','corporate-fun-lakes-distillery','blog/Helicopter.jpg','','<p style=\"text-align: justify;\">On Friday 7th March&nbsp;The Lakes Distillery team and a group of guests travellled from Newcastle heliport to Armanthwaite Hall on two Dauphins. Paul Currie, managing director and founder of The Lakes Distillery gave a tour around the distillery site while we all enjoyed nibbles provided by Peter Sidwell. We then headed over to the 4* Trout Hotel in Cockermouth for a fantastic lunch.</p>\r\n<p style=\"text-align: justify;\">A great day had by all!!</p>\r\n<p style=\"text-align: justify;\">&nbsp;</p>',7),(69,69,'en','Site Visit From Britain\'s Energy Coast','site-visit-britains-energy-coast','blog/Small_Size.jpg','The Lakes Distillery has received a 250,000 grant from Britain\'s Energy Coast, supported by the Access to Finance Service, to launch the new business.\r\n','<p>The Lakes Distillery has received a &pound;250,000 grant from Britain\'s Energy Coast, supported by the Access to Finance Service, to launch the new business.</p>\r\n<p>A total of &pound;2.5m is to be invested in the new site which is located close to Bassenthwaite Lake. Our project will create jobs.</p>',7),(70,70,'en','An exciting visit to Musk','exciting-visit-musk','','Musk are expert providers of brewhouses and distillery equipment, Mash Tuns and Washback systems. They will be creating ','',7),(71,71,'en','Behind the scenes at the photo shoot for our ad campaign','behind-scenes-photo-shoot-our-ad-campaign','blog/IMG_0145.jpg','A peek behind the scenes at our ad campaign shoot. A fantastic day which would not have been possible without the help of Adam and the team at Jules B who dressed and styled the models, as well as shooting the whole day for us!','',7),(72,72,'en','The ONE is en route to France','one-en-route-france','blog/La_Maison_Du_Whisky.jpg','An exciting day at The Lakes Distillery, The ONE is en route to France where we will be stocked in La Maison Du Whisky. \r\n\r\nHave a look behind the scenes at RSM our bottlers in Teesside to see the whisky before it starts its journey. ','<p>An exciting day at The Lakes Distillery, The ONE is en route to France where we will be stocked in La Maison Du Whisky.</p>\r\n<p>Have a look behind the scenes at RSM our bottlers in Teesside to see the whisky before it starts its journey.</p>\r\n<p>&nbsp;</p>\r\n<table style=\"height: 225px; width: 330px;\" border=\"0\" align=\"center\">\r\n<tbody>\r\n<tr>\r\n<td><img src=\"/media/files/picture_006.jpg\" alt=\"\" width=\"300\" height=\"225\" /></td>\r\n<td><img src=\"/media/files/picture_007.jpg\" alt=\"\" width=\"300\" height=\"225\" /></td>\r\n<td><img src=\"/media/files/picture_012.jpg\" alt=\"\" width=\"300\" height=\"225\" /></td>\r\n</tr>\r\n<tr>\r\n<td><img src=\"/media/files/picture_013.jpg\" alt=\"\" width=\"300\" height=\"225\" /></td>\r\n<td><img src=\"/media/files/picture_014.jpg\" alt=\"\" /></td>\r\n<td><img src=\"/media/files/picture_015.jpg\" alt=\"\" width=\"300\" height=\"225\" /></td>\r\n</tr>\r\n</tbody>\r\n</table>',7),(73,73,'en','Whisky Sour Bakewell Tart','whisky-sour-bakewell-tart','blog/Bakewell_Tart.jpg','Peter Sidwell cooked up a storm at the Living North Sprig Fair. Follow his recipe to make the perfect Bakwell Tart infused with The ONE whisky. ','<p style=\"text-align: left;\">Peter Sidwell cooked up a storm at the Living North Sprig Fair. Follow his recipe to make the perfect Bakwell Tart infused with The ONE whisky.&nbsp;</p>\r\n<p style=\"text-align: left;\">&nbsp;</p>\r\n<p style=\"text-align: left;\">&nbsp;</p>\r\n<p style=\"text-align: left;\">&nbsp;</p>\r\n<table border=\"0\">\r\n<tbody>\r\n<tr>\r\n<td>\r\n<p style=\"text-align: left;\"><strong>Whisky sour bakewell as seen at Living North show</strong>&nbsp;</p>\r\n<p style=\"text-align: left;\"><span style=\"text-decoration: underline;\">Pastry</span></p>\r\n<p style=\"text-align: left;\">250g plain flour&nbsp;</p>\r\n<p style=\"text-align: left;\">125g butter&nbsp;</p>\r\n<p style=\"text-align: left;\">2 egg yolks&nbsp;</p>\r\n<p style=\"text-align: left;\">50g sugar&nbsp;</p>\r\n<p style=\"text-align: left;\"><span style=\"text-decoration: underline;\">Filling</span>&nbsp;<br /><br />150g raisins&nbsp;<br />50ml The One Whisky&nbsp;<br />1 lime juice&nbsp;<br /><br />125g butter&nbsp;<br />125g sugar&nbsp;<br />2 large eggs&nbsp;<br />125g ground almonds&nbsp;<br />1 the zest of one lime&nbsp;<br /><br /><span style=\"text-decoration: underline;\">Method</span>&nbsp;<br /><br />Pour the whisky over the raisins and leave in a bowl to soak&nbsp;<br /><br />Whisk together the egg yolks and sugar until light and fluffy&nbsp;<br />In a desperate bowl rub the flour and butter together to form a bread crumb type texture &nbsp; &nbsp; &nbsp;<br />Add the egg mixture to the flour bowl and mix together to form a pastr</p>\r\n<p style=\"text-align: left;\">(add a touch of milk if you need to)&nbsp;</p>\r\n<p style=\"text-align: left;\"><br />Leave the pastry to rest in the fridge&nbsp;<br />Meanwhile cream the butter and sugar together until light and fluffy&nbsp;<br />Add in the eggs a little at a time until fully incorporated&nbsp;<br />Add in the lime zest and almonds&nbsp;<br />Fold the mixture together and leave to one side&nbsp;<br /><br />Roll out the pastry and line an 8\" tin&nbsp;<br />Using a hand blended, blend the raisins with the juice of a lime to create a type of jam&nbsp;<br />Spoon the jam into the lined pastry case and spread evenly&nbsp;<br />Top the pastry case with the almond filling and spread out&nbsp;<br /><br />Bake in a pre heated oven at 160c fan for 40-59 minutes&nbsp;<br /><br />To check if it cooked press the middle gently and if it springs back it\'s cooked</p>\r\n</td>\r\n<td>\r\n<p>&nbsp;<img style=\"margin-left: 5px; margin-right: 5px; margin-top: 15px; margin-bottom: 15px;\" src=\"/media/files/peter_2.jpg\" alt=\"\" width=\"450\" height=\"222\" /></p>\r\n<p><img style=\"margin-left: 5px; margin-right: 5px;\" src=\"/media/files/whsiky_infusion.jpg\" alt=\"\" width=\"450\" height=\"222\" /></p>\r\n<p style=\"text-align: center;\"><strong><span style=\"text-decoration: underline;\">Whisky Infused Raisins</span></strong></p>\r\n<p style=\"text-align: center;\"><img style=\"margin-left: 5px; margin-right: 5px;\" src=\"/media/files/squeeze_of_lime.jpg\" alt=\"\" width=\"450\" height=\"222\" />&nbsp;<strong><span style=\"text-decoration: underline;\">Squeeze of lime</span></strong></p>\r\n</td>\r\n</tr>\r\n</tbody>\r\n</table>',7),(74,74,'en','The Lakes Distillery enjoys huge success at Kendal Festival of Food','lakes-distillery-enjoys-huge-success','blog/Cumbria_Crack_1.jpg','Wednesday, 3rd April 2014','<table border=\"0\">\r\n<tbody>\r\n<tr>\r\n<td>\r\n<p>The Lakes Distillery, Cumbria&rsquo;s first whisky distillery for over 100 years, enjoyed an enormously successful two days at Kendal Festival of Food last weekend, smashing sales targets five times over.</p>\r\n<p>The brand new distillery, located near Bassenthwaite in the Western Lake District, offered samples of its inaugural whisky product &ndash; The One &ndash; throughout the festival and so overwhelming were the sales, supplies almost ran dry and staff had to return to base for additional stock.</p>\r\n<p>The One, an entirely new concept in blended whiskies, is the very first British blended whisky and brings together a range of exceptional whiskies from around the British Isles. Visitors to the festival enjoyed complimentary tastings and The One&rsquo;s perfectly balanced flavour &ndash; slightly smoky, sweet and fruity, nutty, with hints of spice &ndash; proved a huge hit.</p>\r\n<p>Katie Read, Business Development Manager for The Lakes Distillery said: &ldquo;We were blown away by the reaction to The One at Kendal Festival of Food and just can&rsquo;t believe the sales we achieved there &ndash; they far surpassed all our expectations.</p>\r\n<p>&ldquo;People were just so enthusiastic about both The One and the distillery &ndash; it was heart-warming to have such support. We&rsquo;ve also received an unprecedented amount of enquiries about membership to our Founders&rsquo; Club too, so this was an incredibly fruitful weekend for us.&rdquo;</p>\r\n<p>The Lakes Distillery&rsquo;s exclusive Founders&rsquo; Club provides a one-off chance to obtain whisky from its first 100 casks of Lakes Malt. Each year for ten years from 2015, members will receive a 70cl bottle of the maturing whisky, forming a rare collection of The Lakes Distillery&rsquo;s first ever production. Membership is strictly limited and already proving popular with local people.</p>\r\n<p>Now exporting The One to seven different countries, The Lakes Distillery is set to start production of The Lakes Malt, The Lakes Gin and The Lakes Vodka this Summer. The distillery site will also boast a state of the art visitor centre, artisan bistro, bar and shop and is aimed to become a key attraction for Cumbria.</p>\r\n</td>\r\n<td>\r\n<p><img style=\"float: right; margin-top: 0px; margin-bottom: 0px; margin-left: 10px; margin-right: 10px;\" src=\"/media/files/paul_at_kendal_food_fest.jpg\" alt=\"\" width=\"299\" height=\"448\" /></p>\r\n<p><img style=\"float: right; margin-top: 5px; margin-bottom: 5px; margin-left: 10px; margin-right: 10px;\" src=\"/media/files/kendal_food_fest.jpg\" alt=\"\" width=\"299\" height=\"448\" /></p>\r\n<p>&nbsp;</p>\r\n</td>\r\n</tr>\r\n</tbody>\r\n</table>',131),(75,75,'en','Great success at Kendal Food Festival','great-success-kendal-food-festival','blog/Kendal_Food.jpg','The Lakes Distillery enjoyed an enormously successful two days at Kendal Festival of Food last weekend, smashing sales targets five times over.\r\n\r\n','<p>The Lakes Distillery enjoyed an enormously successful two days at Kendal Festival of Food last weekend, smashing sales targets five times over.</p>\r\n<p>We offered samples of The ONE throughout the festival and so overwhelming were the sales, supplies almost ran dry with us having to return to base for additional stock.</p>\r\n<table border=\"0\">\r\n<tbody>\r\n<tr>\r\n<td><img src=\"/media/files/paul_at_kendal_food_fest.jpg\" alt=\"\" width=\"299\" height=\"448\" /></td>\r\n<td><img src=\"/media/files/kendal_food_fest.jpg\" alt=\"\" width=\"299\" height=\"448\" /></td>\r\n<td><img src=\"/media/files/img_9373.jpg\" alt=\"\" width=\"299\" height=\"448\" /></td>\r\n<td>&nbsp;</td>\r\n</tr>\r\n<tr>\r\n<td><img src=\"/media/files/img_7762.jpg\" alt=\"\" width=\"299\" height=\"448\" /></td>\r\n<td><img src=\"/media/files/img_9419.jpg\" alt=\"\" width=\"299\" height=\"448\" /></td>\r\n<td><img src=\"/media/files/img_9426.jpg\" alt=\"\" width=\"299\" height=\"448\" /></td>\r\n<td>&nbsp;</td>\r\n</tr>\r\n<tr>\r\n<td>&nbsp;</td>\r\n<td>&nbsp;</td>\r\n<td>&nbsp;</td>\r\n<td>&nbsp;</td>\r\n</tr>\r\n</tbody>\r\n</table>',7),(76,76,'en','The One - British blend','one-british-blend','','Sweet aroma, light, fresh Palette, Pear Drops, smooth feel Finish, liquorice, lingering Very nice blend - recommend\r\n','',178),(77,77,'en','Top 10 Whisky Bars in London','top-10-whisky-bars-london','','For many people whisky drinking is a serious business and these London bars offer aficionados the opportunity to indulge in a wide range of drams. ','<p>From restaurants to pubs and hotels to member&rsquo;s clubs there are a number of different venues that cater for different moods and for different types of whisky drinker. These venues also cater to various trends that are seen in the whisky market and offer a wide range of whisky.&nbsp;</p>\r\n<table style=\"width: 195px;\" border=\"0\">\r\n<tbody>\r\n<tr>\r\n<td>&nbsp;<a href=\"http://www.boisdale.co.uk/menu-files/Whisky_Tastings.pdf\"><img src=\"/media/files/boisdale.jpg\" alt=\"\" width=\"195\" height=\"276\" /></a></td>\r\n<td>&nbsp;<a href=\"http://www.albannach.co.uk/\"><img src=\"/media/files/albannach.jpg\" alt=\"\" width=\"195\" height=\"276\" /></a></td>\r\n<td>&nbsp;<a href=\"http://www.athenaeumhotel.com/food/whisky-bar/\"><img src=\"/media/files/athenaeum.jpg\" alt=\"\" width=\"195\" height=\"276\" /></a></td>\r\n<td>&nbsp;<a href=\"http://searcys.co.uk/venues/st-pancras-grand/\"><img src=\"/media/files/st._pancras_grand_.jpg\" alt=\"\" width=\"195\" height=\"276\" /></a></td>\r\n<td>&nbsp;<a href=\"http://www.smws.co.uk/venues/19_Greville_Street,_London\"><img src=\"/media/files/scotch_malt_whisky_society.jpg\" alt=\"\" width=\"195\" height=\"276\" /></a></td>\r\n</tr>\r\n<tr>\r\n<td>\r\n<h3 style=\"text-align: center;\">The Boisdale</h3>\r\n<p style=\"text-align: center;\">Cabot Place,Canary Wharf, London, E14 4QT</p>\r\n</td>\r\n<td>\r\n<h3 style=\"text-align: center;\">Albannach</h3>\r\n<p style=\"text-align: center;\">66 Trafalgar Square,&nbsp;London, WC2N 5DS</p>\r\n<p>&nbsp;</p>\r\n</td>\r\n<td>\r\n<h3 style=\"text-align: center;\">&nbsp;The Athenaeum</h3>\r\n<p style=\"text-align: center;\">116 Piccadilly, Mayfair, London, W1J 7BJ</p>\r\n</td>\r\n<td style=\"text-align: center;\">\r\n<h3>&nbsp;St. Pancras Whisky Bar</h3>\r\n<p>Grand Terrace, Upper Concourse, St Pancras International Station, London, N1C 4QL</p>\r\n</td>\r\n<td style=\"text-align: center;\">\r\n<h3>&nbsp;Scotch Malt Whisky Bar</h3>\r\n<p>&nbsp;19 Greville Street, London, &nbsp; &nbsp; EC1N 8SQ</p>\r\n</td>\r\n</tr>\r\n<tr>\r\n<td>&nbsp;<a href=\"http://www.saltbar.com/\"><img src=\"/media/files/salt_bar.jpg\" alt=\"\" width=\"195\" height=\"276\" /></a></td>\r\n<td>&nbsp;<a href=\"http://www.coqdargent.co.uk/\"><img src=\"/media/files/coq_d\'argent_jpg.jpg\" alt=\"\" width=\"195\" height=\"276\" /></a></td>\r\n<td>&nbsp;<a href=\"http://www.the-connaught.co.uk/mayfair-bars/connaught-bar/\"><img src=\"/media/files/connaught_bar.jpg\" alt=\"\" width=\"195\" height=\"276\" /></a></td>\r\n<td>&nbsp;<a href=\"http://www.sohowhiskybar.com/\"><img src=\"/media/files/soho_whisky_club.jpg\" alt=\"\" width=\"195\" height=\"276\" /></a></td>\r\n<td>&nbsp;<a href=\"http://www.britanniakensington.co.uk/\"><img src=\"/media/files/the_brittania.jpg\" alt=\"\" width=\"195\" height=\"276\" /></a></td>\r\n</tr>\r\n<tr>\r\n<td style=\"text-align: center;\">\r\n<h3 style=\"text-align: center;\">&nbsp;Salt Whisky Bar</h3>\r\n<p>&nbsp; &nbsp; &nbsp;82 Seymour Street, London, &nbsp; &nbsp; &nbsp; W2 2JB</p>\r\n</td>\r\n<td style=\"text-align: center;\">\r\n<h3 style=\"text-align: center;\">&nbsp;Coq D\'Argent</h3>\r\n<p>&nbsp; &nbsp; &nbsp; &nbsp; &nbsp;No.1 Poultry, London, &nbsp; &nbsp; &nbsp; &nbsp; &nbsp; &nbsp; &nbsp;EC2R 8EJ</p>\r\n</td>\r\n<td style=\"text-align: center;\">\r\n<h3 style=\"text-align: center;\">&nbsp;Connaught Bar</h3>\r\n<p>The Connaught, Carlos Place, Mayfair, London, W1K 2AL</p>\r\n</td>\r\n<td style=\"text-align: center;\">\r\n<h3 style=\"text-align: center;\">&nbsp;Soho Whisky Club</h3>\r\n<p>42 Old Compton Street,&nbsp;London,&nbsp;W1D 4LR</p>\r\n</td>\r\n<td style=\"text-align: center;\">\r\n<h3 style=\"text-align: center;\">&nbsp;The Brittania Pub</h3>\r\n<p>&nbsp; &nbsp; &nbsp; 44 Kipling Street, London, &nbsp; &nbsp; &nbsp; &nbsp; SE1 3RU</p>\r\n</td>\r\n</tr>\r\n</tbody>\r\n</table>',132),(78,78,'en','Building work update','building-work-update','blog/Building_Work_Update.jpg','The builders from Lambert Gill are making fantastic progress on the distillery site. Building work has been going for less than a month and already we can see the roof over the production area of the site is well on the way to completion. Follow the work as it happens on our webcams!','<p style=\"text-align: justify;\">The builders from Lambert Gill are making fantastic progress on the distillery site. Building work has been going for less than a month and already we can see the roof over the production area of the site is well on the way to completion!&nbsp;Follow the work as it happens on our <strong><a href=\"/our-distillery/webcams/\">webcams</a></strong>!</p>\r\n<p style=\"text-align: justify;\">&nbsp;</p>',7);
/*!40000 ALTER TABLE `cmsplugin_blog_entrytitle` ENABLE KEYS */;
UNLOCK TABLES;

--
-- Table structure for table `cmsplugin_blog_subscription_subscriber`
--

DROP TABLE IF EXISTS `cmsplugin_blog_subscription_subscriber`;
/*!40101 SET @saved_cs_client     = @@character_set_client */;
/*!40101 SET character_set_client = utf8 */;
CREATE TABLE `cmsplugin_blog_subscription_subscriber` (
  `id` int(11) NOT NULL AUTO_INCREMENT,
  `email` varchar(255) NOT NULL,
  `language` varchar(2) NOT NULL,
  `remind_on_every` int(11) NOT NULL,
  `secure_hash` varchar(48) NOT NULL,
  `is_active` tinyint(1) NOT NULL,
  `last_notified` datetime DEFAULT NULL,
  PRIMARY KEY (`id`),
  UNIQUE KEY `email` (`email`),
  UNIQUE KEY `secure_hash` (`secure_hash`)
) ENGINE=InnoDB AUTO_INCREMENT=69 DEFAULT CHARSET=utf8;
/*!40101 SET character_set_client = @saved_cs_client */;

--
-- Dumping data for table `cmsplugin_blog_subscription_subscriber`
--

LOCK TABLES `cmsplugin_blog_subscription_subscriber` WRITE;
/*!40000 ALTER TABLE `cmsplugin_blog_subscription_subscriber` DISABLE KEYS */;
INSERT INTO `cmsplugin_blog_subscription_subscriber` VALUES (1,'asta.p@acoobe.com','en',168,'wyqB4DN8OmJlgNpLaYuuLq0PplPCojRHpgnO1vKLAsk922mL',1,NULL),(2,'mindo@club.lt','en',168,'WCXtrpEf1QXZvLxFBx6QsyV3vKUo2Bqzgi0iSgudu70di58b',1,NULL),(3,'g58@hotmail.co.uk','en',168,'swqqpDLmBarSLilYEJxJ89Q7xK1827Qnvj68yRNvRv4RuNkn',0,NULL),(4,'clairet1405@sky.com','en',168,'JKNpKGuHpVEdsTlG1sdmUB6DhW3BgFbDkdiOVRpaNJWbdi8z',1,NULL),(5,'d56w156r64@gmail.com','en',168,'1rxejAbUsKV6hPxZ9trVhkag3CUU3cC7J7eufzTkbMvmDeKm',1,NULL),(6,'ddtom@yahoo.com','en',168,'vOFoXnThd9BTnG7VWjZkSPe6uEcCdRgORn9TpnOfNNmcY64l',1,NULL),(7,'davidhill@camscott.co.uk','en',168,'2ocvndy5991fiHMlBpfC5BtMcZKKFtCLa35yfFReWOxZP1Te',1,NULL),(8,'clarkson.tribe@btinternet.com','en',168,'HhHhXhYYzCMYvtk3ABLEHfEfIj3wcHGP6FIqmtr9HD4WujoX',1,NULL),(9,'tab1r@hotmail.com','en',168,'ZrZuEcKzf9nZxkfEVmunDPKYqrStE6PUl2mZd0aP83mE4631',1,NULL),(10,'jeffaball84@hotmail.co.uk','en',168,'FAbW7WKWmHBbycOTyRLrzSxfoxu0kVK2OAQgJ1gICfOM73Wg',0,NULL),(11,'trish_hayton@hotmail.co.uk','en',168,'cmQsL5xbxfMrvzIjU49JtyokgwGmb2wpFp3ITuc8OAxWtkV6',1,NULL),(12,'derekburt@talktalk.net','en',168,'yR5Y2HdRgbNyoz2PnofWA3khzsuoQ79wKGhsllsJplMIuOFE',1,NULL),(13,'mickpbuk@yahoo.co.uk','en',168,'VJzIxPEQPFxZPCPrtOtzVgbdOVAqqWjH6DQej1Q7zRNkhrE3',1,NULL),(14,'edward.heneghan@googlemail.com','en',168,'CJMOw8m6DovyCCNFXViQ6jCJqaYD4GxChm0WFFE0QVMiJFNB',1,NULL),(15,'bragg@btinternet.com','en',168,'jbmFUwND5YN8Yb9PV9kKJgZ8JxcG9kKJ7f64rDmFpX92FTqs',1,NULL),(16,'Barbara944@btinternet.com','en',168,'5SsJuhqwLzTliju59xYmycvuxNSG4zk6HpSWpsP5yTM7SrpY',0,NULL),(17,'Berticusdan@gmail.com','en',168,'bpFW9hcMNzivzQVCJ2Q3QvU4daQtJkfCNkAKlOMSYrzRmc4X',1,NULL),(18,'Fwhittaker@sky.com','en',168,'FQ7Mmm76MovUV4YEmK0kntFMWnZDnGqCaRo9vFaUiBN7YeuL',1,NULL),(19,'simes@hotmail.co.uk','en',168,'gfBhxR4kCv5jDhBQj90hFsWiUgcy41s4WshfbPskgJkaW20Z',0,NULL),(20,'rockfish.reay@gmail.com','en',168,'iOC8moJg9x8QUMsTKZTkqTF4FOcSxZzP4R9OYWdswXZgoxPy',1,NULL),(21,'lordcrabby@btinternet.com','en',168,'2NYvvGVL6pnA2SN4cAkFgzlz1Y6KiZv6uGpEPs8vTYWB39hH',0,NULL),(22,'gary@druidsplace.com','en',168,'xMVBCCfVgAf3ZTd2G58o0BupEQoTTk50uKygUZ8PBmBdglKQ',1,NULL),(23,'dougmoth1@sky.com','en',168,'zsbHpplnhplGeWvNlDIID0Rgde4TQmJPeeMaYCREZeawwVYx',1,NULL),(24,'Stevie.brown@blueyonder.co.uk','en',168,'e0eCAfcZTk04PaIXFuNJmeUKu1QkGoBNSyMukOpyWkOUo6Q3',1,NULL),(25,'harrison1943@btinternet.com','en',168,'AZRn84Tma5PjI3B1b84AK7CynYDjymQKDs9i6WxiMsaeZIGH',1,NULL),(26,'rogerson@middridge.fslife.co.uk','en',168,'hS07JiYJcqDmbvOP0xl6fOotJc7CfLHrsiBFfTdmeJ2BefVD',0,NULL),(27,'david_williams@ntlworld.com','en',168,'oEjsFgFm3kKpSvmMliI0btHwaO4OM2tqgTrFt1hTZXmBBbeY',1,NULL),(28,'mark@shipperlee.co.uk','en',168,'pr886FUpXEKm6X6exYfHHX4I19LcN2zBxHm6lUwfEfUZebXK',1,NULL),(29,'andreas_env9@hotmail.com','en',168,'eq25Im40F1cQFxurwq77Z3jPw0muBAD8hABMdGKbFzgMhPR8',1,NULL),(30,'david630@hotmail.co.uk','en',168,'aB0M6rMfx1iIHPxUeBES74n7v5MJR4lAQj8h7Kvwm1hRGrKB',1,NULL),(31,'lindah2002@msn.com','en',168,'PpkXU1xyebrBWYhELI4o9syvpSpXzKENpNdBFXhFjkbzFEJB',1,NULL),(32,'Vslack@talktalk.net','en',168,'S5kqwMiiDRMnj4e0izDvbgPzuxzQCpese3sMvykMvrpX7hqf',0,NULL),(33,'mejoyh@hotmail.com','en',168,'BgASL2tgnYIIszU2oASxd84X39f8NrXdNNFFldGh5NhwNfKD',1,NULL),(34,'avtsaa@hotmail.com','en',168,'dHCE4SLVVciRCrylAWN9xHG8ZiQsLagOx7y8beHCpLKjBNPS',1,NULL),(35,'rod@glassford.me','en',168,'09zv0Ux8yyrBhngeZlF4GlL4WQe3jULn00qzVzTAOdCYSLJ8',1,NULL),(36,'tracydob@tiscali.co.uk','en',168,'6435zp389Vy0Y3hZq1qIy18Hz6cmt2KnKFhuTaVkupPiF4fl',1,NULL),(37,'m.prior@talk21.com','en',168,'EmjDAoOOJZ2aWB1wXHyeOb1cOF1Nmn8f3SYu4BTKkDSny0Kk',0,NULL),(38,'rickygraham@me.com','en',168,'GU14RGJgOTUYCmuhxnKMBz27cMDkr4qjHLHKDcFIieVUKPpe',1,NULL),(39,'Julie9539@hotmail.com','en',168,'M5F9F8S13GfvbHQOrhfeI3BiE0ODucHwPGowIMDvJ321ksap',0,NULL),(40,'mrsaejones77@googlemail.com','en',168,'7AwafMxva7V4EfilztmjLd7sMFRzMwVmKfyxJ6FvJDBylTDi',0,NULL),(41,'gojones@live.co.uk','en',168,'OArhxQ7P3nsTRv31ifitYzU61e0i8UaTZAEFX3dEiB2GSSj2',0,NULL),(42,'davidraine123@btinternet.com','en',168,'TgtcwoTTSEzOJwhgyQK18WqzA4Rnz8qBCi0fZLuxy2qrEXdh',1,NULL),(43,'bluerob@hotmail.co.uk','en',168,'bLTD2hfW6EiTeGOjoqFCMWMVdqgTYAHVUUdmxzQYQXzLYeZ9',1,NULL),(44,'Simon.cort@sky.com','en',168,'dLpBFMODJoL9YDaMkH8pHleIAKY58On80xBmVRUQSQLvSlrX',1,NULL),(45,'juliegustard@aol.com','en',168,'LES2WBIjJoIh4JG8UyF5Spw2O0nrNGkSr3lSgHMlDu0yn6o0',1,NULL),(46,'gustardalan@gmail.com','en',168,'q3aDjHA6TbkR9ar2kzSDTLNpZeYJOc3rXBpLGyhtbu9mfiHr',1,NULL),(47,'Clairelawton162@yahoo.co.uk','en',168,'oONl2HHUrangCftjfmqP4xm7bHsKmNgTe5hdY1xfAq4Scnjn',1,NULL),(48,'titterington11@ntlworld.com','en',168,'etek2ICdfikLkUQ3iuHTX7OHrG9K5EI9H1azN4T4hN3SVTbA',1,NULL),(49,'colinwilson490@btinternet.com','en',168,'dX3QQBhitAfMcSxYuVcn0CLUeKib9J9GksLkTxn2F8BfmB2E',1,NULL),(50,'Leo.Nishimoto@galushka.org','en',168,'Dpd8mmXAusa7rWwfehhAaW6Z2JjF54JRbxoxJOgHqbq3cZN8',0,NULL),(51,'Deloras.Landacre@galushka.info','en',168,'7DYTxNArvVNVGyqzsTc5DAMVnHLPKHyPdsrMFa6LwqRcX8Yr',0,NULL),(52,'Alfred.Matern@borsh.biz','en',168,'Tso685GaAfz1XpWFH4Ax954fQTEjby5MzkMhjONz7tIJBoyb',0,NULL),(53,'Leisa.Gerace@farkop.name','en',168,'b8W9ino3kCxTl4RRRYYdedFwb1hMQBXQWrXJCTLZ3nTEJtlg',0,NULL),(54,'whluk@yahoo.co.uk','en',168,'axgDrimCkLhk6xNGieQ5LjEnQ1ZVHNfmjDAS5vFHABVWyJBN',0,NULL),(55,'ronny3466@hotmail.com','en',168,'FJNoI0mimitAmwBY8nCHmanHjd9PYc6G4B153FPVURrXFWRL',1,NULL),(56,'Gaztops46@hotmail.co.uk','en',168,'wBSssryA3EvBNpmRcJU2d73TiiAENp5Q40dXDsdAkvKgak5w',1,NULL),(57,'Kininvie2@hotmail.com','en',168,'WXUioebRTzMoANXP8zkoz66iCmoR2NmeARt4MDNpkUsEP8Z6',0,NULL),(58,'dee1macdonald@yahoo.co.uk','en',168,'4ZrAEoNaZ544PRTCxjF0ireYKcYmctZeDNSuvuKuJS1MhOjZ',0,NULL),(59,'alexfung007@gmail.com','en',168,'RlwMg7yXCFxag1EHyAJF6qiLEsmEWdU5vrEAfVtrJxUSiO4Z',0,NULL),(60,'bhjobling@gmail.com','en',168,'QYcHBkAoxKvGMtvw9QeUetP0tH98iumdyq7WSgdzVmh5mOVx',1,NULL),(61,'www.dorothymills839@yahoo.co.uk','en',168,'BQ2cgaLkn14P46E5AwGtcsYx15TvCTBAMPeiUtSiUztU0IuG',0,NULL),(62,'d.der@which.net','en',168,'U7e85SFl5tTkOD6ZBUehaqYg6ZpePXjZZfROGQtWDOtHyy1G',1,NULL),(63,'leinkir@btinternet.com','en',168,'VI7ldfnT2M1VcWMcSoGLwCzY9CgbdnooHWp0NLOuAC6rawSy',1,NULL),(64,'david.metcalfe1@ntlworld.com','en',168,'eeA0Gxo9uBJM8zKAwHe1exRtxxJtOVPS49gJYH85qt5W0U9G',1,NULL),(65,'andrew_l_n_mccormick@hotmail.co.uk','en',168,'v0wORH2jgvnJeRmB4BtxsPABcg9XQTuRD2mTsg7ZfBhpZBel',0,NULL),(66,'peter.bracken10@talktalk.net','en',168,'YM7L0GGqJfjfH2mVhIMvhTpPW2XW9K5XtZxUjaTYkIKn1ijr',0,NULL),(67,'emma@opr.co.uk','en',168,'q7qSR7KhqSwCgdn75UnB0qLZQ7W0OeztQYH42An72RkL6CWI',1,NULL),(68,'jameslhogg@hotmail.com','en',168,'8uQMZjoRBajKn4ifxvDjEor6nLig4y46us1F2pILHNqsyuNd',1,NULL);
/*!40000 ALTER TABLE `cmsplugin_blog_subscription_subscriber` ENABLE KEYS */;
UNLOCK TABLES;

--
-- Table structure for table `cmsplugin_blog_subscription_subscriber_categories`
--

DROP TABLE IF EXISTS `cmsplugin_blog_subscription_subscriber_categories`;
/*!40101 SET @saved_cs_client     = @@character_set_client */;
/*!40101 SET character_set_client = utf8 */;
CREATE TABLE `cmsplugin_blog_subscription_subscriber_categories` (
  `id` int(11) NOT NULL AUTO_INCREMENT,
  `subscriber_id` int(11) NOT NULL,
  `title_id` int(11) NOT NULL,
  PRIMARY KEY (`id`),
  UNIQUE KEY `subscriber_id` (`subscriber_id`,`title_id`),
  KEY `cmsplugin_blog_subscription_subscriber_categories_41d15c8` (`subscriber_id`),
  KEY `cmsplugin_blog_subscription_subscriber_categories_8a3b4cf` (`title_id`),
  CONSTRAINT `subscriber_id_refs_id_2f85fc87` FOREIGN KEY (`subscriber_id`) REFERENCES `cmsplugin_blog_subscription_subscriber` (`id`),
  CONSTRAINT `title_id_refs_id_1d6cdb12` FOREIGN KEY (`title_id`) REFERENCES `cms_title` (`id`)
) ENGINE=InnoDB AUTO_INCREMENT=273 DEFAULT CHARSET=utf8;
/*!40101 SET character_set_client = @saved_cs_client */;

--
-- Dumping data for table `cmsplugin_blog_subscription_subscriber_categories`
--

LOCK TABLES `cmsplugin_blog_subscription_subscriber_categories` WRITE;
/*!40000 ALTER TABLE `cmsplugin_blog_subscription_subscriber_categories` DISABLE KEYS */;
INSERT INTO `cmsplugin_blog_subscription_subscriber_categories` VALUES (4,1,3),(6,2,7),(5,2,8),(8,3,7),(9,3,131),(10,3,132),(7,3,178),(12,4,7),(13,4,131),(14,4,132),(11,4,178),(16,5,7),(17,5,131),(18,5,132),(15,5,178),(20,6,7),(21,6,131),(22,6,132),(19,6,178),(24,7,7),(25,7,131),(26,7,132),(23,7,178),(28,8,7),(29,8,131),(30,8,132),(27,8,178),(32,9,7),(33,9,131),(34,9,132),(31,9,178),(36,10,7),(37,10,131),(38,10,132),(35,10,178),(40,11,7),(41,11,131),(42,11,132),(39,11,178),(44,12,7),(45,12,131),(46,12,132),(43,12,178),(48,13,7),(49,13,131),(50,13,132),(47,13,178),(52,14,7),(53,14,131),(54,14,132),(51,14,178),(56,15,7),(57,15,131),(58,15,132),(55,15,178),(60,16,7),(61,16,131),(62,16,132),(59,16,178),(64,17,7),(65,17,131),(66,17,132),(63,17,178),(68,18,7),(69,18,131),(70,18,132),(67,18,178),(72,19,7),(73,19,131),(74,19,132),(71,19,178),(76,20,7),(77,20,131),(78,20,132),(75,20,178),(80,21,7),(81,21,131),(82,21,132),(79,21,178),(84,22,7),(85,22,131),(86,22,132),(83,22,178),(88,23,7),(89,23,131),(90,23,132),(87,23,178),(92,24,7),(93,24,131),(94,24,132),(91,24,178),(96,25,7),(97,25,131),(98,25,132),(95,25,178),(100,26,7),(101,26,131),(102,26,132),(99,26,178),(104,27,7),(105,27,131),(106,27,132),(103,27,178),(108,28,7),(109,28,131),(110,28,132),(107,28,178),(112,29,7),(113,29,131),(114,29,132),(111,29,178),(116,30,7),(117,30,131),(118,30,132),(115,30,178),(120,31,7),(121,31,131),(122,31,132),(119,31,178),(124,32,7),(125,32,131),(126,32,132),(123,32,178),(128,33,7),(129,33,131),(130,33,132),(127,33,178),(132,34,7),(133,34,131),(134,34,132),(131,34,178),(136,35,7),(137,35,131),(138,35,132),(135,35,178),(140,36,7),(141,36,131),(142,36,132),(139,36,178),(144,37,7),(145,37,131),(146,37,132),(143,37,178),(148,38,7),(149,38,131),(150,38,132),(147,38,178),(152,39,7),(153,39,131),(154,39,132),(151,39,178),(156,40,7),(157,40,131),(158,40,132),(155,40,178),(160,41,7),(161,41,131),(162,41,132),(159,41,178),(164,42,7),(165,42,131),(166,42,132),(163,42,178),(168,43,7),(169,43,131),(170,43,132),(167,43,178),(172,44,7),(173,44,131),(174,44,132),(171,44,178),(176,45,7),(177,45,131),(178,45,132),(175,45,178),(180,46,7),(181,46,131),(182,46,132),(179,46,178),(184,47,7),(185,47,131),(186,47,132),(183,47,178),(188,48,7),(189,48,131),(190,48,132),(187,48,178),(192,49,7),(193,49,131),(194,49,132),(191,49,178),(196,50,7),(197,50,131),(198,50,132),(195,50,178),(200,51,7),(201,51,131),(202,51,132),(199,51,178),(204,52,7),(205,52,131),(206,52,132),(203,52,178),(208,53,7),(209,53,131),(210,53,132),(207,53,178),(212,54,7),(213,54,131),(214,54,132),(211,54,178),(216,55,7),(217,55,131),(218,55,132),(215,55,178),(220,56,7),(221,56,131),(222,56,132),(219,56,178),(224,57,7),(225,57,131),(226,57,132),(223,57,178),(228,58,7),(229,58,131),(230,58,132),(227,58,178),(232,59,7),(233,59,131),(234,59,132),(231,59,178),(236,60,7),(237,60,131),(238,60,132),(235,60,178),(240,61,7),(241,61,131),(242,61,132),(239,61,178),(247,62,7),(248,62,131),(250,63,7),(251,63,131),(252,63,132),(249,63,178),(254,64,7),(255,64,131),(256,64,132),(253,64,178),(258,65,7),(259,65,131),(260,65,132),(257,65,178),(262,66,7),(263,66,131),(264,66,132),(261,66,178),(266,67,7),(267,67,131),(268,67,132),(265,67,178),(270,68,7),(271,68,131),(272,68,132),(269,68,178);
/*!40000 ALTER TABLE `cmsplugin_blog_subscription_subscriber_categories` ENABLE KEYS */;
UNLOCK TABLES;

--
-- Table structure for table `cmsplugin_blog_subscription_subscriberentries`
--

DROP TABLE IF EXISTS `cmsplugin_blog_subscription_subscriberentries`;
/*!40101 SET @saved_cs_client     = @@character_set_client */;
/*!40101 SET character_set_client = utf8 */;
CREATE TABLE `cmsplugin_blog_subscription_subscriberentries` (
  `id` int(11) NOT NULL AUTO_INCREMENT,
  `subscriber_id` int(11) NOT NULL,
  `entry_title_id` int(11) NOT NULL,
  `status` int(11) NOT NULL,
  `date_notified` datetime DEFAULT NULL,
  PRIMARY KEY (`id`),
  KEY `cmsplugin_blog_subscription_subscriberentries_41d15c8` (`subscriber_id`),
  KEY `cmsplugin_blog_subscription_subscriberentries_537c32a8` (`entry_title_id`),
  CONSTRAINT `entry_title_id_refs_id_28c1a907` FOREIGN KEY (`entry_title_id`) REFERENCES `cmsplugin_blog_entrytitle` (`id`),
  CONSTRAINT `subscriber_id_refs_id_3fe6f470` FOREIGN KEY (`subscriber_id`) REFERENCES `cmsplugin_blog_subscription_subscriber` (`id`)
) ENGINE=InnoDB AUTO_INCREMENT=1762 DEFAULT CHARSET=utf8;
/*!40101 SET character_set_client = @saved_cs_client */;

--
-- Dumping data for table `cmsplugin_blog_subscription_subscriberentries`
--

LOCK TABLES `cmsplugin_blog_subscription_subscriberentries` WRITE;
/*!40000 ALTER TABLE `cmsplugin_blog_subscription_subscriberentries` DISABLE KEYS */;
INSERT INTO `cmsplugin_blog_subscription_subscriberentries` VALUES (1,2,7,0,NULL),(2,2,11,0,NULL),(3,2,15,0,NULL),(4,2,16,0,NULL),(6,2,18,0,NULL),(8,2,20,0,NULL),(9,2,21,0,NULL),(10,2,22,0,NULL),(11,2,23,0,NULL),(12,2,24,0,NULL),(13,2,25,0,NULL),(14,2,26,0,NULL),(17,2,29,0,NULL),(19,2,31,0,NULL),(20,2,35,0,NULL),(21,2,38,0,NULL),(22,2,39,0,NULL),(23,2,40,0,NULL),(25,2,43,0,NULL),(28,2,46,0,NULL),(33,2,41,0,NULL),(34,2,32,0,NULL),(35,2,37,0,NULL),(38,2,33,0,NULL),(39,2,13,0,NULL),(40,2,6,0,NULL),(41,2,1,0,NULL),(42,2,8,0,NULL),(43,2,12,0,NULL),(44,2,14,0,NULL),(45,2,2,0,NULL),(46,2,5,0,NULL),(47,2,4,0,NULL),(48,2,3,0,NULL),(49,2,9,0,NULL),(50,3,52,0,NULL),(51,4,52,0,NULL),(52,3,53,0,NULL),(53,4,53,0,NULL),(54,5,53,0,NULL),(55,6,53,0,NULL),(56,7,53,0,NULL),(57,3,54,0,NULL),(58,4,54,0,NULL),(59,5,54,0,NULL),(60,6,54,0,NULL),(61,7,54,0,NULL),(62,3,55,0,NULL),(63,4,55,0,NULL),(64,5,55,0,NULL),(65,6,55,0,NULL),(66,7,55,0,NULL),(67,8,55,0,NULL),(68,8,54,0,NULL),(69,8,53,0,NULL),(77,3,6,0,NULL),(78,4,6,0,NULL),(79,5,6,0,NULL),(80,6,6,0,NULL),(81,7,6,0,NULL),(82,8,6,0,NULL),(83,9,6,0,NULL),(84,3,56,0,NULL),(85,4,56,0,NULL),(86,5,56,0,NULL),(87,6,56,0,NULL),(88,7,56,0,NULL),(89,8,56,0,NULL),(90,9,56,0,NULL),(91,10,56,0,NULL),(92,3,57,0,NULL),(93,4,57,0,NULL),(94,5,57,0,NULL),(95,6,57,0,NULL),(96,7,57,0,NULL),(97,8,57,0,NULL),(98,9,57,0,NULL),(99,10,57,0,NULL),(100,3,58,0,NULL),(101,4,58,0,NULL),(102,5,58,0,NULL),(103,6,58,0,NULL),(104,7,58,0,NULL),(105,8,58,0,NULL),(106,9,58,0,NULL),(107,10,58,0,NULL),(108,3,59,0,NULL),(109,4,59,0,NULL),(110,5,59,0,NULL),(111,6,59,0,NULL),(112,7,59,0,NULL),(113,8,59,0,NULL),(114,9,59,0,NULL),(115,10,59,0,NULL),(116,11,59,0,NULL),(117,12,59,0,NULL),(118,13,59,0,NULL),(119,14,59,0,NULL),(120,15,59,0,NULL),(121,16,59,0,NULL),(122,3,60,0,NULL),(123,4,60,0,NULL),(124,5,60,0,NULL),(125,6,60,0,NULL),(126,7,60,0,NULL),(127,8,60,0,NULL),(128,9,60,0,NULL),(129,10,60,0,NULL),(130,11,60,0,NULL),(131,12,60,0,NULL),(132,13,60,0,NULL),(133,14,60,0,NULL),(134,15,60,0,NULL),(135,16,60,0,NULL),(136,3,61,0,NULL),(137,4,61,0,NULL),(138,5,61,0,NULL),(139,6,61,0,NULL),(140,7,61,0,NULL),(141,8,61,0,NULL),(142,9,61,0,NULL),(143,10,61,0,NULL),(144,11,61,0,NULL),(145,12,61,0,NULL),(146,13,61,0,NULL),(147,14,61,0,NULL),(148,15,61,0,NULL),(149,16,61,0,NULL),(150,3,62,0,NULL),(151,4,62,0,NULL),(152,5,62,0,NULL),(153,6,62,0,NULL),(154,7,62,0,NULL),(155,8,62,0,NULL),(156,9,62,0,NULL),(157,10,62,0,NULL),(158,11,62,0,NULL),(159,12,62,0,NULL),(160,13,62,0,NULL),(161,14,62,0,NULL),(162,15,62,0,NULL),(163,16,62,0,NULL),(164,9,55,0,NULL),(165,10,55,0,NULL),(166,11,55,0,NULL),(167,12,55,0,NULL),(168,13,55,0,NULL),(169,14,55,0,NULL),(170,15,55,0,NULL),(171,16,55,0,NULL),(214,3,64,0,NULL),(215,4,64,0,NULL),(216,5,64,0,NULL),(217,6,64,0,NULL),(218,7,64,0,NULL),(219,8,64,0,NULL),(220,9,64,0,NULL),(221,10,64,0,NULL),(222,11,64,0,NULL),(223,12,64,0,NULL),(224,13,64,0,NULL),(225,14,64,0,NULL),(226,15,64,0,NULL),(227,16,64,0,NULL),(228,17,64,0,NULL),(229,18,64,0,NULL),(230,19,64,0,NULL),(231,20,64,0,NULL),(232,21,64,0,NULL),(233,22,64,0,NULL),(234,3,31,0,NULL),(235,4,31,0,NULL),(236,5,31,0,NULL),(237,6,31,0,NULL),(238,7,31,0,NULL),(239,8,31,0,NULL),(240,9,31,0,NULL),(241,10,31,0,NULL),(242,11,31,0,NULL),(243,12,31,0,NULL),(244,13,31,0,NULL),(245,14,31,0,NULL),(246,15,31,0,NULL),(247,16,31,0,NULL),(248,17,31,0,NULL),(249,18,31,0,NULL),(250,19,31,0,NULL),(251,20,31,0,NULL),(252,21,31,0,NULL),(253,22,31,0,NULL),(254,23,31,0,NULL),(255,3,29,0,NULL),(256,4,29,0,NULL),(257,5,29,0,NULL),(258,6,29,0,NULL),(259,7,29,0,NULL),(260,8,29,0,NULL),(261,9,29,0,NULL),(262,10,29,0,NULL),(263,11,29,0,NULL),(264,12,29,0,NULL),(265,13,29,0,NULL),(266,14,29,0,NULL),(267,15,29,0,NULL),(268,16,29,0,NULL),(269,17,29,0,NULL),(270,18,29,0,NULL),(271,19,29,0,NULL),(272,20,29,0,NULL),(273,21,29,0,NULL),(274,22,29,0,NULL),(275,23,29,0,NULL),(276,3,26,0,NULL),(277,4,26,0,NULL),(278,5,26,0,NULL),(279,6,26,0,NULL),(280,7,26,0,NULL),(281,8,26,0,NULL),(282,9,26,0,NULL),(283,10,26,0,NULL),(284,11,26,0,NULL),(285,12,26,0,NULL),(286,13,26,0,NULL),(287,14,26,0,NULL),(288,15,26,0,NULL),(289,16,26,0,NULL),(290,17,26,0,NULL),(291,18,26,0,NULL),(292,19,26,0,NULL),(293,20,26,0,NULL),(294,21,26,0,NULL),(295,22,26,0,NULL),(296,23,26,0,NULL),(297,3,25,0,NULL),(298,4,25,0,NULL),(299,5,25,0,NULL),(300,6,25,0,NULL),(301,7,25,0,NULL),(302,8,25,0,NULL),(303,9,25,0,NULL),(304,10,25,0,NULL),(305,11,25,0,NULL),(306,12,25,0,NULL),(307,13,25,0,NULL),(308,14,25,0,NULL),(309,15,25,0,NULL),(310,16,25,0,NULL),(311,17,25,0,NULL),(312,18,25,0,NULL),(313,19,25,0,NULL),(314,20,25,0,NULL),(315,21,25,0,NULL),(316,22,25,0,NULL),(317,23,25,0,NULL),(318,3,24,0,NULL),(319,4,24,0,NULL),(320,5,24,0,NULL),(321,6,24,0,NULL),(322,7,24,0,NULL),(323,8,24,0,NULL),(324,9,24,0,NULL),(325,10,24,0,NULL),(326,11,24,0,NULL),(327,12,24,0,NULL),(328,13,24,0,NULL),(329,14,24,0,NULL),(330,15,24,0,NULL),(331,16,24,0,NULL),(332,17,24,0,NULL),(333,18,24,0,NULL),(334,19,24,0,NULL),(335,20,24,0,NULL),(336,21,24,0,NULL),(337,22,24,0,NULL),(338,23,24,0,NULL),(339,3,23,0,NULL),(340,4,23,0,NULL),(341,5,23,0,NULL),(342,6,23,0,NULL),(343,7,23,0,NULL),(344,8,23,0,NULL),(345,9,23,0,NULL),(346,10,23,0,NULL),(347,11,23,0,NULL),(348,12,23,0,NULL),(349,13,23,0,NULL),(350,14,23,0,NULL),(351,15,23,0,NULL),(352,16,23,0,NULL),(353,17,23,0,NULL),(354,18,23,0,NULL),(355,19,23,0,NULL),(356,20,23,0,NULL),(357,21,23,0,NULL),(358,22,23,0,NULL),(359,23,23,0,NULL),(360,3,13,0,NULL),(361,4,13,0,NULL),(362,5,13,0,NULL),(363,6,13,0,NULL),(364,7,13,0,NULL),(365,8,13,0,NULL),(366,9,13,0,NULL),(367,10,13,0,NULL),(368,11,13,0,NULL),(369,12,13,0,NULL),(370,13,13,0,NULL),(371,14,13,0,NULL),(372,15,13,0,NULL),(373,16,13,0,NULL),(374,17,13,0,NULL),(375,18,13,0,NULL),(376,19,13,0,NULL),(377,20,13,0,NULL),(378,21,13,0,NULL),(379,22,13,0,NULL),(380,23,13,0,NULL),(381,3,22,0,NULL),(382,4,22,0,NULL),(383,5,22,0,NULL),(384,6,22,0,NULL),(385,7,22,0,NULL),(386,8,22,0,NULL),(387,9,22,0,NULL),(388,10,22,0,NULL),(389,11,22,0,NULL),(390,12,22,0,NULL),(391,13,22,0,NULL),(392,14,22,0,NULL),(393,15,22,0,NULL),(394,16,22,0,NULL),(395,17,22,0,NULL),(396,18,22,0,NULL),(397,19,22,0,NULL),(398,20,22,0,NULL),(399,21,22,0,NULL),(400,22,22,0,NULL),(401,23,22,0,NULL),(402,3,21,0,NULL),(403,4,21,0,NULL),(404,5,21,0,NULL),(405,6,21,0,NULL),(406,7,21,0,NULL),(407,8,21,0,NULL),(408,9,21,0,NULL),(409,10,21,0,NULL),(410,11,21,0,NULL),(411,12,21,0,NULL),(412,13,21,0,NULL),(413,14,21,0,NULL),(414,15,21,0,NULL),(415,16,21,0,NULL),(416,17,21,0,NULL),(417,18,21,0,NULL),(418,19,21,0,NULL),(419,20,21,0,NULL),(420,21,21,0,NULL),(421,22,21,0,NULL),(422,23,21,0,NULL),(423,3,20,0,NULL),(424,4,20,0,NULL),(425,5,20,0,NULL),(426,6,20,0,NULL),(427,7,20,0,NULL),(428,8,20,0,NULL),(429,9,20,0,NULL),(430,10,20,0,NULL),(431,11,20,0,NULL),(432,12,20,0,NULL),(433,13,20,0,NULL),(434,14,20,0,NULL),(435,15,20,0,NULL),(436,16,20,0,NULL),(437,17,20,0,NULL),(438,18,20,0,NULL),(439,19,20,0,NULL),(440,20,20,0,NULL),(441,21,20,0,NULL),(442,22,20,0,NULL),(443,23,20,0,NULL),(444,3,16,0,NULL),(445,4,16,0,NULL),(446,5,16,0,NULL),(447,6,16,0,NULL),(448,7,16,0,NULL),(449,8,16,0,NULL),(450,9,16,0,NULL),(451,10,16,0,NULL),(452,11,16,0,NULL),(453,12,16,0,NULL),(454,13,16,0,NULL),(455,14,16,0,NULL),(456,15,16,0,NULL),(457,16,16,0,NULL),(458,17,16,0,NULL),(459,18,16,0,NULL),(460,19,16,0,NULL),(461,20,16,0,NULL),(462,21,16,0,NULL),(463,22,16,0,NULL),(464,23,16,0,NULL),(465,3,18,0,NULL),(466,4,18,0,NULL),(467,5,18,0,NULL),(468,6,18,0,NULL),(469,7,18,0,NULL),(470,8,18,0,NULL),(471,9,18,0,NULL),(472,10,18,0,NULL),(473,11,18,0,NULL),(474,12,18,0,NULL),(475,13,18,0,NULL),(476,14,18,0,NULL),(477,15,18,0,NULL),(478,16,18,0,NULL),(479,17,18,0,NULL),(480,18,18,0,NULL),(481,19,18,0,NULL),(482,20,18,0,NULL),(483,21,18,0,NULL),(484,22,18,0,NULL),(485,23,18,0,NULL),(486,3,14,0,NULL),(487,4,14,0,NULL),(488,5,14,0,NULL),(489,6,14,0,NULL),(490,7,14,0,NULL),(491,8,14,0,NULL),(492,9,14,0,NULL),(493,10,14,0,NULL),(494,11,14,0,NULL),(495,12,14,0,NULL),(496,13,14,0,NULL),(497,14,14,0,NULL),(498,15,14,0,NULL),(499,16,14,0,NULL),(500,17,14,0,NULL),(501,18,14,0,NULL),(502,19,14,0,NULL),(503,20,14,0,NULL),(504,21,14,0,NULL),(505,22,14,0,NULL),(506,23,14,0,NULL),(507,3,12,0,NULL),(508,4,12,0,NULL),(509,5,12,0,NULL),(510,6,12,0,NULL),(511,7,12,0,NULL),(512,8,12,0,NULL),(513,9,12,0,NULL),(514,10,12,0,NULL),(515,11,12,0,NULL),(516,12,12,0,NULL),(517,13,12,0,NULL),(518,14,12,0,NULL),(519,15,12,0,NULL),(520,16,12,0,NULL),(521,17,12,0,NULL),(522,18,12,0,NULL),(523,19,12,0,NULL),(524,20,12,0,NULL),(525,21,12,0,NULL),(526,22,12,0,NULL),(527,23,12,0,NULL),(528,3,15,0,NULL),(529,4,15,0,NULL),(530,5,15,0,NULL),(531,6,15,0,NULL),(532,7,15,0,NULL),(533,8,15,0,NULL),(534,9,15,0,NULL),(535,10,15,0,NULL),(536,11,15,0,NULL),(537,12,15,0,NULL),(538,13,15,0,NULL),(539,14,15,0,NULL),(540,15,15,0,NULL),(541,16,15,0,NULL),(542,17,15,0,NULL),(543,18,15,0,NULL),(544,19,15,0,NULL),(545,20,15,0,NULL),(546,21,15,0,NULL),(547,22,15,0,NULL),(548,23,15,0,NULL),(549,3,11,0,NULL),(550,4,11,0,NULL),(551,5,11,0,NULL),(552,6,11,0,NULL),(553,7,11,0,NULL),(554,8,11,0,NULL),(555,9,11,0,NULL),(556,10,11,0,NULL),(557,11,11,0,NULL),(558,12,11,0,NULL),(559,13,11,0,NULL),(560,14,11,0,NULL),(561,15,11,0,NULL),(562,16,11,0,NULL),(563,17,11,0,NULL),(564,18,11,0,NULL),(565,19,11,0,NULL),(566,20,11,0,NULL),(567,21,11,0,NULL),(568,22,11,0,NULL),(569,23,11,0,NULL),(570,3,8,0,NULL),(571,4,8,0,NULL),(572,5,8,0,NULL),(573,6,8,0,NULL),(574,7,8,0,NULL),(575,8,8,0,NULL),(576,9,8,0,NULL),(577,10,8,0,NULL),(578,11,8,0,NULL),(579,12,8,0,NULL),(580,13,8,0,NULL),(581,14,8,0,NULL),(582,15,8,0,NULL),(583,16,8,0,NULL),(584,17,8,0,NULL),(585,18,8,0,NULL),(586,19,8,0,NULL),(587,20,8,0,NULL),(588,21,8,0,NULL),(589,22,8,0,NULL),(590,23,8,0,NULL),(591,3,7,0,NULL),(592,4,7,0,NULL),(593,5,7,0,NULL),(594,6,7,0,NULL),(595,7,7,0,NULL),(596,8,7,0,NULL),(597,9,7,0,NULL),(598,10,7,0,NULL),(599,11,7,0,NULL),(600,12,7,0,NULL),(601,13,7,0,NULL),(602,14,7,0,NULL),(603,15,7,0,NULL),(604,16,7,0,NULL),(605,17,7,0,NULL),(606,18,7,0,NULL),(607,19,7,0,NULL),(608,20,7,0,NULL),(609,21,7,0,NULL),(610,22,7,0,NULL),(611,23,7,0,NULL),(612,3,43,0,NULL),(613,4,43,0,NULL),(614,5,43,0,NULL),(615,6,43,0,NULL),(616,7,43,0,NULL),(617,8,43,0,NULL),(618,9,43,0,NULL),(619,10,43,0,NULL),(620,11,43,0,NULL),(621,12,43,0,NULL),(622,13,43,0,NULL),(623,14,43,0,NULL),(624,15,43,0,NULL),(625,16,43,0,NULL),(626,17,43,0,NULL),(627,18,43,0,NULL),(628,19,43,0,NULL),(629,20,43,0,NULL),(630,21,43,0,NULL),(631,22,43,0,NULL),(632,23,43,0,NULL),(633,3,41,0,NULL),(634,4,41,0,NULL),(635,5,41,0,NULL),(636,6,41,0,NULL),(637,7,41,0,NULL),(638,8,41,0,NULL),(639,9,41,0,NULL),(640,10,41,0,NULL),(641,11,41,0,NULL),(642,12,41,0,NULL),(643,13,41,0,NULL),(644,14,41,0,NULL),(645,15,41,0,NULL),(646,16,41,0,NULL),(647,17,41,0,NULL),(648,18,41,0,NULL),(649,19,41,0,NULL),(650,20,41,0,NULL),(651,21,41,0,NULL),(652,22,41,0,NULL),(653,23,41,0,NULL),(654,3,46,0,NULL),(655,4,46,0,NULL),(656,5,46,0,NULL),(657,6,46,0,NULL),(658,7,46,0,NULL),(659,8,46,0,NULL),(660,9,46,0,NULL),(661,10,46,0,NULL),(662,11,46,0,NULL),(663,12,46,0,NULL),(664,13,46,0,NULL),(665,14,46,0,NULL),(666,15,46,0,NULL),(667,16,46,0,NULL),(668,17,46,0,NULL),(669,18,46,0,NULL),(670,19,46,0,NULL),(671,20,46,0,NULL),(672,21,46,0,NULL),(673,22,46,0,NULL),(674,23,46,0,NULL),(675,3,40,0,NULL),(676,4,40,0,NULL),(677,5,40,0,NULL),(678,6,40,0,NULL),(679,7,40,0,NULL),(680,8,40,0,NULL),(681,9,40,0,NULL),(682,10,40,0,NULL),(683,11,40,0,NULL),(684,12,40,0,NULL),(685,13,40,0,NULL),(686,14,40,0,NULL),(687,15,40,0,NULL),(688,16,40,0,NULL),(689,17,40,0,NULL),(690,18,40,0,NULL),(691,19,40,0,NULL),(692,20,40,0,NULL),(693,21,40,0,NULL),(694,22,40,0,NULL),(695,23,40,0,NULL),(696,3,35,0,NULL),(697,4,35,0,NULL),(698,5,35,0,NULL),(699,6,35,0,NULL),(700,7,35,0,NULL),(701,8,35,0,NULL),(702,9,35,0,NULL),(703,10,35,0,NULL),(704,11,35,0,NULL),(705,12,35,0,NULL),(706,13,35,0,NULL),(707,14,35,0,NULL),(708,15,35,0,NULL),(709,16,35,0,NULL),(710,17,35,0,NULL),(711,18,35,0,NULL),(712,19,35,0,NULL),(713,20,35,0,NULL),(714,21,35,0,NULL),(715,22,35,0,NULL),(716,23,35,0,NULL),(717,3,39,0,NULL),(718,4,39,0,NULL),(719,5,39,0,NULL),(720,6,39,0,NULL),(721,7,39,0,NULL),(722,8,39,0,NULL),(723,9,39,0,NULL),(724,10,39,0,NULL),(725,11,39,0,NULL),(726,12,39,0,NULL),(727,13,39,0,NULL),(728,14,39,0,NULL),(729,15,39,0,NULL),(730,16,39,0,NULL),(731,17,39,0,NULL),(732,18,39,0,NULL),(733,19,39,0,NULL),(734,20,39,0,NULL),(735,21,39,0,NULL),(736,22,39,0,NULL),(737,23,39,0,NULL),(738,3,33,0,NULL),(739,4,33,0,NULL),(740,5,33,0,NULL),(741,6,33,0,NULL),(742,7,33,0,NULL),(743,8,33,0,NULL),(744,9,33,0,NULL),(745,10,33,0,NULL),(746,11,33,0,NULL),(747,12,33,0,NULL),(748,13,33,0,NULL),(749,14,33,0,NULL),(750,15,33,0,NULL),(751,16,33,0,NULL),(752,17,33,0,NULL),(753,18,33,0,NULL),(754,19,33,0,NULL),(755,20,33,0,NULL),(756,21,33,0,NULL),(757,22,33,0,NULL),(758,23,33,0,NULL),(759,3,38,0,NULL),(760,4,38,0,NULL),(761,5,38,0,NULL),(762,6,38,0,NULL),(763,7,38,0,NULL),(764,8,38,0,NULL),(765,9,38,0,NULL),(766,10,38,0,NULL),(767,11,38,0,NULL),(768,12,38,0,NULL),(769,13,38,0,NULL),(770,14,38,0,NULL),(771,15,38,0,NULL),(772,16,38,0,NULL),(773,17,38,0,NULL),(774,18,38,0,NULL),(775,19,38,0,NULL),(776,20,38,0,NULL),(777,21,38,0,NULL),(778,22,38,0,NULL),(779,23,38,0,NULL),(780,3,37,0,NULL),(781,4,37,0,NULL),(782,5,37,0,NULL),(783,6,37,0,NULL),(784,7,37,0,NULL),(785,8,37,0,NULL),(786,9,37,0,NULL),(787,10,37,0,NULL),(788,11,37,0,NULL),(789,12,37,0,NULL),(790,13,37,0,NULL),(791,14,37,0,NULL),(792,15,37,0,NULL),(793,16,37,0,NULL),(794,17,37,0,NULL),(795,18,37,0,NULL),(796,19,37,0,NULL),(797,20,37,0,NULL),(798,21,37,0,NULL),(799,22,37,0,NULL),(800,23,37,0,NULL),(801,3,32,0,NULL),(802,4,32,0,NULL),(803,5,32,0,NULL),(804,6,32,0,NULL),(805,7,32,0,NULL),(806,8,32,0,NULL),(807,9,32,0,NULL),(808,10,32,0,NULL),(809,11,32,0,NULL),(810,12,32,0,NULL),(811,13,32,0,NULL),(812,14,32,0,NULL),(813,15,32,0,NULL),(814,16,32,0,NULL),(815,17,32,0,NULL),(816,18,32,0,NULL),(817,19,32,0,NULL),(818,20,32,0,NULL),(819,21,32,0,NULL),(820,22,32,0,NULL),(821,23,32,0,NULL),(822,3,65,0,NULL),(823,4,65,0,NULL),(824,5,65,0,NULL),(825,6,65,0,NULL),(826,7,65,0,NULL),(827,8,65,0,NULL),(828,9,65,0,NULL),(829,10,65,0,NULL),(830,11,65,0,NULL),(831,12,65,0,NULL),(832,13,65,0,NULL),(833,14,65,0,NULL),(834,15,65,0,NULL),(835,16,65,0,NULL),(836,17,65,0,NULL),(837,18,65,0,NULL),(838,19,65,0,NULL),(839,20,65,0,NULL),(840,21,65,0,NULL),(841,22,65,0,NULL),(842,23,65,0,NULL),(843,24,65,0,NULL),(844,25,65,0,NULL),(845,26,65,0,NULL),(846,27,65,0,NULL),(847,28,65,0,NULL),(848,29,65,0,NULL),(849,30,65,0,NULL),(850,31,65,0,NULL),(851,32,65,0,NULL),(883,2,66,0,NULL),(884,3,66,0,NULL),(885,4,66,0,NULL),(886,5,66,0,NULL),(887,6,66,0,NULL),(888,7,66,0,NULL),(889,8,66,0,NULL),(890,9,66,0,NULL),(891,10,66,0,NULL),(892,11,66,0,NULL),(893,12,66,0,NULL),(894,13,66,0,NULL),(895,14,66,0,NULL),(896,15,66,0,NULL),(897,16,66,0,NULL),(898,17,66,0,NULL),(899,18,66,0,NULL),(900,19,66,0,NULL),(901,20,66,0,NULL),(902,21,66,0,NULL),(903,22,66,0,NULL),(904,23,66,0,NULL),(905,24,66,0,NULL),(906,25,66,0,NULL),(907,26,66,0,NULL),(908,27,66,0,NULL),(909,28,66,0,NULL),(910,29,66,0,NULL),(911,30,66,0,NULL),(912,31,66,0,NULL),(913,32,66,0,NULL),(914,3,67,0,NULL),(915,4,67,0,NULL),(916,5,67,0,NULL),(917,6,67,0,NULL),(918,7,67,0,NULL),(919,8,67,0,NULL),(920,9,67,0,NULL),(921,10,67,0,NULL),(922,11,67,0,NULL),(923,12,67,0,NULL),(924,13,67,0,NULL),(925,14,67,0,NULL),(926,15,67,0,NULL),(927,16,67,0,NULL),(928,17,67,0,NULL),(929,18,67,0,NULL),(930,19,67,0,NULL),(931,20,67,0,NULL),(932,21,67,0,NULL),(933,22,67,0,NULL),(934,23,67,0,NULL),(935,24,67,0,NULL),(936,25,67,0,NULL),(937,26,67,0,NULL),(938,27,67,0,NULL),(939,28,67,0,NULL),(940,29,67,0,NULL),(941,30,67,0,NULL),(942,31,67,0,NULL),(943,32,67,0,NULL),(944,33,67,0,NULL),(945,34,67,0,NULL),(946,35,67,0,NULL),(947,36,67,0,NULL),(948,37,67,0,NULL),(949,38,67,0,NULL),(950,39,67,0,NULL),(951,40,67,0,NULL),(952,41,67,0,NULL),(953,42,67,0,NULL),(995,2,68,0,NULL),(996,3,68,0,NULL),(997,4,68,0,NULL),(998,5,68,0,NULL),(999,6,68,0,NULL),(1000,7,68,0,NULL),(1001,8,68,0,NULL),(1002,9,68,0,NULL),(1003,10,68,0,NULL),(1004,11,68,0,NULL),(1005,12,68,0,NULL),(1006,13,68,0,NULL),(1007,14,68,0,NULL),(1008,15,68,0,NULL),(1009,16,68,0,NULL),(1010,17,68,0,NULL),(1011,18,68,0,NULL),(1012,19,68,0,NULL),(1013,20,68,0,NULL),(1014,21,68,0,NULL),(1015,22,68,0,NULL),(1016,23,68,0,NULL),(1017,24,68,0,NULL),(1018,25,68,0,NULL),(1019,26,68,0,NULL),(1020,27,68,0,NULL),(1021,28,68,0,NULL),(1022,29,68,0,NULL),(1023,30,68,0,NULL),(1024,31,68,0,NULL),(1025,32,68,0,NULL),(1026,33,68,0,NULL),(1027,34,68,0,NULL),(1028,35,68,0,NULL),(1029,36,68,0,NULL),(1030,37,68,0,NULL),(1031,38,68,0,NULL),(1032,39,68,0,NULL),(1033,40,68,0,NULL),(1034,41,68,0,NULL),(1035,42,68,0,NULL),(1036,2,69,0,NULL),(1037,3,69,0,NULL),(1038,4,69,0,NULL),(1039,5,69,0,NULL),(1040,6,69,0,NULL),(1041,7,69,0,NULL),(1042,8,69,0,NULL),(1043,9,69,0,NULL),(1044,10,69,0,NULL),(1045,11,69,0,NULL),(1046,12,69,0,NULL),(1047,13,69,0,NULL),(1048,14,69,0,NULL),(1049,15,69,0,NULL),(1050,16,69,0,NULL),(1051,17,69,0,NULL),(1052,18,69,0,NULL),(1053,19,69,0,NULL),(1054,20,69,0,NULL),(1055,21,69,0,NULL),(1056,22,69,0,NULL),(1057,23,69,0,NULL),(1058,24,69,0,NULL),(1059,25,69,0,NULL),(1060,26,69,0,NULL),(1061,27,69,0,NULL),(1062,28,69,0,NULL),(1063,29,69,0,NULL),(1064,30,69,0,NULL),(1065,31,69,0,NULL),(1066,32,69,0,NULL),(1067,33,69,0,NULL),(1068,34,69,0,NULL),(1069,35,69,0,NULL),(1070,36,69,0,NULL),(1071,37,69,0,NULL),(1072,38,69,0,NULL),(1073,39,69,0,NULL),(1074,40,69,0,NULL),(1075,41,69,0,NULL),(1076,42,69,0,NULL),(1077,43,69,0,NULL),(1078,2,71,0,NULL),(1079,3,71,0,NULL),(1080,4,71,0,NULL),(1081,5,71,0,NULL),(1082,6,71,0,NULL),(1083,7,71,0,NULL),(1084,8,71,0,NULL),(1085,9,71,0,NULL),(1086,10,71,0,NULL),(1087,11,71,0,NULL),(1088,12,71,0,NULL),(1089,13,71,0,NULL),(1090,14,71,0,NULL),(1091,15,71,0,NULL),(1092,16,71,0,NULL),(1093,17,71,0,NULL),(1094,18,71,0,NULL),(1095,19,71,0,NULL),(1096,20,71,0,NULL),(1097,21,71,0,NULL),(1098,22,71,0,NULL),(1099,23,71,0,NULL),(1100,24,71,0,NULL),(1101,25,71,0,NULL),(1102,26,71,0,NULL),(1103,27,71,0,NULL),(1104,28,71,0,NULL),(1105,29,71,0,NULL),(1106,30,71,0,NULL),(1107,31,71,0,NULL),(1108,32,71,0,NULL),(1109,33,71,0,NULL),(1110,34,71,0,NULL),(1111,35,71,0,NULL),(1112,36,71,0,NULL),(1113,37,71,0,NULL),(1114,38,71,0,NULL),(1115,39,71,0,NULL),(1116,40,71,0,NULL),(1117,41,71,0,NULL),(1118,42,71,0,NULL),(1119,43,71,0,NULL),(1120,44,71,0,NULL),(1121,45,71,0,NULL),(1122,46,71,0,NULL),(1123,47,71,0,NULL),(1124,48,71,0,NULL),(1125,49,71,0,NULL),(1126,2,72,0,NULL),(1127,3,72,0,NULL),(1128,4,72,0,NULL),(1129,5,72,0,NULL),(1130,6,72,0,NULL),(1131,7,72,0,NULL),(1132,8,72,0,NULL),(1133,9,72,0,NULL),(1134,10,72,0,NULL),(1135,11,72,0,NULL),(1136,12,72,0,NULL),(1137,13,72,0,NULL),(1138,14,72,0,NULL),(1139,15,72,0,NULL),(1140,16,72,0,NULL),(1141,17,72,0,NULL),(1142,18,72,0,NULL),(1143,19,72,0,NULL),(1144,20,72,0,NULL),(1145,21,72,0,NULL),(1146,22,72,0,NULL),(1147,23,72,0,NULL),(1148,24,72,0,NULL),(1149,25,72,0,NULL),(1150,26,72,0,NULL),(1151,27,72,0,NULL),(1152,28,72,0,NULL),(1153,29,72,0,NULL),(1154,30,72,0,NULL),(1155,31,72,0,NULL),(1156,32,72,0,NULL),(1157,33,72,0,NULL),(1158,34,72,0,NULL),(1159,35,72,0,NULL),(1160,36,72,0,NULL),(1161,37,72,0,NULL),(1162,38,72,0,NULL),(1163,39,72,0,NULL),(1164,40,72,0,NULL),(1165,41,72,0,NULL),(1166,42,72,0,NULL),(1167,43,72,0,NULL),(1168,44,72,0,NULL),(1169,45,72,0,NULL),(1170,46,72,0,NULL),(1171,47,72,0,NULL),(1172,48,72,0,NULL),(1173,49,72,0,NULL),(1174,50,72,0,NULL),(1175,51,72,0,NULL),(1176,52,72,0,NULL),(1177,53,72,0,NULL),(1178,54,72,0,NULL),(1179,55,72,0,NULL),(1180,56,72,0,NULL),(1181,57,72,0,NULL),(1182,58,72,0,NULL),(1183,59,72,0,NULL),(1242,2,73,0,NULL),(1243,3,73,0,NULL),(1244,4,73,0,NULL),(1245,5,73,0,NULL),(1246,6,73,0,NULL),(1247,7,73,0,NULL),(1248,8,73,0,NULL),(1249,9,73,0,NULL),(1250,10,73,0,NULL),(1251,11,73,0,NULL),(1252,12,73,0,NULL),(1253,13,73,0,NULL),(1254,14,73,0,NULL),(1255,15,73,0,NULL),(1256,16,73,0,NULL),(1257,17,73,0,NULL),(1258,18,73,0,NULL),(1259,19,73,0,NULL),(1260,20,73,0,NULL),(1261,21,73,0,NULL),(1262,22,73,0,NULL),(1263,23,73,0,NULL),(1264,24,73,0,NULL),(1265,25,73,0,NULL),(1266,26,73,0,NULL),(1267,27,73,0,NULL),(1268,28,73,0,NULL),(1269,29,73,0,NULL),(1270,30,73,0,NULL),(1271,31,73,0,NULL),(1272,32,73,0,NULL),(1273,33,73,0,NULL),(1274,34,73,0,NULL),(1275,35,73,0,NULL),(1276,36,73,0,NULL),(1277,37,73,0,NULL),(1278,38,73,0,NULL),(1279,39,73,0,NULL),(1280,40,73,0,NULL),(1281,41,73,0,NULL),(1282,42,73,0,NULL),(1283,43,73,0,NULL),(1284,44,73,0,NULL),(1285,45,73,0,NULL),(1286,46,73,0,NULL),(1287,47,73,0,NULL),(1288,48,73,0,NULL),(1289,49,73,0,NULL),(1290,50,73,0,NULL),(1291,51,73,0,NULL),(1292,52,73,0,NULL),(1293,53,73,0,NULL),(1294,54,73,0,NULL),(1295,55,73,0,NULL),(1296,56,73,0,NULL),(1297,57,73,0,NULL),(1298,58,73,0,NULL),(1299,59,73,0,NULL),(1300,3,74,0,NULL),(1301,4,74,0,NULL),(1302,5,74,0,NULL),(1303,6,74,0,NULL),(1304,7,74,0,NULL),(1305,8,74,0,NULL),(1306,9,74,0,NULL),(1307,10,74,0,NULL),(1308,11,74,0,NULL),(1309,12,74,0,NULL),(1310,13,74,0,NULL),(1311,14,74,0,NULL),(1312,15,74,0,NULL),(1313,16,74,0,NULL),(1314,17,74,0,NULL),(1315,18,74,0,NULL),(1316,19,74,0,NULL),(1317,20,74,0,NULL),(1318,21,74,0,NULL),(1319,22,74,0,NULL),(1320,23,74,0,NULL),(1321,24,74,0,NULL),(1322,25,74,0,NULL),(1323,26,74,0,NULL),(1324,27,74,0,NULL),(1325,28,74,0,NULL),(1326,29,74,0,NULL),(1327,30,74,0,NULL),(1328,31,74,0,NULL),(1329,32,74,0,NULL),(1330,33,74,0,NULL),(1331,34,74,0,NULL),(1332,35,74,0,NULL),(1333,36,74,0,NULL),(1334,37,74,0,NULL),(1335,38,74,0,NULL),(1336,39,74,0,NULL),(1337,40,74,0,NULL),(1338,41,74,0,NULL),(1339,42,74,0,NULL),(1340,43,74,0,NULL),(1341,44,74,0,NULL),(1342,45,74,0,NULL),(1343,46,74,0,NULL),(1344,47,74,0,NULL),(1345,48,74,0,NULL),(1346,49,74,0,NULL),(1347,50,74,0,NULL),(1348,51,74,0,NULL),(1349,52,74,0,NULL),(1350,53,74,0,NULL),(1351,54,74,0,NULL),(1352,55,74,0,NULL),(1353,56,74,0,NULL),(1354,57,74,0,NULL),(1355,58,74,0,NULL),(1356,59,74,0,NULL),(1357,60,74,0,NULL),(1358,61,74,0,NULL),(1359,62,74,0,NULL),(1360,63,74,0,NULL),(1361,64,74,0,NULL),(1362,65,74,0,NULL),(1363,66,74,0,NULL),(1429,2,75,0,NULL),(1430,3,75,0,NULL),(1431,4,75,0,NULL),(1432,5,75,0,NULL),(1433,6,75,0,NULL),(1434,7,75,0,NULL),(1435,8,75,0,NULL),(1436,9,75,0,NULL),(1437,10,75,0,NULL),(1438,11,75,0,NULL),(1439,12,75,0,NULL),(1440,13,75,0,NULL),(1441,14,75,0,NULL),(1442,15,75,0,NULL),(1443,16,75,0,NULL),(1444,17,75,0,NULL),(1445,18,75,0,NULL),(1446,19,75,0,NULL),(1447,20,75,0,NULL),(1448,21,75,0,NULL),(1449,22,75,0,NULL),(1450,23,75,0,NULL),(1451,24,75,0,NULL),(1452,25,75,0,NULL),(1453,26,75,0,NULL),(1454,27,75,0,NULL),(1455,28,75,0,NULL),(1456,29,75,0,NULL),(1457,30,75,0,NULL),(1458,31,75,0,NULL),(1459,32,75,0,NULL),(1460,33,75,0,NULL),(1461,34,75,0,NULL),(1462,35,75,0,NULL),(1463,36,75,0,NULL),(1464,37,75,0,NULL),(1465,38,75,0,NULL),(1466,39,75,0,NULL),(1467,40,75,0,NULL),(1468,41,75,0,NULL),(1469,42,75,0,NULL),(1470,43,75,0,NULL),(1471,44,75,0,NULL),(1472,45,75,0,NULL),(1473,46,75,0,NULL),(1474,47,75,0,NULL),(1475,48,75,0,NULL),(1476,49,75,0,NULL),(1477,50,75,0,NULL),(1478,51,75,0,NULL),(1479,52,75,0,NULL),(1480,53,75,0,NULL),(1481,54,75,0,NULL),(1482,55,75,0,NULL),(1483,56,75,0,NULL),(1484,57,75,0,NULL),(1485,58,75,0,NULL),(1486,59,75,0,NULL),(1487,60,75,0,NULL),(1488,61,75,0,NULL),(1489,62,75,0,NULL),(1490,63,75,0,NULL),(1491,64,75,0,NULL),(1492,65,75,0,NULL),(1493,66,75,0,NULL),(1558,3,9,0,NULL),(1559,4,9,0,NULL),(1560,5,9,0,NULL),(1561,6,9,0,NULL),(1562,7,9,0,NULL),(1563,8,9,0,NULL),(1564,9,9,0,NULL),(1565,10,9,0,NULL),(1566,11,9,0,NULL),(1567,12,9,0,NULL),(1568,13,9,0,NULL),(1569,14,9,0,NULL),(1570,15,9,0,NULL),(1571,16,9,0,NULL),(1572,17,9,0,NULL),(1573,18,9,0,NULL),(1574,19,9,0,NULL),(1575,20,9,0,NULL),(1576,21,9,0,NULL),(1577,22,9,0,NULL),(1578,23,9,0,NULL),(1579,24,9,0,NULL),(1580,25,9,0,NULL),(1581,26,9,0,NULL),(1582,27,9,0,NULL),(1583,28,9,0,NULL),(1584,29,9,0,NULL),(1585,30,9,0,NULL),(1586,31,9,0,NULL),(1587,32,9,0,NULL),(1588,33,9,0,NULL),(1589,34,9,0,NULL),(1590,35,9,0,NULL),(1591,36,9,0,NULL),(1592,37,9,0,NULL),(1593,38,9,0,NULL),(1594,39,9,0,NULL),(1595,40,9,0,NULL),(1596,41,9,0,NULL),(1597,42,9,0,NULL),(1598,43,9,0,NULL),(1599,44,9,0,NULL),(1600,45,9,0,NULL),(1601,46,9,0,NULL),(1602,47,9,0,NULL),(1603,48,9,0,NULL),(1604,49,9,0,NULL),(1605,50,9,0,NULL),(1606,51,9,0,NULL),(1607,52,9,0,NULL),(1608,53,9,0,NULL),(1609,54,9,0,NULL),(1610,55,9,0,NULL),(1611,56,9,0,NULL),(1612,57,9,0,NULL),(1613,58,9,0,NULL),(1614,59,9,0,NULL),(1615,60,9,0,NULL),(1616,61,9,0,NULL),(1617,63,9,0,NULL),(1618,64,9,0,NULL),(1619,65,9,0,NULL),(1620,66,9,0,NULL),(1621,67,9,0,NULL),(1622,60,73,0,NULL),(1623,61,73,0,NULL),(1624,62,73,0,NULL),(1625,63,73,0,NULL),(1626,64,73,0,NULL),(1627,65,73,0,NULL),(1628,66,73,0,NULL),(1629,67,73,0,NULL),(1630,3,77,0,NULL),(1631,4,77,0,NULL),(1632,5,77,0,NULL),(1633,6,77,0,NULL),(1634,7,77,0,NULL),(1635,8,77,0,NULL),(1636,9,77,0,NULL),(1637,10,77,0,NULL),(1638,11,77,0,NULL),(1639,12,77,0,NULL),(1640,13,77,0,NULL),(1641,14,77,0,NULL),(1642,15,77,0,NULL),(1643,16,77,0,NULL),(1644,17,77,0,NULL),(1645,18,77,0,NULL),(1646,19,77,0,NULL),(1647,20,77,0,NULL),(1648,21,77,0,NULL),(1649,22,77,0,NULL),(1650,23,77,0,NULL),(1651,24,77,0,NULL),(1652,25,77,0,NULL),(1653,26,77,0,NULL),(1654,27,77,0,NULL),(1655,28,77,0,NULL),(1656,29,77,0,NULL),(1657,30,77,0,NULL),(1658,31,77,0,NULL),(1659,32,77,0,NULL),(1660,33,77,0,NULL),(1661,34,77,0,NULL),(1662,35,77,0,NULL),(1663,36,77,0,NULL),(1664,37,77,0,NULL),(1665,38,77,0,NULL),(1666,39,77,0,NULL),(1667,40,77,0,NULL),(1668,41,77,0,NULL),(1669,42,77,0,NULL),(1670,43,77,0,NULL),(1671,44,77,0,NULL),(1672,45,77,0,NULL),(1673,46,77,0,NULL),(1674,47,77,0,NULL),(1675,48,77,0,NULL),(1676,49,77,0,NULL),(1677,50,77,0,NULL),(1678,51,77,0,NULL),(1679,52,77,0,NULL),(1680,53,77,0,NULL),(1681,54,77,0,NULL),(1682,55,77,0,NULL),(1683,56,77,0,NULL),(1684,57,77,0,NULL),(1685,58,77,0,NULL),(1686,59,77,0,NULL),(1687,60,77,0,NULL),(1688,61,77,0,NULL),(1689,63,77,0,NULL),(1690,64,77,0,NULL),(1691,65,77,0,NULL),(1692,66,77,0,NULL),(1693,67,77,0,NULL),(1694,68,77,0,NULL),(1695,2,78,0,NULL),(1696,3,78,0,NULL),(1697,4,78,0,NULL),(1698,5,78,0,NULL),(1699,6,78,0,NULL),(1700,7,78,0,NULL),(1701,8,78,0,NULL),(1702,9,78,0,NULL),(1703,10,78,0,NULL),(1704,11,78,0,NULL),(1705,12,78,0,NULL),(1706,13,78,0,NULL),(1707,14,78,0,NULL),(1708,15,78,0,NULL),(1709,16,78,0,NULL),(1710,17,78,0,NULL),(1711,18,78,0,NULL),(1712,19,78,0,NULL),(1713,20,78,0,NULL),(1714,21,78,0,NULL),(1715,22,78,0,NULL),(1716,23,78,0,NULL),(1717,24,78,0,NULL),(1718,25,78,0,NULL),(1719,26,78,0,NULL),(1720,27,78,0,NULL),(1721,28,78,0,NULL),(1722,29,78,0,NULL),(1723,30,78,0,NULL),(1724,31,78,0,NULL),(1725,32,78,0,NULL),(1726,33,78,0,NULL),(1727,34,78,0,NULL),(1728,35,78,0,NULL),(1729,36,78,0,NULL),(1730,37,78,0,NULL),(1731,38,78,0,NULL),(1732,39,78,0,NULL),(1733,40,78,0,NULL),(1734,41,78,0,NULL),(1735,42,78,0,NULL),(1736,43,78,0,NULL),(1737,44,78,0,NULL),(1738,45,78,0,NULL),(1739,46,78,0,NULL),(1740,47,78,0,NULL),(1741,48,78,0,NULL),(1742,49,78,0,NULL),(1743,50,78,0,NULL),(1744,51,78,0,NULL),(1745,52,78,0,NULL),(1746,53,78,0,NULL),(1747,54,78,0,NULL),(1748,55,78,0,NULL),(1749,56,78,0,NULL),(1750,57,78,0,NULL),(1751,58,78,0,NULL),(1752,59,78,0,NULL),(1753,60,78,0,NULL),(1754,61,78,0,NULL),(1755,62,78,0,NULL),(1756,63,78,0,NULL),(1757,64,78,0,NULL),(1758,65,78,0,NULL),(1759,66,78,0,NULL),(1760,67,78,0,NULL),(1761,68,78,0,NULL);
/*!40000 ALTER TABLE `cmsplugin_blog_subscription_subscriberentries` ENABLE KEYS */;
UNLOCK TABLES;

--
-- Table structure for table `cmsplugin_file`
--

DROP TABLE IF EXISTS `cmsplugin_file`;
/*!40101 SET @saved_cs_client     = @@character_set_client */;
/*!40101 SET character_set_client = utf8 */;
CREATE TABLE `cmsplugin_file` (
  `cmsplugin_ptr_id` int(11) NOT NULL,
  `file` varchar(100) NOT NULL,
  `title` varchar(255) DEFAULT NULL,
  PRIMARY KEY (`cmsplugin_ptr_id`),
  CONSTRAINT `cmsplugin_ptr_id_refs_id_3d6b97c1` FOREIGN KEY (`cmsplugin_ptr_id`) REFERENCES `cms_cmsplugin` (`id`)
) ENGINE=InnoDB DEFAULT CHARSET=utf8;
/*!40101 SET character_set_client = @saved_cs_client */;

--
-- Dumping data for table `cmsplugin_file`
--

LOCK TABLES `cmsplugin_file` WRITE;
/*!40000 ALTER TABLE `cmsplugin_file` DISABLE KEYS */;
/*!40000 ALTER TABLE `cmsplugin_file` ENABLE KEYS */;
UNLOCK TABLES;

--
-- Table structure for table `cmsplugin_formpluginmodel`
--

DROP TABLE IF EXISTS `cmsplugin_formpluginmodel`;
/*!40101 SET @saved_cs_client     = @@character_set_client */;
/*!40101 SET character_set_client = utf8 */;
CREATE TABLE `cmsplugin_formpluginmodel` (
  `cmsplugin_ptr_id` int(11) NOT NULL,
  `form` varchar(200) NOT NULL,
  `recipients` varchar(300) DEFAULT NULL,
  `mail_subject` varchar(300) DEFAULT NULL,
  `thanks_text` longtext,
  PRIMARY KEY (`cmsplugin_ptr_id`),
  CONSTRAINT `cmsplugin_ptr_id_refs_id_7740a424` FOREIGN KEY (`cmsplugin_ptr_id`) REFERENCES `cms_cmsplugin` (`id`)
) ENGINE=InnoDB DEFAULT CHARSET=utf8;
/*!40101 SET character_set_client = @saved_cs_client */;

--
-- Dumping data for table `cmsplugin_formpluginmodel`
--

LOCK TABLES `cmsplugin_formpluginmodel` WRITE;
/*!40000 ALTER TABLE `cmsplugin_formpluginmodel` DISABLE KEYS */;
INSERT INTO `cmsplugin_formpluginmodel` VALUES (43,'project.forms.ContactForm','weborders@lakesdistillery.com','','<p>tekstas po formos</p>'),(3531,'project.forms.ContactForm','weborders@lakesdistillery.com','','<p>tekstas po formos</p>');
/*!40000 ALTER TABLE `cmsplugin_formpluginmodel` ENABLE KEYS */;
UNLOCK TABLES;

--
-- Table structure for table `cmsplugin_jcarousellite_slideralbum`
--

DROP TABLE IF EXISTS `cmsplugin_jcarousellite_slideralbum`;
/*!40101 SET @saved_cs_client     = @@character_set_client */;
/*!40101 SET character_set_client = utf8 */;
CREATE TABLE `cmsplugin_jcarousellite_slideralbum` (
  `id` int(11) NOT NULL AUTO_INCREMENT,
  `name` varchar(150) NOT NULL,
  PRIMARY KEY (`id`)
) ENGINE=InnoDB AUTO_INCREMENT=2 DEFAULT CHARSET=utf8;
/*!40101 SET character_set_client = @saved_cs_client */;

--
-- Dumping data for table `cmsplugin_jcarousellite_slideralbum`
--

LOCK TABLES `cmsplugin_jcarousellite_slideralbum` WRITE;
/*!40000 ALTER TABLE `cmsplugin_jcarousellite_slideralbum` DISABLE KEYS */;
INSERT INTO `cmsplugin_jcarousellite_slideralbum` VALUES (1,'Main');
/*!40000 ALTER TABLE `cmsplugin_jcarousellite_slideralbum` ENABLE KEYS */;
UNLOCK TABLES;

--
-- Table structure for table `cmsplugin_jcarousellite_slideralbum_images`
--

DROP TABLE IF EXISTS `cmsplugin_jcarousellite_slideralbum_images`;
/*!40101 SET @saved_cs_client     = @@character_set_client */;
/*!40101 SET character_set_client = utf8 */;
CREATE TABLE `cmsplugin_jcarousellite_slideralbum_images` (
  `id` int(11) NOT NULL AUTO_INCREMENT,
  `slideralbum_id` int(11) NOT NULL,
  `sliderimage_id` int(11) NOT NULL,
  PRIMARY KEY (`id`),
  UNIQUE KEY `slideralbum_id` (`slideralbum_id`,`sliderimage_id`),
  KEY `cmsplugin_jcarousellite_slideralbum_images_2b8961f1` (`slideralbum_id`),
  KEY `cmsplugin_jcarousellite_slideralbum_images_7b9caea5` (`sliderimage_id`),
  CONSTRAINT `slideralbum_id_refs_id_4a4c65d5` FOREIGN KEY (`slideralbum_id`) REFERENCES `cmsplugin_jcarousellite_slideralbum` (`id`),
  CONSTRAINT `sliderimage_id_refs_id_5776a717` FOREIGN KEY (`sliderimage_id`) REFERENCES `cmsplugin_jcarousellite_sliderimage` (`id`)
) ENGINE=InnoDB AUTO_INCREMENT=52 DEFAULT CHARSET=utf8;
/*!40101 SET character_set_client = @saved_cs_client */;

--
-- Dumping data for table `cmsplugin_jcarousellite_slideralbum_images`
--

LOCK TABLES `cmsplugin_jcarousellite_slideralbum_images` WRITE;
/*!40000 ALTER TABLE `cmsplugin_jcarousellite_slideralbum_images` DISABLE KEYS */;
INSERT INTO `cmsplugin_jcarousellite_slideralbum_images` VALUES (47,1,1),(51,1,2),(48,1,10),(49,1,11),(50,1,12);
/*!40000 ALTER TABLE `cmsplugin_jcarousellite_slideralbum_images` ENABLE KEYS */;
UNLOCK TABLES;

--
-- Table structure for table `cmsplugin_jcarousellite_sliderimage`
--

DROP TABLE IF EXISTS `cmsplugin_jcarousellite_sliderimage`;
/*!40101 SET @saved_cs_client     = @@character_set_client */;
/*!40101 SET character_set_client = utf8 */;
CREATE TABLE `cmsplugin_jcarousellite_sliderimage` (
  `id` int(11) NOT NULL AUTO_INCREMENT,
  `name` varchar(150) NOT NULL,
  `description` longtext NOT NULL,
  `image` varchar(100) NOT NULL,
  `link` varchar(256) DEFAULT NULL,
  `order` int(10) unsigned NOT NULL,
  PRIMARY KEY (`id`)
) ENGINE=InnoDB AUTO_INCREMENT=13 DEFAULT CHARSET=utf8;
/*!40101 SET character_set_client = @saved_cs_client */;

--
-- Dumping data for table `cmsplugin_jcarousellite_sliderimage`
--

LOCK TABLES `cmsplugin_jcarousellite_sliderimage` WRITE;
/*!40000 ALTER TABLE `cmsplugin_jcarousellite_sliderimage` DISABLE KEYS */;
INSERT INTO `cmsplugin_jcarousellite_sliderimage` VALUES (1,'The Lakes Distillery','','jcslider/home_1.jpg','http://www.lakesdistillery.com/our-distillery',100),(2,'Founders\' Club','','jcslider/home_3.jpg','http://www.lakesdistillery.com/members/founders-club',99),(9,'Free Delivery in February','','jcslider/Free_Delivery_in_February_Final_2.jpg','http://www.lakesdistillery.com/shop/',1),(10,'Work Has Started On Site - Webcams','','jcslider/Work_has_started_on_site_-_webcams.jpg','http://www.lakesdistillery.com/our-distillery/webcams/',2),(11,'Ad Campaign - Couple','','jcslider/Ad_Campaign_-_Couple.JPG','http://www.lakesdistillery.com/shop/category/whisky/',1),(12,'Ad Campaign - Male','','jcslider/Ad_Campaign_-_Male.JPG','http://www.lakesdistillery.com/shop/',3);
/*!40000 ALTER TABLE `cmsplugin_jcarousellite_sliderimage` ENABLE KEYS */;
UNLOCK TABLES;

--
-- Table structure for table `cmsplugin_latestentriesplugin`
--

DROP TABLE IF EXISTS `cmsplugin_latestentriesplugin`;
/*!40101 SET @saved_cs_client     = @@character_set_client */;
/*!40101 SET character_set_client = utf8 */;
CREATE TABLE `cmsplugin_latestentriesplugin` (
  `cmsplugin_ptr_id` int(11) NOT NULL,
  `limit` int(11) NOT NULL,
  `days` int(11) NOT NULL,
  `paginate` int(11) NOT NULL,
  `category_id` int(11) DEFAULT NULL,
  PRIMARY KEY (`cmsplugin_ptr_id`),
  KEY `cmsplugin_latestentriesplugin_42dc49bc` (`category_id`),
  CONSTRAINT `cmsplugin_ptr_id_refs_id_225ec8c8` FOREIGN KEY (`cmsplugin_ptr_id`) REFERENCES `cms_cmsplugin` (`id`)
) ENGINE=InnoDB DEFAULT CHARSET=utf8;
/*!40101 SET character_set_client = @saved_cs_client */;

--
-- Dumping data for table `cmsplugin_latestentriesplugin`
--

LOCK TABLES `cmsplugin_latestentriesplugin` WRITE;
/*!40000 ALTER TABLE `cmsplugin_latestentriesplugin` DISABLE KEYS */;
INSERT INTO `cmsplugin_latestentriesplugin` VALUES (517,0,0,10,7),(3462,0,0,10,132),(3472,0,0,10,132),(3527,0,0,10,178),(4012,0,0,10,131),(4410,0,0,10,131),(4938,0,0,10,178),(4949,0,0,10,7);
/*!40000 ALTER TABLE `cmsplugin_latestentriesplugin` ENABLE KEYS */;
UNLOCK TABLES;

--
-- Table structure for table `cmsplugin_link`
--

DROP TABLE IF EXISTS `cmsplugin_link`;
/*!40101 SET @saved_cs_client     = @@character_set_client */;
/*!40101 SET character_set_client = utf8 */;
CREATE TABLE `cmsplugin_link` (
  `cmsplugin_ptr_id` int(11) NOT NULL,
  `name` varchar(256) NOT NULL,
  `url` varchar(200) DEFAULT NULL,
  `page_link_id` int(11) DEFAULT NULL,
  `mailto` varchar(75) DEFAULT NULL,
  `target` varchar(100) NOT NULL,
  PRIMARY KEY (`cmsplugin_ptr_id`),
  KEY `cmsplugin_link_37c07cc5` (`page_link_id`),
  CONSTRAINT `cmsplugin_ptr_id_refs_id_617f46c9` FOREIGN KEY (`cmsplugin_ptr_id`) REFERENCES `cms_cmsplugin` (`id`),
  CONSTRAINT `page_link_id_refs_id_63526ef3` FOREIGN KEY (`page_link_id`) REFERENCES `cms_page` (`id`)
) ENGINE=InnoDB DEFAULT CHARSET=utf8;
/*!40101 SET character_set_client = @saved_cs_client */;

--
-- Dumping data for table `cmsplugin_link`
--

LOCK TABLES `cmsplugin_link` WRITE;
/*!40000 ALTER TABLE `cmsplugin_link` DISABLE KEYS */;
/*!40000 ALTER TABLE `cmsplugin_link` ENABLE KEYS */;
UNLOCK TABLES;

--
-- Table structure for table `cmsplugin_people_category`
--

DROP TABLE IF EXISTS `cmsplugin_people_category`;
/*!40101 SET @saved_cs_client     = @@character_set_client */;
/*!40101 SET character_set_client = utf8 */;
CREATE TABLE `cmsplugin_people_category` (
  `id` int(11) NOT NULL AUTO_INCREMENT,
  `name` varchar(255) NOT NULL,
  PRIMARY KEY (`id`)
) ENGINE=InnoDB AUTO_INCREMENT=11 DEFAULT CHARSET=utf8;
/*!40101 SET character_set_client = @saved_cs_client */;

--
-- Dumping data for table `cmsplugin_people_category`
--

LOCK TABLES `cmsplugin_people_category` WRITE;
/*!40000 ALTER TABLE `cmsplugin_people_category` DISABLE KEYS */;
INSERT INTO `cmsplugin_people_category` VALUES (1,'People'),(2,'People - Paul Currie'),(3,'Katie Read'),(4,'Laura Simpson'),(5,'Nigel Mills'),(6,'Alan Rutherford'),(7,'John Drake'),(8,'Chris Anderson'),(9,'Brian Jobling'),(10,'Tom Hedley');
/*!40000 ALTER TABLE `cmsplugin_people_category` ENABLE KEYS */;
UNLOCK TABLES;

--
-- Table structure for table `cmsplugin_people_entry`
--

DROP TABLE IF EXISTS `cmsplugin_people_entry`;
/*!40101 SET @saved_cs_client     = @@character_set_client */;
/*!40101 SET character_set_client = utf8 */;
CREATE TABLE `cmsplugin_people_entry` (
  `id` int(11) NOT NULL AUTO_INCREMENT,
  `category_id` int(11) NOT NULL,
  `image` varchar(100) NOT NULL,
  `priority` int(11) NOT NULL,
  PRIMARY KEY (`id`),
  KEY `cmsplugin_people_entry_42dc49bc` (`category_id`),
  CONSTRAINT `category_id_refs_id_7162f0a` FOREIGN KEY (`category_id`) REFERENCES `cmsplugin_people_category` (`id`)
) ENGINE=InnoDB AUTO_INCREMENT=27 DEFAULT CHARSET=utf8;
/*!40101 SET character_set_client = @saved_cs_client */;

--
-- Dumping data for table `cmsplugin_people_entry`
--

LOCK TABLES `cmsplugin_people_entry` WRITE;
/*!40000 ALTER TABLE `cmsplugin_people_entry` DISABLE KEYS */;
INSERT INTO `cmsplugin_people_entry` VALUES (1,2,'people/Paul_Currie_Main_Pic.jpg',14),(2,2,'people/Japanese_1.jpg',13),(3,2,'people/captain-corellis-mandolin_1.jpg',12),(4,2,'people/Christmas_1.jpg',11),(5,2,'people/Gin_and_tonic_1.jpg',10),(6,2,'people/Charade_from_Photofest_1.jpg',9),(7,2,'people/2cv_orange_1.jpg',8),(8,2,'people/ten_1.jpg',7),(9,2,'people/Passport-photo.jpg',6),(10,2,'people/supertramp-lord-is-it-mine-am.jpg',5),(11,2,'people/tennis2.jpg',4),(12,2,'people/View.jpg',3),(13,2,'people/thailand.jpg',2),(14,7,'people/Profile_Pic.jpg',28),(15,7,'people/Mussels.jpg',27),(16,7,'people/tokillamockingbird.jpg',26),(17,7,'people/Isle_of_Islay_-_The_Big_Strand.jpg',25),(18,7,'people/Red_Wine.jpg',24),(19,7,'people/The_Incredibles.jpg',24),(20,7,'people/mini.jpg',23),(21,7,'people/bells-whisky-half.jpg',22),(22,7,'people/Sunglasses.jpg',21),(23,7,'people/The_Jam.jpg',20),(24,7,'people/Salmon_Fishing.jpg',19),(25,7,'people/ardbeg-winter-dark-skies.jpg',18),(26,7,'people/courcheval.jpg',17);
/*!40000 ALTER TABLE `cmsplugin_people_entry` ENABLE KEYS */;
UNLOCK TABLES;

--
-- Table structure for table `cmsplugin_people_entrytitle`
--

DROP TABLE IF EXISTS `cmsplugin_people_entrytitle`;
/*!40101 SET @saved_cs_client     = @@character_set_client */;
/*!40101 SET character_set_client = utf8 */;
CREATE TABLE `cmsplugin_people_entrytitle` (
  `id` int(11) NOT NULL AUTO_INCREMENT,
  `entry_id` int(11) NOT NULL,
  `language` varchar(2) NOT NULL,
  `title` varchar(255) NOT NULL,
  `content` longtext NOT NULL,
  PRIMARY KEY (`id`),
  KEY `cmsplugin_people_entrytitle_38a62041` (`entry_id`),
  CONSTRAINT `entry_id_refs_id_209b7ac0` FOREIGN KEY (`entry_id`) REFERENCES `cmsplugin_people_entry` (`id`)
) ENGINE=InnoDB AUTO_INCREMENT=27 DEFAULT CHARSET=utf8;
/*!40101 SET character_set_client = @saved_cs_client */;

--
-- Dumping data for table `cmsplugin_people_entrytitle`
--

LOCK TABLES `cmsplugin_people_entrytitle` WRITE;
/*!40000 ALTER TABLE `cmsplugin_people_entrytitle` DISABLE KEYS */;
INSERT INTO `cmsplugin_people_entrytitle` VALUES (1,1,'en','Paul Currie ','<p style=\"text-align: justify;\">&lsquo;Whisky&rsquo;s been a part of my life for as long as I can remember.&rsquo; With a family background in the whisky industry, he has had a lifelong love of spirits, and previously set up the award winning Isle of Arran distillery with his father.&nbsp; He has been the driving force behind setting up the new Lakes Distillery.&nbsp;</p>'),(2,2,'en','What is your favourite food? ','<p style=\"text-align: center;\"><span style=\"font-size: medium;\">Japanese food &ndash; absolutely delicious and very healthy!</span></p>'),(3,3,'en','What is your favourite book? ','<p style=\"text-align: center;\"><span style=\"font-size: medium;\">Captain Corelli&rsquo;s Mandolin &ndash; it seems to be a &lsquo;marmite&rsquo; book, where some love it, some don&rsquo;t &ndash; I am one of those who do love it!</span></p>'),(4,4,'en','What is your favourite place?','<p style=\"text-align: center;\"><span style=\"font-size: medium;\">At home on Christmas Day with my family.&nbsp; It is such a magical day, especially with my children.</span></p>'),(5,5,'en','What is your favourite drink?','<p style=\"text-align: center;\"><span style=\"font-size: medium;\">Whisky and gin &ndash; depending on when and where.&nbsp; </span></p>\r\n<p style=\"text-align: center;\"><span style=\"font-size: medium;\">There are some moments when a whisky is just perfect, others when nothing beats a G&amp;T.</span></p>'),(6,6,'en','What is your favourite film? ','<p style=\"text-align: center;\"><span style=\"font-size: medium;\">Charade &ndash; Audrey Hepburn and Cary Grant.&nbsp; I thought it was great when I first saw it as a teenager, and still really enjoy it now.</span></p>'),(7,7,'en','What was your first Car?','<p style=\"text-align: center;\"><span style=\"font-size: medium;\">A 2CV I bought in France.&nbsp; Bright orange, ancient, and I loved it.&nbsp; I kept it for 10 years (by then it was 22 years old).</span></p>'),(8,8,'en','The first time you tried whisky, what did you think?','<p style=\"text-align: center;\"><span style=\"font-size: medium;\">I was probably around 10 years old &ndash; I wasn&rsquo;t impressed!&nbsp; It is definitely a taste you have to acquire as you try it more times.</span></p>'),(9,9,'en','What item can you not live without?','<p style=\"text-align: center;\"><span style=\"font-size: medium;\">Passport &ndash; much needed as I have to travel to spread the word about our wonderful brands.</span></p>'),(10,10,'en','What is your favourite song and band? ','<p style=\"text-align: center;\"><span style=\"font-size: medium;\">Song &ndash; Lord is it Mine by Supertramp</span></p>\r\n<p style=\"text-align: center;\"><span style=\"font-size: medium;\">Singer - Nina Simone</span></p>'),(11,11,'en','What do you like to do in your free time? ','<p style=\"text-align: center;\"><span style=\"font-size: medium;\">Play football and tennis, although not getting any </span></p>\r\n<p style=\"text-align: center;\"><span style=\"font-size: medium;\">easier as the years go by!</span></p>'),(12,12,'en','Where would you most like to drink your whisky? ','<p style=\"text-align: center;\"><span style=\"font-size: medium;\">On top of Skiddaw, looking down at Bassenthwaite Lake and our distillery.</span></p>'),(13,13,'en','What is your favourite holiday destination? ','<p style=\"text-align: center;\"><span style=\"font-size: medium;\">Thailand &ndash; beautiful country, great food and really friendly people. &nbsp;</span></p>'),(14,14,'en','John Drake','<p>John Drake</p>'),(15,15,'en','What is your favourite food? ','<p style=\"text-align: center;\"><span style=\"font-size: medium;\">Mussels &ndash; in anything &ndash; Pasta, Moules Marinieres, Paellea &ndash; Love &lsquo;em!</span></p>'),(16,16,'en','What is your favourite book? ','<p style=\"text-align: center;\"><span style=\"font-size: medium;\">To kill a Mockingbird &ndash; Harper Lee.</span></p>'),(17,17,'en','What is your favourite place?','<p style=\"text-align: center;\"><span style=\"font-size: medium;\">The Big Strand beach Isle of Islay &ndash; Scotland &ndash; Happy Days Bodyboarding and Power Kiting with the kids.&nbsp;</span></p>'),(18,18,'en','What is your favourite drink?','<p style=\"text-align: center;\"><span style=\"font-size: medium;\">Rioja &ndash; relaxing and perfect for watching Rugby on TV.</span></p>'),(19,19,'en','What is your favourite film? ','<p style=\"text-align: center;\"><span style=\"font-size: medium;\">The Incredibles &ndash; &ldquo;you&rsquo;ve got to be more &hellip;&hellip;.ffffflexible&rdquo;</span></p>\r\n<p style=\"text-align: center;\"><span style=\"font-size: medium;\">Or </span></p>\r\n<p style=\"text-align: center;\"><span style=\"font-size: medium;\">Midnight Cowboy&nbsp; - anything with Dustin Hoffman in</span></p>'),(20,20,'en','What was your first Car?','<p style=\"text-align: center;\"><span style=\"font-size: medium;\">Mini 850cc &ndash; Maroon with &ldquo;go faster&rdquo; stripes.</span></p>'),(21,21,'en','The first time you tried whisky, what did you think?','<p style=\"text-align: center;\"><span style=\"font-size: medium;\">Age 17 &ndash; Bells Fire Water &ndash; thought it was torture.</span></p>'),(22,22,'en','What item can you not live without?','<p style=\"text-align: center;\"><span style=\"font-size: medium;\">Sunglasses &ndash; need them in summer and winter &ndash; swim in them and play cricket in them &ndash; very important item.</span></p>'),(23,23,'en','What is your favourite song? ','<p style=\"text-align: center;\"><span style=\"font-size: medium;\">To Be Someone &ndash; The Jam.</span></p>'),(24,24,'en','What do you like to do in your free time? ','<p style=\"text-align: center;\"><span style=\"font-size: medium;\">Salmon Fishing with my lads, Cricket at Cockermouth, Cycling anywhere.</span></p>'),(25,25,'en','Where would you most like to drink your whisky? ','<p style=\"text-align: center;\"><span style=\"font-size: medium;\">Ardbeg Pier on Islay.</span></p>'),(26,26,'en','What is your favourite holiday destination? ','<p style=\"text-align: center;\"><span style=\"font-size: medium;\">Courchevel, France. Best skiing.</span></p>');
/*!40000 ALTER TABLE `cmsplugin_people_entrytitle` ENABLE KEYS */;
UNLOCK TABLES;

--
-- Table structure for table `cmsplugin_peopleentriesplugin`
--

DROP TABLE IF EXISTS `cmsplugin_peopleentriesplugin`;
/*!40101 SET @saved_cs_client     = @@character_set_client */;
/*!40101 SET character_set_client = utf8 */;
CREATE TABLE `cmsplugin_peopleentriesplugin` (
  `cmsplugin_ptr_id` int(11) NOT NULL,
  `category_id` int(11) NOT NULL,
  PRIMARY KEY (`cmsplugin_ptr_id`),
  KEY `cmsplugin_peopleentriesplugin_42dc49bc` (`category_id`),
  CONSTRAINT `category_id_refs_id_2fad90e7` FOREIGN KEY (`category_id`) REFERENCES `cmsplugin_people_category` (`id`)
) ENGINE=InnoDB DEFAULT CHARSET=utf8;
/*!40101 SET character_set_client = @saved_cs_client */;

--
-- Dumping data for table `cmsplugin_peopleentriesplugin`
--

LOCK TABLES `cmsplugin_peopleentriesplugin` WRITE;
/*!40000 ALTER TABLE `cmsplugin_peopleentriesplugin` DISABLE KEYS */;
INSERT INTO `cmsplugin_peopleentriesplugin` VALUES (4672,2),(4957,2),(4962,2),(4976,7),(4977,7);
/*!40000 ALTER TABLE `cmsplugin_peopleentriesplugin` ENABLE KEYS */;
UNLOCK TABLES;

--
-- Table structure for table `cmsplugin_photologuegallerieslistplugin`
--

DROP TABLE IF EXISTS `cmsplugin_photologuegallerieslistplugin`;
/*!40101 SET @saved_cs_client     = @@character_set_client */;
/*!40101 SET character_set_client = utf8 */;
CREATE TABLE `cmsplugin_photologuegallerieslistplugin` (
  `cmsplugin_ptr_id` int(11) NOT NULL,
  `gallery_page_id` int(11) NOT NULL,
  PRIMARY KEY (`cmsplugin_ptr_id`),
  KEY `cmsplugin_photologuegallerieslistplugin_73a36d20` (`gallery_page_id`),
  CONSTRAINT `cmsplugin_ptr_id_refs_id_2157169f` FOREIGN KEY (`cmsplugin_ptr_id`) REFERENCES `cms_cmsplugin` (`id`),
  CONSTRAINT `gallery_page_id_refs_id_731aa22b` FOREIGN KEY (`gallery_page_id`) REFERENCES `cms_page` (`id`)
) ENGINE=InnoDB DEFAULT CHARSET=utf8;
/*!40101 SET character_set_client = @saved_cs_client */;

--
-- Dumping data for table `cmsplugin_photologuegallerieslistplugin`
--

LOCK TABLES `cmsplugin_photologuegallerieslistplugin` WRITE;
/*!40000 ALTER TABLE `cmsplugin_photologuegallerieslistplugin` DISABLE KEYS */;
INSERT INTO `cmsplugin_photologuegallerieslistplugin` VALUES (978,9),(4283,9);
/*!40000 ALTER TABLE `cmsplugin_photologuegallerieslistplugin` ENABLE KEYS */;
UNLOCK TABLES;

--
-- Table structure for table `cmsplugin_photologuegalleryplugin`
--

DROP TABLE IF EXISTS `cmsplugin_photologuegalleryplugin`;
/*!40101 SET @saved_cs_client     = @@character_set_client */;
/*!40101 SET character_set_client = utf8 */;
CREATE TABLE `cmsplugin_photologuegalleryplugin` (
  `cmsplugin_ptr_id` int(11) NOT NULL,
  `gallery_id` int(11) NOT NULL,
  `paginate` int(11) NOT NULL,
  `size_id` int(11) NOT NULL,
  PRIMARY KEY (`cmsplugin_ptr_id`),
  KEY `cmsplugin_photologuegalleryplugin_34838cc3` (`gallery_id`),
  KEY `cmsplugin_photologuegalleryplugin_6154b20f` (`size_id`),
  CONSTRAINT `cmsplugin_ptr_id_refs_id_1b911fed` FOREIGN KEY (`cmsplugin_ptr_id`) REFERENCES `cms_cmsplugin` (`id`),
  CONSTRAINT `gallery_id_refs_id_34ac8985` FOREIGN KEY (`gallery_id`) REFERENCES `photologue_gallery` (`id`),
  CONSTRAINT `size_id_refs_id_4696e43c` FOREIGN KEY (`size_id`) REFERENCES `photologue_photosize` (`id`)
) ENGINE=InnoDB DEFAULT CHARSET=utf8;
/*!40101 SET character_set_client = @saved_cs_client */;

--
-- Dumping data for table `cmsplugin_photologuegalleryplugin`
--

LOCK TABLES `cmsplugin_photologuegalleryplugin` WRITE;
/*!40000 ALTER TABLE `cmsplugin_photologuegalleryplugin` DISABLE KEYS */;
INSERT INTO `cmsplugin_photologuegalleryplugin` VALUES (824,3,100,1),(849,6,10,1),(850,6,10,1),(851,7,10,1),(852,7,10,1),(853,8,10,1),(854,8,10,1),(866,10,100,1),(872,9,100,1),(1028,3,100,1),(1031,10,100,1),(3920,13,20,1),(4010,14,32,1),(4278,15,20,1),(4285,15,100,1),(4286,15,100,1),(4288,14,100,1),(4289,14,100,1),(4309,16,100,1),(4311,16,100,1),(4316,17,100,1),(4320,17,100,1),(4941,13,100,1),(4942,9,100,1),(4944,17,100,1),(4946,13,100,1),(4947,13,8,1);
/*!40000 ALTER TABLE `cmsplugin_photologuegalleryplugin` ENABLE KEYS */;
UNLOCK TABLES;

--
-- Table structure for table `cmsplugin_photologuephotoplugin`
--

DROP TABLE IF EXISTS `cmsplugin_photologuephotoplugin`;
/*!40101 SET @saved_cs_client     = @@character_set_client */;
/*!40101 SET character_set_client = utf8 */;
CREATE TABLE `cmsplugin_photologuephotoplugin` (
  `cmsplugin_ptr_id` int(11) NOT NULL,
  `photo_id` int(11) NOT NULL,
  `page_link_id` int(11) DEFAULT NULL,
  `show_caption` tinyint(1) NOT NULL,
  `link_to_full_image` tinyint(1) NOT NULL,
  `size_id` int(11) NOT NULL,
  `align` varchar(20) DEFAULT NULL,
  PRIMARY KEY (`cmsplugin_ptr_id`),
  KEY `cmsplugin_photologuephotoplugin_7c6c8bb1` (`photo_id`),
  KEY `cmsplugin_photologuephotoplugin_37c07cc5` (`page_link_id`),
  KEY `cmsplugin_photologuephotoplugin_6154b20f` (`size_id`),
  CONSTRAINT `cmsplugin_ptr_id_refs_id_4f5e8b41` FOREIGN KEY (`cmsplugin_ptr_id`) REFERENCES `cms_cmsplugin` (`id`),
  CONSTRAINT `page_link_id_refs_id_4c86c2fd` FOREIGN KEY (`page_link_id`) REFERENCES `cms_page` (`id`),
  CONSTRAINT `photo_id_refs_id_5534d593` FOREIGN KEY (`photo_id`) REFERENCES `photologue_photo` (`id`),
  CONSTRAINT `size_id_refs_id_51b18630` FOREIGN KEY (`size_id`) REFERENCES `photologue_photosize` (`id`)
) ENGINE=InnoDB DEFAULT CHARSET=utf8;
/*!40101 SET character_set_client = @saved_cs_client */;

--
-- Dumping data for table `cmsplugin_photologuephotoplugin`
--

LOCK TABLES `cmsplugin_photologuephotoplugin` WRITE;
/*!40000 ALTER TABLE `cmsplugin_photologuephotoplugin` DISABLE KEYS */;
/*!40000 ALTER TABLE `cmsplugin_photologuephotoplugin` ENABLE KEYS */;
UNLOCK TABLES;

--
-- Table structure for table `cmsplugin_picture`
--

DROP TABLE IF EXISTS `cmsplugin_picture`;
/*!40101 SET @saved_cs_client     = @@character_set_client */;
/*!40101 SET character_set_client = utf8 */;
CREATE TABLE `cmsplugin_picture` (
  `cmsplugin_ptr_id` int(11) NOT NULL,
  `image` varchar(100) NOT NULL,
  `url` varchar(255) DEFAULT NULL,
  `page_link_id` int(11) DEFAULT NULL,
  `alt` varchar(255) DEFAULT NULL,
  `longdesc` varchar(255) DEFAULT NULL,
  `float` varchar(10) DEFAULT NULL,
  PRIMARY KEY (`cmsplugin_ptr_id`),
  KEY `cmsplugin_picture_37c07cc5` (`page_link_id`),
  CONSTRAINT `cmsplugin_ptr_id_refs_id_3f0eb5ec` FOREIGN KEY (`cmsplugin_ptr_id`) REFERENCES `cms_cmsplugin` (`id`),
  CONSTRAINT `page_link_id_refs_id_74758dc2` FOREIGN KEY (`page_link_id`) REFERENCES `cms_page` (`id`)
) ENGINE=InnoDB DEFAULT CHARSET=utf8;
/*!40101 SET character_set_client = @saved_cs_client */;

--
-- Dumping data for table `cmsplugin_picture`
--

LOCK TABLES `cmsplugin_picture` WRITE;
/*!40000 ALTER TABLE `cmsplugin_picture` DISABLE KEYS */;
INSERT INTO `cmsplugin_picture` VALUES (3,'cms_page_media/17/oursite.jpg','',NULL,'','',NULL),(198,'cms_page_media/58/thepaulcurriestory.gif','',NULL,'','',NULL),(204,'cms_page_media/58/thepaulcurriestory_1.gif','',NULL,'','',NULL),(216,'cms_page_media/59/Timetable V2.jpg','',NULL,'','',NULL),(220,'cms_page_media/60/Distillery Tours.jpg','',NULL,'','',NULL),(429,'cms_page_media/23/cocktails.jpg','',NULL,'','',NULL),(435,'cms_page_media/23/become_a_founder.jpg','http://www.lakesdistillery.com/index.php?route=product/product&product_id=50',NULL,'','',NULL),(454,'cms_page_media/25/become_a_founder.jpg','http://www.lakesdistillery.com/index.php?route=product/product&product_id=50',NULL,'','',NULL),(460,'cms_page_media/24/theboardroom.gif','',NULL,'','',NULL),(461,'cms_page_media/24/become_a_founder.jpg','http://www.lakesdistillery.com/index.php?route=product/product&product_id=50',NULL,'','',NULL),(599,'cms_page_media/50/the_one_3.jpg','',NULL,'','',NULL),(601,'cms_page_media/50/the_one_1.jpg','',NULL,'','',NULL),(893,'cms_page_media/17/oursite.jpg','',NULL,'','',NULL),(925,'cms_page_media/18/our_buildings.jpg','',NULL,'','',NULL),(979,'cms_page_media/9/nog.jpg','',NULL,'','',NULL),(1004,'cms_page_media/58/The One Long Banner.jpg','/shop/',NULL,'','','left'),(1024,'cms_page_media/90/NWWT_1.jpg','',NULL,'','',NULL),(1027,'cms_page_media/90/NWWT_1.jpg','',NULL,'','',NULL),(1029,'cms_page_media/100/The ONE launch - 26th September.jpg','',NULL,'','',NULL),(1030,'cms_page_media/100/The ONE launch - 26th September.jpg','',NULL,'','',NULL),(1157,'cms_page_media/25/Menus.jpg','',NULL,'','',NULL),(1531,'cms_page_media/17/Bassenthwaire 1_3.jpg','',NULL,'','',NULL),(1548,'cms_page_media/17/Bassenthwaire 1_3.jpg','',NULL,'','',NULL),(1549,'cms_page_media/17/oursite.jpg','',NULL,'','',NULL),(1560,'cms_page_media/4/Panam-of-building_1.gif','',NULL,'','','center'),(1562,'cms_page_media/4/aerial v2._1.jpg','',NULL,'','',NULL),(1564,'cms_page_media/4/Multi 1.jpg','',NULL,'','',NULL),(1566,'cms_page_media/4/eco friendly_6.jpg','',NULL,'','',NULL),(1567,'cms_page_media/4/our-distillery.jpg','',NULL,'','',NULL),(1619,'cms_page_media/18/The Lakes Distillery 5_1.JPG','',NULL,'','',NULL),(1620,'cms_page_media/18/The Lakes Distillery 3_1.JPG','',NULL,'','',NULL),(1621,'cms_page_media/18/The Lakes Distillery 1.JPG','',NULL,'','',NULL),(1622,'cms_page_media/18/our_buildings_1.jpg','',NULL,'','',NULL),(1878,'cms_page_media/56/become_a_founder.jpg','http://www.lakesdistillery.com/shop/product/founders-club-uk-delivery/',NULL,'','',NULL),(1880,'cms_page_media/56/e_brochure.png','http://www.lakesdistillery.com/e-brochure/',NULL,'','',NULL),(1993,'cms_page_media/56/Whisky Timeline copy.jpg','',NULL,'','','left'),(2461,'cms_page_media/6/Buildings_3.jpg','',NULL,'','',NULL),(2463,'cms_page_media/6/Bar & Bistro Photograph.jpg','',NULL,'','',NULL),(2464,'cms_page_media/6/Bar & Bistro - Scone Banner_1.jpg','',NULL,'','',NULL),(2467,'cms_page_media/6/Italian Platter.jpg','',NULL,'','',NULL),(2587,'cms_page_media/6/Archway in Bistro.jpg','',NULL,'','',NULL),(2661,'cms_page_media/6/Bar & Bistro Plan.jpg','',NULL,'','',NULL),(2664,'cms_page_media/6/Buildings_3.jpg','',NULL,'','',NULL),(2666,'cms_page_media/6/Bar & Bistro Photograph.jpg','',NULL,'','',NULL),(2669,'cms_page_media/6/thebarandbistro.gif','',NULL,'','',NULL),(2670,'cms_page_media/6/While you decide.jpg','',NULL,'','',NULL),(2671,'cms_page_media/6/SCONE.jpg','',NULL,'','',NULL),(2674,'cms_page_media/6/Archway in Bistro.jpg','',NULL,'','',NULL),(2677,'cms_page_media/25/Menus.jpg','',NULL,'','',NULL),(2678,'cms_page_media/25/become_a_founder.jpg','http://www.lakesdistillery.com/index.php?route=product/product&product_id=50',NULL,'','',NULL),(2680,'cms_page_media/24/theboardroom.gif','',NULL,'','',NULL),(2681,'cms_page_media/24/become_a_founder.jpg','http://www.lakesdistillery.com/index.php?route=product/product&product_id=50',NULL,'','',NULL),(2684,'cms_page_media/23/cocktails.jpg','',NULL,'','',NULL),(2685,'cms_page_media/23/become_a_founder.jpg','http://www.lakesdistillery.com/index.php?route=product/product&product_id=50',NULL,'','',NULL),(2828,'cms_page_media/4/our-distillery.jpg','',NULL,'','',NULL),(2830,'cms_page_media/4/eco friendly_6.jpg','',NULL,'','',NULL),(2832,'cms_page_media/4/Panam-of-building_1.gif','',NULL,'','','center'),(2834,'cms_page_media/4/aerial v2._1.jpg','',NULL,'','',NULL),(2836,'cms_page_media/4/Multi 1.jpg','',NULL,'','',NULL),(2837,'cms_page_media/17/oursite.jpg','',NULL,'','',NULL),(2838,'cms_page_media/17/Bassenthwaire 1_3.jpg','',NULL,'','',NULL),(2840,'cms_page_media/18/our_buildings_1.jpg','',NULL,'','',NULL),(2843,'cms_page_media/18/The Lakes Distillery 5_1.JPG','',NULL,'','',NULL),(2844,'cms_page_media/18/The Lakes Distillery 3_1.JPG','',NULL,'','',NULL),(2845,'cms_page_media/18/The Lakes Distillery 1.JPG','',NULL,'','',NULL),(2854,'cms_page_media/58/thepaulcurriestory_1.gif','',NULL,'','',NULL),(2855,'cms_page_media/58/The One Long Banner.jpg','/shop/',NULL,'','','left'),(2857,'cms_page_media/58/thepaulcurriestory.gif','',NULL,'','',NULL),(2858,'cms_page_media/19/ourpeople.JPG','',NULL,'','',NULL),(2863,'cms_page_media/59/timetable.gif','',NULL,'','',NULL),(2866,'cms_page_media/60/distillery_tours.jpg','',NULL,'','',NULL),(2868,'cms_page_media/61/production.jpg','',NULL,'','',NULL),(2874,'cms_page_media/109/Webcams .jpg','',NULL,'','',NULL),(2875,'cms_page_media/109/54701-The-ONE-Web-SQUARE-POP-UP-250x250px.jpg','',NULL,'','',NULL),(2876,'cms_page_media/109/54701-The-FOUNDERS-Web-SQUARE-POP-UP-250x250px.jpg','',NULL,'','',NULL),(2883,'cms_page_media/109/Webcams .jpg','',NULL,'','',NULL),(2884,'cms_page_media/109/54701-The-ONE-Web-SQUARE-POP-UP-250x250px.jpg','',NULL,'','',NULL),(2885,'cms_page_media/109/54701-The-FOUNDERS-Web-SQUARE-POP-UP-250x250px.jpg','',NULL,'','',NULL),(2897,'cms_page_media/61/production.jpg','',NULL,'','',NULL),(2899,'cms_page_media/60/distillery_tours.jpg','',NULL,'','',NULL),(2902,'cms_page_media/59/timetable.gif','',NULL,'','',NULL),(2904,'cms_page_media/19/ourpeople.JPG','',NULL,'','',NULL),(2908,'cms_page_media/58/thepaulcurriestory.gif','',NULL,'','',NULL),(2910,'cms_page_media/58/thepaulcurriestory_1.gif','',NULL,'','',NULL),(2911,'cms_page_media/58/The One Long Banner.jpg','/shop/',NULL,'','','left'),(2920,'cms_page_media/18/The Lakes Distillery 5_1.JPG','',NULL,'','',NULL),(2921,'cms_page_media/18/The Lakes Distillery 3_1.JPG','',NULL,'','',NULL),(2922,'cms_page_media/18/The Lakes Distillery 1.JPG','',NULL,'','',NULL),(2925,'cms_page_media/18/our_buildings_1.jpg','',NULL,'','',NULL),(2927,'cms_page_media/17/Bassenthwaire 1_3.jpg','',NULL,'','',NULL),(2928,'cms_page_media/17/oursite.jpg','',NULL,'','',NULL),(3091,'cms_page_media/8/Free Shipping.jpg','',NULL,'','',NULL),(3121,'cms_page_media/4/our-distillery.jpg','',NULL,'','',NULL),(3123,'cms_page_media/113/Environment 3.jpg','',NULL,'','',NULL),(3125,'cms_page_media/4/Panam-of-building_1.gif','',NULL,'','','center'),(3127,'cms_page_media/4/aerial v2._1.jpg','',NULL,'','',NULL),(3129,'cms_page_media/4/Multi 1.jpg','',NULL,'','',NULL),(3160,'cms_page_media/6/Open Prawn Sandwich.jpg','',NULL,'','',NULL),(3227,'cms_page_media/7/What\'s New.jpg','',7,'','','center'),(3285,'cms_page_media/4/Stills.jpg','',NULL,'','',NULL),(3458,'cms_page_media/58/thepaulcurriestory.gif','',NULL,'','',NULL),(3460,'cms_page_media/58/thepaulcurriestory_1.gif','',NULL,'','',NULL),(3461,'cms_page_media/58/The One Long Banner.jpg','/shop/',NULL,'','','left'),(3632,'cms_page_media/32/All v2._1.jpg','',NULL,'','','left'),(3742,'cms_page_media/50/the_one_1.jpg','',NULL,'','',NULL),(3761,'cms_page_media/50/the_one_1.jpg','',NULL,'','',NULL),(3777,'cms_page_media/32/All v2._1.jpg','',NULL,'','','left'),(3881,'cms_page_media/1/Cocktails_1.jpg','',23,'','',NULL),(3882,'cms_page_media/1/Distillery News_2.jpg','',131,'','',NULL),(3883,'cms_page_media/1/Our Distillery_1.jpg','',4,'','',NULL),(3884,'cms_page_media/1/The ONE_2.jpg','',176,'','',NULL),(3885,'cms_page_media/1/Connoisseurs\'_1.jpg','',72,'','',NULL),(3886,'cms_page_media/1/Founders\' _1.jpg','',56,'','',NULL),(3930,'cms_page_media/109/Webcams .jpg','',NULL,'','',NULL),(3931,'cms_page_media/109/54701-The-ONE-Web-SQUARE-POP-UP-250x250px.jpg','',NULL,'','',NULL),(3932,'cms_page_media/109/54701-The-FOUNDERS-Web-SQUARE-POP-UP-250x250px.jpg','',NULL,'','',NULL),(4004,'cms_page_media/109/Webcams .jpg','',NULL,'','',NULL),(4005,'cms_page_media/109/54701-The-ONE-Web-SQUARE-POP-UP-250x250px.jpg','',NULL,'','',NULL),(4006,'cms_page_media/109/54701-The-FOUNDERS-Web-SQUARE-POP-UP-250x250px.jpg','',NULL,'','',NULL),(4013,'cms_page_media/131/In The News_1.jpg','',NULL,'','','left'),(4021,'cms_page_media/8/Free Shipping.jpg','',NULL,'','',NULL),(4041,'cms_page_media/5/Our Distillery Members copy.jpg','',NULL,'','',NULL),(4042,'cms_page_media/5/Become a member copy_1.jpg','http://lakesdistillery.com/accounts/register/',NULL,'','',NULL),(4051,'cms_page_media/5/Our Distillery Members copy.jpg','',NULL,'','',NULL),(4052,'cms_page_media/5/Become a member copy_1.jpg','http://lakesdistillery.com/accounts/register/',NULL,'','',NULL),(4262,'cms_page_media/72/become_a_connoisseur.jpg','/connoisseur-enquiry',NULL,'','',NULL),(4264,'cms_page_media/72/Scroll side _1.jpg','',NULL,'','',NULL),(4271,'cms_page_media/72/become_a_connoisseur.jpg','/connoisseur-enquiry',NULL,'','',NULL),(4273,'cms_page_media/72/Scroll side _1.jpg','',NULL,'','',NULL),(4284,'cms_page_media/9/nog.jpg','',NULL,'','',NULL),(4312,'cms_page_media/50/the_one_1.jpg','',NULL,'','',NULL),(4314,'cms_page_media/50/the_one_3.jpg','',NULL,'','',NULL),(4382,'cms_page_media/3/Our-Brands.gif','',NULL,'','',NULL),(4384,'cms_page_media/3/Our-Brands.gif','',NULL,'','',NULL),(4385,'cms_page_media/50/the_one_1.jpg','',NULL,'','',NULL),(4387,'cms_page_media/50/the_one_3.jpg','',NULL,'','',NULL),(4408,'cms_page_media/131/In The News_1_1.jpg','',NULL,'','','center'),(4409,'cms_page_media/131/In The News_1.jpg','',NULL,'','','left'),(4411,'cms_page_media/131/In The News_1_1.jpg','',NULL,'','','center'),(4416,'cms_page_media/6/Buildings_3.jpg','',NULL,'','',NULL),(4418,'cms_page_media/6/Bar & Bistro Photograph.jpg','',NULL,'','',NULL),(4421,'cms_page_media/6/Bar & Bistro - Scone Banner_1.jpg','',NULL,'','',NULL),(4422,'cms_page_media/6/Italian Platter.jpg','',NULL,'','',NULL),(4425,'cms_page_media/6/Archway in Bistro.jpg','',NULL,'','',NULL),(4426,'cms_page_media/6/Open Prawn Sandwich.jpg','',NULL,'','',NULL),(4470,'cms_page_media/19/ourpeople.JPG','',NULL,'','',NULL),(4536,'cms_page_media/1/Cocktails_1.jpg','',23,'','',NULL),(4537,'cms_page_media/1/Distillery News_2.jpg','',131,'','',NULL),(4538,'cms_page_media/1/Our Distillery_1.jpg','',4,'','',NULL),(4539,'cms_page_media/1/The ONE_2.jpg','',176,'','',NULL),(4540,'cms_page_media/1/Connoisseurs\'_1.jpg','',72,'','',NULL),(4541,'cms_page_media/1/Founders\' _1.jpg','',56,'','',NULL),(4546,'cms_page_media/56/Monthly Payments Tile - Contact Us jpg..jpg','',35,'','Contact Us For More Information',NULL),(4638,'cms_page_media/56/become_a_founder.jpg','http://www.lakesdistillery.com/shop/product/founders-club-uk-delivery/',NULL,'','',NULL),(4641,'cms_page_media/56/Monthly Payments Tile - Contact Us jpg..jpg','',35,'','Contact Us For More Information',NULL),(4643,'cms_page_media/56/e_brochure.png','http://www.lakesdistillery.com/e-brochure/',NULL,'','',NULL),(4651,'cms_page_media/56/Whisky Timeline copy.jpg','',NULL,'','','left'),(4723,'cms_page_media/4/Panam-of-building_1.gif','',NULL,'','','center'),(4725,'cms_page_media/4/aerial v2._1.jpg','',NULL,'','',NULL),(4727,'cms_page_media/4/Multi 1.jpg','',NULL,'','',NULL),(4729,'cms_page_media/4/Stills.jpg','',NULL,'','',NULL),(4731,'cms_page_media/4/eco friendly_6.jpg','',NULL,'','',NULL),(4732,'cms_page_media/4/our-distillery.jpg','',NULL,'','',NULL),(4771,'cms_page_media/18/The Lakes Distillery 5_1.JPG','',NULL,'','',NULL),(4772,'cms_page_media/18/The Lakes Distillery 3_1.JPG','',NULL,'','',NULL),(4773,'cms_page_media/18/The Lakes Distillery 1.JPG','',NULL,'','',NULL),(4777,'cms_page_media/18/our_buildings_1.jpg','',NULL,'','',NULL),(4783,'cms_page_media/59/Timetable V2.jpg','',NULL,'','',NULL),(4785,'cms_page_media/60/Distillery Tours.jpg','',NULL,'','',NULL),(4798,'cms_page_media/61/production.jpg','',NULL,'','',NULL),(4840,'cms_page_media/61/production.jpg','',NULL,'','',NULL),(4841,'cms_page_media/6/thebarandbistro.gif','',NULL,'','',NULL),(4842,'cms_page_media/6/While you decide.jpg','',NULL,'','',NULL),(4843,'cms_page_media/6/SCONE.jpg','',NULL,'','',NULL),(4846,'cms_page_media/6/Archway in Bistro.jpg','',NULL,'','',NULL),(4849,'cms_page_media/6/Bar & Bistro Plan.jpg','',NULL,'','',NULL),(4852,'cms_page_media/6/Buildings_3.jpg','',NULL,'','',NULL),(4854,'cms_page_media/6/Bar & Bistro Photograph.jpg','',NULL,'','',NULL),(4857,'cms_page_media/25/Menus.jpg','',NULL,'','',NULL),(4858,'cms_page_media/25/become_a_founder.jpg','http://www.lakesdistillery.com/index.php?route=product/product&product_id=50',NULL,'','',NULL),(4861,'cms_page_media/24/theboardroom.gif','',NULL,'','',NULL),(4862,'cms_page_media/24/become_a_founder.jpg','http://www.lakesdistillery.com/index.php?route=product/product&product_id=50',NULL,'','',NULL),(4870,'cms_page_media/25/Menus.jpg','',NULL,'','',NULL),(4871,'cms_page_media/25/become_a_founder.jpg','http://www.lakesdistillery.com/index.php?route=product/product&product_id=50',NULL,'','',NULL),(4878,'cms_page_media/23/cocktails.jpg','',NULL,'','',NULL),(4879,'cms_page_media/23/become_a_founder.jpg','http://www.lakesdistillery.com/index.php?route=product/product&product_id=50',NULL,'','',NULL),(4889,'cms_page_media/23/cocktails.jpg','',NULL,'','',NULL),(4890,'cms_page_media/23/become_a_founder.jpg','http://www.lakesdistillery.com/index.php?route=product/product&product_id=50',NULL,'','',NULL),(4919,'cms_page_media/178/Customer Reviews_3.jpg','',NULL,'','',NULL),(4935,'cms_page_media/178/Customer Reviews_3.jpg','',NULL,'','',NULL),(4950,'cms_page_media/7/What\'s New.jpg','',7,'','','center'),(4981,'cms_page_media/19/ourpeople.JPG','',NULL,'','',NULL);
/*!40000 ALTER TABLE `cmsplugin_picture` ENABLE KEYS */;
UNLOCK TABLES;

--
-- Table structure for table `cmsplugin_sliderplugin`
--

DROP TABLE IF EXISTS `cmsplugin_sliderplugin`;
/*!40101 SET @saved_cs_client     = @@character_set_client */;
/*!40101 SET character_set_client = utf8 */;
CREATE TABLE `cmsplugin_sliderplugin` (
  `cmsplugin_ptr_id` int(11) NOT NULL,
  `title` varchar(255) DEFAULT NULL,
  `album_id` int(11) NOT NULL,
  `anim_speed` int(10) unsigned NOT NULL,
  `pause_time` int(10) unsigned NOT NULL,
  `image_width` int(10) unsigned DEFAULT NULL,
  `image_height` int(10) unsigned DEFAULT NULL,
  PRIMARY KEY (`cmsplugin_ptr_id`),
  KEY `cmsplugin_sliderplugin_1293c648` (`album_id`),
  CONSTRAINT `album_id_refs_id_6ac5867f` FOREIGN KEY (`album_id`) REFERENCES `cmsplugin_jcarousellite_slideralbum` (`id`),
  CONSTRAINT `cmsplugin_ptr_id_refs_id_5b7fa277` FOREIGN KEY (`cmsplugin_ptr_id`) REFERENCES `cms_cmsplugin` (`id`)
) ENGINE=InnoDB DEFAULT CHARSET=utf8;
/*!40101 SET character_set_client = @saved_cs_client */;

--
-- Dumping data for table `cmsplugin_sliderplugin`
--

LOCK TABLES `cmsplugin_sliderplugin` WRITE;
/*!40000 ALTER TABLE `cmsplugin_sliderplugin` DISABLE KEYS */;
INSERT INTO `cmsplugin_sliderplugin` VALUES (3876,'Main',1,500,7000,1000,460),(4532,'Main',1,500,7000,1000,460);
/*!40000 ALTER TABLE `cmsplugin_sliderplugin` ENABLE KEYS */;
UNLOCK TABLES;

--
-- Table structure for table `cmsplugin_snippetptr`
--

DROP TABLE IF EXISTS `cmsplugin_snippetptr`;
/*!40101 SET @saved_cs_client     = @@character_set_client */;
/*!40101 SET character_set_client = utf8 */;
CREATE TABLE `cmsplugin_snippetptr` (
  `cmsplugin_ptr_id` int(11) NOT NULL,
  `snippet_id` int(11) NOT NULL,
  PRIMARY KEY (`cmsplugin_ptr_id`),
  KEY `cmsplugin_snippetptr_37e31bc4` (`snippet_id`),
  CONSTRAINT `cmsplugin_ptr_id_refs_id_3488e716` FOREIGN KEY (`cmsplugin_ptr_id`) REFERENCES `cms_cmsplugin` (`id`),
  CONSTRAINT `snippet_id_refs_id_570a9f83` FOREIGN KEY (`snippet_id`) REFERENCES `snippet_snippet` (`id`)
) ENGINE=InnoDB DEFAULT CHARSET=utf8;
/*!40101 SET character_set_client = @saved_cs_client */;

--
-- Dumping data for table `cmsplugin_snippetptr`
--

LOCK TABLES `cmsplugin_snippetptr` WRITE;
/*!40000 ALTER TABLE `cmsplugin_snippetptr` DISABLE KEYS */;
INSERT INTO `cmsplugin_snippetptr` VALUES (45,1),(3532,1),(48,2),(3533,2),(1151,5),(2704,5),(4880,5),(787,6),(793,6),(2701,6),(788,7),(796,7),(2698,7),(789,8),(799,8),(2695,8),(790,9),(2692,9),(4897,9),(4902,9),(4905,9),(791,10),(805,10),(2689,10),(792,11),(808,11),(2686,11),(895,12),(927,12),(4003,12),(4009,12),(929,13),(2879,13),(2880,13),(2888,13),(2889,13),(3934,13),(4008,13),(4607,13),(1613,15),(2851,15),(2915,15),(4766,15),(3694,16),(4637,16),(4261,17),(4270,17),(3825,18),(4018,18);
/*!40000 ALTER TABLE `cmsplugin_snippetptr` ENABLE KEYS */;
UNLOCK TABLES;

--
-- Table structure for table `cmsplugin_text`
--

DROP TABLE IF EXISTS `cmsplugin_text`;
/*!40101 SET @saved_cs_client     = @@character_set_client */;
/*!40101 SET character_set_client = utf8 */;
CREATE TABLE `cmsplugin_text` (
  `cmsplugin_ptr_id` int(11) NOT NULL,
  `body` longtext NOT NULL,
  PRIMARY KEY (`cmsplugin_ptr_id`),
  CONSTRAINT `cmsplugin_ptr_id_refs_id_175e936e` FOREIGN KEY (`cmsplugin_ptr_id`) REFERENCES `cms_cmsplugin` (`id`)
) ENGINE=InnoDB DEFAULT CHARSET=utf8;
/*!40101 SET character_set_client = @saved_cs_client */;

--
-- Dumping data for table `cmsplugin_text`
--

LOCK TABLES `cmsplugin_text` WRITE;
/*!40000 ALTER TABLE `cmsplugin_text` DISABLE KEYS */;
INSERT INTO `cmsplugin_text` VALUES (1,'<h3>Our distillery is located in one of the most beautful regions of Britain, the Lake District.</h3>\n<p style=\"text-align: justify;\"><img alt=\"\" height=\"250\" src=\"/media/files/frozen-bass.gif\" style=\"width: 660px; height: 250px; border-width: 0px; border-style: solid; border: 0; margin-left: 0px; margin-right: 0px; margin-top: 10px; margin-bottom: 10px;\" width=\"660\"></p>\n<p style=\"text-align: justify;\">Our distillery is in a region renowned for its beauty, its dramatic landscapes and, of course, magnificent lakes.</p>\n<p style=\"text-align: justify;\">After more than two years of searching, we have at last found what we believe to be the perfect site - close to Bassenthwaite Lake, six miles from the capital of the North Lakes, Keswick.</p>\n<p style=\"text-align: justify;\">Encircled by Cumbrian hills and mountains, it is an area of unimaginable beauty.</p>\n<p style=\"text-align: justify;\">Unchanged for centuries, the only sounds are the cry of ospreys, the gentle trickle of water from the streams which feed the lake itself and, of course, the soft rain falling on the heather and grass. One of the Lakes highest peaks, Skiddaw, watches over the lake, an inspiration to poets including Wordsworth and Tennyson.</p>\n<p>This is the home of the new Lakes Distillery. <img alt=\"\" height=\"250\" src=\"/media/files/bassenthwaite_1..jpg\" style=\"width: 660px; height: 250px; border-width: 0px; border-style: solid; border: 0; margin-left: 0px; margin-right: 0px; margin-top: 10px; margin-bottom: 10px;\" width=\"660\"></p>\n<h3>WHISKY IN CUMBRIA</h3>\n<p style=\"text-align: justify;\">Cumbria has a long whisky heritage, and if look around the Lakes, you will see exactly why. The landscape is one of fast flowing rivers, rugged mountains and clean pure air - these conditions are very much like those found in Scotland.</p>\n<p style=\"text-align: justify;\"><img alt=\"\" height=\"436\" src=\"/media/files/whisky-map.gif\" style=\"width: 263px; height: 300px; border-width: 0px; border-style: solid; float: left; border: 0; margin: 5px 15px 5px 0;\" width=\"382\"> The Lake District in Cumbria was also once part of Scotland. Its place names reflect its celtic heritage. It is remote, wet and beautiful. In short, it is ideal whisky producing country.</p>\n<p style=\"text-align: justify;\">With this perfect environment for making whisky, it is no surprise that there is also a long history of illicit whisky distilling in the area, with the secluded hills and valleys of the area ideal for smugglers. One of these distillers was Lancelot \'Lanty\' Slee, who had a thriving business and always managed to keep one step ahead of the customs authorities  helped by supplying his \'whisky\' to the local magistrates. With many other illicit stills in the Lakes, the area was well known as a whisky producing region at this time.</p>'),(112,'<h3><span>You will be able to see here our artisan bar and bistros delicious menu.</span></h3>'),(142,'<table border=\"0\" style=\"height: 459px; width: 951px;\">\n<tbody>\n<tr>\n<td style=\"text-align: justify;\"><img alt=\"\" height=\"451\" src=\"/media/files/brand/the_lakes_malt.jpg\" style=\"margin-left: 10px; margin-right: 10px;\" width=\"362\"></td>\n<td style=\"text-align: justify;\">\n<h1>THE LAKES MALT</h1>\n<h3><span><span>The Lakes Malt will be available from 2019.</span></span></h3>\n<p>Most of the malt whisky we will produce will be lightly peated, so more akin to the whiskies from the highlands rather than Islay, although we do plan to run some batches of a more heavily peated malt each year.</p>\n<p><span>Our team is steeped in whisky experience. Our founder,</span><a href=\"http://213.175.215.219/~lakes2/our%20people/our-people/our-people/our-distillery/our-people/paul-currie\">Paul Currie</a><span>, co-founded the widely acclaimed, award winning Arran distillery, and our production is overseen by one of Scotlands foremost whisky experts,</span><a href=\"http://213.175.215.219/~lakes2/our-people/our-people/our-distillery/our-people/alan-rutherford\">Alan Rutherford</a><span>, former production director at Diageo and council member of the Scotch Whisky Association.</span></p>\n<p>Our master distiller<a href=\"http://213.175.215.219/~lakes2/our-distillery/our-people/chris-anderson\">Chris Anderson</a>will be crossing the border from Scotland, with a lifetimes experience of making the highest quality whisky, including as manager of a number of well known distilleries.</p>\n<p>The Lakes Malt will become available only once it is perfectly matured - so we will have to be patient for a little while yet!</p>\n<p>You can secure your own bottlings taken from the first 100 casks ever produced of The Lakes Malt by joining our Founders\' Club -<a href=\"/admin/cms/page/54/edit-plugin/142/founders-club\" target=\"_self\">Click Here</a></p>\n</td>\n</tr>\n</tbody>\n</table>'),(186,'<table style=\"height: 310px; width: 901px;\" border=\"0\">\n<tbody>\n<tr>\n<td><img src=\"/media/files/our_people/pc_+_chris_anderson_(2).jpg\" width=\"230\" style=\"margin-left: 20px; margin-right: 20px;\" height=\"300\" alt=\"\"></td>\n<td>\n<h1>CHRIS ANDERSON - MASTER DISTILLER</h1>\n<hr>\n<p>\"Most of all Im looking forward to seeing the first spirit flow into the spirit safe. Then the adventure really begins.\"</p>\n<hr>\n<p>Chris Anderson comes from a long line of Scottish whisky distillers and began his own whisky career at CaolIla on Islay. He also worked at Lagavulin before moving to manage all of Dewars distilleries, including Royal Brackla, Aberfeldy, Craigellachie and Aultmore. Chris brings a wealth of experience to us, as he will play the central role in creating the new Lakes Malt.</p>\n</td>\n</tr>\n</tbody>\n</table>'),(187,'<table style=\"height: 308px; width: 905px;\" border=\"0\">\n<tbody>\n<tr>\n<td><img src=\"/media/files/our_people/pc_+_alan_rutherford.jpg\" width=\"230\" style=\"margin-left: 20px; margin-right: 20px;\" height=\"300\" alt=\"\"></td>\n<td>\n<h1>DR ALAN RUTHERFORD OBE - DIRECTOR</h1>\n<hr>\n<p>The Lakes Distillery has so much going for it  a great team, a wonderful location, and all the ingredients for what should be an outstanding malt whisky</p>\n<hr>\n<p>Alan Rutherford, whose career in the whisky industry spans almost 40 years, is one of the leading figures in the whisky industry. A former council member of the Scotch Whisky Council, he was previously scotch whisky production director at United Distillers - later Diageo. Alan will oversee the production of our whiskies and gin.</p>\n</td>\n</tr>\n</tbody>\n</table>'),(199,'<hr>\n<h2><img alt=\"\" height=\"127\" src=\"/media/files/the_paul_currie_story/paul-revised-quote.gif\" style=\"font-size: 10px;\" width=\"659\"></h2>\n<p></p>\n<hr>\n<p></p>\n<p>Whiskys been a part of my life for as long as I can remember. My father was MD of Chivas-Seagrams whisky business - so, from birth, whisky was a constant topic of conversation and a genuine family passion.</p>\n<p>As a child I was fascinated by the process of distilling and I can clearly recall being taken round a distillery for the first time  I think I would have been about six-years-old  and being entranced by the gleaming copper stills.</p>\n<p>That early fascination with whisky developed over the years and in 1995 I set up Isle of Arran Distillers with my father  at the time it was the first new independent whisky distillery in Scotland for many decades but we could see the potential growth in malt whisky and we werent wrong: the whisky market and, in particular the malt whisky market, has gone from strength to strength ever since.As managing director of the company I oversaw the successful opening of the distillery, products were launched in Europe, Asia and north America, and a number of prestigious awards were won  including Scottish TVs Best Young Business and Scottish Trade Internationals New Exporter of the Year. The company received royal recognition when the visitor centre was officially opened by HM The Queen, and it also received a coveted 5 Star Visit Scotland award.</p>\n<p>I moved on from Arran to pursue other interests in the spirits industry, but then, around three years or so ago, I was on holiday in the Lake District with my family and as I looked around at the magnificent landscape; the lakes, the peaty foothills, the pure air, I realised this really was perfect whisky country and thats how The Lakes Distillery was born.</p>\n<p><img alt=\"\" height=\"212\" src=\"/media/files/the_paul_currie_story/pc_with_queen_arran_opening_(2)_small.jpg\" style=\"float: right;\" width=\"300\"></p>\n<p>Malt whisky is a booming industry with new distilleries being created across the world in countries as diverse as the US, Australia, France, Sweden and India. This was proof, if I needed it, that consumers are keen to try products from new distilleries  so why not The Lakes Distillery?</p>\n<p>The vision was one thing, however turning it into reality was quite another. One of my brothers, also involved in the whisky industry, tried to set up a distillery in the south Lakes about 10 years ago, but couldnt secure the right location and couldnt put the funding together, so I knew this would not be easy.</p>\n<p>From experience I know how important it is to build a team, and so I set about putting this in place. Newcastle-based retail expert Nigel Mills has taken on the role of Chairman, and some true whisky experts have joined us, including our master distiller, Chris Anderson, whose wealth of experience and knowledge is second to none.</p>\n<p>Then, we needed to find a site and this was a huge challenge. Because the Lake District is a National Park, any development, quite rightly,is very controlled.</p>\n<p>We needed to be able to utilise existing buildings and they needed to be the right size, not only for a distillery with enough height to accommodate the stills, but for a visitor centre and with adequate access, both for deliveries and for our tourist business.</p>\n<p>Most importantly, however, we had to have a nearby source of water  and not just any water but the water that would provide the basis of The Lakes Malt.</p>\n<p>We looked at one site after another and I spent countless days poring over a map trying to work out suitable locations and driving around in the hope of spotting the perfect site  I got to know the Lakes very well!</p>\n<p>Then I contacted a property agent in Keswick, who proposed a site at Bassenthwaite Lake. It was an old Victorian Model Farm, built in the 1850s and used as a dairy farm until about 15 years ago, since it when it had stood empty.</p>\n<p>Plans were sent through and it looked very promising so we arranged for me to visit the site and meet the owner. My first impressions were all good  and then I saw the main barn and my mind was made up. Id found my distillery.</p>\n<p>Not only was it visually stunning but I reckoned it would be tall enough for our stills  better still, the river Derwent was only 150m away, so there was our water supply.</p>\n<p>The owner, Keith Fisher, seemed very supportive of our plans,so it was looking hopeful, but there was a very long way to go.</p>\n<p>Detailed plans were sent through and they confirmed that the buildings were big enough and tall enough. It also transpired we could take a wooded area next to the site to use for parking and we could also use the field between the buildings and the river, so we could have our water supply.</p>\n<p>The next stage was to agree a deal for the site, get architects drawings done and, crucially, apply for planning permission.</p>\n<p>Agreement was reached on the commercial terms for the property, so that was one hurdle out of the way.</p>\n<p>However, we also felt local support was important, so I held a meeting in the village hall to explain our plans. I wasnt sure how many would come, but the hall was packed!</p>\n<p>Understandably, there was a great deal of curiosity but this was an ideal opportunity to answer questions and provide reassurance that our aim was for The Lakes Distillery to be a true asset to the area  and would create much needed local employment.</p>\n<p>We couldnt have wished for greater support, not just from our soon-to-be neighbours but from the parish council, which subsequently gave us its full backing.</p>\n<p>We were on our way. Plans were drawn up by our architects, Architects Plus, structural surveys done (the buildings are actually in surprisingly good condition) and an excellent planning consultant, Bruce Armstrong Payne, helped us put together the planning application  not as straightforward a process as you might think.</p>\n<p>Planning applications require input from so many organisations; the parish council, DEFRA, Natural England, Cumbria Tourism, the Highways Agency  but, thankfully, all gave us their full support.</p>\n<p>At the first planning meeting, it was decided that the planning committee would do a site visit. This was done in pouring rain and a gale force wind, but the committee seemed to love the site and, at the next meeting, we were granted permission with a unanimous vote in favour.</p>\n<p>The next step was to complete the legal work on the property  a lengthy process  and then it was ours. We were ready to go.</p>\n<p>There is still a great deal to do, but work has now begun on the site and my dream, the dream which began three years ago, inspired by my lifelong love for whisky, is coming true.</p>\n<p>And that is certainly worth raising a glass to.</p>'),(212,'<table style=\"height: 308px; width: 838px;\" border=\"0\">\n<tbody>\n<tr>\n<td><img src=\"/media/files/our_people/paul_currie_at_site.jpg\" width=\"230\" style=\"margin-left: 20px; margin-right: 20px;\" height=\"300\" alt=\"\"></td>\n<td>\n<h1>PAUL CURRIE - FOUNDER AND MANAGING DIRECTOR</h1>\n<hr>\n<p><span><span><span>Whiskys been a part of my life for as long as I can remember.</span></span></span></p>\n<hr>\n<p>With a family background in the whisky industry, he has had a lifelong love of spirits, and previously set up the award winning Isle of Arran distillery with his father. He has been the driving force behind setting up the new Lakes Distillery.</p>\n</td>\n</tr>\n</tbody>\n</table>'),(217,'<h3>Production will start in Spring 2014, with the visitor centre opening in the autumn.</h3>\n<table border=\"0\" style=\"height: 270px; width: 455px;\">\n<tbody>\n<tr>\n<td rowspan=\"10\"><img alt=\"\" height=\"644\" src=\"/media/files/timetable/timetable_(2).gif\" width=\"161\"></td>\n<td>\n<p><span><span style=\"text-decoration: underline;\"><em><strong>September 2013</strong></em></span></span></p>\n<p><span>- Launch of<a href=\"/shop\">The ONE</a>at the Taste Cumbria festival</span></p>\n<p><span><strong><em><span style=\"text-decoration: underline;\">October 2013</span></em></strong></span></p>\n<p><span>- Final stages of planning being approved</span></p>\n<p><span>- Interior designers working on their initial concepts</span></p>\n</td>\n</tr>\n<tr>\n<td>\n<p><span style=\"text-decoration: underline;\"><em><strong>November 2013</strong></em></span></p>\n<p>- Work to start on site</p>\n<p>- Gift packs and miniature gift packs launched in time for Christmas!</p>\n<p>- The Wine Chambers Christmas tasting at the Grand Hotel - Tynemouth, Newcastle Upon Tyne. 27th &amp; 28th 5pm - 9pm</p>\n</td>\n</tr>\n<tr>\n<td>\n<p><span style=\"text-decoration: underline;\"><strong><em>Spring 2014</em></strong></span></p>\n<p>- The stills will be delivered allowing us to start the production of The Lakes Gin, and The Lakes Malt straight away</p>\n<p><span style=\"text-decoration: underline;\"><strong><em>Autumn 2014</em></strong></span></p>\n<p>- We hope to have the remaining building work completed for our Visitor Centre, Bistro &amp; Bar and Shop</p>\n</td>\n</tr>\n<tr>\n<td>\n<p></p>\n</td>\n</tr>\n<tr>\n<td>\n<p></p>\n</td>\n</tr>\n<tr>\n<td></td>\n</tr>\n<tr>\n<td></td>\n</tr>\n<tr>\n<td></td>\n</tr>\n<tr>\n<td></td>\n</tr>\n<tr>\n<td></td>\n</tr>\n</tbody>\n</table>'),(221,'<h3><span>You will be able to go inside the distillery to see exactly how The Lakes Malt and The Lakes Gin are made, as well as being able to visit our warehouse filled with our maturing whisky.</span></h3>\n<p><img src=\"/media/files/destillery_tours/slate.gif\" width=\"660\" alt=\"\" height=\"126\"></p>\n<p>The Lake District is a hugely popular tourist area, and we aim to be a major attraction to the 15 million visitors who come each year.<img src=\"/media/files/destillery_tours/archway-in-dis.gif\" width=\"200\" style=\"float: right;\" height=\"300\" alt=\"\"></p>\n<p>The tour will start in an information area which will include a video, and your expert, entertaining guide will then take you through to the distillery to reveal the secrets of how malt whisky and gin are made. You will be taken through the warehouse, where our whisky peacefully matures in casks, and on to our tasting room, where you can taste our products for yourself.</p>\n<p></p>'),(430,'<h3><span>The ONE is not only perfect alone but great in cocktails. We have had some fantastic cocktail tutorial videos created so you too can make you own cocktails with The ONE.</span></h3>'),(431,'<table border=\"0\" style=\"height: 296px; width: 597px;\">\n<tbody>\n<tr>\n<td>\n<h2 style=\"text-align: center;\"><span style=\"font-size: large;\">THE ONE</span></h2>\n</td>\n<td style=\"text-align: center;\">\n<h2><span style=\"font-size: large;\">THE SOUR ONE</span></h2>\n</td>\n<td>\n<h2 style=\"text-align: center;\"><span style=\"font-size: large;\">THE OLD ONE</span></h2>\n</td>\n</tr>\n<tr>\n<td><a href=\"/bistro-and-bar/cocktails/one/\"><img alt=\"\" height=\"147\" src=\"/media/files/coctails/thesourone-easy.jpg\" width=\"197\"></a></td>\n<td><a href=\"/bistro-and-bar/cocktails/sour-one/\"><img alt=\"\" height=\"147\" src=\"/media/files/coctails/thesourone-easy.jpg\" width=\"197\"></a></td>\n<td><a href=\"/bistro-and-bar/cocktails/old-one/\"><img alt=\"\" height=\"147\" src=\"/media/files/coctails/theoldone-advanced.jpg\" width=\"197\"></a></td>\n</tr>\n<tr>\n<td colspan=\"3\"><hr></td>\n</tr>\n<tr>\n<td>\n<h2 style=\"text-align: center;\"><span style=\"font-size: large;\">THE IRISH ONE</span></h2>\n</td>\n<td style=\"text-align: center;\">\n<h2><span style=\"font-size: large;\">THE BLUE ONE</span></h2>\n</td>\n<td style=\"text-align: center;\">\n<h2><span style=\"font-size: large;\">THE SMOKEY ONE</span></h2>\n</td>\n</tr>\n<tr>\n<td><a href=\"/bistro-and-bar/cocktails/irish-one/\"><img alt=\"\" height=\"148\" src=\"/media/files/coctails/theirishone-medium.jpg\" width=\"197\"></a></td>\n<td style=\"text-align: center;\"><a href=\"/bistro-and-bar/cocktails/blue-one/\"><img alt=\"\" height=\"148\" src=\"/media/files/coctails/theblueone-medium.jpg\" width=\"196\"></a></td>\n<td style=\"text-align: center;\"><a href=\"/bistro-and-bar/cocktails/smokey-one/\"><img alt=\"\" height=\"148\" src=\"/media/files/coctails/thesmokeyone-medium.jpg\" width=\"196\"></a></td>\n</tr>\n<tr>\n<td colspan=\"3\"><hr></td>\n</tr>\n<tr>\n<td>\n<h2 style=\"text-align: center;\"><span style=\"font-size: large;\">THE STRAWBERRY</span><br><span style=\"font-size: large;\">SOUR ONE</span></h2>\n</td>\n<td colspan=\"2\" rowspan=\"4\" style=\"text-align: center;\"><span style=\"font-size: large;\"></span><span style=\"font-size: large;\"></span></td>\n</tr>\n<tr>\n<td>\n<h2 style=\"text-align: center;\"><a href=\"/bistro-and-bar/cocktails/strawberry-sour-one/\"><img alt=\"\" height=\"147\" src=\"/media/files/coctails/thestrawberrysourone-medium.jpg\" width=\"197\"></a></h2>\n</td>\n</tr>\n<tr>\n<td><hr></td>\n</tr>\n</tbody>\n</table>'),(442,'<table style=\"height: 194px; width: 579px;\" border=\"0\">\n<tbody>\n<tr>\n<td><img src=\"/media/files/menus/scone.jpg\" width=\"213\" alt=\"\" height=\"320\"></td>\n<td><img src=\"/media/files/menus/while_you_decide.jpg\" width=\"213\" alt=\"\" height=\"320\"></td>\n<td><img src=\"/media/files/menus/north_atlantic_prawn.jpg\" width=\"213\" alt=\"\" height=\"320\"></td>\n</tr>\n<tr>\n<td><img src=\"/media/files/menus/_mg_0110.jpg\" width=\"214\" alt=\"\" height=\"320\"></td>\n<td><img src=\"/media/files/menus/_mg_0122.jpg\" width=\"214\" alt=\"\" height=\"320\"></td>\n<td><img src=\"/media/files/menus/_mg_0152.jpg\" width=\"214\" alt=\"\" height=\"320\"></td>\n</tr>\n</tbody>\n</table>'),(459,'<h3><span>We will be converting one of the byres at the site into a very special private dining facility, with access into our warehouse for exclusive tastings.</span></h3>'),(600,'<table border=\"0\" style=\"height: 511px; width: 913px;\">\n<tbody>\n<tr>\n<td><img alt=\"\" height=\"449\" src=\"/media/files/brand/the_one_bottle.jpg\" width=\"367\"></td>\n<td>\n<h1>THE ONE213123</h1>\n<p></p>\n<h3><span><span>The One is a unique blend of exceptional whiskies from the British Isles.</span></span></h3>\n<p>Each has its own distinctive characteristics, resulting in a whisky of intriguing complexity.</p>\n<p>There are now distilleries producing whisky across the British Isles, and this has led us to create an entirely new concept in blended whiskies - a British Isles Blend.</p>\n<p>To create \'The One\', we have searched far and wide to bring together a range of very special whiskies from the British Isles. These have been blended with great care and passion to create a perfectly balanced whisky.</p>\n<h3><span><span>Tasting Notes</span></span></h3>\n<p>Slightly smoky, sweet and fruity, nutty, with hints of spice.</p>\n</td>\n</tr>\n<tr>\n<td colspan=\"2\">\n<p></p>\n<h3><span><span><span>Reviews</span></span></span></h3>\n<p><span>A really quality blend this, crafted with obvious love<em>-<strong>Somerset Whisky Blog - Score 87</strong></em></span></p>\n<p><span>Very nice. Well rounded sweet and spicy. A very enjoyable little blend, and not very expensive too. Lovely -<strong><em>Whisky Isreal - Score 84</em></strong></span></p>\n<p><span>The One is a good solid blend and well worth considering as we move into the winter months -<strong><em>Living Room Whisky</em></strong></span></p>\n<p><span>The design is simple and gorgeous</span></p>\n<p><span>Lovelycreamy sweet vanillafudgenote</span></p>\n<p><span>Its nicely sweet and well balanced</span></p>\n<p><span>Very nice blend - recommend</span></p>\n<p><span>Both The One whisky and Cumbria are equally beautiful</span></p>\n</td>\n</tr>\n<tr>\n<td colspan=\"2\"><img alt=\"\" height=\"200\" src=\"/media/files/brand/banner/bottom_banner_(1).jpg\" width=\"1000\"></td>\n</tr>\n</tbody>\n</table>'),(710,'<table border=\"0\" style=\"height: 232px; width: 602px;\">\n<tbody>\n<tr>\n<td>\n<h1 style=\"text-align: center;\"></h1>\n<h1 style=\"text-align: center;\"></h1>\n<h1 style=\"text-align: center;\"></h1>\n<h1 style=\"text-align: center;\">INGREDIENTS<br><span style=\"font-size: medium;\">(For one cocktail)</span></h1>\n<table align=\"right\" border=\"0\" cellpadding=\"0\" cellspacing=\"0\" class=\"tb-data\" style=\"width: 100%;\">\n<tbody>\n<tr>\n<td class=\"left-heading\" style=\"text-align: right;\" width=\"40%\"><span style=\"color: #888888; font-size: medium;\">37.5ml</span></td>\n<td class=\"right-heading\" width=\"60%\"><span style=\"font-size: medium;\">The One</span></td>\n</tr>\n<tr>\n<td class=\"left-heading\" style=\"text-align: right;\" width=\"40%\"><span style=\"color: #888888; font-size: medium;\">250ml</span></td>\n<td class=\"right-heading\" width=\"60%\"><span style=\"font-size: medium;\">Gomme</span></td>\n</tr>\n<tr>\n<td class=\"left-heading\" style=\"text-align: right;\" width=\"40%\"><span style=\"color: #888888; font-size: medium;\">12.5ml</span></td>\n<td class=\"right-heading\" width=\"60%\"><span style=\"font-size: medium;\">Lemon Juice</span></td>\n</tr>\n<tr>\n<td class=\"left-heading\" style=\"text-align: right;\" width=\"40%\"><span style=\"color: #888888; font-size: medium;\">3 drops</span></td>\n<td class=\"right-heading\" width=\"60%\"><span style=\"font-size: medium;\">Bitter NO MORE</span></td>\n</tr>\n</tbody>\n</table>\n<h1 style=\"text-align: center;\"></h1>\n<h1 style=\"text-align: center;\">EQUIPMENT</h1>\n<table align=\"right\" border=\"0\" cellpadding=\"0\" cellspacing=\"0\" class=\"tb-data\" style=\"width: 100%;\">\n<tbody>\n<tr>\n<td class=\"left-heading\" style=\"text-align: right;\" width=\"40%\"><span style=\"color: #888888; font-size: medium;\">Glass:</span></td>\n<td class=\"right-heading\" width=\"60%\"><span style=\"font-size: medium;\">Rocks/Collins</span></td>\n</tr>\n<tr>\n<td class=\"left-heading\" style=\"text-align: right;\" width=\"40%\"><span style=\"color: #888888; font-size: medium;\">Garnish:</span></td>\n<td class=\"right-heading\" width=\"60%\"><span style=\"font-size: medium;\">Lemon Peel Slice</span></td>\n</tr>\n</tbody>\n</table>\n</td>\n<td><img alt=\"\" height=\"794\" src=\"/media/files/coctails/full-image.jpg\" width=\"343\"></td>\n</tr>\n</tbody>\n</table>'),(716,'<h3><span>The ONE is not only perfect alone but great in cocktails. We have had some fantastic cocktail tutorial videos created so you too can make you own cocktails with The ONE.</span></h3>'),(719,'<h3><span>The ONE is not only perfect alone but great in cocktails. We have had some fantastic cocktail tutorial videos created so you too can make you own cocktails with The ONE.</span></h3>'),(720,'<table border=\"0\" style=\"height: 236px; width: 590px;\">\n<tbody>\n<tr>\n<td>\n<h1 style=\"text-align: center;\"></h1>\n<h1 style=\"text-align: center;\"></h1>\n<h1 style=\"text-align: center;\"></h1>\n<h1 style=\"text-align: center;\">INGREDIENTS<br><span style=\"font-size: medium;\">(For one cocktail)</span></h1>\n<table align=\"right\" border=\"0\" cellpadding=\"0\" cellspacing=\"0\" class=\"tb-data\" style=\"width: 100%;\">\n<tbody>\n<tr>\n<td class=\"left-heading\" style=\"text-align: right;\" width=\"40%\"><span style=\"color: #888888; font-size: medium;\">50ml</span></td>\n<td class=\"right-heading\" width=\"60%\"><span style=\"font-size: medium;\">The One</span></td>\n</tr>\n<tr>\n<td class=\"left-heading\" style=\"text-align: right;\" width=\"40%\"><span style=\"color: #888888; font-size: medium;\">1</span></td>\n<td class=\"right-heading\" width=\"60%\"><span style=\"font-size: medium;\">Sugar Cube</span></td>\n</tr>\n<tr>\n<td class=\"left-heading\" style=\"text-align: right;\" width=\"40%\"><span style=\"color: #888888; font-size: medium;\">1</span></td>\n<td class=\"right-heading\" width=\"60%\"><span style=\"font-size: medium;\">Ice Ball</span></td>\n</tr>\n<tr>\n<td class=\"left-heading\" width=\"40%\"><span style=\"font-size: medium;\"></span></td>\n<td class=\"right-heading\" width=\"60%\"><span style=\"font-size: medium;\">Bitters</span></td>\n</tr>\n</tbody>\n</table>\n<h1 style=\"text-align: center;\"></h1>\n<h1 style=\"text-align: center;\">EQUIPMENT</h1>\n<table align=\"right\" border=\"0\" cellpadding=\"0\" cellspacing=\"0\" class=\"tb-data\" style=\"width: 100%;\">\n<tbody>\n<tr>\n<td class=\"left-heading\" style=\"text-align: right;\" width=\"40%\"><span style=\"color: #888888; font-size: medium;\">Glass:</span></td>\n<td class=\"right-heading\" width=\"60%\"><span style=\"font-size: medium;\">Old Fashioned</span></td>\n</tr>\n<tr>\n<td class=\"left-heading\" style=\"text-align: right;\" width=\"40%\"><span style=\"color: #888888; font-size: medium;\">Garnish:</span></td>\n<td class=\"right-heading\" width=\"60%\"><span style=\"font-size: medium;\">Orange Twist</span></td>\n</tr>\n</tbody>\n</table>\n</td>\n<td><img alt=\"\" height=\"794\" src=\"/media/files/coctails/full-image.jpg\" width=\"343\"></td>\n</tr>\n</tbody>\n</table>'),(723,'<h3><span>The ONE is not only perfect alone but great in cocktails. We have had some fantastic cocktail tutorial videos created so you too can make you own cocktails with The ONE.</span></h3>'),(732,'<table border=\"0\" style=\"height: 814px; width: 814px;\">\n<tbody>\n<tr>\n<td>\n<h1 style=\"text-align: center;\"></h1>\n<h1 style=\"text-align: center;\"></h1>\n<h1 style=\"text-align: center;\"></h1>\n<h1 style=\"text-align: center;\"></h1>\n<h1 style=\"text-align: center;\">INGREDIENTS<br><span style=\"font-size: medium;\">(For one cocktail)</span></h1>\n<table align=\"right\" border=\"0\" cellpadding=\"0\" cellspacing=\"0\" class=\"tb-data\" style=\"width: 100%;\">\n<tbody>\n<tr>\n<td class=\"left-heading\" style=\"text-align: right;\" width=\"40%\"><span style=\"color: #888888; font-size: medium;\">25ml</span></td>\n<td class=\"right-heading\" width=\"60%\"><span style=\"font-size: medium;\">The One</span></td>\n</tr>\n<tr>\n<td class=\"left-heading\" style=\"text-align: right;\" width=\"40%\"><span style=\"color: #888888; font-size: medium;\">25ml</span></td>\n<td class=\"right-heading\" width=\"60%\"><span style=\"font-size: medium;\">Baileys</span></td>\n</tr>\n<tr>\n<td class=\"left-heading\" style=\"text-align: right;\" width=\"40%\"><span style=\"color: #888888; font-size: medium;\">25ml</span></td>\n<td class=\"right-heading\" width=\"60%\"><span style=\"font-size: medium;\">Cream</span></td>\n</tr>\n<tr>\n<td class=\"left-heading\" width=\"40%\"><span style=\"font-size: medium;\"></span></td>\n<td class=\"right-heading\" width=\"60%\"><span style=\"font-size: medium;\">Single Espresso</span></td>\n</tr>\n<tr>\n<td class=\"left-heading\" width=\"40%\"><span style=\"font-size: medium;\"></span></td>\n<td class=\"right-heading\" width=\"60%\"><span style=\"font-size: medium;\">Hot Water</span></td>\n</tr>\n</tbody>\n</table>\n<h1 style=\"text-align: center;\"></h1>\n<h1 style=\"text-align: center;\">EQUIPMENT</h1>\n<table align=\"right\" border=\"0\" cellpadding=\"0\" cellspacing=\"0\" class=\"tb-data\" style=\"width: 100%;\">\n<tbody>\n<tr>\n<td class=\"left-heading\" style=\"text-align: right;\" width=\"40%\"><span style=\"color: #888888; font-size: medium;\">Glass:</span></td>\n<td class=\"right-heading\" width=\"60%\"><span style=\"font-size: medium;\">Latte</span></td>\n</tr>\n<tr>\n<td class=\"left-heading\" style=\"text-align: right;\" width=\"40%\"><span style=\"color: #888888; font-size: medium;\">Garnish:</span></td>\n<td class=\"right-heading\" width=\"60%\"><span style=\"font-size: medium;\">Whisky Foam &amp; Chocolate Dust</span></td>\n</tr>\n</tbody>\n</table>\n</td>\n<td><img alt=\"\" height=\"794\" src=\"/media/files/coctails/full-image.jpg\" width=\"343\"><br><br></td>\n</tr>\n</tbody>\n</table>'),(739,'<table border=\"0\" style=\"height: 213px; width: 583px;\">\n<tbody>\n<tr>\n<td>\n<h1 style=\"text-align: center;\"></h1>\n<h1 style=\"text-align: center;\"></h1>\n<h1 style=\"text-align: center;\"></h1>\n<h1 style=\"text-align: center;\"></h1>\n<h1 style=\"text-align: center;\">INGREDIENTS<br><span style=\"font-size: medium;\">(For one cocktail)</span></h1>\n<table align=\"right\" border=\"0\" cellpadding=\"0\" cellspacing=\"0\" class=\"tb-data\" style=\"width: 100%;\">\n<tbody>\n<tr>\n<td class=\"left-heading\" style=\"text-align: right;\" width=\"40%\"><span style=\"color: #888888; font-size: medium;\">50ml</span></td>\n<td class=\"right-heading\" width=\"60%\"><span style=\"font-size: medium;\">The One</span></td>\n</tr>\n<tr>\n<td class=\"left-heading\" style=\"text-align: right;\" width=\"40%\"><span style=\"color: #888888; font-size: medium;\">25ml</span></td>\n<td class=\"right-heading\" width=\"60%\"><span style=\"font-size: medium;\">Hot Water</span></td>\n</tr>\n<tr>\n<td class=\"left-heading\" style=\"text-align: right;\" width=\"40%\"><span style=\"color: #888888; font-size: medium;\">Dash</span></td>\n<td class=\"right-heading\" width=\"60%\"><span style=\"font-size: medium;\">Gomme (to taste)</span></td>\n</tr>\n<tr>\n<td class=\"left-heading\" width=\"40%\"><span style=\"font-size: medium;\"></span></td>\n<td class=\"right-heading\" width=\"60%\"><span style=\"font-size: medium;\">Lemon Peel</span></td>\n</tr>\n</tbody>\n</table>\n<h1 style=\"text-align: center;\"></h1>\n<h1 style=\"text-align: center;\">EQUIPMENT</h1>\n<table align=\"right\" border=\"0\" cellpadding=\"0\" cellspacing=\"0\" class=\"tb-data\" style=\"width: 100%;\">\n<tbody>\n<tr>\n<td class=\"left-heading\" style=\"text-align: right;\" width=\"40%\"><span style=\"color: #888888; font-size: medium;\">Glass:</span></td>\n<td class=\"right-heading\" width=\"60%\"><span style=\"font-size: medium;\">Rocks</span></td>\n</tr>\n<tr>\n<td class=\"left-heading\" style=\"text-align: right;\" width=\"40%\"><span style=\"color: #888888; font-size: medium;\">Garnish:</span></td>\n<td class=\"right-heading\" width=\"60%\"><span style=\"font-size: medium;\">Fire</span></td>\n</tr>\n</tbody>\n</table>\n</td>\n<td><img alt=\"\" height=\"794\" src=\"/media/files/coctails/full-image.jpg\" width=\"343\"></td>\n</tr>\n</tbody>\n</table>'),(742,'<h3><span>The ONE is not only perfect alone but great in cocktails. We have had some fantastic cocktail tutorial videos created so you too can make you own cocktails with The ONE.</span></h3>'),(745,'<h3><span>The ONE is not only perfect alone but great in cocktails. We have had some fantastic cocktail tutorial videos created so you too can make you own cocktails with The ONE.</span></h3>'),(746,'<table border=\"0\" style=\"height: 272px; width: 602px;\">\n<tbody>\n<tr>\n<td>\n<h1 style=\"text-align: center;\"></h1>\n<h1 style=\"text-align: center;\"></h1>\n<h1 style=\"text-align: center;\"></h1>\n<h1 style=\"text-align: center;\"></h1>\n<h1 style=\"text-align: center;\">INGREDIENTS<br><span style=\"font-size: medium;\">(For one cocktail)</span></h1>\n<table align=\"right\" border=\"0\" cellpadding=\"0\" cellspacing=\"0\" class=\"tb-data\" style=\"width: 100%;\">\n<tbody>\n<tr>\n<td class=\"left-heading\" style=\"text-align: right;\" width=\"40%\"><span style=\"color: #888888; font-size: medium;\">37.5ml</span></td>\n<td class=\"right-heading\" width=\"60%\"><span style=\"font-size: medium;\">The One</span></td>\n</tr>\n<tr>\n<td class=\"left-heading\" style=\"text-align: right;\" width=\"40%\"><span style=\"color: #888888; font-size: medium;\">12.5ml</span></td>\n<td class=\"right-heading\" width=\"60%\"><span style=\"font-size: medium;\">Martini Rosso</span></td>\n</tr>\n<tr>\n<td class=\"left-heading\" style=\"text-align: right;\" width=\"40%\"><span style=\"color: #888888; font-size: medium;\">Dash</span></td>\n<td class=\"right-heading\" width=\"60%\"><span style=\"font-size: medium;\">Bitters</span></td>\n</tr>\n<tr>\n<td class=\"left-heading\" width=\"40%\"><span style=\"font-size: medium;\"></span></td>\n<td class=\"right-heading\" width=\"60%\"><span style=\"font-size: medium;\">Hickory Smoke Infusion</span></td>\n</tr>\n</tbody>\n</table>\n<h1 style=\"text-align: center;\"></h1>\n<h1 style=\"text-align: center;\">EQUIPMENT</h1>\n<table align=\"right\" border=\"0\" cellpadding=\"0\" cellspacing=\"0\" class=\"tb-data\" style=\"width: 100%;\">\n<tbody>\n<tr>\n<td class=\"left-heading\" style=\"text-align: right;\" width=\"40%\"><span style=\"color: #888888; font-size: medium;\">Glass:</span></td>\n<td class=\"right-heading\" width=\"60%\"><span style=\"font-size: medium;\">Martini</span></td>\n</tr>\n<tr>\n<td class=\"left-heading\" style=\"text-align: right;\" width=\"40%\"><span style=\"color: #888888; font-size: medium;\">Garnish:</span></td>\n<td class=\"right-heading\" width=\"60%\"><span style=\"font-size: medium;\">Smoke &amp; a Cherry</span></td>\n</tr>\n</tbody>\n</table>\n</td>\n<td><img alt=\"\" height=\"794\" src=\"/media/files/coctails/full-image.jpg\" width=\"343\"></td>\n</tr>\n</tbody>\n</table>'),(749,'<h3><span>The ONE is not only perfect alone but great in cocktails. We have had some fantastic cocktail tutorial videos created so you too can make you own cocktails with The ONE.</span></h3>'),(751,'<table border=\"0\" style=\"height: 256px; width: 601px;\">\n<tbody>\n<tr>\n<td>\n<h1 style=\"text-align: center;\"></h1>\n<h1 style=\"text-align: center;\"></h1>\n<h1 style=\"text-align: center;\"></h1>\n<h1 style=\"text-align: center;\"></h1>\n<h1 style=\"text-align: center;\">INGREDIENTS<br><span style=\"font-size: medium;\">(For one cocktail)</span></h1>\n<table align=\"right\" border=\"0\" cellpadding=\"0\" cellspacing=\"0\" class=\"tb-data\" style=\"width: 100%;\">\n<tbody>\n<tr>\n<td class=\"left-heading\" style=\"text-align: right;\" width=\"40%\"><span style=\"color: #888888; font-size: medium;\">50ml</span></td>\n<td class=\"right-heading\" width=\"60%\"><span style=\"font-size: medium;\">The One</span></td>\n</tr>\n<tr>\n<td class=\"left-heading\" style=\"text-align: right;\" width=\"40%\"><span style=\"color: #888888; font-size: medium;\">12.5ml</span></td>\n<td class=\"right-heading\" width=\"60%\"><span style=\"font-size: medium;\">Gomme</span></td>\n</tr>\n<tr>\n<td class=\"left-heading\" style=\"text-align: right;\" width=\"40%\"><span style=\"color: #888888; font-size: medium;\">12.5ml</span></td>\n<td class=\"right-heading\" width=\"60%\"><span style=\"font-size: medium;\">Lemon Juice</span></td>\n</tr>\n<tr>\n<td class=\"left-heading\" style=\"text-align: right;\" width=\"40%\"><span style=\"color: #888888; font-size: medium;\">25ml</span></td>\n<td class=\"right-heading\" width=\"60%\"><span style=\"font-size: medium;\">Strawberry Puree</span></td>\n</tr>\n<tr>\n<td class=\"left-heading\" style=\"text-align: right;\" width=\"40%\"><span style=\"color: #888888; font-size: medium;\">3 drops</span></td>\n<td class=\"right-heading\" width=\"60%\"><span style=\"font-size: medium;\">Bitters NO MORE</span></td>\n</tr>\n</tbody>\n</table>\n<h1 style=\"text-align: center;\"><br>EQUIPMENT</h1>\n<table align=\"right\" border=\"0\" cellpadding=\"0\" cellspacing=\"0\" class=\"tb-data\" style=\"width: 100%;\">\n<tbody>\n<tr>\n<td class=\"left-heading\" style=\"text-align: right;\" width=\"40%\"><span style=\"color: #888888; font-size: medium;\">Glass:</span></td>\n<td class=\"right-heading\" width=\"60%\"><span style=\"font-size: medium;\">Rocks/Collins</span></td>\n</tr>\n<tr>\n<td class=\"left-heading\" style=\"text-align: right;\" width=\"40%\"><span style=\"color: #888888; font-size: medium;\">Garnish:</span></td>\n<td class=\"right-heading\" width=\"60%\"><span style=\"font-size: medium;\">Lemon Wedge</span></td>\n</tr>\n</tbody>\n</table>\n</td>\n<td><img alt=\"\" height=\"794\" src=\"/media/files/coctails/full-image.jpg\" width=\"343\"></td>\n</tr>\n</tbody>\n</table>'),(794,'<table border=\"0\" style=\"height: 232px; width: 602px;\">\n<tbody>\n<tr>\n<td>\n<h1 style=\"text-align: center;\"></h1>\n<h1 style=\"text-align: center;\"></h1>\n<h1 style=\"text-align: center;\"></h1>\n<h1 style=\"text-align: center;\">INGREDIENTS<br><span style=\"font-size: medium;\">(For one cocktail)</span></h1>\n<table align=\"right\" border=\"0\" cellpadding=\"0\" cellspacing=\"0\" class=\"tb-data\" style=\"width: 100%;\">\n<tbody>\n<tr>\n<td class=\"left-heading\" style=\"text-align: right;\" width=\"40%\"><span style=\"color: #888888; font-size: medium;\">37.5ml</span></td>\n<td class=\"right-heading\" width=\"60%\"><span style=\"font-size: medium;\">The One</span></td>\n</tr>\n<tr>\n<td class=\"left-heading\" style=\"text-align: right;\" width=\"40%\"><span style=\"color: #888888; font-size: medium;\">250ml</span></td>\n<td class=\"right-heading\" width=\"60%\"><span style=\"font-size: medium;\">Gomme</span></td>\n</tr>\n<tr>\n<td class=\"left-heading\" style=\"text-align: right;\" width=\"40%\"><span style=\"color: #888888; font-size: medium;\">12.5ml</span></td>\n<td class=\"right-heading\" width=\"60%\"><span style=\"font-size: medium;\">Lemon Juice</span></td>\n</tr>\n<tr>\n<td class=\"left-heading\" style=\"text-align: right;\" width=\"40%\"><span style=\"color: #888888; font-size: medium;\">3 drops</span></td>\n<td class=\"right-heading\" width=\"60%\"><span style=\"font-size: medium;\">Bitter NO MORE</span></td>\n</tr>\n</tbody>\n</table>\n<h1 style=\"text-align: center;\"></h1>\n<h1 style=\"text-align: center;\">EQUIPMENT</h1>\n<table align=\"right\" border=\"0\" cellpadding=\"0\" cellspacing=\"0\" class=\"tb-data\" style=\"width: 100%;\">\n<tbody>\n<tr>\n<td class=\"left-heading\" style=\"text-align: right;\" width=\"40%\"><span style=\"color: #888888; font-size: medium;\">Glass:</span></td>\n<td class=\"right-heading\" width=\"60%\"><span style=\"font-size: medium;\">Rocks/Collins</span></td>\n</tr>\n<tr>\n<td class=\"left-heading\" style=\"text-align: right;\" width=\"40%\"><span style=\"color: #888888; font-size: medium;\">Garnish:</span></td>\n<td class=\"right-heading\" width=\"60%\"><span style=\"font-size: medium;\">Lemon Peel Slice</span></td>\n</tr>\n</tbody>\n</table>\n</td>\n<td><img alt=\"\" height=\"794\" src=\"/media/files/coctails/full-image.jpg\" width=\"343\"></td>\n</tr>\n</tbody>\n</table>'),(795,'<h3><span>The ONE is not only perfect alone but great in cocktails. We have had some fantastic cocktail tutorial videos created so you too can make you own cocktails with The ONE.</span></h3>'),(797,'<h3><span>The ONE is not only perfect alone but great in cocktails. We have had some fantastic cocktail tutorial videos created so you too can make you own cocktails with The ONE.</span></h3>'),(798,'<table border=\"0\" style=\"height: 236px; width: 590px;\">\n<tbody>\n<tr>\n<td>\n<h1 style=\"text-align: center;\"></h1>\n<h1 style=\"text-align: center;\"></h1>\n<h1 style=\"text-align: center;\"></h1>\n<h1 style=\"text-align: center;\">INGREDIENTS<br><span style=\"font-size: medium;\">(For one cocktail)</span></h1>\n<table align=\"right\" border=\"0\" cellpadding=\"0\" cellspacing=\"0\" class=\"tb-data\" style=\"width: 100%;\">\n<tbody>\n<tr>\n<td class=\"left-heading\" style=\"text-align: right;\" width=\"40%\"><span style=\"color: #888888; font-size: medium;\">50ml</span></td>\n<td class=\"right-heading\" width=\"60%\"><span style=\"font-size: medium;\">The One</span></td>\n</tr>\n<tr>\n<td class=\"left-heading\" style=\"text-align: right;\" width=\"40%\"><span style=\"color: #888888; font-size: medium;\">1</span></td>\n<td class=\"right-heading\" width=\"60%\"><span style=\"font-size: medium;\">Sugar Cube</span></td>\n</tr>\n<tr>\n<td class=\"left-heading\" style=\"text-align: right;\" width=\"40%\"><span style=\"color: #888888; font-size: medium;\">1</span></td>\n<td class=\"right-heading\" width=\"60%\"><span style=\"font-size: medium;\">Ice Ball</span></td>\n</tr>\n<tr>\n<td class=\"left-heading\" width=\"40%\"><span style=\"font-size: medium;\"></span></td>\n<td class=\"right-heading\" width=\"60%\"><span style=\"font-size: medium;\">Bitters</span></td>\n</tr>\n</tbody>\n</table>\n<h1 style=\"text-align: center;\"></h1>\n<h1 style=\"text-align: center;\">EQUIPMENT</h1>\n<table align=\"right\" border=\"0\" cellpadding=\"0\" cellspacing=\"0\" class=\"tb-data\" style=\"width: 100%;\">\n<tbody>\n<tr>\n<td class=\"left-heading\" style=\"text-align: right;\" width=\"40%\"><span style=\"color: #888888; font-size: medium;\">Glass:</span></td>\n<td class=\"right-heading\" width=\"60%\"><span style=\"font-size: medium;\">Old Fashioned</span></td>\n</tr>\n<tr>\n<td class=\"left-heading\" style=\"text-align: right;\" width=\"40%\"><span style=\"color: #888888; font-size: medium;\">Garnish:</span></td>\n<td class=\"right-heading\" width=\"60%\"><span style=\"font-size: medium;\">Orange Twist</span></td>\n</tr>\n</tbody>\n</table>\n</td>\n<td><img alt=\"\" height=\"794\" src=\"/media/files/coctails/full-image.jpg\" width=\"343\"></td>\n</tr>\n</tbody>\n</table>'),(800,'<h3><span>The ONE is not only perfect alone but great in cocktails. We have had some fantastic cocktail tutorial videos created so you too can make you own cocktails with The ONE.</span></h3>'),(801,'<table border=\"0\" style=\"height: 814px; width: 814px;\">\n<tbody>\n<tr>\n<td>\n<h1 style=\"text-align: center;\"></h1>\n<h1 style=\"text-align: center;\"></h1>\n<h1 style=\"text-align: center;\"></h1>\n<h1 style=\"text-align: center;\"></h1>\n<h1 style=\"text-align: center;\">INGREDIENTS<br><span style=\"font-size: medium;\">(For one cocktail)</span></h1>\n<table align=\"right\" border=\"0\" cellpadding=\"0\" cellspacing=\"0\" class=\"tb-data\" style=\"width: 100%;\">\n<tbody>\n<tr>\n<td class=\"left-heading\" style=\"text-align: right;\" width=\"40%\"><span style=\"color: #888888; font-size: medium;\">25ml</span></td>\n<td class=\"right-heading\" width=\"60%\"><span style=\"font-size: medium;\">The One</span></td>\n</tr>\n<tr>\n<td class=\"left-heading\" style=\"text-align: right;\" width=\"40%\"><span style=\"color: #888888; font-size: medium;\">25ml</span></td>\n<td class=\"right-heading\" width=\"60%\"><span style=\"font-size: medium;\">Baileys</span></td>\n</tr>\n<tr>\n<td class=\"left-heading\" style=\"text-align: right;\" width=\"40%\"><span style=\"color: #888888; font-size: medium;\">25ml</span></td>\n<td class=\"right-heading\" width=\"60%\"><span style=\"font-size: medium;\">Cream</span></td>\n</tr>\n<tr>\n<td class=\"left-heading\" width=\"40%\"><span style=\"font-size: medium;\"></span></td>\n<td class=\"right-heading\" width=\"60%\"><span style=\"font-size: medium;\">Single Espresso</span></td>\n</tr>\n<tr>\n<td class=\"left-heading\" width=\"40%\"><span style=\"font-size: medium;\"></span></td>\n<td class=\"right-heading\" width=\"60%\"><span style=\"font-size: medium;\">Hot Water</span></td>\n</tr>\n</tbody>\n</table>\n<h1 style=\"text-align: center;\"></h1>\n<h1 style=\"text-align: center;\">EQUIPMENT</h1>\n<table align=\"right\" border=\"0\" cellpadding=\"0\" cellspacing=\"0\" class=\"tb-data\" style=\"width: 100%;\">\n<tbody>\n<tr>\n<td class=\"left-heading\" style=\"text-align: right;\" width=\"40%\"><span style=\"color: #888888; font-size: medium;\">Glass:</span></td>\n<td class=\"right-heading\" width=\"60%\"><span style=\"font-size: medium;\">Latte</span></td>\n</tr>\n<tr>\n<td class=\"left-heading\" style=\"text-align: right;\" width=\"40%\"><span style=\"color: #888888; font-size: medium;\">Garnish:</span></td>\n<td class=\"right-heading\" width=\"60%\"><span style=\"font-size: medium;\">Whisky Foam &amp; Chocolate Dust</span></td>\n</tr>\n</tbody>\n</table>\n</td>\n<td><img alt=\"\" height=\"794\" src=\"/media/files/coctails/full-image.jpg\" width=\"343\"><br><br></td>\n</tr>\n</tbody>\n</table>'),(806,'<h3><span>The ONE is not only perfect alone but great in cocktails. We have had some fantastic cocktail tutorial videos created so you too can make you own cocktails with The ONE.</span></h3>'),(807,'<table border=\"0\" style=\"height: 272px; width: 602px;\">\n<tbody>\n<tr>\n<td>\n<h1 style=\"text-align: center;\"></h1>\n<h1 style=\"text-align: center;\"></h1>\n<h1 style=\"text-align: center;\"></h1>\n<h1 style=\"text-align: center;\"></h1>\n<h1 style=\"text-align: center;\">INGREDIENTS<br><span style=\"font-size: medium;\">(For one cocktail)</span></h1>\n<table align=\"right\" border=\"0\" cellpadding=\"0\" cellspacing=\"0\" class=\"tb-data\" style=\"width: 100%;\">\n<tbody>\n<tr>\n<td class=\"left-heading\" style=\"text-align: right;\" width=\"40%\"><span style=\"color: #888888; font-size: medium;\">37.5ml</span></td>\n<td class=\"right-heading\" width=\"60%\"><span style=\"font-size: medium;\">The One</span></td>\n</tr>\n<tr>\n<td class=\"left-heading\" style=\"text-align: right;\" width=\"40%\"><span style=\"color: #888888; font-size: medium;\">12.5ml</span></td>\n<td class=\"right-heading\" width=\"60%\"><span style=\"font-size: medium;\">Martini Rosso</span></td>\n</tr>\n<tr>\n<td class=\"left-heading\" style=\"text-align: right;\" width=\"40%\"><span style=\"color: #888888; font-size: medium;\">Dash</span></td>\n<td class=\"right-heading\" width=\"60%\"><span style=\"font-size: medium;\">Bitters</span></td>\n</tr>\n<tr>\n<td class=\"left-heading\" width=\"40%\"><span style=\"font-size: medium;\"></span></td>\n<td class=\"right-heading\" width=\"60%\"><span style=\"font-size: medium;\">Hickory Smoke Infusion</span></td>\n</tr>\n</tbody>\n</table>\n<h1 style=\"text-align: center;\"></h1>\n<h1 style=\"text-align: center;\">EQUIPMENT</h1>\n<table align=\"right\" border=\"0\" cellpadding=\"0\" cellspacing=\"0\" class=\"tb-data\" style=\"width: 100%;\">\n<tbody>\n<tr>\n<td class=\"left-heading\" style=\"text-align: right;\" width=\"40%\"><span style=\"color: #888888; font-size: medium;\">Glass:</span></td>\n<td class=\"right-heading\" width=\"60%\"><span style=\"font-size: medium;\">Martini</span></td>\n</tr>\n<tr>\n<td class=\"left-heading\" style=\"text-align: right;\" width=\"40%\"><span style=\"color: #888888; font-size: medium;\">Garnish:</span></td>\n<td class=\"right-heading\" width=\"60%\"><span style=\"font-size: medium;\">Smoke &amp; a Cherry</span></td>\n</tr>\n</tbody>\n</table>\n</td>\n<td><img alt=\"\" height=\"794\" src=\"/media/files/coctails/full-image.jpg\" width=\"343\"></td>\n</tr>\n</tbody>\n</table>'),(809,'<h3><span>The ONE is not only perfect alone but great in cocktails. We have had some fantastic cocktail tutorial videos created so you too can make you own cocktails with The ONE.</span></h3>'),(810,'<table border=\"0\" style=\"height: 256px; width: 601px;\">\n<tbody>\n<tr>\n<td>\n<h1 style=\"text-align: center;\"></h1>\n<h1 style=\"text-align: center;\"></h1>\n<h1 style=\"text-align: center;\"></h1>\n<h1 style=\"text-align: center;\"></h1>\n<h1 style=\"text-align: center;\">INGREDIENTS<br><span style=\"font-size: medium;\">(For one cocktail)</span></h1>\n<table align=\"right\" border=\"0\" cellpadding=\"0\" cellspacing=\"0\" class=\"tb-data\" style=\"width: 100%;\">\n<tbody>\n<tr>\n<td class=\"left-heading\" style=\"text-align: right;\" width=\"40%\"><span style=\"color: #888888; font-size: medium;\">50ml</span></td>\n<td class=\"right-heading\" width=\"60%\"><span style=\"font-size: medium;\">The One</span></td>\n</tr>\n<tr>\n<td class=\"left-heading\" style=\"text-align: right;\" width=\"40%\"><span style=\"color: #888888; font-size: medium;\">12.5ml</span></td>\n<td class=\"right-heading\" width=\"60%\"><span style=\"font-size: medium;\">Gomme</span></td>\n</tr>\n<tr>\n<td class=\"left-heading\" style=\"text-align: right;\" width=\"40%\"><span style=\"color: #888888; font-size: medium;\">12.5ml</span></td>\n<td class=\"right-heading\" width=\"60%\"><span style=\"font-size: medium;\">Lemon Juice</span></td>\n</tr>\n<tr>\n<td class=\"left-heading\" style=\"text-align: right;\" width=\"40%\"><span style=\"color: #888888; font-size: medium;\">25ml</span></td>\n<td class=\"right-heading\" width=\"60%\"><span style=\"font-size: medium;\">Strawberry Puree</span></td>\n</tr>\n<tr>\n<td class=\"left-heading\" style=\"text-align: right;\" width=\"40%\"><span style=\"color: #888888; font-size: medium;\">3 drops</span></td>\n<td class=\"right-heading\" width=\"60%\"><span style=\"font-size: medium;\">Bitters NO MORE</span></td>\n</tr>\n</tbody>\n</table>\n<h1 style=\"text-align: center;\"><br>EQUIPMENT</h1>\n<table align=\"right\" border=\"0\" cellpadding=\"0\" cellspacing=\"0\" class=\"tb-data\" style=\"width: 100%;\">\n<tbody>\n<tr>\n<td class=\"left-heading\" style=\"text-align: right;\" width=\"40%\"><span style=\"color: #888888; font-size: medium;\">Glass:</span></td>\n<td class=\"right-heading\" width=\"60%\"><span style=\"font-size: medium;\">Rocks/Collins</span></td>\n</tr>\n<tr>\n<td class=\"left-heading\" style=\"text-align: right;\" width=\"40%\"><span style=\"color: #888888; font-size: medium;\">Garnish:</span></td>\n<td class=\"right-heading\" width=\"60%\"><span style=\"font-size: medium;\">Lemon Wedge</span></td>\n</tr>\n</tbody>\n</table>\n</td>\n<td><img alt=\"\" height=\"794\" src=\"/media/files/coctails/full-image.jpg\" width=\"343\"></td>\n</tr>\n</tbody>\n</table>'),(894,'<h3>Our distillery is located in one of the most beautful regions of Britain, the Lake District.</h3>\n<p style=\"text-align: justify;\"><img src=\"/media/files/frozen-bass.gif\" width=\"660\" style=\"width: 660px; height: 250px; border-width: 0px; border-style: solid; border: 0; margin-left: 0px; margin-right: 0px; margin-top: 10px; margin-bottom: 10px;\" height=\"250\" alt=\"\"></p>\n<p style=\"text-align: justify;\">Our distillery is in a region renowned for its beauty, its dramatic landscapes and, of course, magnificent lakes.</p>\n<p style=\"text-align: justify;\">After more than two years of searching, we have at last found what we believe to be the perfect site - close to Bassenthwaite Lake, six miles from the capital of the North Lakes, Keswick.</p>\n<p style=\"text-align: justify;\">Encircled by Cumbrian hills and mountains, it is an area of unimaginable beauty.</p>\n<p style=\"text-align: justify;\">Unchanged for centuries, the only sounds are the cry of ospreys, the gentle trickle of water from the streams which feed the lake itself and, of course, the soft rain falling on the heather and grass. One of the Lakes highest peaks, Skiddaw, watches over the lake, an inspiration to poets including Wordsworth and Tennyson.</p>\n<p>This is the home of the new Lakes Distillery. <img src=\"/media/files/our-site-lakes.gif\" width=\"660\" style=\"width: 660px; height: 250px; border-width: 0px; border-style: solid; border: 0; margin-left: 0px; margin-right: 0px; margin-top: 10px; margin-bottom: 10px;\" height=\"250\" alt=\"\"></p>\n<h3>WHISKY IN CUMBRIA</h3>\n<p style=\"text-align: justify;\">Cumbria has a long whisky heritage, and if look around the Lakes, you will see exactly why. The landscape is one of fast flowing rivers, rugged mountains and clean pure air - these conditions are very much like those found in Scotland.</p>\n<p style=\"text-align: justify;\"><img src=\"/media/files/whisky-map.gif\" width=\"382\" style=\"width: 263px; height: 300px; border-width: 0px; border-style: solid; float: left; border: 0; margin: 5px 15px 5px 0;\" height=\"436\" alt=\"\"> The Lake District in Cumbria was also once part of Scotland. Its place names reflect its celtic heritage. It is remote, wet and beautiful. In short, it is ideal whisky producing country.</p>\n<p style=\"text-align: justify;\">With this perfect environment for making whisky, it is no surprise that there is also a long history of illicit whisky distilling in the area, with the secluded hills and valleys of the area ideal for smugglers. One of these distillers was Lancelot \'Lanty\' Slee, who had a thriving business and always managed to keep one step ahead of the customs authorities  helped by supplying his \'whisky\' to the local magistrates. With many other illicit stills in the Lakes, the area was well known as a whisky producing region at this time.</p>'),(926,'<h3><span style=\"font-size: small;\">We are renovating the historic buildings of an old Victorian Model Farm next to the famous river Derwent and close to the lake, and there we aim to produce a world class single malt whisky. Check in on our progress on our webcams below</span></h3>'),(928,'<h2>Webcam 1 - Construction View</h2>\n<hr>\n<p></p>'),(930,'<hr>\n<h2>Webcam 2 - River View</h2>\n<hr>\n<h1></h1>'),(1101,'<h1>Partner Scheme</h1>'),(1104,'<p>1. Choose which banner you would like to use</p>\n<p></p>\n<p>2. Email us on <a href=\"mailto:partners@lakesdistillery.com\" target=\"_blank\">partners@lakesdistillery.com</a> with your choice</p>\n<p></p>\n<p>3. We will then send you the banner with your unique code, so that sales can be tracked to you</p>\n<p></p>\n<p>4. You then put this up on your website, and that\'s it! </p>\n<p></p>\n<p>You may also want to feature information about our clubs on your site - full details can be found in the members dropdown on the website.</p>'),(1152,'<h3><span>The ONE is not only perfect alone but great in cocktails. We have had some fantastic cocktail tutorial videos created so you too can make you own cocktails with The ONE.</span></h3>'),(1153,'<table border=\"0\" style=\"height: 250px; width: 596px;\">\n<tbody>\n<tr>\n<td>\n<h1 style=\"text-align: center;\"></h1>\n<h1 style=\"text-align: center;\"></h1>\n<h1 style=\"text-align: center;\"></h1>\n<h1 style=\"text-align: center;\"></h1>\n<h1 style=\"text-align: center;\">INGREDIENTS<br><span style=\"font-size: medium;\">(For one cocktail)</span></h1>\n<table align=\"right\" border=\"0\" cellpadding=\"0\" cellspacing=\"0\" class=\"tb-data\" style=\"width: 100%;\">\n<tbody>\n<tr>\n<td class=\"left-heading\" style=\"text-align: right;\" width=\"40%\"><span style=\"color: #888888; font-size: medium;\">50ml</span></td>\n<td class=\"right-heading\" width=\"60%\"><span style=\"font-size: medium;\">The One</span></td>\n</tr>\n<tr>\n<td class=\"left-heading\" style=\"text-align: right;\" width=\"40%\"><span style=\"color: #888888; font-size: medium;\">1</span></td>\n<td class=\"right-heading\" width=\"60%\"><span style=\"font-size: medium;\">Ice Ball</span></td>\n</tr>\n</tbody>\n</table>\n<h1 style=\"text-align: center;\"></h1>\n<h1 style=\"text-align: center;\">EQUIPMENT</h1>\n<table align=\"right\" border=\"0\" cellpadding=\"0\" cellspacing=\"0\" class=\"tb-data\" style=\"width: 100%;\">\n<tbody>\n<tr>\n<td class=\"left-heading\" style=\"text-align: right;\" width=\"40%\"><span style=\"color: #888888; font-size: medium;\">Glass:</span></td>\n<td class=\"right-heading\" width=\"60%\"><span style=\"font-size: medium;\">Rocks</span></td>\n</tr>\n</tbody>\n</table>\n</td>\n<td><img alt=\"\" height=\"794\" src=\"/media/files/coctails/full-image.jpg\" width=\"343\"></td>\n</tr>\n</tbody>\n</table>'),(1547,'<h3>Our distillery is located in one of the most beautful regions of Britain, the Lake District.</h3>\n<p style=\"text-align: justify;\"><img alt=\"\" height=\"250\" src=\"/media/files/frozen-bass.gif\" style=\"width: 660px; height: 250px; border-width: 0px; border-style: solid; border: 0; margin-left: 0px; margin-right: 0px; margin-top: 10px; margin-bottom: 10px;\" width=\"660\"></p>\n<p style=\"text-align: justify;\">Our distillery is in a region renowned for its beauty, its dramatic landscapes and, of course, magnificent lakes.</p>\n<p style=\"text-align: justify;\">After more than two years of searching, we have at last found what we believe to be the perfect site - close to Bassenthwaite Lake, six miles from the capital of the North Lakes, Keswick.</p>\n<p style=\"text-align: justify;\">Encircled by Cumbrian hills and mountains, it is an area of unimaginable beauty.</p>\n<p style=\"text-align: justify;\">Unchanged for centuries, the only sounds are the cry of ospreys, the gentle trickle of water from the streams which feed the lake itself and, of course, the soft rain falling on the heather and grass. One of the Lakes highest peaks, Skiddaw, watches over the lake, an inspiration to poets including Wordsworth and Tennyson.</p>\n<p>This is the home of the new Lakes Distillery. <img alt=\"\" height=\"250\" src=\"/media/files/bassenthwaite_1..jpg\" style=\"width: 660px; height: 250px; border-width: 0px; border-style: solid; border: 0; margin-left: 0px; margin-right: 0px; margin-top: 10px; margin-bottom: 10px;\" width=\"660\"></p>\n<h3>WHISKY IN CUMBRIA</h3>\n<p style=\"text-align: justify;\">Cumbria has a long whisky heritage, and if look around the Lakes, you will see exactly why. The landscape is one of fast flowing rivers, rugged mountains and clean pure air - these conditions are very much like those found in Scotland.</p>\n<p style=\"text-align: justify;\"><img alt=\"\" height=\"436\" src=\"/media/files/whisky-map.gif\" style=\"width: 263px; height: 300px; border-width: 0px; border-style: solid; float: left; border: 0; margin: 5px 15px 5px 0;\" width=\"382\"> The Lake District in Cumbria was also once part of Scotland. Its place names reflect its celtic heritage. It is remote, wet and beautiful. In short, it is ideal whisky producing country.</p>\n<p style=\"text-align: justify;\">With this perfect environment for making whisky, it is no surprise that there is also a long history of illicit whisky distilling in the area, with the secluded hills and valleys of the area ideal for smugglers. One of these distillers was Lancelot \'Lanty\' Slee, who had a thriving business and always managed to keep one step ahead of the customs authorities  helped by supplying his \'whisky\' to the local magistrates. With many other illicit stills in the Lakes, the area was well known as a whisky producing region at this time.</p>'),(1559,'<h3 style=\"text-align: justify;\"><span style=\"font-size: medium;\">The distillery is located next to Bassenthwaite Lake, which is a National Nature Reserve in one of Britain\'s most beautiful areas, the Lake District.</span></h3>'),(1561,'<p style=\"text-align: justify;\">Close to Bassenthwaite Lake, in an area of unimaginable beauty encircled by Cumbrian fells, we have found the perfect home for the new Lakes Distillery.</p>\n<p style=\"text-align: justify;\">We are renovating the historic buildings of an old Victorian Model Farm next to the famous river Derwent and close to Bassenthwaite Lake, and there we aim to produce a world class single malt whisky.</p>\n<p style=\"text-align: justify;\">We have ideal water from the famous River Derwent, with its source high up in the fells, a team steeped in whisky experience, and perfect conditions for distilling.</p>\n<p style=\"text-align: justify;\">The Derwent\'s source is at Sprinkling Tarn, one of the most beautiful tarns in Cumbria, and from there it flows down through the peaty foothills, which surround Scafell Pike, the highest of the Lakes\' peaks. It is a famous salmon river, and the area where it flows past our distillery has been designated a site of Special Scientific Interest. Analysis has shown it contains all the vital constituents necessary for distilling the purest whisky  but that is just the start of the process.</p>'),(1563,'<p style=\"text-align: justify;\"><span style=\"text-align: justify;\">We have put a lot of thought into the production process at our distillery to ensure we produce a malt whisky of outstanding quality. The plant has been carefully designed to the highest specification, and our copper stills will be made to a unique design and on a small artisan scale  no mass production for us!</span><span style=\"font-size: medium; text-align: justify;\"><br></span></p>'),(1565,'<p></p>\n<hr>\n<h1><span style=\"font-size: x-large;\"><strong>A \'GREEN\' WHISKY</strong></span></h1>\n<hr>\n<p><strong><em><span style=\"font-size: medium;\">Producing our whisky in the most environmentally friendly way possible is very important to us, and we will be doing everything possible to reduce our carbon footprint.</span></em></strong></p>\n<ul>\n<li><hr><span style=\"font-size: medium;\">The whisky production process is entirely natural, using only grain, yeast and water. No damaging effluent is produced.</span></li>\n<li><span style=\"font-size: medium;\">Most of the by-products from the distillation processes will be returned to local farmers for use as animal feed and for soil improvement.</span></li>\n<li><span style=\"font-size: medium;\">Water used for production will be stored and recycled.</span></li>\n<li><span style=\"font-size: medium;\">Heat from the distillation process will be reused to heat all the buildings (including the visitor centre), and natural ventilation and river water will be used for cooling.</span></li>\n<li><span style=\"font-size: medium;\"><span style=\"font-size: medium;\">Building materials will be as eco friendly as possible (eg wool insulation in the walls).</span></span></li>\n<li></li>\n</ul>'),(1610,'<h3>We are renovating the historic buildings of an old Victorian Model Farm next to the famous river Derwent and close to the lake, and there we aim to produce a world class single malt whisky.</h3>'),(1611,'<table border=\"0\" style=\"height: 212px; width: 291px;\">\n<tbody>\n<tr>\n<td>\n<p style=\"text-align: justify;\">Model farms were designed to be beautiful as well as functional  and our buildings are certainly beautiful and ideally suited to our needs. Each one is being carefully and sympathetically adapted, preserving the character and history of the old,stone-built barns and sheds.</p>\n</td>\n</tr>\n<tr>\n<td><img alt=\"\" height=\"221\" src=\"/media/files/our_buildings/dsc04148.jpg\" width=\"629\"></td>\n</tr>\n<tr>\n<td style=\"text-align: justify;\">\n<p>The main barn will house our mash house and still house, with our unique stills, carefully designed to produce our Lakes Malt and Lakes Gin. An old cattle shed will be converted into our warehouse, with further cattle sheds being transformed into our shop and bistro. We think that Jos Christopherson, who farmed here in 1847, would have approved. Perhaps he even had an illicit still at the farm?</p>\n</td>\n</tr>\n</tbody>\n</table>'),(1623,'<p></p>\n<hr>\n<p><span style=\"font-size: medium;\">This quatrefoil design of a four leaf clover can be foun<img alt=\"\" height=\"152\" src=\"/media/files/hope,_faith,_luck,_love_v6_.jpg\" style=\"margin-left: 15px; margin-right: 15px; float: left;\" width=\"250\">d throughout the distillery buildings  representing hope, faith, love and luck. We hope to have all four in abundance!</span></p>\n<p></p>\n<p><span style=\"font-size: medium;\"></span></p>\n<p></p>\n<hr>\n<p></p>'),(1796,'<hr>\n<p></p>'),(1797,'<hr>\n<p></p>'),(1879,'<h3 style=\"text-align: left;\">VIEW OUR E-BROCHURE</h3>'),(1882,'<hr>\n<p></p>'),(1883,'<hr>\n<p></p>'),(1885,'<h3><span>Imagine if you could own one of the first bottles produced of one of the great single malts - well now you can. Strictly limited to the first 2975 applicants.</span></h3>'),(1926,'<p style=\"text-align: justify;\">By becoming a member of our Founders Club, you can join us on our journey, by receiving the very first bottles of the maturing Lakes Malt taken from the first 100 casks to be produced at the distillery.</p>\n<h3 style=\"text-align: justify;\">This is How it Works...</h3>\n<p style=\"text-align: justify;\">We will set aside the first 100 casks produced at the Lakes Distillery and we will bottle the maturing whisky for Founders Club members.</p>\n<p style=\"text-align: justify;\">Each year for ten years you will receive one 70cl bottle giving you a collectible set of the distillerys first ever production, all with unique, limited edition labels. You will also receive two miniatures each year so you will have the rare opportunity to taste the spirit as it develops over time into a wonderful, single malt whisky. Delivery of the first bottle will be in 2015.</p>\n<p style=\"text-align: justify;\">These casks will not be available to the general public  only to members.</p>\n<p style=\"text-align: justify;\">When you join, you will also receive a membership pack with your certificate.</p>\n<p style=\"text-align: justify;\">On-going benefits will include a bi-monthly newsletter with rare, limited edition offers, web cam access so you can follow all our progress at The Lakes Distillery and discount vouchers on food, beverages and distillery tours.</p>\n<p style=\"text-align: justify;\">This offer will never be repeated. It is a rare opportunity to own a piece of historic whisky distilling.</p>\n<p style=\"text-align: justify;\">These first casks can only ever be produced once  so this is YOUR chance to own a piece of whisky history. Its going to be fascinating seeing how our spirit matures and we want connoisseurs and friends of the Lakes to be part of the journey.</p>'),(2457,'<p><img alt=\"\" height=\"620\" src=\"/media/files/the_bar_and_bistro/545_big.jpg\" style=\"vertical-align: text-top;\" width=\"620\"></p>\n<p></p>\n<hr>\n<p></p>'),(2462,'<p style=\"text-align: justify;\">Work is now underway to convert one of our cattle sheds into a bar and bistro which we hope will be the perfect place in which to sample some truly impressive whisky, gin and vodka alongside a menu full of locally-sourced and seasonal dishes.</p>'),(2465,'<h3><span>From Cumbrian cheeses to lamb and fish, the region is a cornucopia of great ingredients and our bar will stock wines, local ales and whiskies hand-picked to complement them.</span></h3>'),(2466,'<p style=\"text-align: left;\">Many before us have realised that this unspoiled corner of Britain is a treasure trove of ingredients and resources, and consequently the Lake District is home to numerous artisan food producers and craftsmen  all working with their surroundings to create something special. From Cumbrian cheeses to lamb and fish, the region is a cornucopia of great ingredients and our bar will stock wines, local ales and whiskies hand-picked to complement them.It has been our aim, from the early stages of planning The Lakes Distillery that, not only will our visitors be able to learn all about The Lakes Malt, The Lakes Gin &amp; The Lakes Vodka they will be able to see and taste for themselves other local produce in our artisan bar &amp; bistro.</p>'),(2508,'<hr>\n<p></p>'),(2569,'<hr>\n<p></p>'),(2635,'<table style=\"height: 308px; width: 838px;\" border=\"0\">\n<tbody>\n<tr>\n<td><img src=\"/media/files/our_people/paul_currie_at_site.jpg\" width=\"230\" style=\"margin-left: 20px; margin-right: 20px;\" height=\"300\" alt=\"\"></td>\n<td>\n<h1>PAUL CURRIE - FOUNDER AND MANAGING DIRECTOR</h1>\n<hr>\n<p><span><span><span>Whiskys been a part of my life for as long as I can remember.</span></span></span></p>\n<hr>\n<p>With a family background in the whisky industry, he has had a lifelong love of spirits, and previously set up the award winning Isle of Arran distillery with his father. He has been the driving force behind setting up the new Lakes Distillery.</p>\n</td>\n</tr>\n</tbody>\n</table>'),(2636,'<table style=\"height: 308px; width: 905px;\" border=\"0\">\n<tbody>\n<tr>\n<td><img src=\"/media/files/our_people/pc_+_alan_rutherford.jpg\" width=\"230\" style=\"margin-left: 20px; margin-right: 20px;\" height=\"300\" alt=\"\"></td>\n<td>\n<h1>DR ALAN RUTHERFORD OBE - DIRECTOR</h1>\n<hr>\n<p>The Lakes Distillery has so much going for it  a great team, a wonderful location, and all the ingredients for what should be an outstanding malt whisky</p>\n<hr>\n<p>Alan Rutherford, whose career in the whisky industry spans almost 40 years, is one of the leading figures in the whisky industry. A former council member of the Scotch Whisky Council, he was previously scotch whisky production director at United Distillers - later Diageo. Alan will oversee the production of our whiskies and gin.</p>\n</td>\n</tr>\n</tbody>\n</table>'),(2637,'<table style=\"height: 310px; width: 901px;\" border=\"0\">\n<tbody>\n<tr>\n<td><img src=\"/media/files/our_people/pc_+_chris_anderson_(2).jpg\" width=\"230\" style=\"margin-left: 20px; margin-right: 20px;\" height=\"300\" alt=\"\"></td>\n<td>\n<h1>CHRIS ANDERSON - MASTER DISTILLER</h1>\n<hr>\n<p>\"Most of all Im looking forward to seeing the first spirit flow into the spirit safe. Then the adventure really begins.\"</p>\n<hr>\n<p>Chris Anderson comes from a long line of Scottish whisky distillers and began his own whisky career at CaolIla on Islay. He also worked at Lagavulin before moving to manage all of Dewars distilleries, including Royal Brackla, Aberfeldy, Craigellachie and Aultmore. Chris brings a wealth of experience to us, as he will play the central role in creating the new Lakes Malt.</p>\n</td>\n</tr>\n</tbody>\n</table>'),(2660,'<p><img alt=\"\" height=\"620\" src=\"/media/files/the_bar_and_bistro/545_big.jpg\" style=\"vertical-align: text-top;\" width=\"620\"></p>\n<p></p>\n<hr>\n<p></p>'),(2665,'<p style=\"text-align: justify;\">Work is now underway to convert one of our cattle sheds into a bar and bistro which we hope will be the perfect place in which to sample some truly impressive Whisky, Gin and Vodka alongside a menu full of locally-sourced and seasonal dishes.</p>'),(2667,'<h3><span>From Cumbrian cheeses to lamb and fish, the region is a cornucopia of great ingredients and our bar will stock wines, local ales and whiskies hand-picked to complement them.</span></h3>'),(2668,'<p style=\"text-align: left;\">Many before us have realised that this unspoiled corner of Britain is a treasure trove of ingredients and resources, and consequently the Lake District is home to numerous artisan food producers and craftsmen  all working with their surroundings to create something special. From Cumbrian cheeses to lamb and fish, the region is a cornucopia of great ingredients and our bar will stock wines, local ales and whiskies hand-picked to complement them.It has been our aim, from the early stages of planning The Lakes Distillery that, not only will our visitors be able to learn all about The Lakes Malt, The Lakes Gin &amp; The Lakes Vodka they will be able to see and taste for themselves other local produce in our artisan bar &amp; bistro.</p>'),(2672,'<hr>\n<p></p>'),(2673,'<hr>\n<p></p>'),(2675,'<h3><span>You will be able to see here our artisan bar and bistros delicious menu.</span></h3>'),(2676,'<table style=\"height: 194px; width: 579px;\" border=\"0\">\n<tbody>\n<tr>\n<td><img src=\"/media/files/menus/scone.jpg\" width=\"213\" alt=\"\" height=\"320\"></td>\n<td><img src=\"/media/files/menus/while_you_decide.jpg\" width=\"213\" alt=\"\" height=\"320\"></td>\n<td><img src=\"/media/files/menus/north_atlantic_prawn.jpg\" width=\"213\" alt=\"\" height=\"320\"></td>\n</tr>\n<tr>\n<td><img src=\"/media/files/menus/_mg_0110.jpg\" width=\"214\" alt=\"\" height=\"320\"></td>\n<td><img src=\"/media/files/menus/_mg_0122.jpg\" width=\"214\" alt=\"\" height=\"320\"></td>\n<td><img src=\"/media/files/menus/_mg_0152.jpg\" width=\"214\" alt=\"\" height=\"320\"></td>\n</tr>\n</tbody>\n</table>'),(2679,'<h3><span>We will be converting one of the byres at the site into a very special private dining facility, with access into our warehouse for exclusive tastings.</span></h3>'),(2682,'<h3><span>The ONE is not only perfect alone but great in cocktails. We have had some fantastic cocktail tutorial videos created so you too can make you own cocktails with The ONE.</span></h3>'),(2683,'<table border=\"0\" style=\"height: 296px; width: 597px;\">\n<tbody>\n<tr>\n<td>\n<h2 style=\"text-align: center;\"><span style=\"font-size: large;\">THE ONE</span></h2>\n</td>\n<td style=\"text-align: center;\">\n<h2><span style=\"font-size: large;\">THE SOUR ONE</span></h2>\n</td>\n<td>\n<h2 style=\"text-align: center;\"><span style=\"font-size: large;\">THE OLD ONE</span></h2>\n</td>\n</tr>\n<tr>\n<td><a href=\"/bistro-and-bar/cocktails/one/\"><img alt=\"\" height=\"147\" src=\"/media/files/coctails/thesourone-easy.jpg\" width=\"197\"></a></td>\n<td><a href=\"/bistro-and-bar/cocktails/sour-one/\"><img alt=\"\" height=\"147\" src=\"/media/files/coctails/thesourone-easy.jpg\" width=\"197\"></a></td>\n<td><a href=\"/bistro-and-bar/cocktails/old-one/\"><img alt=\"\" height=\"147\" src=\"/media/files/coctails/theoldone-advanced.jpg\" width=\"197\"></a></td>\n</tr>\n<tr>\n<td colspan=\"3\"><hr></td>\n</tr>\n<tr>\n<td>\n<h2 style=\"text-align: center;\"><span style=\"font-size: large;\">THE IRISH ONE</span></h2>\n</td>\n<td style=\"text-align: center;\">\n<h2><span style=\"font-size: large;\">THE BLUE ONE</span></h2>\n</td>\n<td style=\"text-align: center;\">\n<h2><span style=\"font-size: large;\">THE SMOKEY ONE</span></h2>\n</td>\n</tr>\n<tr>\n<td><a href=\"/bistro-and-bar/cocktails/irish-one/\"><img alt=\"\" height=\"148\" src=\"/media/files/coctails/theirishone-medium.jpg\" width=\"197\"></a></td>\n<td style=\"text-align: center;\"><a href=\"/bistro-and-bar/cocktails/blue-one/\"><img alt=\"\" height=\"148\" src=\"/media/files/coctails/theblueone-medium.jpg\" width=\"196\"></a></td>\n<td style=\"text-align: center;\"><a href=\"/bistro-and-bar/cocktails/smokey-one/\"><img alt=\"\" height=\"148\" src=\"/media/files/coctails/thesmokeyone-medium.jpg\" width=\"196\"></a></td>\n</tr>\n<tr>\n<td colspan=\"3\"><hr></td>\n</tr>\n<tr>\n<td>\n<h2 style=\"text-align: center;\"><span style=\"font-size: large;\">THE STRAWBERRY</span><br><span style=\"font-size: large;\">SOUR ONE</span></h2>\n</td>\n<td colspan=\"2\" rowspan=\"4\" style=\"text-align: center;\"><span style=\"font-size: large;\"></span><span style=\"font-size: large;\"></span></td>\n</tr>\n<tr>\n<td>\n<h2 style=\"text-align: center;\"><a href=\"/bistro-and-bar/cocktails/strawberry-sour-one/\"><img alt=\"\" height=\"147\" src=\"/media/files/coctails/thestrawberrysourone-medium.jpg\" width=\"197\"></a></h2>\n</td>\n</tr>\n<tr>\n<td><hr></td>\n</tr>\n</tbody>\n</table>'),(2687,'<h3><span>The ONE is not only perfect alone but great in cocktails. We have had some fantastic cocktail tutorial videos created so you too can make you own cocktails with The ONE.</span></h3>'),(2688,'<table border=\"0\" style=\"height: 256px; width: 601px;\">\n<tbody>\n<tr>\n<td>\n<h1 style=\"text-align: center;\"></h1>\n<h1 style=\"text-align: center;\"></h1>\n<h1 style=\"text-align: center;\"></h1>\n<h1 style=\"text-align: center;\"></h1>\n<h1 style=\"text-align: center;\">INGREDIENTS<br><span style=\"font-size: medium;\">(For one cocktail)</span></h1>\n<table align=\"right\" border=\"0\" cellpadding=\"0\" cellspacing=\"0\" class=\"tb-data\" style=\"width: 100%;\">\n<tbody>\n<tr>\n<td class=\"left-heading\" style=\"text-align: right;\" width=\"40%\"><span style=\"color: #888888; font-size: medium;\">50ml</span></td>\n<td class=\"right-heading\" width=\"60%\"><span style=\"font-size: medium;\">The One</span></td>\n</tr>\n<tr>\n<td class=\"left-heading\" style=\"text-align: right;\" width=\"40%\"><span style=\"color: #888888; font-size: medium;\">12.5ml</span></td>\n<td class=\"right-heading\" width=\"60%\"><span style=\"font-size: medium;\">Gomme</span></td>\n</tr>\n<tr>\n<td class=\"left-heading\" style=\"text-align: right;\" width=\"40%\"><span style=\"color: #888888; font-size: medium;\">12.5ml</span></td>\n<td class=\"right-heading\" width=\"60%\"><span style=\"font-size: medium;\">Lemon Juice</span></td>\n</tr>\n<tr>\n<td class=\"left-heading\" style=\"text-align: right;\" width=\"40%\"><span style=\"color: #888888; font-size: medium;\">25ml</span></td>\n<td class=\"right-heading\" width=\"60%\"><span style=\"font-size: medium;\">Strawberry Puree</span></td>\n</tr>\n<tr>\n<td class=\"left-heading\" style=\"text-align: right;\" width=\"40%\"><span style=\"color: #888888; font-size: medium;\">3 drops</span></td>\n<td class=\"right-heading\" width=\"60%\"><span style=\"font-size: medium;\">Bitters NO MORE</span></td>\n</tr>\n</tbody>\n</table>\n<h1 style=\"text-align: center;\"><br>EQUIPMENT</h1>\n<table align=\"right\" border=\"0\" cellpadding=\"0\" cellspacing=\"0\" class=\"tb-data\" style=\"width: 100%;\">\n<tbody>\n<tr>\n<td class=\"left-heading\" style=\"text-align: right;\" width=\"40%\"><span style=\"color: #888888; font-size: medium;\">Glass:</span></td>\n<td class=\"right-heading\" width=\"60%\"><span style=\"font-size: medium;\">Rocks/Collins</span></td>\n</tr>\n<tr>\n<td class=\"left-heading\" style=\"text-align: right;\" width=\"40%\"><span style=\"color: #888888; font-size: medium;\">Garnish:</span></td>\n<td class=\"right-heading\" width=\"60%\"><span style=\"font-size: medium;\">Lemon Wedge</span></td>\n</tr>\n</tbody>\n</table>\n</td>\n<td><img alt=\"\" height=\"794\" src=\"/media/files/coctails/full-image.jpg\" width=\"343\"></td>\n</tr>\n</tbody>\n</table>'),(2690,'<h3><span>The ONE is not only perfect alone but great in cocktails. We have had some fantastic cocktail tutorial videos created so you too can make you own cocktails with The ONE.</span></h3>'),(2691,'<table border=\"0\" style=\"height: 272px; width: 602px;\">\n<tbody>\n<tr>\n<td>\n<h1 style=\"text-align: center;\"></h1>\n<h1 style=\"text-align: center;\"></h1>\n<h1 style=\"text-align: center;\"></h1>\n<h1 style=\"text-align: center;\"></h1>\n<h1 style=\"text-align: center;\">INGREDIENTS<br><span style=\"font-size: medium;\">(For one cocktail)</span></h1>\n<table align=\"right\" border=\"0\" cellpadding=\"0\" cellspacing=\"0\" class=\"tb-data\" style=\"width: 100%;\">\n<tbody>\n<tr>\n<td class=\"left-heading\" style=\"text-align: right;\" width=\"40%\"><span style=\"color: #888888; font-size: medium;\">37.5ml</span></td>\n<td class=\"right-heading\" width=\"60%\"><span style=\"font-size: medium;\">The One</span></td>\n</tr>\n<tr>\n<td class=\"left-heading\" style=\"text-align: right;\" width=\"40%\"><span style=\"color: #888888; font-size: medium;\">12.5ml</span></td>\n<td class=\"right-heading\" width=\"60%\"><span style=\"font-size: medium;\">Martini Rosso</span></td>\n</tr>\n<tr>\n<td class=\"left-heading\" style=\"text-align: right;\" width=\"40%\"><span style=\"color: #888888; font-size: medium;\">Dash</span></td>\n<td class=\"right-heading\" width=\"60%\"><span style=\"font-size: medium;\">Bitters</span></td>\n</tr>\n<tr>\n<td class=\"left-heading\" width=\"40%\"><span style=\"font-size: medium;\"></span></td>\n<td class=\"right-heading\" width=\"60%\"><span style=\"font-size: medium;\">Hickory Smoke Infusion</span></td>\n</tr>\n</tbody>\n</table>\n<h1 style=\"text-align: center;\"></h1>\n<h1 style=\"text-align: center;\">EQUIPMENT</h1>\n<table align=\"right\" border=\"0\" cellpadding=\"0\" cellspacing=\"0\" class=\"tb-data\" style=\"width: 100%;\">\n<tbody>\n<tr>\n<td class=\"left-heading\" style=\"text-align: right;\" width=\"40%\"><span style=\"color: #888888; font-size: medium;\">Glass:</span></td>\n<td class=\"right-heading\" width=\"60%\"><span style=\"font-size: medium;\">Martini</span></td>\n</tr>\n<tr>\n<td class=\"left-heading\" style=\"text-align: right;\" width=\"40%\"><span style=\"color: #888888; font-size: medium;\">Garnish:</span></td>\n<td class=\"right-heading\" width=\"60%\"><span style=\"font-size: medium;\">Smoke &amp; a Cherry</span></td>\n</tr>\n</tbody>\n</table>\n</td>\n<td><img alt=\"\" height=\"794\" src=\"/media/files/coctails/full-image.jpg\" width=\"343\"></td>\n</tr>\n</tbody>\n</table>'),(2693,'<table border=\"0\" style=\"height: 213px; width: 583px;\">\n<tbody>\n<tr>\n<td>\n<h1 style=\"text-align: center;\"></h1>\n<h1 style=\"text-align: center;\"></h1>\n<h1 style=\"text-align: center;\"></h1>\n<h1 style=\"text-align: center;\"></h1>\n<h1 style=\"text-align: center;\">INGREDIENTS<br><span style=\"font-size: medium;\">(For one cocktail)</span></h1>\n<table align=\"right\" border=\"0\" cellpadding=\"0\" cellspacing=\"0\" class=\"tb-data\" style=\"width: 100%;\">\n<tbody>\n<tr>\n<td class=\"left-heading\" style=\"text-align: right;\" width=\"40%\"><span style=\"color: #888888; font-size: medium;\">50ml</span></td>\n<td class=\"right-heading\" width=\"60%\"><span style=\"font-size: medium;\">The One</span></td>\n</tr>\n<tr>\n<td class=\"left-heading\" style=\"text-align: right;\" width=\"40%\"><span style=\"color: #888888; font-size: medium;\">25ml</span></td>\n<td class=\"right-heading\" width=\"60%\"><span style=\"font-size: medium;\">Hot Water</span></td>\n</tr>\n<tr>\n<td class=\"left-heading\" style=\"text-align: right;\" width=\"40%\"><span style=\"color: #888888; font-size: medium;\">Dash</span></td>\n<td class=\"right-heading\" width=\"60%\"><span style=\"font-size: medium;\">Gomme (to taste)</span></td>\n</tr>\n<tr>\n<td class=\"left-heading\" width=\"40%\"><span style=\"font-size: medium;\"></span></td>\n<td class=\"right-heading\" width=\"60%\"><span style=\"font-size: medium;\">Lemon Peel</span></td>\n</tr>\n</tbody>\n</table>\n<h1 style=\"text-align: center;\"></h1>\n<h1 style=\"text-align: center;\">EQUIPMENT</h1>\n<table align=\"right\" border=\"0\" cellpadding=\"0\" cellspacing=\"0\" class=\"tb-data\" style=\"width: 100%;\">\n<tbody>\n<tr>\n<td class=\"left-heading\" style=\"text-align: right;\" width=\"40%\"><span style=\"color: #888888; font-size: medium;\">Glass:</span></td>\n<td class=\"right-heading\" width=\"60%\"><span style=\"font-size: medium;\">Rocks</span></td>\n</tr>\n<tr>\n<td class=\"left-heading\" style=\"text-align: right;\" width=\"40%\"><span style=\"color: #888888; font-size: medium;\">Garnish:</span></td>\n<td class=\"right-heading\" width=\"60%\"><span style=\"font-size: medium;\">Fire</span></td>\n</tr>\n</tbody>\n</table>\n</td>\n<td><img alt=\"\" height=\"794\" src=\"/media/files/coctails/full-image.jpg\" width=\"343\"></td>\n</tr>\n</tbody>\n</table>'),(2694,'<h3><span>The ONE is not only perfect alone but great in cocktails. We have had some fantastic cocktail tutorial videos created so you too can make you own cocktails with The ONE.</span></h3>'),(2696,'<h3><span>The ONE is not only perfect alone but great in cocktails. We have had some fantastic cocktail tutorial videos created so you too can make you own cocktails with The ONE.</span></h3>'),(2697,'<table border=\"0\" style=\"height: 814px; width: 814px;\">\n<tbody>\n<tr>\n<td>\n<h1 style=\"text-align: center;\"></h1>\n<h1 style=\"text-align: center;\"></h1>\n<h1 style=\"text-align: center;\"></h1>\n<h1 style=\"text-align: center;\"></h1>\n<h1 style=\"text-align: center;\">INGREDIENTS<br><span style=\"font-size: medium;\">(For one cocktail)</span></h1>\n<table align=\"right\" border=\"0\" cellpadding=\"0\" cellspacing=\"0\" class=\"tb-data\" style=\"width: 100%;\">\n<tbody>\n<tr>\n<td class=\"left-heading\" style=\"text-align: right;\" width=\"40%\"><span style=\"color: #888888; font-size: medium;\">25ml</span></td>\n<td class=\"right-heading\" width=\"60%\"><span style=\"font-size: medium;\">The One</span></td>\n</tr>\n<tr>\n<td class=\"left-heading\" style=\"text-align: right;\" width=\"40%\"><span style=\"color: #888888; font-size: medium;\">25ml</span></td>\n<td class=\"right-heading\" width=\"60%\"><span style=\"font-size: medium;\">Baileys</span></td>\n</tr>\n<tr>\n<td class=\"left-heading\" style=\"text-align: right;\" width=\"40%\"><span style=\"color: #888888; font-size: medium;\">25ml</span></td>\n<td class=\"right-heading\" width=\"60%\"><span style=\"font-size: medium;\">Cream</span></td>\n</tr>\n<tr>\n<td class=\"left-heading\" width=\"40%\"><span style=\"font-size: medium;\"></span></td>\n<td class=\"right-heading\" width=\"60%\"><span style=\"font-size: medium;\">Single Espresso</span></td>\n</tr>\n<tr>\n<td class=\"left-heading\" width=\"40%\"><span style=\"font-size: medium;\"></span></td>\n<td class=\"right-heading\" width=\"60%\"><span style=\"font-size: medium;\">Hot Water</span></td>\n</tr>\n</tbody>\n</table>\n<h1 style=\"text-align: center;\"></h1>\n<h1 style=\"text-align: center;\">EQUIPMENT</h1>\n<table align=\"right\" border=\"0\" cellpadding=\"0\" cellspacing=\"0\" class=\"tb-data\" style=\"width: 100%;\">\n<tbody>\n<tr>\n<td class=\"left-heading\" style=\"text-align: right;\" width=\"40%\"><span style=\"color: #888888; font-size: medium;\">Glass:</span></td>\n<td class=\"right-heading\" width=\"60%\"><span style=\"font-size: medium;\">Latte</span></td>\n</tr>\n<tr>\n<td class=\"left-heading\" style=\"text-align: right;\" width=\"40%\"><span style=\"color: #888888; font-size: medium;\">Garnish:</span></td>\n<td class=\"right-heading\" width=\"60%\"><span style=\"font-size: medium;\">Whisky Foam &amp; Chocolate Dust</span></td>\n</tr>\n</tbody>\n</table>\n</td>\n<td><img alt=\"\" height=\"794\" src=\"/media/files/coctails/full-image.jpg\" width=\"343\"><br><br></td>\n</tr>\n</tbody>\n</table>'),(2699,'<h3><span>The ONE is not only perfect alone but great in cocktails. We have had some fantastic cocktail tutorial videos created so you too can make you own cocktails with The ONE.</span></h3>'),(2700,'<table border=\"0\" style=\"height: 236px; width: 590px;\">\n<tbody>\n<tr>\n<td>\n<h1 style=\"text-align: center;\"></h1>\n<h1 style=\"text-align: center;\"></h1>\n<h1 style=\"text-align: center;\"></h1>\n<h1 style=\"text-align: center;\">INGREDIENTS<br><span style=\"font-size: medium;\">(For one cocktail)</span></h1>\n<table align=\"right\" border=\"0\" cellpadding=\"0\" cellspacing=\"0\" class=\"tb-data\" style=\"width: 100%;\">\n<tbody>\n<tr>\n<td class=\"left-heading\" style=\"text-align: right;\" width=\"40%\"><span style=\"color: #888888; font-size: medium;\">50ml</span></td>\n<td class=\"right-heading\" width=\"60%\"><span style=\"font-size: medium;\">The One</span></td>\n</tr>\n<tr>\n<td class=\"left-heading\" style=\"text-align: right;\" width=\"40%\"><span style=\"color: #888888; font-size: medium;\">1</span></td>\n<td class=\"right-heading\" width=\"60%\"><span style=\"font-size: medium;\">Sugar Cube</span></td>\n</tr>\n<tr>\n<td class=\"left-heading\" style=\"text-align: right;\" width=\"40%\"><span style=\"color: #888888; font-size: medium;\">1</span></td>\n<td class=\"right-heading\" width=\"60%\"><span style=\"font-size: medium;\">Ice Ball</span></td>\n</tr>\n<tr>\n<td class=\"left-heading\" width=\"40%\"><span style=\"font-size: medium;\"></span></td>\n<td class=\"right-heading\" width=\"60%\"><span style=\"font-size: medium;\">Bitters</span></td>\n</tr>\n</tbody>\n</table>\n<h1 style=\"text-align: center;\"></h1>\n<h1 style=\"text-align: center;\">EQUIPMENT</h1>\n<table align=\"right\" border=\"0\" cellpadding=\"0\" cellspacing=\"0\" class=\"tb-data\" style=\"width: 100%;\">\n<tbody>\n<tr>\n<td class=\"left-heading\" style=\"text-align: right;\" width=\"40%\"><span style=\"color: #888888; font-size: medium;\">Glass:</span></td>\n<td class=\"right-heading\" width=\"60%\"><span style=\"font-size: medium;\">Old Fashioned</span></td>\n</tr>\n<tr>\n<td class=\"left-heading\" style=\"text-align: right;\" width=\"40%\"><span style=\"color: #888888; font-size: medium;\">Garnish:</span></td>\n<td class=\"right-heading\" width=\"60%\"><span style=\"font-size: medium;\">Orange Twist</span></td>\n</tr>\n</tbody>\n</table>\n</td>\n<td><img alt=\"\" height=\"794\" src=\"/media/files/coctails/full-image.jpg\" width=\"343\"></td>\n</tr>\n</tbody>\n</table>'),(2702,'<table border=\"0\" style=\"height: 232px; width: 602px;\">\n<tbody>\n<tr>\n<td>\n<h1 style=\"text-align: center;\"></h1>\n<h1 style=\"text-align: center;\"></h1>\n<h1 style=\"text-align: center;\"></h1>\n<h1 style=\"text-align: center;\">INGREDIENTS<br><span style=\"font-size: medium;\">(For one cocktail)</span></h1>\n<table align=\"right\" border=\"0\" cellpadding=\"0\" cellspacing=\"0\" class=\"tb-data\" style=\"width: 100%;\">\n<tbody>\n<tr>\n<td class=\"left-heading\" style=\"text-align: right;\" width=\"40%\"><span style=\"color: #888888; font-size: medium;\">37.5ml</span></td>\n<td class=\"right-heading\" width=\"60%\"><span style=\"font-size: medium;\">The One</span></td>\n</tr>\n<tr>\n<td class=\"left-heading\" style=\"text-align: right;\" width=\"40%\"><span style=\"color: #888888; font-size: medium;\">250ml</span></td>\n<td class=\"right-heading\" width=\"60%\"><span style=\"font-size: medium;\">Gomme</span></td>\n</tr>\n<tr>\n<td class=\"left-heading\" style=\"text-align: right;\" width=\"40%\"><span style=\"color: #888888; font-size: medium;\">12.5ml</span></td>\n<td class=\"right-heading\" width=\"60%\"><span style=\"font-size: medium;\">Lemon Juice</span></td>\n</tr>\n<tr>\n<td class=\"left-heading\" style=\"text-align: right;\" width=\"40%\"><span style=\"color: #888888; font-size: medium;\">3 drops</span></td>\n<td class=\"right-heading\" width=\"60%\"><span style=\"font-size: medium;\">Bitter NO MORE</span></td>\n</tr>\n</tbody>\n</table>\n<h1 style=\"text-align: center;\"></h1>\n<h1 style=\"text-align: center;\">EQUIPMENT</h1>\n<table align=\"right\" border=\"0\" cellpadding=\"0\" cellspacing=\"0\" class=\"tb-data\" style=\"width: 100%;\">\n<tbody>\n<tr>\n<td class=\"left-heading\" style=\"text-align: right;\" width=\"40%\"><span style=\"color: #888888; font-size: medium;\">Glass:</span></td>\n<td class=\"right-heading\" width=\"60%\"><span style=\"font-size: medium;\">Rocks/Collins</span></td>\n</tr>\n<tr>\n<td class=\"left-heading\" style=\"text-align: right;\" width=\"40%\"><span style=\"color: #888888; font-size: medium;\">Garnish:</span></td>\n<td class=\"right-heading\" width=\"60%\"><span style=\"font-size: medium;\">Lemon Peel Slice</span></td>\n</tr>\n</tbody>\n</table>\n</td>\n<td><img alt=\"\" height=\"794\" src=\"/media/files/coctails/full-image.jpg\" width=\"343\"></td>\n</tr>\n</tbody>\n</table>'),(2703,'<h3><span>The ONE is not only perfect alone but great in cocktails. We have had some fantastic cocktail tutorial videos created so you too can make you own cocktails with The ONE.</span></h3>'),(2705,'<h3><span>The ONE is not only perfect alone but great in cocktails. We have had some fantastic cocktail tutorial videos created so you too can make you own cocktails with The ONE.</span></h3>'),(2706,'<table border=\"0\" style=\"height: 250px; width: 596px;\">\n<tbody>\n<tr>\n<td>\n<h1 style=\"text-align: center;\"></h1>\n<h1 style=\"text-align: center;\"></h1>\n<h1 style=\"text-align: center;\"></h1>\n<h1 style=\"text-align: center;\"></h1>\n<h1 style=\"text-align: center;\">INGREDIENTS<br><span style=\"font-size: medium;\">(For one cocktail)</span></h1>\n<table align=\"right\" border=\"0\" cellpadding=\"0\" cellspacing=\"0\" class=\"tb-data\" style=\"width: 100%;\">\n<tbody>\n<tr>\n<td class=\"left-heading\" style=\"text-align: right;\" width=\"40%\"><span style=\"color: #888888; font-size: medium;\">50ml</span></td>\n<td class=\"right-heading\" width=\"60%\"><span style=\"font-size: medium;\">The One</span></td>\n</tr>\n<tr>\n<td class=\"left-heading\" style=\"text-align: right;\" width=\"40%\"><span style=\"color: #888888; font-size: medium;\">1</span></td>\n<td class=\"right-heading\" width=\"60%\"><span style=\"font-size: medium;\">Ice Ball</span></td>\n</tr>\n</tbody>\n</table>\n<h1 style=\"text-align: center;\"></h1>\n<h1 style=\"text-align: center;\">EQUIPMENT</h1>\n<table align=\"right\" border=\"0\" cellpadding=\"0\" cellspacing=\"0\" class=\"tb-data\" style=\"width: 100%;\">\n<tbody>\n<tr>\n<td class=\"left-heading\" style=\"text-align: right;\" width=\"40%\"><span style=\"color: #888888; font-size: medium;\">Glass:</span></td>\n<td class=\"right-heading\" width=\"60%\"><span style=\"font-size: medium;\">Rocks</span></td>\n</tr>\n</tbody>\n</table>\n</td>\n<td><img alt=\"\" height=\"794\" src=\"/media/files/coctails/full-image.jpg\" width=\"343\"></td>\n</tr>\n</tbody>\n</table>'),(2829,'<p></p>\n<hr>\n<h1><span style=\"font-size: x-large;\"><strong>A \'GREEN\' WHISKY</strong></span></h1>\n<hr>\n<p><strong><em><span style=\"font-size: medium;\">Producing our whisky in the most environmentally friendly way possible is very important to us, and we will be doing everything possible to reduce our carbon footprint.</span></em></strong></p>\n<ul>\n<li><hr><span style=\"font-size: medium;\">The whisky production process is entirely natural, using only grain, yeast and water. No damaging effluent is produced.</span></li>\n<li><span style=\"font-size: medium;\">Most of the by-products from the distillation processes will be returned to local farmers for use as animal feed and for soil improvement.</span></li>\n<li><span style=\"font-size: medium;\">Water used for production will be stored and recycled.</span></li>\n<li><span style=\"font-size: medium;\">Heat from the distillation process will be reused to heat all the buildings (including the visitor centre), and natural ventilation and river water will be used for cooling.</span></li>\n<li><span style=\"font-size: medium;\">Building materials will be as eco friendly as possible (eg wool insulation in the walls).</span></li>\n<li><span style=\"font-size: medium;\"><span style=\"font-size: medium;\">We will install solar panels to supply all of our electricity needs, and have some left over to supply the grid.</span></span></li>\n<li></li>\n</ul>'),(2831,'<h3 style=\"text-align: justify;\"><span style=\"font-size: medium;\">The distillery is located next to Bassenthwaite Lake, which is a National Nature Reserve in one of Britain\'s most beautiful areas, the Lake District.</span></h3>'),(2833,'<p style=\"text-align: justify;\"><span style=\"font-size: medium;\">Close to Bassenthwaite Lake, in an area of unimaginable beauty encircled by Cumbrian fells, we have found the perfect home for the new Lakes Distillery.</span></p>\n<p style=\"text-align: justify;\"><span style=\"font-size: medium;\">We are renovating the historic buildings of an old Victorian Model Farm next to the famous river Derwent and close to Bassenthwaite Lake, and there we aim to produce a world class single malt whisky.</span></p>\n<p style=\"text-align: justify;\"><span style=\"font-size: medium;\">We have ideal water from the famous River Derwent, with its source high up in the fells, a team steeped in whisky experience, and perfect conditions for distilling.</span></p>\n<p style=\"text-align: justify;\"><span style=\"font-size: medium;\">The Derwent\'s source is at Sprinkling Tarn, one of the most beautiful tarns in Cumbria, and from there it flows down through the peaty foothills, which surround Scafell Pike, the highest of the Lakes\' peaks. It is a famous salmon river, and the area where it flows past our distillery has been designated a site of Special Scientific Interest. Analysis has shown it contains all the vital constituents necessary for distilling the purest whisky  but that is just the start of the process.</span></p>'),(2835,'<p style=\"text-align: justify;\"><span style=\"font-size: medium; text-align: justify;\">We have put a lot of thought into the production process at our distillery to ensure we produce a malt whisky of outstanding quality. The plant has been carefully designed to the highest specification, and our copper stills will be made to a unique design and on a small artisan scale  no mass production for us!</span><br><span style=\"font-size: medium; text-align: justify;\">The quality of the casks used for maturing has a major impact on the whisky and we will use a high proportion of sherry casks in addition to bourbon barrels  we may experiment with other different woods for our casks as well, as not being a scotch whisky we can use woods other than oak.</span><br><span style=\"font-size: medium; text-align: justify;\">The moisture rich atmosphere of the Lakes will be ideal for the maturing process.</span><br><span style=\"font-size: medium; text-align: justify;\">Most of the malt whisky we will produce will be lightly peated, so more akin to the whiskies from the highlands rather than Islay. However, we do plan to run some batches each year of a heavily peated malt.</span></p>'),(2839,'<h3>Our distillery is located in one of the most beautful regions of Britain, the Lake District.</h3>\n<p style=\"text-align: justify;\"><img alt=\"\" height=\"250\" src=\"/media/files/frozen-bass.gif\" style=\"width: 660px; height: 250px; border-width: 0px; border-style: solid; border: 0; margin-left: 0px; margin-right: 0px; margin-top: 10px; margin-bottom: 10px;\" width=\"660\"></p>\n<p style=\"text-align: justify;\">Our distillery is in a region renowned for its beauty, its dramatic landscapes and, of course, magnificent lakes.</p>\n<p style=\"text-align: justify;\">After more than two years of searching, we have at last found what we believe to be the perfect site - close to Bassenthwaite Lake, six miles from the capital of the North Lakes, Keswick.</p>\n<p style=\"text-align: justify;\">Encircled by Cumbrian hills and mountains, it is an area of unimaginable beauty.</p>\n<p style=\"text-align: justify;\">Unchanged for centuries, the only sounds are the cry of ospreys, the gentle trickle of water from the streams which feed the lake itself and, of course, the soft rain falling on the heather and grass. One of the Lakes highest peaks, Skiddaw, watches over the lake, an inspiration to poets including Wordsworth and Tennyson.</p>\n<p>This is the home of the new Lakes Distillery. <img alt=\"\" height=\"250\" src=\"/media/files/bassenthwaite_1..jpg\" style=\"width: 660px; height: 250px; border-width: 0px; border-style: solid; border: 0; margin-left: 0px; margin-right: 0px; margin-top: 10px; margin-bottom: 10px;\" width=\"660\"></p>\n<h3>WHISKY IN CUMBRIA</h3>\n<p style=\"text-align: justify;\">Cumbria has a long whisky heritage, and if look around the Lakes, you will see exactly why. The landscape is one of fast flowing rivers, rugged mountains and clean pure air - these conditions are very much like those found in Scotland.</p>\n<p style=\"text-align: justify;\"><img alt=\"\" height=\"436\" src=\"/media/files/whisky-map.gif\" style=\"width: 263px; height: 300px; border-width: 0px; border-style: solid; float: left; border: 0; margin: 5px 15px 5px 0;\" width=\"382\"> The Lake District in Cumbria was also once part of Scotland. Its place names reflect its celtic heritage. It is remote, wet and beautiful. In short, it is ideal whisky producing country.</p>\n<p style=\"text-align: justify;\">With this perfect environment for making whisky, it is no surprise that there is also a long history of illicit whisky distilling in the area, with the secluded hills and valleys of the area ideal for smugglers. One of these distillers was Lancelot \'Lanty\' Slee, who had a thriving business and always managed to keep one step ahead of the customs authorities  helped by supplying his \'whisky\' to the local magistrates. With many other illicit stills in the Lakes, the area was well known as a whisky producing region at this time.</p>'),(2846,'<hr>\n<p></p>'),(2847,'<hr>\n<p></p>'),(2848,'<h3><span style=\"font-size: small;\">We are renovating the historic buildings of an old Victorian Model Farm next to the famous river Derwent and close to the lake, and there we aim to produce a world class single malt whisky.</span></h3>'),(2849,'<table border=\"0\" style=\"height: 212px; width: 291px;\">\n<tbody>\n<tr>\n<td>\n<p style=\"text-align: justify;\"><span style=\"font-size: medium;\">Model farms were designed to be beautiful as well as functional  and our buildings are certainly beautiful and ideally suited to our needs. Each one is being carefully and sympathetically adapted, preserving the character and history of the old,stone-built barns and sheds.</span></p>\n</td>\n</tr>\n<tr>\n<td><img alt=\"\" height=\"221\" src=\"/media/files/our_buildings/dsc04148.jpg\" width=\"629\"></td>\n</tr>\n<tr>\n<td style=\"text-align: justify;\">\n<p><span style=\"font-size: medium;\">The main barn will house our mash house and still house, with our unique stills, carefully designed to produce our Lakes Malt and Lakes Gin. An old cattle shed will be converted into our warehouse, with further cattle sheds being transformed into our shop and bistro. We think that Jos Christopherson, who farmed here in 1847, would have approved. Perhaps he even had an illicit still at the farm?</span></p>\n</td>\n</tr>\n</tbody>\n</table>'),(2853,'<p></p>\n<hr>\n<p><span style=\"font-size: medium;\">This quatrefoil design of a four leaf clover can be foun<img alt=\"\" height=\"152\" src=\"/media/files/hope,_faith,_luck,_love_v6_.jpg\" style=\"margin-left: 15px; margin-right: 15px; float: left;\" width=\"250\">d throughout the distillery buildings  representing hope, faith, love and luck. We hope to have all four in abundance!</span></p>\n<p></p>\n<p><span style=\"font-size: medium;\"></span></p>\n<p></p>\n<hr>\n<p></p>'),(2856,'<hr>\n<h2><img alt=\"\" height=\"127\" src=\"/media/files/the_paul_currie_story/paul-revised-quote.gif\" style=\"font-size: 10px;\" width=\"659\"></h2>\n<p></p>\n<hr>\n<p></p>\n<p>Whiskys been a part of my life for as long as I can remember. My father was MD of Chivas-Seagrams whisky business - so, from birth, whisky was a constant topic of conversation and a genuine family passion.</p>\n<p>As a child I was fascinated by the process of distilling and I can clearly recall being taken round a distillery for the first time  I think I would have been about six-years-old  and being entranced by the gleaming copper stills.</p>\n<p>That early fascination with whisky developed over the years and in 1995 I set up Isle of Arran Distillers with my father  at the time it was the first new independent whisky distillery in Scotland for many decades but we could see the potential growth in malt whisky and we werent wrong: the whisky market and, in particular the malt whisky market, has gone from strength to strength ever since.As managing director of the company I oversaw the successful opening of the distillery, products were launched in Europe, Asia and north America, and a number of prestigious awards were won  including Scottish TVs Best Young Business and Scottish Trade Internationals New Exporter of the Year. The company received royal recognition when the visitor centre was officially opened by HM The Queen, and it also received a coveted 5 Star Visit Scotland award.</p>\n<p>I moved on from Arran to pursue other interests in the spirits industry, but then, around three years or so ago, I was on holiday in the Lake District with my family and as I looked around at the magnificent landscape; the lakes, the peaty foothills, the pure air, I realised this really was perfect whisky country and thats how The Lakes Distillery was born.</p>\n<p><img alt=\"\" height=\"212\" src=\"/media/files/the_paul_currie_story/pc_with_queen_arran_opening_(2)_small.jpg\" style=\"float: right;\" width=\"300\"></p>\n<p>Malt whisky is a booming industry with new distilleries being created across the world in countries as diverse as the US, Australia, France, Sweden and India. This was proof, if I needed it, that consumers are keen to try products from new distilleries  so why not The Lakes Distillery?</p>\n<p>The vision was one thing, however turning it into reality was quite another. One of my brothers, also involved in the whisky industry, tried to set up a distillery in the south Lakes about 10 years ago, but couldnt secure the right location and couldnt put the funding together, so I knew this would not be easy.</p>\n<p>From experience I know how important it is to build a team, and so I set about putting this in place. Newcastle-based retail expert Nigel Mills has taken on the role of Chairman, and some true whisky experts have joined us, including our master distiller, Chris Anderson, whose wealth of experience and knowledge is second to none.</p>\n<p>Then, we needed to find a site and this was a huge challenge. Because the Lake District is a National Park, any development, quite rightly,is very controlled.</p>\n<p>We needed to be able to utilise existing buildings and they needed to be the right size, not only for a distillery with enough height to accommodate the stills, but for a visitor centre and with adequate access, both for deliveries and for our tourist business.</p>\n<p>Most importantly, however, we had to have a nearby source of water  and not just any water but the water that would provide the basis of The Lakes Malt.</p>\n<p>We looked at one site after another and I spent countless days poring over a map trying to work out suitable locations and driving around in the hope of spotting the perfect site  I got to know the Lakes very well!</p>\n<p>Then I contacted a property agent in Keswick, who proposed a site at Bassenthwaite Lake. It was an old Victorian Model Farm, built in the 1850s and used as a dairy farm until about 15 years ago, since it when it had stood empty.</p>\n<p>Plans were sent through and it looked very promising so we arranged for me to visit the site and meet the owner. My first impressions were all good  and then I saw the main barn and my mind was made up. Id found my distillery.</p>\n<p>Not only was it visually stunning but I reckoned it would be tall enough for our stills  better still, the river Derwent was only 150m away, so there was our water supply.</p>\n<p>The owner, Keith Fisher, seemed very supportive of our plans,so it was looking hopeful, but there was a very long way to go.</p>\n<p>Detailed plans were sent through and they confirmed that the buildings were big enough and tall enough. It also transpired we could take a wooded area next to the site to use for parking and we could also use the field between the buildings and the river, so we could have our water supply.</p>\n<p>The next stage was to agree a deal for the site, get architects drawings done and, crucially, apply for planning permission.</p>\n<p>Agreement was reached on the commercial terms for the property, so that was one hurdle out of the way.</p>\n<p>However, we also felt local support was important, so I held a meeting in the village hall to explain our plans. I wasnt sure how many would come, but the hall was packed!</p>\n<p>Understandably, there was a great deal of curiosity but this was an ideal opportunity to answer questions and provide reassurance that our aim was for The Lakes Distillery to be a true asset to the area  and would create much needed local employment.</p>\n<p>We couldnt have wished for greater support, not just from our soon-to-be neighbours but from the parish council, which subsequently gave us its full backing.</p>\n<p>We were on our way. Plans were drawn up by our architects, Architects Plus, structural surveys done (the buildings are actually in surprisingly good condition) and an excellent planning consultant, Bruce Armstrong Payne, helped us put together the planning application  not as straightforward a process as you might think.</p>\n<p>Planning applications require input from so many organisations; the parish council, DEFRA, Natural England, Cumbria Tourism, the Highways Agency  but, thankfully, all gave us their full support.</p>\n<p>At the first planning meeting, it was decided that the planning committee would do a site visit. This was done in pouring rain and a gale force wind, but the committee seemed to love the site and, at the next meeting, we were granted permission with a unanimous vote in favour.</p>\n<p>The next step was to complete the legal work on the property  a lengthy process  and then it was ours. We were ready to go.</p>\n<p>There is still a great deal to do, but work has now begun on the site and my dream, the dream which began three years ago, inspired by my lifelong love for whisky, is coming true.</p>\n<p>And that is certainly worth raising a glass to.</p>'),(2859,'<table border=\"0\" cellpadding=\"10\" style=\"height: 920px; width: 804px;\">\n<tbody>\n<tr>\n<td><img alt=\"\" height=\"300\" src=\"/media/files/our_people/pc_+_chris_anderson_(2).jpg\" style=\"margin-left: 10px; margin-right: 10px;\" width=\"230\"></td>\n<td>\n<h2 style=\"text-align: left;\">CHRIS ANDERSON - MASTER DISTILLER</h2>\n<p style=\"text-align: left;\">\"Most of all Im looking forward to seeing the first spirit flow into the spirit safe. Then the adventure really begins.\" Chris Anderson comes from a long line of Scottish whisky distillers and began his own whisky career at CaolIla on Islay. He also worked at Lagavulin before moving to manage all of Dewars distilleries, including Royal Brackla, Aberfeldy, Craigellachie and Aultmore. Chris brings a wealth of experience to us, as he will play the central role in creating the new Lakes Malt.</p>\n</td>\n</tr>\n<tr>\n<td colspan=\"2\">\n<h2></h2>\n<hr>\n<p></p>\n</td>\n</tr>\n<tr>\n<td><img alt=\"\" height=\"300\" src=\"/media/files/our_people/pc_+_alan_rutherford.jpg\" style=\"margin-left: 10px; margin-right: 10px;\" width=\"230\"></td>\n<td>\n<h2 style=\"text-align: left;\">DR ALAN RUTHERFORD OBE - DIRECTOR</h2>\n<p style=\"text-align: left;\">The Lakes Distillery has so much going for it  a great team, a wonderful location, and all the ingredients for what should be an outstanding malt whisky Alan Rutherford, whose career in the whisky industry spans almost 40 years, is one of the leading figures in the whisky industry. A former council member of the Scotch Whisky Council, he was previously scotch whisky production director at United Distillers - later Diageo. Alan will oversee the production of our whiskies and gin.</p>\n</td>\n</tr>\n<tr>\n<td colspan=\"2\">\n<h2></h2>\n<hr>\n<h2></h2>\n</td>\n</tr>\n<tr>\n<td><img alt=\"\" height=\"300\" src=\"/media/files/our_people/paul_currie_at_site.jpg\" style=\"margin-left: 10px; margin-right: 10px;\" width=\"230\"></td>\n<td>\n<h2 style=\"text-align: left;\">PAUL CURRIE - FOUNDER AND MANAGING DIRECTOR</h2>\n<p style=\"text-align: left;\">Whiskys been a part of my life for as long as I can remember. With a family background in the whisky industry, he has had a lifelong love of spirits, and previously set up the award winning Isle of Arran distillery with his father. He has been the driving force behind setting up the new Lakes Distillery.</p>\n</td>\n</tr>\n</tbody>\n</table>'),(2860,'<table style=\"height: 310px; width: 901px;\" border=\"0\">\n<tbody>\n<tr>\n<td><img src=\"/media/files/our_people/pc_+_chris_anderson_(2).jpg\" width=\"230\" style=\"margin-left: 20px; margin-right: 20px;\" height=\"300\" alt=\"\"></td>\n<td>\n<h1>CHRIS ANDERSON - MASTER DISTILLER</h1>\n<hr>\n<p>\"Most of all Im looking forward to seeing the first spirit flow into the spirit safe. Then the adventure really begins.\"</p>\n<hr>\n<p>Chris Anderson comes from a long line of Scottish whisky distillers and began his own whisky career at CaolIla on Islay. He also worked at Lagavulin before moving to manage all of Dewars distilleries, including Royal Brackla, Aberfeldy, Craigellachie and Aultmore. Chris brings a wealth of experience to us, as he will play the central role in creating the new Lakes Malt.</p>\n</td>\n</tr>\n</tbody>\n</table>'),(2861,'<table style=\"height: 308px; width: 905px;\" border=\"0\">\n<tbody>\n<tr>\n<td><img src=\"/media/files/our_people/pc_+_alan_rutherford.jpg\" width=\"230\" style=\"margin-left: 20px; margin-right: 20px;\" height=\"300\" alt=\"\"></td>\n<td>\n<h1>DR ALAN RUTHERFORD OBE - DIRECTOR</h1>\n<hr>\n<p>The Lakes Distillery has so much going for it  a great team, a wonderful location, and all the ingredients for what should be an outstanding malt whisky</p>\n<hr>\n<p>Alan Rutherford, whose career in the whisky industry spans almost 40 years, is one of the leading figures in the whisky industry. A former council member of the Scotch Whisky Council, he was previously scotch whisky production director at United Distillers - later Diageo. Alan will oversee the production of our whiskies and gin.</p>\n</td>\n</tr>\n</tbody>\n</table>'),(2862,'<table style=\"height: 308px; width: 838px;\" border=\"0\">\n<tbody>\n<tr>\n<td><img src=\"/media/files/our_people/paul_currie_at_site.jpg\" width=\"230\" style=\"margin-left: 20px; margin-right: 20px;\" height=\"300\" alt=\"\"></td>\n<td>\n<h1>PAUL CURRIE - FOUNDER AND MANAGING DIRECTOR</h1>\n<hr>\n<p><span><span><span>Whiskys been a part of my life for as long as I can remember.</span></span></span></p>\n<hr>\n<p>With a family background in the whisky industry, he has had a lifelong love of spirits, and previously set up the award winning Isle of Arran distillery with his father. He has been the driving force behind setting up the new Lakes Distillery.</p>\n</td>\n</tr>\n</tbody>\n</table>'),(2864,'<h3>Production will start in Spring 2014, with the visitor centre opening in the autumn.</h3>\n<table border=\"0\" style=\"height: 270px; width: 455px;\">\n<tbody>\n<tr>\n<td rowspan=\"10\"><img alt=\"\" height=\"644\" src=\"/media/files/timetable/timetable_(2).gif\" width=\"161\"></td>\n<td>\n<p><span><span style=\"text-decoration: underline;\"><em><strong>September 2013</strong></em></span></span></p>\n<p><span>- Launch of<a href=\"http://www.lakesdistillery.com/shop\">The ONE</a>at the Taste Cumbria festival</span></p>\n<p><span><strong><em><span style=\"text-decoration: underline;\">October 2013</span></em></strong></span></p>\n<p><span>- Final stages of planning being approved</span></p>\n<p><span>- Interior designers working on their initial concepts</span></p>\n</td>\n</tr>\n<tr>\n<td>\n<p><span style=\"text-decoration: underline;\"><em><strong>November 2013</strong></em></span></p>\n<p>- Work to start on site</p>\n<p>- Gift packs and miniature gift packs launched in time for Christmas!</p>\n<p>- The Wine Chambers Christmas tasting at the Grand Hotel - Tynemouth, Newcastle Upon Tyne. 27th &amp; 28th 5pm - 9pm</p>\n</td>\n</tr>\n<tr>\n<td>\n<p><span style=\"text-decoration: underline;\"><strong><em>Spring 2014</em></strong></span></p>\n<p>- The stills will be delivered allowing us to start the production of The Lakes Gin, and The Lakes Malt straight away</p>\n<p><span style=\"text-decoration: underline;\"><strong><em>Autumn 2014</em></strong></span></p>\n<p>- We hope to have the remaining building work completed for our Visitor Centre, Bar &amp; Bistro and shop</p>\n</td>\n</tr>\n<tr>\n<td>\n<p></p>\n</td>\n</tr>\n<tr>\n<td>\n<p></p>\n</td>\n</tr>\n<tr>\n<td></td>\n</tr>\n<tr>\n<td></td>\n</tr>\n<tr>\n<td></td>\n</tr>\n<tr>\n<td></td>\n</tr>\n<tr>\n<td></td>\n</tr>\n</tbody>\n</table>'),(2867,'<h3><span>You will be able to go inside the distillery to see exactly how The Lakes Malt and The Lakes Gin are made, as well as being able to visit our warehouse filled with our maturing whisky.</span></h3>\n<p><img src=\"/media/files/destillery_tours/slate.gif\" width=\"660\" alt=\"\" height=\"126\"></p>\n<p>The Lake District is a hugely popular tourist area, and we aim to be a major attraction to the 15 million visitors who come each year.<img src=\"/media/files/destillery_tours/archway-in-dis.gif\" width=\"200\" style=\"float: right;\" height=\"300\" alt=\"\"></p>\n<p>The tour will start in an information area which will include a video, and your expert, entertaining guide will then take you through to the distillery to reveal the secrets of how malt whisky and gin are made. You will be taken through the warehouse, where our whisky peacefully matures in casks, and on to our tasting room, where you can taste our products for yourself.</p>\n<p></p>'),(2869,'<h3>The water we will use to create The Lakes Malt is from the famous river Derwent, which emerges from Bassenthwaite Lake next to the distillery.</h3>'),(2870,'<table style=\"height: 206px; width: 592px;\" border=\"0\">\n<tbody>\n<tr>\n<td><img src=\"/media/files/production/archways.gif\" width=\"169\" style=\"margin-left: 10px; margin-right: 10px;\" height=\"300\" alt=\"\"></td>\n<td>\n<p><span style=\"font-size: small;\">The quality of the casks used for maturing has a major impact on the whisky and we will use a high proportion of sherry casks in addition to bourbon barrels  we may experiment with other different woods for our casks as well. The moisture rich atmosphere of the Lakes will be ideal for the maturing process. Most of the malt whisky we will produce will be lightly peated, so more akin to the whiskies from the highlands rather than Islay. However, we do plan to run some batches each year of a peated malt.</span></p>\n<p><span style=\"font-size: small;\">Our team is steeped in whisky experience. Our founder, Paul Currie, co-founded the widely acclaimed, award winning Arran distillery, and our production is overseen by one of Scotlands foremost whisky experts, Alan Rutherford, former production director at Diageo and council member of the Scotch Whisky Association.</span></p>\n</td>\n</tr>\n</tbody>\n</table>'),(2871,'<table style=\"height: 193px; width: 622px;\" border=\"0\">\n<tbody>\n<tr>\n<td>\n<p style=\"text-align: justify;\"><span style=\"font-size: small;\">Our master distiller, Chris Anderson will be crossing the border from Scotland, with a lifetimes experience of making the highest quality whisky, including as manager of a number of well known distilleries.</span></p>\n<p style=\"text-align: justify;\"><span style=\"font-size: small;\">With all this expertise we aim to produce a single malt to rival the finest our Scottish neighbours can produce - and we are giving those who love whisky, who love the Lake District or who simply want to embark on a wonderful adventure the chance to own the very first bottles with our<a href=\"http://www.lakesdistillery.com/members/founders-club\">Founders\' Club</a>.</span></p>\n</td>\n<td><img src=\"/media/files/production/pc_+_chris_anderson_(2)_(1).jpg\" width=\"230\" style=\"margin-left: 10px; margin-right: 10px;\" height=\"300\" alt=\"\"></td>\n</tr>\n</tbody>\n</table>'),(2872,'<table style=\"height: 221px; width: 576px;\" border=\"0\">\n<tbody>\n<tr>\n<td>\n<p><span style=\"font-size: small;\">We have put a lot of thought into the production process at our distillery to ensure we produce a malt whisky of outstanding quality. The plant has been carefully designed to the highest specification, with a new innovation we will use both copper and stainless steel condensers to create a whisky of richer character. Our copper stills will be made to a unique design and on a small artisan scale  no mass production for us!</span></p>\n<p></p>\n</td>\n<td><img src=\"/media/files/production/warehouse.gif\" width=\"253\" style=\"margin-left: 10px; margin-right: 10px;\" height=\"187\" alt=\"\"></td>\n</tr>\n</tbody>\n</table>'),(2873,'<table border=\"0\">\n<tbody>\n<tr>\n<td><img src=\"/media/files/production/sprinkling-tarn.gif\" width=\"254\" style=\"margin-left: 10px; margin-right: 10px;\" height=\"142\" alt=\"\"></td>\n<td>\n<p><span style=\"font-size: small;\">Its source is at Sprinkling Tarn, one of the most beautiful tarns in Cumbria, and from there it flows down through the peaty foothills, which surround Scafell Pike, the highest of the Lakes\' peaks. Analysis has shown it contains all the vital constituents necessary for distilling the purest whisky  but that is just the start of the process.</span></p>\n<p></p>\n</td>\n</tr>\n</tbody>\n</table>'),(2877,'<hr>\n<p></p>'),(2878,'<h3><span style=\"text-align: justify; font-size: medium;\">View progress on site with our webcams.</span></h3>'),(2881,'<h3>Construction View</h3>'),(2882,'<p><span style=\"font-size: medium; background-color: #ffffff; color: #c2b59b;\">River View</span></p>\n<hr>\n<p></p>'),(2886,'<hr>\n<p></p>'),(2887,'<h3><span style=\"text-align: justify; font-size: medium;\">View progress on site with our webcams.</span></h3>'),(2890,'<h3>Construction View</h3>'),(2891,'<p><span style=\"font-size: medium; background-color: #ffffff; color: #c2b59b;\">River View</span></p>\n<hr>\n<p></p>'),(2892,'<h3>The water we will use to create The Lakes Malt is from the famous river Derwent, which emerges from Bassenthwaite Lake next to the distillery.</h3>'),(2893,'<table style=\"height: 206px; width: 592px;\" border=\"0\">\n<tbody>\n<tr>\n<td><img src=\"/media/files/production/archways.gif\" width=\"169\" style=\"margin-left: 10px; margin-right: 10px;\" height=\"300\" alt=\"\"></td>\n<td>\n<p><span style=\"font-size: small;\">The quality of the casks used for maturing has a major impact on the whisky and we will use a high proportion of sherry casks in addition to bourbon barrels  we may experiment with other different woods for our casks as well. The moisture rich atmosphere of the Lakes will be ideal for the maturing process. Most of the malt whisky we will produce will be lightly peated, so more akin to the whiskies from the highlands rather than Islay. However, we do plan to run some batches each year of a peated malt.</span></p>\n<p><span style=\"font-size: small;\">Our team is steeped in whisky experience. Our founder, Paul Currie, co-founded the widely acclaimed, award winning Arran distillery, and our production is overseen by one of Scotlands foremost whisky experts, Alan Rutherford, former production director at Diageo and council member of the Scotch Whisky Association.</span></p>\n</td>\n</tr>\n</tbody>\n</table>'),(2894,'<table style=\"height: 193px; width: 622px;\" border=\"0\">\n<tbody>\n<tr>\n<td>\n<p style=\"text-align: justify;\"><span style=\"font-size: small;\">Our master distiller, Chris Anderson will be crossing the border from Scotland, with a lifetimes experience of making the highest quality whisky, including as manager of a number of well known distilleries.</span></p>\n<p style=\"text-align: justify;\"><span style=\"font-size: small;\">With all this expertise we aim to produce a single malt to rival the finest our Scottish neighbours can produce - and we are giving those who love whisky, who love the Lake District or who simply want to embark on a wonderful adventure the chance to own the very first bottles with our<a href=\"http://www.lakesdistillery.com/members/founders-club\">Founders\' Club</a>.</span></p>\n</td>\n<td><img src=\"/media/files/production/pc_+_chris_anderson_(2)_(1).jpg\" width=\"230\" style=\"margin-left: 10px; margin-right: 10px;\" height=\"300\" alt=\"\"></td>\n</tr>\n</tbody>\n</table>'),(2895,'<table style=\"height: 221px; width: 576px;\" border=\"0\">\n<tbody>\n<tr>\n<td>\n<p><span style=\"font-size: small;\">We have put a lot of thought into the production process at our distillery to ensure we produce a malt whisky of outstanding quality. The plant has been carefully designed to the highest specification, with a new innovation we will use both copper and stainless steel condensers to create a whisky of richer character. Our copper stills will be made to a unique design and on a small artisan scale  no mass production for us!</span></p>\n<p></p>\n</td>\n<td><img src=\"/media/files/production/warehouse.gif\" width=\"253\" style=\"margin-left: 10px; margin-right: 10px;\" height=\"187\" alt=\"\"></td>\n</tr>\n</tbody>\n</table>'),(2896,'<table border=\"0\">\n<tbody>\n<tr>\n<td><img src=\"/media/files/production/sprinkling-tarn.gif\" width=\"254\" style=\"margin-left: 10px; margin-right: 10px;\" height=\"142\" alt=\"\"></td>\n<td>\n<p><span style=\"font-size: small;\">Its source is at Sprinkling Tarn, one of the most beautiful tarns in Cumbria, and from there it flows down through the peaty foothills, which surround Scafell Pike, the highest of the Lakes\' peaks. Analysis has shown it contains all the vital constituents necessary for distilling the purest whisky  but that is just the start of the process.</span></p>\n<p></p>\n</td>\n</tr>\n</tbody>\n</table>'),(2898,'<h3><span>You will be able to go inside the distillery to see exactly how The Lakes Malt and The Lakes Gin are made, as well as being able to visit our warehouse filled with our maturing whisky.</span></h3>\n<p><img src=\"/media/files/destillery_tours/slate.gif\" width=\"660\" alt=\"\" height=\"126\"></p>\n<p>The Lake District is a hugely popular tourist area, and we aim to be a major attraction to the 15 million visitors who come each year.<img src=\"/media/files/destillery_tours/archway-in-dis.gif\" width=\"200\" style=\"float: right;\" height=\"300\" alt=\"\"></p>\n<p>The tour will start in an information area which will include a video, and your expert, entertaining guide will then take you through to the distillery to reveal the secrets of how malt whisky and gin are made. You will be taken through the warehouse, where our whisky peacefully matures in casks, and on to our tasting room, where you can taste our products for yourself.</p>\n<p></p>'),(2900,'<h3>Production will start in Spring 2014, with the visitor centre opening in the autumn.</h3>\n<table border=\"0\" style=\"height: 270px; width: 455px;\">\n<tbody>\n<tr>\n<td rowspan=\"10\"><img alt=\"\" height=\"644\" src=\"/media/files/timetable/timetable_(2).gif\" width=\"161\"></td>\n<td>\n<p><span><span style=\"text-decoration: underline;\"><em><strong>September 2013</strong></em></span></span></p>\n<p><span>- Launch of<a href=\"http://www.lakesdistillery.com/shop\">The ONE</a>at the Taste Cumbria festival</span></p>\n<p><span><strong><em><span style=\"text-decoration: underline;\">October 2013</span></em></strong></span></p>\n<p><span>- Final stages of planning being approved</span></p>\n<p><span>- Interior designers working on their initial concepts</span></p>\n</td>\n</tr>\n<tr>\n<td>\n<p><span style=\"text-decoration: underline;\"><em><strong>November 2013</strong></em></span></p>\n<p>- Work to start on site</p>\n<p>- Gift packs and miniature gift packs launched in time for Christmas!</p>\n<p>- The Wine Chambers Christmas tasting at the Grand Hotel - Tynemouth, Newcastle Upon Tyne. 27th &amp; 28th 5pm - 9pm</p>\n</td>\n</tr>\n<tr>\n<td>\n<p><span style=\"text-decoration: underline;\"><strong><em>Spring 2014</em></strong></span></p>\n<p>- The stills will be delivered allowing us to start the production of The Lakes Gin, and The Lakes Malt straight away</p>\n<p><span style=\"text-decoration: underline;\"><strong><em>Autumn 2014</em></strong></span></p>\n<p>- We hope to have the remaining building work completed for our Visitor Centre, Bar &amp; Bistro and shop</p>\n</td>\n</tr>\n<tr>\n<td>\n<p></p>\n</td>\n</tr>\n<tr>\n<td>\n<p></p>\n</td>\n</tr>\n<tr>\n<td></td>\n</tr>\n<tr>\n<td></td>\n</tr>\n<tr>\n<td></td>\n</tr>\n<tr>\n<td></td>\n</tr>\n<tr>\n<td></td>\n</tr>\n</tbody>\n</table>'),(2903,'<table border=\"0\" cellpadding=\"10\" style=\"height: 920px; width: 804px;\">\n<tbody>\n<tr>\n<td><img alt=\"\" height=\"300\" src=\"/media/files/our_people/pc_+_chris_anderson_(2).jpg\" style=\"margin-left: 10px; margin-right: 10px;\" width=\"230\"></td>\n<td>\n<h2 style=\"text-align: left;\">CHRIS ANDERSON - MASTER DISTILLER</h2>\n<p style=\"text-align: left;\">\"Most of all Im looking forward to seeing the first spirit flow into the spirit safe. Then the adventure really begins.\" Chris Anderson comes from a long line of Scottish whisky distillers and began his own whisky career at CaolIla on Islay. He also worked at Lagavulin before moving to manage all of Dewars distilleries, including Royal Brackla, Aberfeldy, Craigellachie and Aultmore. Chris brings a wealth of experience to us, as he will play the central role in creating the new Lakes Malt.</p>\n</td>\n</tr>\n<tr>\n<td colspan=\"2\">\n<h2></h2>\n<hr>\n<p></p>\n</td>\n</tr>\n<tr>\n<td><img alt=\"\" height=\"300\" src=\"/media/files/our_people/pc_+_alan_rutherford.jpg\" style=\"margin-left: 10px; margin-right: 10px;\" width=\"230\"></td>\n<td>\n<h2 style=\"text-align: left;\">DR ALAN RUTHERFORD OBE - DIRECTOR</h2>\n<p style=\"text-align: left;\">The Lakes Distillery has so much going for it  a great team, a wonderful location, and all the ingredients for what should be an outstanding malt whisky Alan Rutherford, whose career in the whisky industry spans almost 40 years, is one of the leading figures in the whisky industry. A former council member of the Scotch Whisky Council, he was previously scotch whisky production director at United Distillers - later Diageo. Alan will oversee the production of our whiskies and gin.</p>\n</td>\n</tr>\n<tr>\n<td colspan=\"2\">\n<h2></h2>\n<hr>\n<h2></h2>\n</td>\n</tr>\n<tr>\n<td><img alt=\"\" height=\"300\" src=\"/media/files/our_people/paul_currie_at_site.jpg\" style=\"margin-left: 10px; margin-right: 10px;\" width=\"230\"></td>\n<td>\n<h2 style=\"text-align: left;\">PAUL CURRIE - FOUNDER AND MANAGING DIRECTOR</h2>\n<p style=\"text-align: left;\">Whiskys been a part of my life for as long as I can remember. With a family background in the whisky industry, he has had a lifelong love of spirits, and previously set up the award winning Isle of Arran distillery with his father. He has been the driving force behind setting up the new Lakes Distillery.</p>\n</td>\n</tr>\n</tbody>\n</table>'),(2905,'<table style=\"height: 308px; width: 838px;\" border=\"0\">\n<tbody>\n<tr>\n<td><img src=\"/media/files/our_people/paul_currie_at_site.jpg\" width=\"230\" style=\"margin-left: 20px; margin-right: 20px;\" height=\"300\" alt=\"\"></td>\n<td>\n<h1>PAUL CURRIE - FOUNDER AND MANAGING DIRECTOR</h1>\n<hr>\n<p><span><span><span>Whiskys been a part of my life for as long as I can remember.</span></span></span></p>\n<hr>\n<p>With a family background in the whisky industry, he has had a lifelong love of spirits, and previously set up the award winning Isle of Arran distillery with his father. He has been the driving force behind setting up the new Lakes Distillery.</p>\n</td>\n</tr>\n</tbody>\n</table>'),(2906,'<table style=\"height: 308px; width: 905px;\" border=\"0\">\n<tbody>\n<tr>\n<td><img src=\"/media/files/our_people/pc_+_alan_rutherford.jpg\" width=\"230\" style=\"margin-left: 20px; margin-right: 20px;\" height=\"300\" alt=\"\"></td>\n<td>\n<h1>DR ALAN RUTHERFORD OBE - DIRECTOR</h1>\n<hr>\n<p>The Lakes Distillery has so much going for it  a great team, a wonderful location, and all the ingredients for what should be an outstanding malt whisky</p>\n<hr>\n<p>Alan Rutherford, whose career in the whisky industry spans almost 40 years, is one of the leading figures in the whisky industry. A former council member of the Scotch Whisky Council, he was previously scotch whisky production director at United Distillers - later Diageo. Alan will oversee the production of our whiskies and gin.</p>\n</td>\n</tr>\n</tbody>\n</table>'),(2907,'<table style=\"height: 310px; width: 901px;\" border=\"0\">\n<tbody>\n<tr>\n<td><img src=\"/media/files/our_people/pc_+_chris_anderson_(2).jpg\" width=\"230\" style=\"margin-left: 20px; margin-right: 20px;\" height=\"300\" alt=\"\"></td>\n<td>\n<h1>CHRIS ANDERSON - MASTER DISTILLER</h1>\n<hr>\n<p>\"Most of all Im looking forward to seeing the first spirit flow into the spirit safe. Then the adventure really begins.\"</p>\n<hr>\n<p>Chris Anderson comes from a long line of Scottish whisky distillers and began his own whisky career at CaolIla on Islay. He also worked at Lagavulin before moving to manage all of Dewars distilleries, including Royal Brackla, Aberfeldy, Craigellachie and Aultmore. Chris brings a wealth of experience to us, as he will play the central role in creating the new Lakes Malt.</p>\n</td>\n</tr>\n</tbody>\n</table>'),(2909,'<hr>\n<h2><img alt=\"\" height=\"127\" src=\"/media/files/the_paul_currie_story/paul-revised-quote.gif\" style=\"font-size: 10px;\" width=\"659\"></h2>\n<p></p>\n<hr>\n<p></p>\n<p>Whiskys been a part of my life for as long as I can remember. My father was MD of Chivas-Seagrams whisky business - so, from birth, whisky was a constant topic of conversation and a genuine family passion.</p>\n<p>As a child I was fascinated by the process of distilling and I can clearly recall being taken round a distillery for the first time  I think I would have been about six-years-old  and being entranced by the gleaming copper stills.</p>\n<p>That early fascination with whisky developed over the years and in 1995 I set up Isle of Arran Distillers with my father  at the time it was the first new independent whisky distillery in Scotland for many decades but we could see the potential growth in malt whisky and we werent wrong: the whisky market and, in particular the malt whisky market, has gone from strength to strength ever since.As managing director of the company I oversaw the successful opening of the distillery, products were launched in Europe, Asia and north America, and a number of prestigious awards were won  including Scottish TVs Best Young Business and Scottish Trade Internationals New Exporter of the Year. The company received royal recognition when the visitor centre was officially opened by HM The Queen, and it also received a coveted 5 Star Visit Scotland award.</p>\n<p>I moved on from Arran to pursue other interests in the spirits industry, but then, around three years or so ago, I was on holiday in the Lake District with my family and as I looked around at the magnificent landscape; the lakes, the peaty foothills, the pure air, I realised this really was perfect whisky country and thats how The Lakes Distillery was born.</p>\n<p><img alt=\"\" height=\"212\" src=\"/media/files/the_paul_currie_story/pc_with_queen_arran_opening_(2)_small.jpg\" style=\"float: right;\" width=\"300\"></p>\n<p>Malt whisky is a booming industry with new distilleries being created across the world in countries as diverse as the US, Australia, France, Sweden and India. This was proof, if I needed it, that consumers are keen to try products from new distilleries  so why not The Lakes Distillery?</p>\n<p>The vision was one thing, however turning it into reality was quite another. One of my brothers, also involved in the whisky industry, tried to set up a distillery in the south Lakes about 10 years ago, but couldnt secure the right location and couldnt put the funding together, so I knew this would not be easy.</p>\n<p>From experience I know how important it is to build a team, and so I set about putting this in place. Newcastle-based retail expert Nigel Mills has taken on the role of Chairman, and some true whisky experts have joined us, including our master distiller, Chris Anderson, whose wealth of experience and knowledge is second to none.</p>\n<p>Then, we needed to find a site and this was a huge challenge. Because the Lake District is a National Park, any development, quite rightly,is very controlled.</p>\n<p>We needed to be able to utilise existing buildings and they needed to be the right size, not only for a distillery with enough height to accommodate the stills, but for a visitor centre and with adequate access, both for deliveries and for our tourist business.</p>\n<p>Most importantly, however, we had to have a nearby source of water  and not just any water but the water that would provide the basis of The Lakes Malt.</p>\n<p>We looked at one site after another and I spent countless days poring over a map trying to work out suitable locations and driving around in the hope of spotting the perfect site  I got to know the Lakes very well!</p>\n<p>Then I contacted a property agent in Keswick, who proposed a site at Bassenthwaite Lake. It was an old Victorian Model Farm, built in the 1850s and used as a dairy farm until about 15 years ago, since it when it had stood empty.</p>\n<p>Plans were sent through and it looked very promising so we arranged for me to visit the site and meet the owner. My first impressions were all good  and then I saw the main barn and my mind was made up. Id found my distillery.</p>\n<p>Not only was it visually stunning but I reckoned it would be tall enough for our stills  better still, the river Derwent was only 150m away, so there was our water supply.</p>\n<p>The owner, Keith Fisher, seemed very supportive of our plans,so it was looking hopeful, but there was a very long way to go.</p>\n<p>Detailed plans were sent through and they confirmed that the buildings were big enough and tall enough. It also transpired we could take a wooded area next to the site to use for parking and we could also use the field between the buildings and the river, so we could have our water supply.</p>\n<p>The next stage was to agree a deal for the site, get architects drawings done and, crucially, apply for planning permission.</p>\n<p>Agreement was reached on the commercial terms for the property, so that was one hurdle out of the way.</p>\n<p>However, we also felt local support was important, so I held a meeting in the village hall to explain our plans. I wasnt sure how many would come, but the hall was packed!</p>\n<p>Understandably, there was a great deal of curiosity but this was an ideal opportunity to answer questions and provide reassurance that our aim was for The Lakes Distillery to be a true asset to the area  and would create much needed local employment.</p>\n<p>We couldnt have wished for greater support, not just from our soon-to-be neighbours but from the parish council, which subsequently gave us its full backing.</p>\n<p>We were on our way. Plans were drawn up by our architects, Architects Plus, structural surveys done (the buildings are actually in surprisingly good condition) and an excellent planning consultant, Bruce Armstrong Payne, helped us put together the planning application  not as straightforward a process as you might think.</p>\n<p>Planning applications require input from so many organisations; the parish council, DEFRA, Natural England, Cumbria Tourism, the Highways Agency  but, thankfully, all gave us their full support.</p>\n<p>At the first planning meeting, it was decided that the planning committee would do a site visit. This was done in pouring rain and a gale force wind, but the committee seemed to love the site and, at the next meeting, we were granted permission with a unanimous vote in favour.</p>\n<p>The next step was to complete the legal work on the property  a lengthy process  and then it was ours. We were ready to go.</p>\n<p>There is still a great deal to do, but work has now begun on the site and my dream, the dream which began three years ago, inspired by my lifelong love for whisky, is coming true.</p>\n<p>And that is certainly worth raising a glass to.</p>'),(2912,'<h3><span style=\"font-size: small;\">We are renovating the historic buildings of an old Victorian Model Farm next to the famous river Derwent and close to the lake, and there we aim to produce a world class single malt whisky.</span></h3>'),(2913,'<table border=\"0\" style=\"height: 212px; width: 291px;\">\n<tbody>\n<tr>\n<td>\n<p style=\"text-align: justify;\"><span style=\"font-size: medium;\">Model farms were designed to be beautiful as well as functional  and our buildings are certainly beautiful and ideally suited to our needs. Each one is being carefully and sympathetically adapted, preserving the character and history of the old,stone-built barns and sheds.</span></p>\n</td>\n</tr>\n<tr>\n<td><img alt=\"\" height=\"221\" src=\"/media/files/our_buildings/dsc04148.jpg\" width=\"629\"></td>\n</tr>\n<tr>\n<td style=\"text-align: justify;\">\n<p><span style=\"font-size: medium;\">The main barn will house our mash house and still house, with our unique stills, carefully designed to produce our Lakes Malt and Lakes Gin. An old cattle shed will be converted into our warehouse, with further cattle sheds being transformed into our shop and bistro. We think that Jos Christopherson, who farmed here in 1847, would have approved. Perhaps he even had an illicit still at the farm?</span></p>\n</td>\n</tr>\n</tbody>\n</table>'),(2917,'<p></p>\n<hr>\n<p><span style=\"font-size: medium;\">This quatrefoil design of a four leaf clover can be foun<img alt=\"\" height=\"152\" src=\"/media/files/hope,_faith,_luck,_love_v6_.jpg\" style=\"margin-left: 15px; margin-right: 15px; float: left;\" width=\"250\">d throughout the distillery buildings  representing hope, faith, love and luck. We hope to have all four in abundance!</span></p>\n<p></p>\n<p><span style=\"font-size: medium;\"></span></p>\n<p></p>\n<hr>\n<p></p>'),(2923,'<hr>\n<p></p>'),(2924,'<hr>\n<p></p>'),(2926,'<h3>Our distillery is located in one of the most beautful regions of Britain, the Lake District.</h3>\n<p style=\"text-align: justify;\"><img alt=\"\" height=\"250\" src=\"/media/files/frozen-bass.gif\" style=\"width: 660px; height: 250px; border-width: 0px; border-style: solid; border: 0; margin-left: 0px; margin-right: 0px; margin-top: 10px; margin-bottom: 10px;\" width=\"660\"></p>\n<p style=\"text-align: justify;\">Our distillery is in a region renowned for its beauty, its dramatic landscapes and, of course, magnificent lakes.</p>\n<p style=\"text-align: justify;\">After more than two years of searching, we have at last found what we believe to be the perfect site - close to Bassenthwaite Lake, six miles from the capital of the North Lakes, Keswick.</p>\n<p style=\"text-align: justify;\">Encircled by Cumbrian hills and mountains, it is an area of unimaginable beauty.</p>\n<p style=\"text-align: justify;\">Unchanged for centuries, the only sounds are the cry of ospreys, the gentle trickle of water from the streams which feed the lake itself and, of course, the soft rain falling on the heather and grass. One of the Lakes highest peaks, Skiddaw, watches over the lake, an inspiration to poets including Wordsworth and Tennyson.</p>\n<p>This is the home of the new Lakes Distillery. <img alt=\"\" height=\"250\" src=\"/media/files/bassenthwaite_1..jpg\" style=\"width: 660px; height: 250px; border-width: 0px; border-style: solid; border: 0; margin-left: 0px; margin-right: 0px; margin-top: 10px; margin-bottom: 10px;\" width=\"660\"></p>\n<h3>WHISKY IN CUMBRIA</h3>\n<p style=\"text-align: justify;\">Cumbria has a long whisky heritage, and if look around the Lakes, you will see exactly why. The landscape is one of fast flowing rivers, rugged mountains and clean pure air - these conditions are very much like those found in Scotland.</p>\n<p style=\"text-align: justify;\"><img alt=\"\" height=\"436\" src=\"/media/files/whisky-map.gif\" style=\"width: 263px; height: 300px; border-width: 0px; border-style: solid; float: left; border: 0; margin: 5px 15px 5px 0;\" width=\"382\"> The Lake District in Cumbria was also once part of Scotland. Its place names reflect its celtic heritage. It is remote, wet and beautiful. In short, it is ideal whisky producing country.</p>\n<p style=\"text-align: justify;\">With this perfect environment for making whisky, it is no surprise that there is also a long history of illicit whisky distilling in the area, with the secluded hills and valleys of the area ideal for smugglers. One of these distillers was Lancelot \'Lanty\' Slee, who had a thriving business and always managed to keep one step ahead of the customs authorities  helped by supplying his \'whisky\' to the local magistrates. With many other illicit stills in the Lakes, the area was well known as a whisky producing region at this time.</p>'),(3122,'<p></p>\n<hr>\n<h1><span style=\"font-size: x-large;\"><strong>A \'GREEN\' WHISKY</strong></span></h1>\n<hr>\n<p><strong><em><span style=\"font-size: medium;\">Producing our whisky in the most environmentally friendly way possible is very important to us, and we will be doing everything possible to reduce our carbon footprint.</span></em></strong></p>\n<ul>\n<li><hr><span style=\"font-size: medium;\">The whisky production process is entirely natural, using only grain, yeast and water. No damaging effluent is produced.</span></li>\n<li><span style=\"font-size: medium;\">Most of the by-products from the distillation processes will be returned to local farmers for use as animal feed and for soil improvement.</span></li>\n<li><span style=\"font-size: medium;\">Water used for production will be stored and recycled.</span></li>\n<li><span style=\"font-size: medium;\">Heat from the distillation process will be reused to heat all the buildings (including the visitor centre), and natural ventilation and river water will be used for cooling.</span></li>\n<li><span style=\"font-size: medium;\">Building materials will be as eco friendly as possible (eg wool insulation in the walls).</span></li>\n<li><span style=\"font-size: medium;\"><span style=\"font-size: medium;\">We will install solar panels to supply all of our electricity needs, and have some left over to supply the grid.</span></span></li>\n<li></li>\n</ul>'),(3124,'<h3 style=\"text-align: justify;\"><span style=\"font-size: medium;\">The distillery is located next to Bassenthwaite Lake, which is a National Nature Reserve in one of Britain\'s most beautiful areas, the Lake District.</span></h3>'),(3126,'<p style=\"text-align: justify;\"><span style=\"font-size: medium;\">Close to Bassenthwaite Lake, in an area of unimaginable beauty encircled by Cumbrian fells, we have found the perfect home for the new Lakes Distillery.</span></p>\n<p style=\"text-align: justify;\"><span style=\"font-size: medium;\">We are renovating the historic buildings of an old Victorian Model Farm next to the famous river Derwent and close to Bassenthwaite Lake, and there we aim to produce a world class single malt whisky.</span></p>\n<p style=\"text-align: justify;\"><span style=\"font-size: medium;\">We have ideal water from the famous River Derwent, with its source high up in the fells, a team steeped in whisky experience, and perfect conditions for distilling.</span></p>\n<p style=\"text-align: justify;\"><span style=\"font-size: medium;\">The Derwent\'s source is at Sprinkling Tarn, one of the most beautiful tarns in Cumbria, and from there it flows down through the peaty foothills, which surround Scafell Pike, the highest of the Lakes\' peaks. It is a famous salmon river, and the area where it flows past our distillery has been designated a site of Special Scientific Interest. Analysis has shown it contains all the vital constituents necessary for distilling the purest whisky  but that is just the start of the process.</span></p>'),(3128,'<p style=\"text-align: justify;\"><span style=\"font-size: medium; text-align: justify;\">We have put a lot of thought into the production process at our distillery to ensure we produce a malt whisky of outstanding quality. The plant has been carefully designed to the highest specification, and our copper stills will be made to a unique design and on a small artisan scale  no mass production for us!</span><br><span style=\"font-size: medium; text-align: justify;\">The quality of the casks used for maturing has a major impact on the whisky and we will use a high proportion of sherry casks in addition to bourbon barrels  we may experiment with other different woods for our casks as well, as not being a scotch whisky we can use woods other than oak.</span><br><span style=\"font-size: medium; text-align: justify;\">The moisture rich atmosphere of the Lakes will be ideal for the maturing process.</span><br><span style=\"font-size: medium; text-align: justify;\">Most of the malt whisky we will produce will be lightly peated, so more akin to the whiskies from the highlands rather than Islay. However, we do plan to run some batches each year of a heavily peated malt.</span></p>'),(3216,'<p style=\"text-align: justify;\">The quality of the casks used for maturing has a major impact on the whisky and we will use a high proportion of sherry casks in addition to bourbon barrels  we may experiment with other different woods for our casks as well, as not being a scotch whisky we can use woods other than oak.<br>The moisture rich atmosphere of the Lakes will be ideal for the maturing process.<br>Most of the malt whisky we will produce will be lightly peated, so more akin to the whiskies from the highlands rather than Islay. However, we do plan to run some batches each year of a heavily peated malt.</p>'),(3375,'<h3 style=\"text-align: justify;\">Life Membership</h3>\n<ul style=\"text-align: justify;\">\n<li>\n<p>595 for those in the UK,Including VAT, duty and delivery to United Kingdom mainland addresses</p>\n</li>\n<li>\n<p>Monthly payments available for those in the UK. 100 a month over 6 months,Including VAT, duty and delivery to United Kingdom mainland addresses</p>\n</li>\n</ul>\n<ul>\n<li>\n<p style=\"text-align: justify;\">695 in the EUIncluding VAT, duty and delivery to the EU. For other countries please contact us for further information</p>\n</li>\n</ul>'),(3459,'<hr>\n<h2><img alt=\"\" height=\"127\" src=\"/media/files/the_paul_currie_story/paul-revised-quote.gif\" style=\"font-size: 10px;\" width=\"659\"></h2>\n<p></p>\n<hr>\n<p></p>\n<p>Whiskys been a part of my life for as long as I can remember. My father was MD of Chivas-Seagrams whisky business - so, from birth, whisky was a constant topic of conversation and a genuine family passion.</p>\n<p>As a child I was fascinated by the process of distilling and I can clearly recall being taken round a distillery for the first time  I think I would have been about six-years-old  and being entranced by the gleaming copper stills.</p>\n<p>That early fascination with whisky developed over the years and in 1995 I set up Isle of Arran Distillers with my father  at the time it was the first new independent whisky distillery in Scotland for many decades but we could see the potential growth in malt whisky and we werent wrong: the whisky market and, in particular the malt whisky market, has gone from strength to strength ever since.As managing director of the company I oversaw the successful opening of the distillery, products were launched in Europe, Asia and north America, and a number of prestigious awards were won  including Scottish TVs Best Young Business and Scottish Trade Internationals New Exporter of the Year. The company received royal recognition when the visitor centre was officially opened by HM The Queen, and it also received a coveted 5 Star Visit Scotland award.</p>\n<p>I moved on from Arran to pursue other interests in the spirits industry, but then, around three years or so ago, I was on holiday in the Lake District with my family and as I looked around at the magnificent landscape; the lakes, the peaty foothills, the pure air, I realised this really was perfect whisky country and thats how The Lakes Distillery was born.</p>\n<p><img alt=\"\" height=\"212\" src=\"/media/files/the_paul_currie_story/pc_with_queen_arran_opening_(2)_small.jpg\" style=\"float: right;\" width=\"300\"></p>\n<p>Malt whisky is a booming industry with new distilleries being created across the world in countries as diverse as the US, Australia, France, Sweden and India. This was proof, if I needed it, that consumers are keen to try products from new distilleries  so why not The Lakes Distillery?</p>\n<p>The vision was one thing, however turning it into reality was quite another. One of my brothers, also involved in the whisky industry, tried to set up a distillery in the south Lakes about 10 years ago, but couldnt secure the right location and couldnt put the funding together, so I knew this would not be easy.</p>\n<p>From experience I know how important it is to build a team, and so I set about putting this in place. Newcastle-based retail expert Nigel Mills has taken on the role of Chairman, and some true whisky experts have joined us, including our master distiller, Chris Anderson, whose wealth of experience and knowledge is second to none.</p>\n<p>Then, we needed to find a site and this was a huge challenge. Because the Lake District is a National Park, any development, quite rightly,is very controlled.</p>\n<p>We needed to be able to utilise existing buildings and they needed to be the right size, not only for a distillery with enough height to accommodate the stills, but for a visitor centre and with adequate access, both for deliveries and for our tourist business.</p>\n<p>Most importantly, however, we had to have a nearby source of water  and not just any water but the water that would provide the basis of The Lakes Malt.</p>\n<p>We looked at one site after another and I spent countless days poring over a map trying to work out suitable locations and driving around in the hope of spotting the perfect site  I got to know the Lakes very well!</p>\n<p>Then I contacted a property agent in Keswick, who proposed a site at Bassenthwaite Lake. It was an old Victorian Model Farm, built in the 1850s and used as a dairy farm until about 15 years ago, since it when it had stood empty.</p>\n<p>Plans were sent through and it looked very promising so we arranged for me to visit the site and meet the owner. My first impressions were all good  and then I saw the main barn and my mind was made up. Id found my distillery.</p>\n<p>Not only was it visually stunning but I reckoned it would be tall enough for our stills  better still, the river Derwent was only 150m away, so there was our water supply.</p>\n<p>The owner, Keith Fisher, seemed very supportive of our plans,so it was looking hopeful, but there was a very long way to go.</p>\n<p>Detailed plans were sent through and they confirmed that the buildings were big enough and tall enough. It also transpired we could take a wooded area next to the site to use for parking and we could also use the field between the buildings and the river, so we could have our water supply.</p>\n<p>The next stage was to agree a deal for the site, get architects drawings done and, crucially, apply for planning permission.</p>\n<p>Agreement was reached on the commercial terms for the property, so that was one hurdle out of the way.</p>\n<p>However, we also felt local support was important, so I held a meeting in the village hall to explain our plans. I wasnt sure how many would come, but the hall was packed!</p>\n<p>Understandably, there was a great deal of curiosity but this was an ideal opportunity to answer questions and provide reassurance that our aim was for The Lakes Distillery to be a true asset to the area  and would create much needed local employment.</p>\n<p>We couldnt have wished for greater support, not just from our soon-to-be neighbours but from the parish council, which subsequently gave us its full backing.</p>\n<p>We were on our way. Plans were drawn up by our architects, Architects Plus, structural surveys done (the buildings are actually in surprisingly good condition) and an excellent planning consultant, Bruce Armstrong Payne, helped us put together the planning application  not as straightforward a process as you might think.</p>\n<p>Planning applications require input from so many organisations; the parish council, DEFRA, Natural England, Cumbria Tourism, the Highways Agency  but, thankfully, all gave us their full support.</p>\n<p>At the first planning meeting, it was decided that the planning committee would do a site visit. This was done in pouring rain and a gale force wind, but the committee seemed to love the site and, at the next meeting, we were granted permission with a unanimous vote in favour.</p>\n<p>The next step was to complete the legal work on the property  a lengthy process  and then it was ours. We were ready to go.</p>\n<p>There is still a great deal to do, but work has now begun on the site and my dream, the dream which began three years ago, inspired by my lifelong love for whisky, is coming true.</p>\n<p>And that is certainly worth raising a glass to.</p>'),(3652,'<h1>This is how it works...</h1>'),(3743,'<table border=\"0\" style=\"height: 741px; width: 882px;\">\n<tbody>\n<tr>\n<td style=\"text-align: justify;\"><img alt=\"\" height=\"449\" src=\"/media/files/the_lakes_vodka_(front).jpg\" width=\"367\"></td>\n<td style=\"text-align: justify;\">\n<h1>THE LAKES VODKA</h1>\n<hr>\n<p></p>\n<p>The Lakes Vodka will be the first ever vodka to be produced in Cumbria, lovingly distilled in our small artisan still.</p>\n<p>Vodka has never been produced in Cumbria before, but we are creating something very special.</p>\n<p>We have the ideal ingredients to make a very delicious vodka, and using traditional artisan methods with our beautiful copper pot still, we will be producing a spirit of outstanding quality. And our vodka will be double distilled, making it even purer and smoother.</p>\n<p>The Lakes Vodka - the only vodka to be distilled in Cumbria.</p>\n<p></p>\n</td>\n</tr>\n<tr>\n<td colspan=\"2\">\n<p style=\"text-align: center;\"></p>\n<h1 style=\"text-align: left;\"></h1>\n<p style=\"text-align: left;\"></p>\n</td>\n</tr>\n<tr>\n<td colspan=\"2\"></td>\n</tr>\n</tbody>\n</table>'),(3760,'<table border=\"0\" style=\"height: 741px; width: 882px;\">\n<tbody>\n<tr>\n<td style=\"text-align: justify;\"><img alt=\"\" height=\"449\" src=\"/media/files/the_lakes_vodka_(front).jpg\" width=\"367\"></td>\n<td style=\"text-align: justify;\">\n<h1>THE LAKES VODKA</h1>\n<hr>\n<p></p>\n<p>The Lakes Vodka will be the first ever vodka to be produced in Cumbria, lovingly distilled in our small artisan still.</p>\n<p>Vodka has never been produced in Cumbria before, but we are creating something very special.</p>\n<p>We have the ideal ingredients to make a very delicious vodka, and using traditional artisan methods with our beautiful copper pot still, we will be producing a spirit of outstanding quality. And our vodka will be double distilled, making it even purer and smoother.</p>\n<p>The Lakes Vodka - the only vodka to be distilled in Cumbria.</p>\n<p></p>\n</td>\n</tr>\n<tr>\n<td colspan=\"2\">\n<p style=\"text-align: center;\"></p>\n<h1 style=\"text-align: left;\"></h1>\n<p style=\"text-align: left;\"></p>\n</td>\n</tr>\n<tr>\n<td colspan=\"2\"></td>\n</tr>\n</tbody>\n</table>'),(3770,'<hr>\n<p></p>'),(3776,'<p>1. Choose which banner you would like to use</p>\n<p></p>\n<p>2. Email us on <a href=\"mailto:partners@lakesdistillery.com\" target=\"_blank\">partners@lakesdistillery.com</a> with your choice</p>\n<p></p>\n<p>3. We will then send you the banner with your unique code, so that sales can be tracked to you</p>\n<p></p>\n<p>4. You then put this up on your website, and that\'s it! </p>\n<p></p>\n<p>You may also want to feature information about our clubs on your site - full details can be found in the members dropdown on the website.</p>'),(3778,'<h1>This is how it works...</h1>'),(3779,'<hr>\n<p></p>'),(3780,'<h1>Partner Scheme</h1>'),(3790,'<p></p>\n<table border=\"0\" style=\"height: 237px; width: 777px;\">\n<tbody>\n<tr>\n<td><img alt=\"\" height=\"449\" src=\"/media/files/brand/the_lakes_gin_2.jpg\" width=\"367\"></td>\n<td>\n<h1>THE LAKES GIN</h1>\n<h3 style=\"text-align: justify;\">The Lakes Gin will be the only gin distilled in the Lake District, and will be available from Summer 2014.</h3>\n<p style=\"text-align: justify;\">The LakesGinwill be a truly Cumbriangin, made with local botanicals, and distilled in our small artisan still.</p>\n<br>\n<p style=\"text-align: justify;\">The onlyginto be distilled in Cumbria, The LakesGinis a truly unique product. It will be carefully crafted using classicginbotanicals augmented with those native to Cumbria - including juniper, bilberry, heather and meadowsweet.</p>\n<br>\n<p style=\"text-align: justify;\">Made very much on an artisan, small batch scale, it will be lovingly created in our small 1,000 litre still, perfectly designed to produce an outstanding spirit. Instead of the rapid distillation found in most other mass producedgins, ours will be produced over 24 hours - very slowly, very carefully, very delicious.</p>\n<p style=\"text-align: justify;\"></p>\n<hr>\n<h1 style=\"text-align: justify;\"><span style=\"font-size: x-large;\">Gin in Cumbria</span></h1>\n<hr><br>\n<p style=\"text-align: justify;\">Cumbria has a rich history of gin - not surprising when it is the main area in the UK where juniper grows.</p>\n<br>\n<p style=\"text-align: justify;\">Throughout the 18th century gin production in the Lake District flourished as, despite Government taxation, the spirit became very popular across the country.</p>\n<br>\n<p style=\"text-align: justify;\">For much of the 1700s the area was a hotbed of gin smuggling - in 1795 alone a million gallons of gin are said to have been smuggled across the Solway.</p>\n<br>\n<p style=\"text-align: justify;\">And now gin distilling is set to return once again to Cumbria.</p>\n</td>\n</tr>\n<tr>\n<td colspan=\"2\">\n<p><span></span></p>\n<hr>\n<p></p>\n</td>\n</tr>\n<tr>\n<td colspan=\"2\"><img alt=\"\" height=\"210\" src=\"/media/files/merchandise.jpg\" style=\"float: right;\" width=\"893\"></td>\n</tr>\n</tbody>\n</table>\n<p></p>\n<hr>\n<p></p>'),(3791,'<p></p>\n<table border=\"0\" style=\"height: 237px; width: 777px;\">\n<tbody>\n<tr>\n<td><img alt=\"\" height=\"449\" src=\"/media/files/brand/the_lakes_gin_2.jpg\" width=\"367\"></td>\n<td>\n<h1>THE LAKES GIN</h1>\n<h3 style=\"text-align: justify;\">The Lakes Gin will be the only gin distilled in the Lake District, and will be available from Summer 2014.</h3>\n<p style=\"text-align: justify;\">The LakesGinwill be a truly Cumbriangin, made with local botanicals, and distilled in our small artisan still.</p>\n<br>\n<p style=\"text-align: justify;\">The onlyginto be distilled in Cumbria, The LakesGinis a truly unique product. It will be carefully crafted using classicginbotanicals augmented with those native to Cumbria - including juniper, bilberry, heather and meadowsweet.</p>\n<br>\n<p style=\"text-align: justify;\">Made very much on an artisan, small batch scale, it will be lovingly created in our small 1,000 litre still, perfectly designed to produce an outstanding spirit. Instead of the rapid distillation found in most other mass producedgins, ours will be produced over 24 hours - very slowly, very carefully, very delicious.</p>\n<p style=\"text-align: justify;\"></p>\n<hr>\n<h1 style=\"text-align: justify;\"><span style=\"font-size: x-large;\">Gin in Cumbria</span></h1>\n<hr><br>\n<p style=\"text-align: justify;\">Cumbria has a rich history of gin - not surprising when it is the main area in the UK where juniper grows.</p>\n<br>\n<p style=\"text-align: justify;\">Throughout the 18th century gin production in the Lake District flourished as, despite Government taxation, the spirit became very popular across the country.</p>\n<br>\n<p style=\"text-align: justify;\">For much of the 1700s the area was a hotbed of gin smuggling - in 1795 alone a million gallons of gin are said to have been smuggled across the Solway.</p>\n<br>\n<p style=\"text-align: justify;\">And now gin distilling is set to return once again to Cumbria.</p>\n</td>\n</tr>\n<tr>\n<td colspan=\"2\">\n<p><span></span></p>\n<hr>\n<p></p>\n</td>\n</tr>\n<tr>\n<td colspan=\"2\"><img alt=\"\" height=\"210\" src=\"/media/files/merchandise.jpg\" style=\"float: right;\" width=\"893\"></td>\n</tr>\n</tbody>\n</table>\n<p></p>\n<hr>\n<p></p>'),(3826,'<p><strong><span style=\"text-decoration: underline;\"><img alt=\"\" height=\"170\" src=\"/media/files/bbc_radio_4.jpg\" style=\"float: left; margin-left: 15px; margin-right: 15px;\" width=\"250\">BBC Radio 4 PM - 22.02.14</span></strong></p>\n<p></p>'),(3827,'<hr>\n<p></p>'),(3875,'<table border=\"0\" style=\"height: 459px; width: 951px;\">\n<tbody>\n<tr>\n<td style=\"text-align: justify;\"><img alt=\"\" height=\"451\" src=\"/media/files/brand/the_lakes_malt.jpg\" style=\"margin-left: 10px; margin-right: 10px;\" width=\"362\"></td>\n<td style=\"text-align: justify;\">\n<h1>THE LAKES MALT</h1>\n<h3><span><span>The Lakes Malt will be available from 2019.</span></span></h3>\n<p>Most of the malt whisky we will produce will be lightly peated, so more akin to the whiskies from the highlands rather than Islay, although we do plan to run some batches of a more heavily peated malt each year.</p>\n<p><span>Our team is steeped in whisky experience. Our founder,</span><a href=\"http://213.175.215.219/~lakes2/our%20people/our-people/our-people/our-distillery/our-people/paul-currie\">Paul Currie</a><span>, co-founded the widely acclaimed, award winning Arran distillery, and our production is overseen by one of Scotlands foremost whisky experts,</span><a href=\"http://213.175.215.219/~lakes2/our-people/our-people/our-distillery/our-people/alan-rutherford\">Alan Rutherford</a><span>, former production director at Diageo and council member of the Scotch Whisky Association.</span></p>\n<p>Our master distiller<a href=\"http://213.175.215.219/~lakes2/our-distillery/our-people/chris-anderson\">Chris Anderson</a>will be crossing the border from Scotland, with a lifetimes experience of making the highest quality whisky, including as manager of a number of well known distilleries.</p>\n<p>The Lakes Malt will become available only once it is perfectly matured - so we will have to be patient for a little while yet!</p>\n<p>You can secure your own bottlings taken from the first 100 casks ever produced of The Lakes Malt by joining our Founders\' Club -<a href=\"/admin/cms/page/54/edit-plugin/142/founders-club\" target=\"_self\">Click Here</a></p>\n</td>\n</tr>\n</tbody>\n</table>'),(3933,'<hr>\n<p></p>'),(4007,'<hr>\n<p></p>'),(4019,'<p><strong><span style=\"text-decoration: underline;\"><img alt=\"\" height=\"170\" src=\"/media/files/bbc_radio_4.jpg\" style=\"float: left; margin-left: 15px; margin-right: 15px;\" width=\"250\">BBC Radio 4 PM - 22.02.14</span></strong></p>\n<p></p>'),(4020,'<hr>\n<p></p>'),(4039,'<h3><span>From the outset it has been our aim at The Lakes Distillery to create not just world-class spirits but a destination for whisky lovers and a key attraction for visitors to the Lakes.</span></h3>'),(4040,'<p style=\"text-align: justify;\">With the aim of introducing as many people as possible to The Lakes Distillery, we are offering a range of exclusive benefits to those who choose to become Members.</p>\n<p style=\"text-align: justify;\">Membership is absolutely free and along with regular newsletters, members will enjoy advance notification of new products at The Lakes Distillery along with a whole range of privileges including 10% off all items in our online shop (excluding Founders and Connoisseurs memberships).</p>\n<p style=\"text-align: justify;\">So, if you are a whisky lover, love the lakes or simply want to joi us on this great adventure,<span style=\"text-decoration: underline;\"><strong><a href=\"http://www.lakesdistillery.com/register\">sign up now.</a></strong></span></p>'),(4043,'<hr>\n<p></p>'),(4049,'<h3><span>From the outset it has been our aim at The Lakes Distillery to create not just world-class spirits but a destination for whisky lovers and a key attraction for visitors to the Lakes.</span></h3>'),(4050,'<p style=\"text-align: justify;\">With the aim of introducing as many people as possible to The Lakes Distillery, we are offering a range of exclusive benefits to those who choose to become Members.</p>\n<p style=\"text-align: justify;\">Membership is absolutely free and along with regular newsletters, members will enjoy advance notification of new products at The Lakes Distillery along with a whole range of privileges including 10% off all items in our online shop (excluding Founders and Connoisseurs memberships).</p>\n<p style=\"text-align: justify;\">So, if you are a whisky lover, love the lakes or simply want to joi us on this great adventure,<span style=\"text-decoration: underline;\"><strong><a href=\"http://www.lakesdistillery.com/register\">sign up now.</a></strong></span></p>'),(4053,'<hr>\n<p></p>'),(4265,'<hr>\n<p></p>'),(4266,'<h2 style=\"text-align: left;\"><span>Connoisseurs\' Club - 12,000</span></h2>\n<h3><span>Worldwide membership restricted to a maximum of 60</span></h3>'),(4267,'<p style=\"text-align: left;\">By becoming part of a very select group of just 60 Connoisseurs Club members, you will be writing your name in history. Your membership will include many unique benefits but by far the <em style=\"text-align: justify;\">most</em> exclusive is your very own Connoisseurs Cask.</p>\n<p style=\"text-align: justify;\"></p>\n<p style=\"text-align: justify;\"><img alt=\"\" height=\"253\" src=\"/media/files/cask_and_bottles.jpg\" style=\"float: left; margin-left: 0px; margin-right: 25px; margin-top: 0px; margin-bottom: 20px;\" width=\"450\"></p>\n<p style=\"text-align: justify;\">The Lakes Distillery will produce 60 very special Connoisseurs Club oak sherry casks, into which the first distilling of The Lakes Malt will flow. Each cask is estimated to contain more than 100 bottles and you can be there on that historic first day to make the whisky yourself, fill your own Connoisseurs Cask and see it stored in the distillery warehouse. And that Connoisseurs Cask will forever bear your name.</p>\n<p style=\"text-align: justify;\"></p>\n<p style=\"text-align: justify;\">You can decide when you would like to bottle your exclusive whisky, and the duty, VAT and delivery is included in the cost of membership. You can either bottle it all at the same time, or spread the bottlings over 10 years. But this is more than just becoming part of the history of this magical spirit; it is truly an investment in its own right.</p>\n<p style=\"text-align: justify;\"></p>\n<p style=\"text-align: justify;\">With over 100 bottles in each cask, and given the very unique nature of the malt whisky, taken from The Lakes Distillerys first ever production, it is estimated that the value of your cask could be in excess of *20,000.</p>\n<p style=\"text-align: justify;\"></p>\n<p style=\"text-align: left;\">An investment for head and the heart is a very rare thing indeed  The Connoisseurs Club is all this and more.</p>\n<p style=\"text-align: justify;\"></p>\n<p style=\"text-align: justify;\"><span style=\"text-decoration: underline;\">In addition to your unique signature Connoisseurs Cask, you will exclusively enjoy:</span></p>\n<p style=\"text-align: justify;\"></p>\n<ul style=\"text-align: justify;\">\n<li>\n<p>A yearly Connoisseurs Dinner, for you and a guest, when you can personally taste the maturing malt from your very own cask. This will also include overnight accommodation at the nearby 4-star Trout Hotel</p>\n<p></p>\n</li>\n</ul>\n<ul style=\"text-align: justify;\">\n<li>\n<p>A gift of a beautiful, commemorative limited edition print, taken from a specially commissioned painting of The Lakes Distillery</p>\n<p></p>\n</li>\n</ul>\n<ul style=\"text-align: justify;\">\n<li>\n<p>Invitations to exclusive events at the distillery</p>\n</li>\n</ul>\n<p style=\"text-align: justify;\"><em></em></p>\n<p style=\"text-align: justify;\"><em>*Based on each bottle being worth around 200 after 10 years.</em></p>'),(4274,'<hr>\n<p></p>'),(4275,'<h2 style=\"text-align: left;\"><span>Connoisseurs\' Club - 12,000</span></h2>\n<h3><span>Worldwide membership restricted to a maximum of 60</span></h3>'),(4276,'<p style=\"text-align: left;\">By becoming part of a very select group of just 60 Connoisseurs Club members, you will be writing your name in history. Your membership will include many unique benefits but by far the <em style=\"text-align: justify;\">most</em> exclusive is your very own Connoisseurs Cask.</p>\n<p style=\"text-align: justify;\"></p>\n<p style=\"text-align: justify;\"><img alt=\"\" height=\"253\" src=\"/media/files/cask_and_bottles.jpg\" style=\"float: left; margin-left: 0px; margin-right: 25px; margin-top: 0px; margin-bottom: 20px;\" width=\"450\"></p>\n<p style=\"text-align: justify;\">The Lakes Distillery will produce 60 very special Connoisseurs Club oak sherry casks, into which the first distilling of The Lakes Malt will flow. Each cask is estimated to contain more than 100 bottles and you can be there on that historic first day to make the whisky yourself, fill your own Connoisseurs Cask and see it stored in the distillery warehouse. And that Connoisseurs Cask will forever bear your name.</p>\n<p style=\"text-align: justify;\"></p>\n<p style=\"text-align: justify;\">You can decide when you would like to bottle your exclusive whisky, and the duty, VAT and delivery is included in the cost of membership. You can either bottle it all at the same time, or spread the bottlings over 10 years. But this is more than just becoming part of the history of this magical spirit; it is truly an investment in its own right.</p>\n<p style=\"text-align: justify;\"></p>\n<p style=\"text-align: justify;\">With over 100 bottles in each cask, and given the very unique nature of the malt whisky, taken from The Lakes Distillerys first ever production, it is estimated that the value of your cask could be in excess of *20,000.</p>\n<p style=\"text-align: justify;\"></p>\n<p style=\"text-align: left;\">An investment for head and the heart is a very rare thing indeed  The Connoisseurs Club is all this and more.</p>\n<p style=\"text-align: justify;\"></p>\n<p style=\"text-align: justify;\"><span style=\"text-decoration: underline;\">In addition to your unique signature Connoisseurs Cask, you will exclusively enjoy:</span></p>\n<p style=\"text-align: justify;\"></p>\n<ul style=\"text-align: justify;\">\n<li>\n<p>A yearly Connoisseurs Dinner, for you and a guest, when you can personally taste the maturing malt from your very own cask. This will also include overnight accommodation at the nearby 4-star Trout Hotel</p>\n<p></p>\n</li>\n</ul>\n<ul style=\"text-align: justify;\">\n<li>\n<p>A gift of a beautiful, commemorative limited edition print, taken from a specially commissioned painting of The Lakes Distillery</p>\n<p></p>\n</li>\n</ul>\n<ul style=\"text-align: justify;\">\n<li>\n<p>Invitations to exclusive events at the distillery</p>\n</li>\n</ul>\n<p style=\"text-align: justify;\"><em></em></p>\n<p style=\"text-align: justify;\"><em>*Based on each bottle being worth around 200 after 10 years.</em></p>'),(4306,'<p>Musk are expert providers of brewhouses and distillery equipment, Mash Tuns and Washback systems.</p>'),(4310,'<p>Musk are expert providers of brewhouses and distillery equipment, Mash Tuns and Washback systems.</p>'),(4313,'<table border=\"0\" style=\"height: 884px; width: 884px;\">\n<tbody>\n<tr>\n<td><img alt=\"\" height=\"449\" src=\"/media/files/brand/the_one_bottle.jpg\" width=\"367\"></td>\n<td>\n<h1>THE ONE</h1>\n<h3>The One is a unique blend of exceptional whiskies from the British Isles.</h3>\n<p>Each has its own distinctive characteristics, resulting in a whisky of intriguing complexity.</p>\n<p>There are now distilleries producing whisky across the British Isles, and this has led us to create an entirely new concept in blended whiskies - a British Isles Blend.</p>\n<p>To create \'The One\', we have searched far and wide to bring together a range of very special whiskies from the British Isles. These have been blended with great care and passion to create a perfectly balanced whisky.</p>\n<h3>Tasting Notes</h3>\n<p>Slightly smoky, sweet and fruity, nutty, with hints of spice.</p>\n<p></p>\n<p><a class=\"black_button\" href=\"/shop\" target=\"_self\" title=\"But it Now\">Buy It Now</a></p>\n</td>\n</tr>\n<tr>\n<td colspan=\"2\">\n<p style=\"text-align: center;\"></p>\n<h1 style=\"text-align: left;\">Reviews</h1>\n<hr>\n<p style=\"text-align: justify;\"><span style=\"color: #ff9900; font-size: medium;\"><strong>The One - British Blend</strong></span></p>\n<p style=\"text-align: justify;\">I Have just had the pleasure of Tasting this really pleasant this whisky. fresh &amp; smooth, kind on the palette,slightly peaty which lingers with citrus. Excellent First Production; The future should be promising.</p>\n<hr>\n<p style=\"text-align: justify;\"><span style=\"color: #ff9900; font-size: medium;\"><strong>The One - British blend</strong></span></p>\n<p style=\"text-align: justify;\">Sweet aroma, light, fresh Palette, Pear Drops, smooth feel Finish, liquorice, lingering Very nice blend - recommend <strong>3rd December 2013</strong></p>\n<hr>\n<p style=\"text-align: justify;\"><span style=\"color: #ff9900; font-size: medium;\"><strong>The One, hits the spot!</strong></span></p>\n<p style=\"text-align: justify;\">I ordered a bottle of The One having heard it was well worth a try. Very pleased I did. Speedy and careful delivery. Thought I\'d keep it for Christmas, but it looked so good I tried it early. Very smooth, subtle peaty, smokey flavour. Goes great with water to let the complexity out without too much power. A delight to drink, well crafted blend bodes well for the Cumbrian whiskies to come. These boys know what they are doing. Strongly recommended. <strong>19th December 2013</strong></p>\n<hr>\n<p style=\"text-align: left;\">A really quality blend this, crafted with obvious love<em>-<strong>Score 87</strong></em></p>\n<p style=\"text-align: left;\">Very nice. Well rounded sweet and spicy. A very enjoyable little blend, and not very expensive too. Lovely -<strong><em>Score 84</em></strong></p>\n<p style=\"text-align: left;\">The One is a good solid blend and well worth considering as we move into the winter months</p>\n<p style=\"text-align: left;\">The design is simple and gorgeous</p>\n<p style=\"text-align: left;\">Lovelycreamy sweet vanillafudgenote</p>\n<p style=\"text-align: left;\">Its nicely sweet and well balanced</p>\n<p style=\"text-align: left;\">Very nice blend - recommend</p>\n<p style=\"text-align: left;\">Both The One whisky and Cumbria are equally beautiful</p>\n<p style=\"text-align: left;\"></p>\n</td>\n</tr>\n<tr>\n<td colspan=\"2\"><img alt=\"\" height=\"200\" src=\"/media/files/brand/banner/bottom_banner_(1).jpg\" width=\"1000\"></td>\n</tr>\n</tbody>\n</table>'),(4317,'<p>Behind the scenes at the photoshoot for our ad campaign. Special thanks to Adam and the team at<a href=\"http://www.julesb.co.uk/\">Jules B</a> who dressed and styled the models.</p>'),(4381,'<table border=\"0\" style=\"height: 493px; width: 903px;\">\n<tbody>\n<tr>\n<td><img alt=\"\" height=\"449\" src=\"/media/files/brand/the_one_bottle.jpg\" width=\"367\"></td>\n<td>\n<h1></h1>\n<h1>THE ONE</h1>\n<p>The One is a unique blend of exceptional whiskies from the British Isles. Each has its own distinctive characteristics, resulting in a whisky of intriguing complexity. There are now distilleries producing whisky across the British Isles, and this has led us to create an entirely new concept in blended whiskies - a British Isles Blen...</p>\n<p></p>\n<p><br><a class=\"black_button\" href=\"/brands/one/?preview=1&amp;draft=1&amp;language=en\" target=\"_self\">FIND OUT MORE</a></p>\n</td>\n</tr>\n<tr>\n<td colspan=\"2\">\n<p></p>\n<hr>\n<p></p>\n</td>\n</tr>\n<tr>\n<td><img alt=\"\" height=\"449\" src=\"/media/files/brand/the_lakes_gin_2.jpg\" width=\"367\"></td>\n<td>\n<h1><span style=\"font-size: xx-large;\">THE LAKES GIN</span></h1>\n<p>The Lakes Gin will be the only gin distilled in the Lake District, and will be available from Summer 2014. The fresh, pure air and clear water of the Lakes make an excellent base for whisky - but that\'s not all this still largely untouched region offers in abundance. For growing throughout the Lake District is a berry from which another d...</p>\n<p></p>\n<p><br><a href=\"/brands/lakes-gin/?preview=1&amp;draft=1&amp;language=en\"><span class=\"black_button\">FIND OUT MORE</span></a></p>\n</td>\n</tr>\n<tr>\n<td colspan=\"2\">\n<p></p>\n<hr>\n<p></p>\n</td>\n</tr>\n<tr>\n<td><img alt=\"\" height=\"449\" src=\"/media/files/the_lakes_vodka_(front).jpg\" width=\"367\"></td>\n<td>\n<h1><span style=\"font-size: xx-large;\">THE LAKES VODKA</span></h1>\n<p>The Lakes Vodka will be the first ever vodka to be produced in Cumbria, lovingly distilled in our small artisan still.</p>\n<p>Vodka has never been produced in Cumbria before, but we are creating something very special.</p>\n<p></p>\n<p><br><a href=\"/brands/the-lakes-vodka/?preview=1&amp;draft=1&amp;language=en\"><span class=\"black_button\">FIND OUT MORE</span></a></p>\n</td>\n</tr>\n<tr>\n<td colspan=\"2\">\n<p></p>\n<hr>\n<p></p>\n</td>\n</tr>\n<tr>\n<td><img alt=\"\" height=\"451\" src=\"/media/files/brand/the_lakes_malt.jpg\" width=\"362\"></td>\n<td>\n<h1><span style=\"font-size: xx-large;\">THE LAKES MALT</span></h1>\n<p>The Lakes Malt will be available from 2019. Most of the malt whisky we will produce will be lighlty peated, so more akin to the whiskies from the highlands rather than Islay, although we do plan to run some batches of a more heavily peated malt each year. Our team is steeped in whisky experience. Our founder, Paul Currie, co-founded...</p>\n<p></p>\n<p><br><a href=\"/brands/lakes-malt/?preview=1&amp;draft=1&amp;language=en\"><span class=\"black_button\">FIND OUT MORE</span></a></p>\n</td>\n</tr>\n<tr>\n<td colspan=\"2\">\n<p></p>\n<hr>\n<p></p>\n</td>\n</tr>\n</tbody>\n</table>'),(4383,'<table border=\"0\" style=\"height: 493px; width: 903px;\">\n<tbody>\n<tr>\n<td><img alt=\"\" height=\"449\" src=\"/media/files/brand/the_one_bottle.jpg\" width=\"367\"></td>\n<td>\n<h1></h1>\n<h1>THE ONE</h1>\n<p>The One is a unique blend of exceptional whiskies from the British Isles. Each has its own distinctive characteristics, resulting in a whisky of intriguing complexity. There are now distilleries producing whisky across the British Isles, and this has led us to create an entirely new concept in blended whiskies - a British Isles Blen...</p>\n<p></p>\n<p><br><a class=\"black_button\" href=\"/brands/one/?preview=1&amp;draft=1&amp;language=en\" target=\"_self\">FIND OUT MORE</a></p>\n</td>\n</tr>\n<tr>\n<td colspan=\"2\">\n<p></p>\n<hr>\n<p></p>\n</td>\n</tr>\n<tr>\n<td><img alt=\"\" height=\"449\" src=\"/media/files/brand/the_lakes_gin_2.jpg\" width=\"367\"></td>\n<td>\n<h1><span style=\"font-size: xx-large;\">THE LAKES GIN</span></h1>\n<p>The Lakes Gin will be the only gin distilled in the Lake District, and will be available from Summer 2014. The fresh, pure air and clear water of the Lakes make an excellent base for whisky - but that\'s not all this still largely untouched region offers in abundance. For growing throughout the Lake District is a berry from which another d...</p>\n<p></p>\n<p><br><a href=\"/brands/lakes-gin/?preview=1&amp;draft=1&amp;language=en\"><span class=\"black_button\">FIND OUT MORE</span></a></p>\n</td>\n</tr>\n<tr>\n<td colspan=\"2\">\n<p></p>\n<hr>\n<p></p>\n</td>\n</tr>\n<tr>\n<td><img alt=\"\" height=\"449\" src=\"/media/files/the_lakes_vodka_(front).jpg\" width=\"367\"></td>\n<td>\n<h1><span style=\"font-size: xx-large;\">THE LAKES VODKA</span></h1>\n<p>The Lakes Vodka will be the first ever vodka to be produced in Cumbria, lovingly distilled in our small artisan still.</p>\n<p>Vodka has never been produced in Cumbria before, but we are creating something very special.</p>\n<p></p>\n<p><br><a href=\"/brands/the-lakes-vodka/?preview=1&amp;draft=1&amp;language=en\"><span class=\"black_button\">FIND OUT MORE</span></a></p>\n</td>\n</tr>\n<tr>\n<td colspan=\"2\">\n<p></p>\n<hr>\n<p></p>\n</td>\n</tr>\n<tr>\n<td><img alt=\"\" height=\"451\" src=\"/media/files/brand/the_lakes_malt.jpg\" width=\"362\"></td>\n<td>\n<h1><span style=\"font-size: xx-large;\">THE LAKES MALT</span></h1>\n<p>The Lakes Malt will be available from 2019. Most of the malt whisky we will produce will be lighlty peated, so more akin to the whiskies from the highlands rather than Islay, although we do plan to run some batches of a more heavily peated malt each year. Our team is steeped in whisky experience. Our founder, Paul Currie, co-founded...</p>\n<p></p>\n<p><br><a href=\"/brands/lakes-malt/?preview=1&amp;draft=1&amp;language=en\"><span class=\"black_button\">FIND OUT MORE</span></a></p>\n</td>\n</tr>\n<tr>\n<td colspan=\"2\">\n<p></p>\n<hr>\n<p></p>\n</td>\n</tr>\n</tbody>\n</table>'),(4386,'<table border=\"0\" style=\"height: 884px; width: 884px;\">\n<tbody>\n<tr>\n<td><img alt=\"\" height=\"449\" src=\"/media/files/brand/the_one_bottle.jpg\" width=\"367\"></td>\n<td>\n<h1>THE ONE</h1>\n<h3>The One is a unique blend of exceptional whiskies from the British Isles.</h3>\n<p>Each has its own distinctive characteristics, resulting in a whisky of intriguing complexity.</p>\n<p>There are now distilleries producing whisky across the British Isles, and this has led us to create an entirely new concept in blended whiskies - a British Isles Blend.</p>\n<p>To create \'The One\', we have searched far and wide to bring together a range of very special whiskies from the British Isles. These have been blended with great care and passion to create a perfectly balanced whisky.</p>\n<h3>Tasting Notes</h3>\n<p>Slightly smoky, sweet and fruity, nutty, with hints of spice.</p>\n<p></p>\n<p><a class=\"black_button\" href=\"/shop\" target=\"_self\" title=\"But it Now\">Buy It Now</a></p>\n</td>\n</tr>\n<tr>\n<td colspan=\"2\">\n<p style=\"text-align: center;\"></p>\n<h1 style=\"text-align: left;\">Reviews</h1>\n<hr>\n<p style=\"text-align: justify;\"><span style=\"color: #ff9900; font-size: medium;\"><strong>The One - British Blend</strong></span></p>\n<p style=\"text-align: justify;\">I Have just had the pleasure of Tasting this really pleasant this whisky. fresh &amp; smooth, kind on the palette,slightly peaty which lingers with citrus. Excellent First Production; The future should be promising.</p>\n<hr>\n<p style=\"text-align: justify;\"><span style=\"color: #ff9900; font-size: medium;\"><strong>The One - British blend</strong></span></p>\n<p style=\"text-align: justify;\">Sweet aroma, light, fresh Palette, Pear Drops, smooth feel Finish, liquorice, lingering Very nice blend - recommend <strong>3rd December 2013</strong></p>\n<hr>\n<p style=\"text-align: justify;\"><span style=\"color: #ff9900; font-size: medium;\"><strong>The One, hits the spot!</strong></span></p>\n<p style=\"text-align: justify;\">I ordered a bottle of The One having heard it was well worth a try. Very pleased I did. Speedy and careful delivery. Thought I\'d keep it for Christmas, but it looked so good I tried it early. Very smooth, subtle peaty, smokey flavour. Goes great with water to let the complexity out without too much power. A delight to drink, well crafted blend bodes well for the Cumbrian whiskies to come. These boys know what they are doing. Strongly recommended. <strong>19th December 2013</strong></p>\n<hr>\n<p style=\"text-align: left;\">A really quality blend this, crafted with obvious love<em>-<strong>Score 87</strong></em></p>\n<p style=\"text-align: left;\">Very nice. Well rounded sweet and spicy. A very enjoyable little blend, and not very expensive too. Lovely -<strong><em>Score 84</em></strong></p>\n<p style=\"text-align: left;\">The One is a good solid blend and well worth considering as we move into the winter months</p>\n<p style=\"text-align: left;\">The design is simple and gorgeous</p>\n<p style=\"text-align: left;\">Lovelycreamy sweet vanillafudgenote</p>\n<p style=\"text-align: left;\">Its nicely sweet and well balanced</p>\n<p style=\"text-align: left;\">Very nice blend - recommend</p>\n<p style=\"text-align: left;\">Both The One whisky and Cumbria are equally beautiful</p>\n<p style=\"text-align: left;\"></p>\n</td>\n</tr>\n<tr>\n<td colspan=\"2\"><img alt=\"\" height=\"200\" src=\"/media/files/brand/banner/bottom_banner_(1).jpg\" width=\"1000\"></td>\n</tr>\n</tbody>\n</table>'),(4413,'<p><img alt=\"\" height=\"620\" src=\"/media/files/the_bar_and_bistro/545_big.jpg\" style=\"vertical-align: text-top;\" width=\"620\"></p>\n<p></p>\n<hr>\n<p></p>'),(4417,'<p style=\"text-align: justify;\">Work is now underway to convert one of our cattle sheds into a bar and bistro which we hope will be the perfect place in which to sample some truly impressive whisky, gin and vodka alongside a menu full of locally-sourced and seasonal dishes.</p>'),(4419,'<h3><span>From Cumbrian cheeses to lamb and fish, the region is a cornucopia of great ingredients and our bar will stock wines, local ales and whiskies hand-picked to complement them.</span></h3>'),(4420,'<p style=\"text-align: left;\">Many before us have realised that this unspoiled corner of Britain is a treasure trove of ingredients and resources, and consequently the Lake District is home to numerous artisan food producers and craftsmen  all working with their surroundings to create something special. From Cumbrian cheeses to lamb and fish, the region is a cornucopia of great ingredients and our bar will stock wines, local ales and whiskies hand-picked to complement them.It has been our aim, from the early stages of planning The Lakes Distillery that, not only will our visitors be able to learn all about The Lakes Malt, The Lakes Gin &amp; The Lakes Vodka they will be able to see and taste for themselves other local produce in our artisan bar &amp; bistro.</p>'),(4423,'<hr>\n<p></p>'),(4424,'<hr>\n<p></p>'),(4471,'<table border=\"0\" style=\"width: 250px;\">\n<tbody>\n<tr align=\"center\" valign=\"top\">\n<td style=\"text-align: center;\">\n<p><a href=\"/our-distillery/our-people/paul-currie-our-people\"><img alt=\"\" height=\"400\" src=\"/media/files/paul_currie_v2.jpg\" width=\"247\"></a></p>\n</td>\n<td style=\"text-align: center;\">\n<p><a href=\"/our-distillery/our-people/john-drake-our-people\"><img alt=\"\" height=\"400\" src=\"/media/files/john_drake_v2.jpg\" width=\"247\"></a></p>\n</td>\n<td>\n<p style=\"text-align: center;\"><img alt=\"\" height=\"400\" src=\"/media/files/katie_read_v2.jpg\" width=\"247\"></p>\n</td>\n<td><img alt=\"\" height=\"400\" src=\"/media/files/alan_rutherford_v2.jpg\" width=\"247\"></td>\n</tr>\n<tr>\n<td style=\"text-align: center;\">\n<p><img alt=\"\" height=\"400\" src=\"/media/files/nigel_mills_v2.jpg\" width=\"247\"></p>\n</td>\n<td style=\"text-align: center;\"></td>\n<td style=\"text-align: center;\"></td>\n<td></td>\n</tr>\n<tr>\n<td></td>\n<td></td>\n<td></td>\n<td></td>\n</tr>\n<tr>\n<td></td>\n<td></td>\n<td></td>\n<td></td>\n</tr>\n<tr>\n<td></td>\n<td></td>\n<td></td>\n<td></td>\n</tr>\n<tr>\n<td></td>\n<td></td>\n<td></td>\n<td></td>\n</tr>\n<tr>\n<td></td>\n<td></td>\n<td></td>\n<td></td>\n</tr>\n<tr>\n<td></td>\n<td></td>\n<td></td>\n<td></td>\n</tr>\n<tr>\n<td></td>\n<td></td>\n<td></td>\n<td></td>\n</tr>\n<tr>\n<td></td>\n<td></td>\n<td></td>\n<td></td>\n</tr>\n<tr>\n<td></td>\n<td></td>\n<td></td>\n<td></td>\n</tr>\n<tr>\n<td></td>\n<td></td>\n<td></td>\n<td></td>\n</tr>\n<tr>\n<td></td>\n<td></td>\n<td></td>\n<td></td>\n</tr>\n<tr>\n<td></td>\n<td></td>\n<td></td>\n<td></td>\n</tr>\n<tr>\n<td></td>\n<td></td>\n<td></td>\n<td></td>\n</tr>\n<tr>\n<td></td>\n<td></td>\n<td></td>\n<td></td>\n</tr>\n<tr>\n<td></td>\n<td></td>\n<td></td>\n<td></td>\n</tr>\n<tr>\n<td></td>\n<td></td>\n<td></td>\n<td></td>\n</tr>\n<tr>\n<td></td>\n<td></td>\n<td></td>\n<td></td>\n</tr>\n<tr>\n<td></td>\n<td></td>\n<td></td>\n<td></td>\n</tr>\n<tr>\n<td></td>\n<td></td>\n<td></td>\n<td></td>\n</tr>\n<tr>\n<td></td>\n<td></td>\n<td></td>\n<td></td>\n</tr>\n<tr>\n<td></td>\n<td></td>\n<td></td>\n<td></td>\n</tr>\n<tr>\n<td></td>\n<td></td>\n<td></td>\n<td></td>\n</tr>\n</tbody>\n</table>'),(4614,''),(4619,''),(4639,'<hr>\n<p></p>'),(4640,'<hr>\n<p></p>'),(4642,'<h3 style=\"text-align: left;\">VIEW OUR E-BROCHURE</h3>'),(4644,'<h3><span>Imagine if you could own one of the first bottles produced of one of the great single malts - well now you can. Strictly limited to the first 2975 applicants.</span></h3>'),(4650,'<p style=\"text-align: justify;\">By becoming a member of our Founders Club, you can join us on our journey, by receiving the very first bottles of the maturing Lakes Malt taken from the first 100 casks to be produced at the distillery.</p>\n<h3 style=\"text-align: justify;\">This is How it Works...</h3>\n<p style=\"text-align: justify;\">We will set aside the first 100 casks produced at the Lakes Distillery and we will bottle the maturing whisky for Founders Club members.</p>\n<p style=\"text-align: justify;\">Each year for ten years you will receive one 70cl bottle giving you a collectible set of the distillerys first ever production, all with unique, limited edition labels. You will also receive two miniatures each year so you will have the rare opportunity to taste the spirit as it develops over time into a wonderful, single malt whisky. Delivery of the first bottle will be in 2015.</p>\n<p style=\"text-align: justify;\">These casks will not be available to the general public  only to members.</p>\n<p style=\"text-align: justify;\">When you join, you will also receive a membership pack with your certificate.</p>\n<p style=\"text-align: justify;\">On-going benefits will include a bi-monthly newsletter with rare, limited edition offers, web cam access so you can follow all our progress at The Lakes Distillery and discount vouchers on food, beverages and distillery tours.</p>\n<p style=\"text-align: justify;\">This offer will never be repeated. It is a rare opportunity to own a piece of historic whisky distilling.</p>\n<p style=\"text-align: justify;\">These first casks can only ever be produced once  so this is YOUR chance to own a piece of whisky history. Its going to be fascinating seeing how our spirit matures and we want connoisseurs and friends of the Lakes to be part of the journey.</p>'),(4652,'<h3 style=\"text-align: justify;\">Life Membership</h3>\n<ul style=\"text-align: justify;\">\n<li>\n<p>595 for those in the UK,Including VAT, duty and delivery to United Kingdom mainland addresses</p>\n</li>\n<li>\n<p>Monthly payments available for those in the UK. 100 a month over 6 months,Including VAT, duty and delivery to United Kingdom mainland addresses</p>\n</li>\n</ul>\n<ul>\n<li>\n<p style=\"text-align: justify;\">695 in the EUIncluding VAT, duty and delivery to the EU. For other countries please contact us for further information</p>\n</li>\n</ul>'),(4722,'<h3 style=\"text-align: justify;\"><span style=\"font-size: medium;\">The distillery is located next to Bassenthwaite Lake, which is a National Nature Reserve in one of Britain\'s most beautiful areas, the Lake District.</span></h3>'),(4724,'<p style=\"text-align: justify;\">Close to Bassenthwaite Lake, in an area of unimaginable beauty encircled by Cumbrian fells, we have found the perfect home for the new Lakes Distillery.</p>\n<p style=\"text-align: justify;\">We are renovating the historic buildings of an old Victorian Model Farm next to the famous river Derwent and close to Bassenthwaite Lake, and there we aim to produce a world class single malt whisky.</p>\n<p style=\"text-align: justify;\">We have ideal water from the famous River Derwent, with its source high up in the fells, a team steeped in whisky experience, and perfect conditions for distilling.</p>\n<p style=\"text-align: justify;\">The Derwent\'s source is at Sprinkling Tarn, one of the most beautiful tarns in Cumbria, and from there it flows down through the peaty foothills, which surround Scafell Pike, the highest of the Lakes\' peaks. It is a famous salmon river, and the area where it flows past our distillery has been designated a site of Special Scientific Interest. Analysis has shown it contains all the vital constituents necessary for distilling the purest whisky  but that is just the start of the process.</p>'),(4726,'<p style=\"text-align: justify;\"><span style=\"text-align: justify;\">We have put a lot of thought into the production process at our distillery to ensure we produce a malt whisky of outstanding quality. The plant has been carefully designed to the highest specification, and our copper stills will be made to a unique design and on a small artisan scale  no mass production for us!</span><span style=\"font-size: medium; text-align: justify;\"><br></span></p>'),(4728,'<p style=\"text-align: justify;\">The quality of the casks used for maturing has a major impact on the whisky and we will use a high proportion of sherry casks in addition to bourbon barrels  we may experiment with other different woods for our casks as well, as not being a scotch whisky we can use woods other than oak.<br>The moisture rich atmosphere of the Lakes will be ideal for the maturing process.<br>Most of the malt whisky we will produce will be lightly peated, so more akin to the whiskies from the highlands rather than Islay. However, we do plan to run some batches each year of a heavily peated malt.</p>'),(4730,'<p></p>\n<hr>\n<h1><span style=\"font-size: x-large;\"><strong>A \'GREEN\' WHISKY</strong></span></h1>\n<hr>\n<p><strong><em><span style=\"font-size: medium;\">Producing our whisky in the most environmentally friendly way possible is very important to us, and we will be doing everything possible to reduce our carbon footprint.</span></em></strong></p>\n<ul>\n<li><hr><span style=\"font-size: medium;\">The whisky production process is entirely natural, using only grain, yeast and water. No damaging effluent is produced.</span></li>\n<li><span style=\"font-size: medium;\">Most of the by-products from the distillation processes will be returned to local farmers for use as animal feed and for soil improvement.</span></li>\n<li><span style=\"font-size: medium;\">Water used for production will be stored and recycled.</span></li>\n<li><span style=\"font-size: medium;\">Heat from the distillation process will be reused to heat all the buildings (including the visitor centre), and natural ventilation and river water will be used for cooling.</span></li>\n<li><span style=\"font-size: medium;\"><span style=\"font-size: medium;\">Building materials will be as eco friendly as possible (eg wool insulation in the walls).</span></span></li>\n<li></li>\n</ul>'),(4763,'<h3>We are renovating the historic buildings of an old Victorian Model Farm next to the famous river Derwent and close to the lake, and there we aim to produce a world class single malt whisky.</h3>'),(4764,'<table border=\"0\" style=\"height: 212px; width: 291px;\">\n<tbody>\n<tr>\n<td>\n<p style=\"text-align: justify;\">Model farms were designed to be beautiful as well as functional  and our buildings are certainly beautiful and ideally suited to our needs. Each one is being carefully and sympathetically adapted, preserving the character and history of the old,stone-built barns and sheds.</p>\n</td>\n</tr>\n<tr>\n<td><img alt=\"\" height=\"221\" src=\"/media/files/our_buildings/dsc04148.jpg\" width=\"629\"></td>\n</tr>\n<tr>\n<td style=\"text-align: justify;\">\n<p>The main barn will house our mash house and still house, with our unique stills, carefully designed to produce our Lakes Malt and Lakes Gin. An old cattle shed will be converted into our warehouse, with further cattle sheds being transformed into our shop and bistro. We think that Jos Christopherson, who farmed here in 1847, would have approved. Perhaps he even had an illicit still at the farm?</p>\n</td>\n</tr>\n</tbody>\n</table>'),(4774,'<p></p>\n<hr>\n<p><span style=\"font-size: medium;\">This quatrefoil design of a four leaf clover can be foun<img alt=\"\" height=\"152\" src=\"/media/files/hope,_faith,_luck,_love_v6_.jpg\" style=\"margin-left: 15px; margin-right: 15px; float: left;\" width=\"250\">d throughout the distillery buildings  representing hope, faith, love and luck. We hope to have all four in abundance!</span></p>\n<p></p>\n<p><span style=\"font-size: medium;\"></span></p>\n<p></p>\n<hr>\n<p></p>'),(4775,'<hr>\n<p></p>'),(4776,'<hr>\n<p></p>'),(4781,'<h3>Production will start in Spring 2014, with the visitor centre opening in the autumn.</h3>\n<table border=\"0\" style=\"height: 270px; width: 455px;\">\n<tbody>\n<tr>\n<td rowspan=\"10\"><img alt=\"\" height=\"644\" src=\"/media/files/timetable/timetable_(2).gif\" width=\"161\"></td>\n<td>\n<p><span><span style=\"text-decoration: underline;\"><em><strong>September 2013</strong></em></span></span></p>\n<p><span>- Launch of<a href=\"/shop\">The ONE</a>at the Taste Cumbria festival</span></p>\n<p><span><strong><em><span style=\"text-decoration: underline;\">October 2013</span></em></strong></span></p>\n<p><span>- Final stages of planning being approved</span></p>\n<p><span>- Interior designers working on their initial concepts</span></p>\n</td>\n</tr>\n<tr>\n<td>\n<p><span style=\"text-decoration: underline;\"><em><strong>November 2013</strong></em></span></p>\n<p>- Work to start on site</p>\n<p>- Gift packs and miniature gift packs launched in time for Christmas!</p>\n<p>- The Wine Chambers Christmas tasting at the Grand Hotel - Tynemouth, Newcastle Upon Tyne. 27th &amp; 28th 5pm - 9pm</p>\n</td>\n</tr>\n<tr>\n<td>\n<p><span style=\"text-decoration: underline;\"><strong><em>Spring 2014</em></strong></span></p>\n<p>- The stills will be delivered allowing us to start the production of The Lakes Gin, and The Lakes Malt straight away</p>\n<p><span style=\"text-decoration: underline;\"><strong><em>Autumn 2014</em></strong></span></p>\n<p>- We hope to have the remaining building work completed for our Visitor Centre, Bistro &amp; Bar and Shop</p>\n</td>\n</tr>\n<tr>\n<td>\n<p></p>\n</td>\n</tr>\n<tr>\n<td>\n<p></p>\n</td>\n</tr>\n<tr>\n<td></td>\n</tr>\n<tr>\n<td></td>\n</tr>\n<tr>\n<td></td>\n</tr>\n<tr>\n<td></td>\n</tr>\n<tr>\n<td></td>\n</tr>\n</tbody>\n</table>'),(4784,'<h3><span>You will be able to go inside the distillery to see exactly how The Lakes Malt and The Lakes Gin are made, as well as being able to visit our warehouse filled with our maturing whisky.</span></h3>\n<p><img src=\"/media/files/destillery_tours/slate.gif\" width=\"660\" alt=\"\" height=\"126\"></p>\n<p>The Lake District is a hugely popular tourist area, and we aim to be a major attraction to the 15 million visitors who come each year.<img src=\"/media/files/destillery_tours/archway-in-dis.gif\" width=\"200\" style=\"float: right;\" height=\"300\" alt=\"\"></p>\n<p>The tour will start in an information area which will include a video, and your expert, entertaining guide will then take you through to the distillery to reveal the secrets of how malt whisky and gin are made. You will be taken through the warehouse, where our whisky peacefully matures in casks, and on to our tasting room, where you can taste our products for yourself.</p>\n<p></p>'),(4793,'<h3>The water we will use to create The Lakes Malt is from the famous river Derwent, which emerges from Bassenthwaite Lake next to the distillery.</h3>'),(4794,'<table border=\"0\" style=\"height: 206px; width: 592px;\">\n<tbody>\n<tr>\n<td><img alt=\"\" height=\"300\" src=\"/media/files/production/archways.gif\" style=\"margin-left: 10px; margin-right: 10px;\" width=\"169\"></td>\n<td>\n<p>The quality of the casks used for maturing has a major impact on the whisky and we will use a high proportion of sherry casks in addition to bourbon barrels  we may experiment with other different woods for our casks as well. The moisture rich atmosphere of the Lakes will be ideal for the maturing process. Most of the malt whisky we will produce will be lightly peated, so more akin to the whiskies from the highlands rather than Islay. However, we do plan to run some batches each year of a peated malt.</p>\n<p>Our team is steeped in whisky experience. Our founder, Paul Currie, co-founded the widely acclaimed, award winning Arran distillery, and our production is overseen by one of Scotlands foremost whisky experts, Alan Rutherford, former production director at Diageo and council member of the Scotch Whisky Association.</p>\n</td>\n</tr>\n</tbody>\n</table>'),(4795,'<table border=\"0\" style=\"height: 193px; width: 622px;\">\n<tbody>\n<tr>\n<td>\n<p style=\"text-align: justify;\">Our master distiller, Chris Anderson will be crossing the border from Scotland, with a lifetimes experience of making the highest quality whisky, including as manager of a number of well known distilleries.</p>\n<p style=\"text-align: justify;\">With all this expertise we aim to produce a single malt to rival the finest our Scottish neighbours can produce - and we are giving those who love whisky, who love the Lake District or who simply want to embark on a wonderful adventure the chance to own the very first bottles with our<a href=\"/members/founders-club\">Founders\' Club</a>.</p>\n</td>\n<td><img alt=\"\" height=\"300\" src=\"/media/files/production/pc_+_chris_anderson_(2)_(1).jpg\" style=\"margin-left: 10px; margin-right: 10px;\" width=\"230\"></td>\n</tr>\n</tbody>\n</table>'),(4796,'<table border=\"0\" style=\"height: 221px; width: 576px;\">\n<tbody>\n<tr>\n<td>\n<p>We have put a lot of thought into the production process at our distillery to ensure we produce a malt whisky of outstanding quality. The plant has been carefully designed to the highest specification, with a new innovation we will use both copper and stainless steel condensers to create a whisky of richer character. Our copper stills will be made to a unique design and on a small artisan scale  no mass production for us!</p>\n<p></p>\n</td>\n<td><img alt=\"\" height=\"187\" src=\"/media/files/production/warehouse.gif\" style=\"margin-left: 10px; margin-right: 10px;\" width=\"253\"></td>\n</tr>\n</tbody>\n</table>'),(4797,'<table border=\"0\">\n<tbody>\n<tr>\n<td><img alt=\"\" height=\"142\" src=\"/media/files/production/sprinkling-tarn.gif\" style=\"margin-left: 10px; margin-right: 10px;\" width=\"254\"></td>\n<td>\n<p>Its source is at Sprinkling Tarn, one of the most beautiful tarns in Cumbria, and from there it flows down through the peaty foothills, which surround Scafell Pike, the highest of the Lakes\' peaks. Analysis has shown it contains all the vital constituents necessary for distilling the purest whisky  but that is just the start of the process.</p>\n<p></p>\n</td>\n</tr>\n</tbody>\n</table>'),(4835,'<h3>The water we will use to create The Lakes Malt is from the famous river Derwent, which emerges from Bassenthwaite Lake next to the distillery.</h3>'),(4836,'<table border=\"0\" style=\"height: 206px; width: 592px;\">\n<tbody>\n<tr>\n<td><img alt=\"\" height=\"300\" src=\"/media/files/production/archways.gif\" style=\"margin-left: 10px; margin-right: 10px;\" width=\"169\"></td>\n<td>\n<p>The quality of the casks used for maturing has a major impact on the whisky and we will use a high proportion of sherry casks in addition to bourbon barrels  we may experiment with other different woods for our casks as well. The moisture rich atmosphere of the Lakes will be ideal for the maturing process. Most of the malt whisky we will produce will be lightly peated, so more akin to the whiskies from the highlands rather than Islay. However, we do plan to run some batches each year of a peated malt.</p>\n<p>Our team is steeped in whisky experience. Our founder, Paul Currie, co-founded the widely acclaimed, award winning Arran distillery, and our production is overseen by one of Scotlands foremost whisky experts, Alan Rutherford, former production director at Diageo and council member of the Scotch Whisky Association.</p>\n</td>\n</tr>\n</tbody>\n</table>'),(4837,'<table border=\"0\" style=\"height: 193px; width: 622px;\">\n<tbody>\n<tr>\n<td>\n<p style=\"text-align: justify;\">Our master distiller, Chris Anderson will be crossing the border from Scotland, with a lifetimes experience of making the highest quality whisky, including as manager of a number of well known distilleries.</p>\n<p style=\"text-align: justify;\">With all this expertise we aim to produce a single malt to rival the finest our Scottish neighbours can produce - and we are giving those who love whisky, who love the Lake District or who simply want to embark on a wonderful adventure the chance to own the very first bottles with our<a href=\"/members/founders-club\">Founders\' Club</a>.</p>\n</td>\n<td><img alt=\"\" height=\"300\" src=\"/media/files/production/pc_+_chris_anderson_(2)_(1).jpg\" style=\"margin-left: 10px; margin-right: 10px;\" width=\"230\"></td>\n</tr>\n</tbody>\n</table>'),(4838,'<table border=\"0\" style=\"height: 221px; width: 576px;\">\n<tbody>\n<tr>\n<td>\n<p>We have put a lot of thought into the production process at our distillery to ensure we produce a malt whisky of outstanding quality. The plant has been carefully designed to the highest specification, with a new innovation we will use both copper and stainless steel condensers to create a whisky of richer character. Our copper stills will be made to a unique design and on a small artisan scale  no mass production for us!</p>\n<p></p>\n</td>\n<td><img alt=\"\" height=\"187\" src=\"/media/files/production/warehouse.gif\" style=\"margin-left: 10px; margin-right: 10px;\" width=\"253\"></td>\n</tr>\n</tbody>\n</table>'),(4839,'<table border=\"0\">\n<tbody>\n<tr>\n<td><img alt=\"\" height=\"142\" src=\"/media/files/production/sprinkling-tarn.gif\" style=\"margin-left: 10px; margin-right: 10px;\" width=\"254\"></td>\n<td>\n<p>Its source is at Sprinkling Tarn, one of the most beautiful tarns in Cumbria, and from there it flows down through the peaty foothills, which surround Scafell Pike, the highest of the Lakes\' peaks. Analysis has shown it contains all the vital constituents necessary for distilling the purest whisky  but that is just the start of the process.</p>\n<p></p>\n</td>\n</tr>\n</tbody>\n</table>'),(4844,'<hr>\n<p></p>'),(4845,'<hr>\n<p></p>'),(4848,'<p><img alt=\"\" height=\"620\" src=\"/media/files/the_bar_and_bistro/545_big.jpg\" style=\"vertical-align: text-top;\" width=\"620\"></p>\n<p></p>\n<hr>\n<p></p>'),(4853,'<p style=\"text-align: justify;\">Work is now underway to convert one of our cattle sheds into a bar and bistro which we hope will be the perfect place in which to sample some truly impressive Whisky, Gin and Vodka alongside a menu full of locally-sourced and seasonal dishes.</p>'),(4855,'<h3><span>From Cumbrian cheeses to lamb and fish, the region is a cornucopia of great ingredients and our bar will stock wines, local ales and whiskies hand-picked to complement them.</span></h3>'),(4856,'<p style=\"text-align: left;\">Many before us have realised that this unspoiled corner of Britain is a treasure trove of ingredients and resources, and consequently the Lake District is home to numerous artisan food producers and craftsmen  all working with their surroundings to create something special. From Cumbrian cheeses to lamb and fish, the region is a cornucopia of great ingredients and our bar will stock wines, local ales and whiskies hand-picked to complement them.It has been our aim, from the early stages of planning The Lakes Distillery that, not only will our visitors be able to learn all about The Lakes Malt, The Lakes Gin &amp; The Lakes Vodka they will be able to see and taste for themselves other local produce in our artisan bar &amp; bistro.</p>'),(4859,'<h3><span>You will be able to see here our artisan bar and bistros delicious menu.</span></h3>'),(4860,'<table style=\"height: 194px; width: 579px;\" border=\"0\">\n<tbody>\n<tr>\n<td><img src=\"/media/files/menus/scone.jpg\" width=\"213\" alt=\"\" height=\"320\"></td>\n<td><img src=\"/media/files/menus/while_you_decide.jpg\" width=\"213\" alt=\"\" height=\"320\"></td>\n<td><img src=\"/media/files/menus/north_atlantic_prawn.jpg\" width=\"213\" alt=\"\" height=\"320\"></td>\n</tr>\n<tr>\n<td><img src=\"/media/files/menus/_mg_0110.jpg\" width=\"214\" alt=\"\" height=\"320\"></td>\n<td><img src=\"/media/files/menus/_mg_0122.jpg\" width=\"214\" alt=\"\" height=\"320\"></td>\n<td><img src=\"/media/files/menus/_mg_0152.jpg\" width=\"214\" alt=\"\" height=\"320\"></td>\n</tr>\n</tbody>\n</table>'),(4863,'<h3><span>We will be converting one of the byres at the site into a very special private dining facility, with access into our warehouse for exclusive tastings.</span></h3>'),(4868,'<h3><span>You will be able to see here our artisan bar and bistros delicious menu.</span></h3>'),(4869,'<table style=\"height: 194px; width: 579px;\" border=\"0\">\n<tbody>\n<tr>\n<td><img src=\"/media/files/menus/scone.jpg\" width=\"213\" alt=\"\" height=\"320\"></td>\n<td><img src=\"/media/files/menus/while_you_decide.jpg\" width=\"213\" alt=\"\" height=\"320\"></td>\n<td><img src=\"/media/files/menus/north_atlantic_prawn.jpg\" width=\"213\" alt=\"\" height=\"320\"></td>\n</tr>\n<tr>\n<td><img src=\"/media/files/menus/_mg_0110.jpg\" width=\"214\" alt=\"\" height=\"320\"></td>\n<td><img src=\"/media/files/menus/_mg_0122.jpg\" width=\"214\" alt=\"\" height=\"320\"></td>\n<td><img src=\"/media/files/menus/_mg_0152.jpg\" width=\"214\" alt=\"\" height=\"320\"></td>\n</tr>\n</tbody>\n</table>'),(4876,'<h3><span>The ONE is not only perfect alone but great in cocktails. We have had some fantastic cocktail tutorial videos created so you too can make you own cocktails with The ONE.</span></h3>'),(4877,'<table border=\"0\" style=\"height: 296px; width: 597px;\">\n<tbody>\n<tr>\n<td>\n<h2 style=\"text-align: center;\"><span style=\"font-size: large;\">THE ONE</span></h2>\n</td>\n<td style=\"text-align: center;\">\n<h2><span style=\"font-size: large;\">THE SOUR ONE</span></h2>\n</td>\n<td>\n<h2 style=\"text-align: center;\"><span style=\"font-size: large;\">THE OLD ONE</span></h2>\n</td>\n</tr>\n<tr>\n<td><a href=\"/bistro-and-bar/cocktails/one/\"><img alt=\"\" height=\"147\" src=\"/media/files/coctails/thesourone-easy.jpg\" width=\"197\"></a></td>\n<td><a href=\"/bistro-and-bar/cocktails/sour-one/\"><img alt=\"\" height=\"147\" src=\"/media/files/coctails/thesourone-easy.jpg\" width=\"197\"></a></td>\n<td><a href=\"/bistro-and-bar/cocktails/old-one/\"><img alt=\"\" height=\"147\" src=\"/media/files/coctails/theoldone-advanced.jpg\" width=\"197\"></a></td>\n</tr>\n<tr>\n<td colspan=\"3\"><hr></td>\n</tr>\n<tr>\n<td>\n<h2 style=\"text-align: center;\"><span style=\"font-size: large;\">THE IRISH ONE</span></h2>\n</td>\n<td style=\"text-align: center;\">\n<h2><span style=\"font-size: large;\">THE BLUE ONE</span></h2>\n</td>\n<td style=\"text-align: center;\">\n<h2><span style=\"font-size: large;\">THE SMOKEY ONE</span></h2>\n</td>\n</tr>\n<tr>\n<td><a href=\"/bistro-and-bar/cocktails/irish-one/\"><img alt=\"\" height=\"148\" src=\"/media/files/coctails/theirishone-medium.jpg\" width=\"197\"></a></td>\n<td style=\"text-align: center;\"><a href=\"/bistro-and-bar/cocktails/blue-one/\"><img alt=\"\" height=\"148\" src=\"/media/files/coctails/theblueone-medium.jpg\" width=\"196\"></a></td>\n<td style=\"text-align: center;\"><a href=\"/bistro-and-bar/cocktails/smokey-one/\"><img alt=\"\" height=\"148\" src=\"/media/files/coctails/thesmokeyone-medium.jpg\" width=\"196\"></a></td>\n</tr>\n<tr>\n<td colspan=\"3\"><hr></td>\n</tr>\n<tr>\n<td>\n<h2 style=\"text-align: center;\"><span style=\"font-size: large;\">THE STRAWBERRY</span><br><span style=\"font-size: large;\">SOUR ONE</span></h2>\n</td>\n<td colspan=\"2\" rowspan=\"4\" style=\"text-align: center;\"><span style=\"font-size: large;\"></span><span style=\"font-size: large;\"></span></td>\n</tr>\n<tr>\n<td>\n<h2 style=\"text-align: center;\"><a href=\"/bistro-and-bar/cocktails/strawberry-sour-one/\"><img alt=\"\" height=\"147\" src=\"/media/files/coctails/thestrawberrysourone-medium.jpg\" width=\"197\"></a></h2>\n</td>\n</tr>\n<tr>\n<td><hr></td>\n</tr>\n</tbody>\n</table>'),(4881,'<h3><span>The ONE is not only perfect alone but great in cocktails. We have had some fantastic cocktail tutorial videos created so you too can make you own cocktails with The ONE.</span></h3>'),(4882,'<table border=\"0\" style=\"height: 250px; width: 596px;\">\n<tbody>\n<tr>\n<td>\n<h1 style=\"text-align: center;\"></h1>\n<h1 style=\"text-align: center;\"></h1>\n<h1 style=\"text-align: center;\"></h1>\n<h1 style=\"text-align: center;\"></h1>\n<h1 style=\"text-align: center;\">INGREDIENTS<br><span style=\"font-size: medium;\">(For one cocktail)</span></h1>\n<table align=\"right\" border=\"0\" cellpadding=\"0\" cellspacing=\"0\" class=\"tb-data\" style=\"width: 100%;\">\n<tbody>\n<tr>\n<td class=\"left-heading\" style=\"text-align: right;\" width=\"40%\"><span style=\"color: #888888; font-size: medium;\">50ml</span></td>\n<td class=\"right-heading\" width=\"60%\"><span style=\"font-size: medium;\">The One</span></td>\n</tr>\n<tr>\n<td class=\"left-heading\" style=\"text-align: right;\" width=\"40%\"><span style=\"color: #888888; font-size: medium;\">1</span></td>\n<td class=\"right-heading\" width=\"60%\"><span style=\"font-size: medium;\">Ice Ball</span></td>\n</tr>\n</tbody>\n</table>\n<h1 style=\"text-align: center;\"></h1>\n<h1 style=\"text-align: center;\">EQUIPMENT</h1>\n<table align=\"right\" border=\"0\" cellpadding=\"0\" cellspacing=\"0\" class=\"tb-data\" style=\"width: 100%;\">\n<tbody>\n<tr>\n<td class=\"left-heading\" style=\"text-align: right;\" width=\"40%\"><span style=\"color: #888888; font-size: medium;\">Glass:</span></td>\n<td class=\"right-heading\" width=\"60%\"><span style=\"font-size: medium;\">Rocks</span></td>\n</tr>\n</tbody>\n</table>\n</td>\n<td><img alt=\"\" height=\"794\" src=\"/media/files/coctails/full-image.jpg\" width=\"343\"></td>\n</tr>\n</tbody>\n</table>'),(4887,'<h3><span>The ONE is not only perfect alone but great in cocktails. We have had some fantastic cocktail tutorial videos created so you too can make you own cocktails with The ONE.</span></h3>'),(4888,'<table border=\"0\" style=\"height: 296px; width: 597px;\">\n<tbody>\n<tr>\n<td>\n<h2 style=\"text-align: center;\"><span style=\"font-size: large;\">THE ONE</span></h2>\n</td>\n<td style=\"text-align: center;\">\n<h2><span style=\"font-size: large;\">THE SOUR ONE</span></h2>\n</td>\n<td>\n<h2 style=\"text-align: center;\"><span style=\"font-size: large;\">THE OLD ONE</span></h2>\n</td>\n</tr>\n<tr>\n<td><a href=\"/bistro-and-bar/cocktails/one/\"><img alt=\"\" height=\"147\" src=\"/media/files/coctails/thesourone-easy.jpg\" width=\"197\"></a></td>\n<td><a href=\"/bistro-and-bar/cocktails/sour-one/\"><img alt=\"\" height=\"147\" src=\"/media/files/coctails/thesourone-easy.jpg\" width=\"197\"></a></td>\n<td><a href=\"/bistro-and-bar/cocktails/old-one/\"><img alt=\"\" height=\"147\" src=\"/media/files/coctails/theoldone-advanced.jpg\" width=\"197\"></a></td>\n</tr>\n<tr>\n<td colspan=\"3\"><hr></td>\n</tr>\n<tr>\n<td>\n<h2 style=\"text-align: center;\"><span style=\"font-size: large;\">THE IRISH ONE</span></h2>\n</td>\n<td style=\"text-align: center;\">\n<h2><span style=\"font-size: large;\">THE BLUE ONE</span></h2>\n</td>\n<td style=\"text-align: center;\">\n<h2><span style=\"font-size: large;\">THE SMOKEY ONE</span></h2>\n</td>\n</tr>\n<tr>\n<td><a href=\"/bistro-and-bar/cocktails/irish-one/\"><img alt=\"\" height=\"148\" src=\"/media/files/coctails/theirishone-medium.jpg\" width=\"197\"></a></td>\n<td style=\"text-align: center;\"><a href=\"/bistro-and-bar/cocktails/blue-one/\"><img alt=\"\" height=\"148\" src=\"/media/files/coctails/theblueone-medium.jpg\" width=\"196\"></a></td>\n<td style=\"text-align: center;\"><a href=\"/bistro-and-bar/cocktails/smokey-one/\"><img alt=\"\" height=\"148\" src=\"/media/files/coctails/thesmokeyone-medium.jpg\" width=\"196\"></a></td>\n</tr>\n<tr>\n<td colspan=\"3\"><hr></td>\n</tr>\n<tr>\n<td>\n<h2 style=\"text-align: center;\"><span style=\"font-size: large;\">THE STRAWBERRY</span><br><span style=\"font-size: large;\">SOUR ONE</span></h2>\n</td>\n<td colspan=\"2\" rowspan=\"4\" style=\"text-align: center;\"><span style=\"font-size: large;\"></span><span style=\"font-size: large;\"></span></td>\n</tr>\n<tr>\n<td>\n<h2 style=\"text-align: center;\"><a href=\"/bistro-and-bar/cocktails/strawberry-sour-one/\"><img alt=\"\" height=\"147\" src=\"/media/files/coctails/thestrawberrysourone-medium.jpg\" width=\"197\"></a></h2>\n</td>\n</tr>\n<tr>\n<td><hr></td>\n</tr>\n</tbody>\n</table>'),(4903,'<table border=\"0\" style=\"height: 213px; width: 583px;\">\n<tbody>\n<tr>\n<td>\n<h1 style=\"text-align: center;\"></h1>\n<h1 style=\"text-align: center;\"></h1>\n<h1 style=\"text-align: center;\"></h1>\n<h1 style=\"text-align: center;\"></h1>\n<h1 style=\"text-align: center;\">INGREDIENTS<br><span style=\"font-size: medium;\">(For one cocktail)</span></h1>\n<table align=\"right\" border=\"0\" cellpadding=\"0\" cellspacing=\"0\" class=\"tb-data\" style=\"width: 100%;\">\n<tbody>\n<tr>\n<td class=\"left-heading\" style=\"text-align: right;\" width=\"40%\"><span style=\"color: #888888; font-size: medium;\">50ml</span></td>\n<td class=\"right-heading\" width=\"60%\"><span style=\"font-size: medium;\">The One</span></td>\n</tr>\n<tr>\n<td class=\"left-heading\" style=\"text-align: right;\" width=\"40%\"><span style=\"color: #888888; font-size: medium;\">25ml</span></td>\n<td class=\"right-heading\" width=\"60%\"><span style=\"font-size: medium;\">Hot Water</span></td>\n</tr>\n<tr>\n<td class=\"left-heading\" style=\"text-align: right;\" width=\"40%\"><span style=\"color: #888888; font-size: medium;\">Dash</span></td>\n<td class=\"right-heading\" width=\"60%\"><span style=\"font-size: medium;\">Gomme (to taste)</span></td>\n</tr>\n<tr>\n<td class=\"left-heading\" width=\"40%\"><span style=\"font-size: medium;\"></span></td>\n<td class=\"right-heading\" width=\"60%\"><span style=\"font-size: medium;\">Lemon Peel</span></td>\n</tr>\n</tbody>\n</table>\n<h1 style=\"text-align: center;\"></h1>\n<h1 style=\"text-align: center;\">EQUIPMENT</h1>\n<table align=\"right\" border=\"0\" cellpadding=\"0\" cellspacing=\"0\" class=\"tb-data\" style=\"width: 100%;\">\n<tbody>\n<tr>\n<td class=\"left-heading\" style=\"text-align: right;\" width=\"40%\"><span style=\"color: #888888; font-size: medium;\">Glass:</span></td>\n<td class=\"right-heading\" width=\"60%\"><span style=\"font-size: medium;\">Rocks</span></td>\n</tr>\n<tr>\n<td class=\"left-heading\" style=\"text-align: right;\" width=\"40%\"><span style=\"color: #888888; font-size: medium;\">Garnish:</span></td>\n<td class=\"right-heading\" width=\"60%\"><span style=\"font-size: medium;\">Fire</span></td>\n</tr>\n</tbody>\n</table>\n</td>\n<td><img alt=\"\" height=\"794\" src=\"/media/files/coctails/full-image.jpg\" width=\"343\"></td>\n</tr>\n</tbody>\n</table>'),(4904,'<h3><span>The ONE is not only perfect alone but great in cocktails. We have had some fantastic cocktail tutorial videos created so you too can make you own cocktails with The ONE.</span></h3>'),(4906,'<h1 style=\"text-align: justify;\">The ONE - British blend<img alt=\"\" height=\"20\" src=\"http://redhooklibrary.org/files/2013/11/five-stars.png\" width=\"100\"></h1>\n<p style=\"text-align: justify;\">Sweet aroma, light, fresh Palette, Pear Drops, smooth feel Finish, liquorice, lingering Very nice blend - recommend</p>\n<p style=\"text-align: justify;\"></p>\n<hr>\n<h1 style=\"text-align: justify;\">The ONE, hits the spot!</h1>\n<p style=\"text-align: justify;\">I ordered a bottle of The One having heard it was well worth a try. Very pleased I did. Speedy and careful delivery. Thought I\'d keep it for Christmas, but it looked so good I tried it early. Very smooth, subtle peaty, smokey flavour. Goes great with water to let the complexity out without too much power. A delight to drink, well crafted blend bodes well for the Cumbrian whiskies to come. These boys know what they are doing. Strongly recommended.</p>\n<p style=\"text-align: justify;\"></p>\n<hr>\n<h1 style=\"text-align: justify;\">The ONE - British Blend<img alt=\"\" height=\"20\" src=\"http://redhooklibrary.org/files/2013/11/five-stars.png\" style=\"font-size: 2em;\" width=\"100\"></h1>\n<p style=\"text-align: justify;\">I Have just had the pleasure of Tasting this really pleasant this whisky. fresh &amp; smooth, kind on the palette,slightly peaty which lingers with citrus. Excellent First Production; The future should be promising.</p>\n<p style=\"text-align: justify;\"></p>\n<hr>\n<h1 style=\"text-align: justify;\">The ONE<img alt=\"\" height=\"20\" src=\"http://redhooklibrary.org/files/2013/11/five-stars.png\" style=\"font-size: 2em;\" width=\"100\"></h1>\n<p>Brilliant found you at Kendal food fair on Sunday I live in Cumbria where can I buy do tell us.</p>\n<p></p>\n<hr>\n<p></p>'),(4939,'<h1 style=\"text-align: justify;\">The ONE - British blend<img alt=\"\" height=\"20\" src=\"http://redhooklibrary.org/files/2013/11/five-stars.png\" width=\"100\"></h1>\n<p style=\"text-align: justify;\">Sweet aroma, light, fresh Palette, Pear Drops, smooth feel Finish, liquorice, lingering Very nice blend - recommend</p>\n<p style=\"text-align: justify;\"></p>\n<hr>\n<h1 style=\"text-align: justify;\">The ONE, hits the spot!</h1>\n<p style=\"text-align: justify;\">I ordered a bottle of The One having heard it was well worth a try. Very pleased I did. Speedy and careful delivery. Thought I\'d keep it for Christmas, but it looked so good I tried it early. Very smooth, subtle peaty, smokey flavour. Goes great with water to let the complexity out without too much power. A delight to drink, well crafted blend bodes well for the Cumbrian whiskies to come. These boys know what they are doing. Strongly recommended.</p>\n<p style=\"text-align: justify;\"></p>\n<hr>\n<h1 style=\"text-align: justify;\">The ONE - British Blend<img alt=\"\" height=\"20\" src=\"http://redhooklibrary.org/files/2013/11/five-stars.png\" style=\"font-size: 2em;\" width=\"100\"></h1>\n<p style=\"text-align: justify;\">I Have just had the pleasure of Tasting this really pleasant this whisky. fresh &amp; smooth, kind on the palette,slightly peaty which lingers with citrus. Excellent First Production; The future should be promising.</p>\n<p style=\"text-align: justify;\"></p>\n<hr>\n<h1 style=\"text-align: justify;\">The ONE<img alt=\"\" height=\"20\" src=\"http://redhooklibrary.org/files/2013/11/five-stars.png\" style=\"font-size: 2em;\" width=\"100\"></h1>\n<p>Brilliant found you at Kendal food fair on Sunday I live in Cumbria where can I buy do tell us.</p>\n<p></p>\n<hr>\n<p></p>'),(4940,'<p>Building work continues on site. The roof over the production area of the distillery is well underway, the builders are making fantastic progress! You can watch them while they work on our webcams <a href=\"/our-distillery/webcams/\">click here</a></p>'),(4943,'<p>Behind the scenes at the photoshoot for our ad campaign. Special thanks to Adam and the team at<a href=\"http://www.julesb.co.uk/\">Jules B</a> who dressed and styled the models.</p>'),(4945,'<p>Building work continues on site. The roof over the production area of the distillery is well underway, the builders are making fantastic progress! You can watch them while they work on our webcams <a href=\"/our-distillery/webcams/\">click here</a></p>'),(4953,'<table style=\"height: 308px; width: 838px;\" border=\"0\">\n<tbody>\n<tr>\n<td><img src=\"/media/files/our_people/paul_currie_at_site.jpg\" width=\"230\" style=\"margin-left: 20px; margin-right: 20px;\" height=\"300\" alt=\"\"></td>\n<td>\n<h1>PAUL CURRIE - FOUNDER AND MANAGING DIRECTOR</h1>\n<hr>\n<p><span><span><span>Whiskys been a part of my life for as long as I can remember.</span></span></span></p>\n<hr>\n<p>With a family background in the whisky industry, he has had a lifelong love of spirits, and previously set up the award winning Isle of Arran distillery with his father. He has been the driving force behind setting up the new Lakes Distillery.</p>\n</td>\n</tr>\n</tbody>\n</table>'),(4954,'<table style=\"height: 308px; width: 905px;\" border=\"0\">\n<tbody>\n<tr>\n<td><img src=\"/media/files/our_people/pc_+_alan_rutherford.jpg\" width=\"230\" style=\"margin-left: 20px; margin-right: 20px;\" height=\"300\" alt=\"\"></td>\n<td>\n<h1>DR ALAN RUTHERFORD OBE - DIRECTOR</h1>\n<hr>\n<p>The Lakes Distillery has so much going for it  a great team, a wonderful location, and all the ingredients for what should be an outstanding malt whisky</p>\n<hr>\n<p>Alan Rutherford, whose career in the whisky industry spans almost 40 years, is one of the leading figures in the whisky industry. A former council member of the Scotch Whisky Council, he was previously scotch whisky production director at United Distillers - later Diageo. Alan will oversee the production of our whiskies and gin.</p>\n</td>\n</tr>\n</tbody>\n</table>'),(4955,'<table style=\"height: 310px; width: 901px;\" border=\"0\">\n<tbody>\n<tr>\n<td><img src=\"/media/files/our_people/pc_+_chris_anderson_(2).jpg\" width=\"230\" style=\"margin-left: 20px; margin-right: 20px;\" height=\"300\" alt=\"\"></td>\n<td>\n<h1>CHRIS ANDERSON - MASTER DISTILLER</h1>\n<hr>\n<p>\"Most of all Im looking forward to seeing the first spirit flow into the spirit safe. Then the adventure really begins.\"</p>\n<hr>\n<p>Chris Anderson comes from a long line of Scottish whisky distillers and began his own whisky career at CaolIla on Islay. He also worked at Lagavulin before moving to manage all of Dewars distilleries, including Royal Brackla, Aberfeldy, Craigellachie and Aultmore. Chris brings a wealth of experience to us, as he will play the central role in creating the new Lakes Malt.</p>\n</td>\n</tr>\n</tbody>\n</table>'),(4974,'<table style=\"height: 308px; width: 905px;\" border=\"0\">\n<tbody>\n<tr>\n<td><img src=\"/media/files/our_people/pc_+_alan_rutherford.jpg\" width=\"230\" style=\"margin-left: 20px; margin-right: 20px;\" height=\"300\" alt=\"\"></td>\n<td>\n<h1>DR ALAN RUTHERFORD OBE - DIRECTOR</h1>\n<hr>\n<p>The Lakes Distillery has so much going for it  a great team, a wonderful location, and all the ingredients for what should be an outstanding malt whisky</p>\n<hr>\n<p>Alan Rutherford, whose career in the whisky industry spans almost 40 years, is one of the leading figures in the whisky industry. A former council member of the Scotch Whisky Council, he was previously scotch whisky production director at United Distillers - later Diageo. Alan will oversee the production of our whiskies and gin.</p>\n</td>\n</tr>\n</tbody>\n</table>'),(4975,'<table style=\"height: 310px; width: 901px;\" border=\"0\">\n<tbody>\n<tr>\n<td><img src=\"/media/files/our_people/pc_+_chris_anderson_(2).jpg\" width=\"230\" style=\"margin-left: 20px; margin-right: 20px;\" height=\"300\" alt=\"\"></td>\n<td>\n<h1>CHRIS ANDERSON - MASTER DISTILLER</h1>\n<hr>\n<p>\"Most of all Im looking forward to seeing the first spirit flow into the spirit safe. Then the adventure really begins.\"</p>\n<hr>\n<p>Chris Anderson comes from a long line of Scottish whisky distillers and began his own whisky career at CaolIla on Islay. He also worked at Lagavulin before moving to manage all of Dewars distilleries, including Royal Brackla, Aberfeldy, Craigellachie and Aultmore. Chris brings a wealth of experience to us, as he will play the central role in creating the new Lakes Malt.</p>\n</td>\n</tr>\n</tbody>\n</table>'),(4980,'<table border=\"0\" style=\"width: 250px;\">\n<tbody>\n<tr align=\"center\" valign=\"top\">\n<td style=\"text-align: center;\">\n<p><a href=\"/our-distillery/our-people/paul-currie-our-people\"><img alt=\"\" height=\"400\" src=\"/media/files/paul_currie_v2.jpg\" width=\"247\"></a></p>\n</td>\n<td style=\"text-align: center;\">\n<p><a href=\"/our-distillery/our-people/john-drake-our-people\"><img alt=\"\" height=\"400\" src=\"/media/files/john_drake_v2.jpg\" width=\"247\"></a></p>\n</td>\n<td>\n<p style=\"text-align: center;\"><img alt=\"\" height=\"400\" src=\"/media/files/katie_read_v2.jpg\" width=\"247\"></p>\n</td>\n<td><img alt=\"\" height=\"400\" src=\"/media/files/alan_rutherford_v2.jpg\" width=\"247\"></td>\n</tr>\n<tr>\n<td style=\"text-align: center;\">\n<p><img alt=\"\" height=\"400\" src=\"/media/files/nigel_mills_v2.jpg\" width=\"247\"></p>\n</td>\n<td style=\"text-align: center;\"></td>\n<td style=\"text-align: center;\"></td>\n<td></td>\n</tr>\n<tr>\n<td></td>\n<td></td>\n<td></td>\n<td></td>\n</tr>\n<tr>\n<td></td>\n<td></td>\n<td></td>\n<td></td>\n</tr>\n<tr>\n<td></td>\n<td></td>\n<td></td>\n<td></td>\n</tr>\n<tr>\n<td></td>\n<td></td>\n<td></td>\n<td></td>\n</tr>\n<tr>\n<td></td>\n<td></td>\n<td></td>\n<td></td>\n</tr>\n<tr>\n<td></td>\n<td></td>\n<td></td>\n<td></td>\n</tr>\n<tr>\n<td></td>\n<td></td>\n<td></td>\n<td></td>\n</tr>\n<tr>\n<td></td>\n<td></td>\n<td></td>\n<td></td>\n</tr>\n<tr>\n<td></td>\n<td></td>\n<td></td>\n<td></td>\n</tr>\n<tr>\n<td></td>\n<td></td>\n<td></td>\n<td></td>\n</tr>\n<tr>\n<td></td>\n<td></td>\n<td></td>\n<td></td>\n</tr>\n<tr>\n<td></td>\n<td></td>\n<td></td>\n<td></td>\n</tr>\n<tr>\n<td></td>\n<td></td>\n<td></td>\n<td></td>\n</tr>\n<tr>\n<td></td>\n<td></td>\n<td></td>\n<td></td>\n</tr>\n<tr>\n<td></td>\n<td></td>\n<td></td>\n<td></td>\n</tr>\n<tr>\n<td></td>\n<td></td>\n<td></td>\n<td></td>\n</tr>\n<tr>\n<td></td>\n<td></td>\n<td></td>\n<td></td>\n</tr>\n<tr>\n<td></td>\n<td></td>\n<td></td>\n<td></td>\n</tr>\n<tr>\n<td></td>\n<td></td>\n<td></td>\n<td></td>\n</tr>\n<tr>\n<td></td>\n<td></td>\n<td></td>\n<td></td>\n</tr>\n<tr>\n<td></td>\n<td></td>\n<td></td>\n<td></td>\n</tr>\n<tr>\n<td></td>\n<td></td>\n<td></td>\n<td></td>\n</tr>\n</tbody>\n</table>');
/*!40000 ALTER TABLE `cmsplugin_text` ENABLE KEYS */;
UNLOCK TABLES;

--
-- Table structure for table `configurable_configurableproduct`
--

DROP TABLE IF EXISTS `configurable_configurableproduct`;
/*!40101 SET @saved_cs_client     = @@character_set_client */;
/*!40101 SET character_set_client = utf8 */;
CREATE TABLE `configurable_configurableproduct` (
  `create_subs` tinyint(1) NOT NULL DEFAULT '0',
  `product_id` int(11) NOT NULL,
  PRIMARY KEY (`product_id`),
  CONSTRAINT `product_id_refs_id_480df58a` FOREIGN KEY (`product_id`) REFERENCES `product_product` (`id`)
) ENGINE=InnoDB DEFAULT CHARSET=utf8;
/*!40101 SET character_set_client = @saved_cs_client */;

--
-- Dumping data for table `configurable_configurableproduct`
--

LOCK TABLES `configurable_configurableproduct` WRITE;
/*!40000 ALTER TABLE `configurable_configurableproduct` DISABLE KEYS */;
/*!40000 ALTER TABLE `configurable_configurableproduct` ENABLE KEYS */;
UNLOCK TABLES;

--
-- Table structure for table `configurable_configurableproduct_option_group`
--

DROP TABLE IF EXISTS `configurable_configurableproduct_option_group`;
/*!40101 SET @saved_cs_client     = @@character_set_client */;
/*!40101 SET character_set_client = utf8 */;
CREATE TABLE `configurable_configurableproduct_option_group` (
  `id` int(11) NOT NULL AUTO_INCREMENT,
  `configurableproduct_id` int(11) NOT NULL,
  `optiongroup_id` int(11) NOT NULL,
  PRIMARY KEY (`id`),
  UNIQUE KEY `product_configurableproduc_configurableproduct_id_2936ac98_uniq` (`configurableproduct_id`,`optiongroup_id`),
  KEY `product_configurableproduct_option_group_21c384bb` (`configurableproduct_id`),
  KEY `product_configurableproduct_option_group_2d4ce28b` (`optiongroup_id`),
  CONSTRAINT `optiongroup_id_refs_id_695af5ba` FOREIGN KEY (`optiongroup_id`) REFERENCES `product_optiongroup` (`id`),
  CONSTRAINT `configurableproduct_id_refs_product_id_58fbe8c6` FOREIGN KEY (`configurableproduct_id`) REFERENCES `configurable_configurableproduct` (`product_id`)
) ENGINE=InnoDB DEFAULT CHARSET=utf8;
/*!40101 SET character_set_client = @saved_cs_client */;

--
-- Dumping data for table `configurable_configurableproduct_option_group`
--

LOCK TABLES `configurable_configurableproduct_option_group` WRITE;
/*!40000 ALTER TABLE `configurable_configurableproduct_option_group` DISABLE KEYS */;
/*!40000 ALTER TABLE `configurable_configurableproduct_option_group` ENABLE KEYS */;
UNLOCK TABLES;

--
-- Table structure for table `configurable_productvariation`
--

DROP TABLE IF EXISTS `configurable_productvariation`;
/*!40101 SET @saved_cs_client     = @@character_set_client */;
/*!40101 SET character_set_client = utf8 */;
CREATE TABLE `configurable_productvariation` (
  `product_id` int(11) NOT NULL,
  `parent_id` int(11) NOT NULL,
  PRIMARY KEY (`product_id`),
  KEY `product_productvariation_63f17a16` (`parent_id`),
  CONSTRAINT `parent_id_refs_product_id_36f6b5e2` FOREIGN KEY (`parent_id`) REFERENCES `configurable_configurableproduct` (`product_id`),
  CONSTRAINT `product_id_refs_id_57ef919` FOREIGN KEY (`product_id`) REFERENCES `product_product` (`id`)
) ENGINE=InnoDB DEFAULT CHARSET=utf8;
/*!40101 SET character_set_client = @saved_cs_client */;

--
-- Dumping data for table `configurable_productvariation`
--

LOCK TABLES `configurable_productvariation` WRITE;
/*!40000 ALTER TABLE `configurable_productvariation` DISABLE KEYS */;
/*!40000 ALTER TABLE `configurable_productvariation` ENABLE KEYS */;
UNLOCK TABLES;

--
-- Table structure for table `configurable_productvariation_options`
--

DROP TABLE IF EXISTS `configurable_productvariation_options`;
/*!40101 SET @saved_cs_client     = @@character_set_client */;
/*!40101 SET character_set_client = utf8 */;
CREATE TABLE `configurable_productvariation_options` (
  `id` int(11) NOT NULL AUTO_INCREMENT,
  `productvariation_id` int(11) NOT NULL,
  `option_id` int(11) NOT NULL,
  PRIMARY KEY (`id`),
  UNIQUE KEY `product_productvariation_opti_productvariation_id_20082458_uniq` (`productvariation_id`,`option_id`),
  KEY `product_productvariation_options_7a469d48` (`productvariation_id`),
  KEY `product_productvariation_options_2f3b0dc9` (`option_id`),
  CONSTRAINT `option_id_refs_id_6d50352f` FOREIGN KEY (`option_id`) REFERENCES `product_option` (`id`),
  CONSTRAINT `productvariation_id_refs_product_id_6dcf63d4` FOREIGN KEY (`productvariation_id`) REFERENCES `configurable_productvariation` (`product_id`)
) ENGINE=InnoDB DEFAULT CHARSET=utf8;
/*!40101 SET character_set_client = @saved_cs_client */;

--
-- Dumping data for table `configurable_productvariation_options`
--

LOCK TABLES `configurable_productvariation_options` WRITE;
/*!40000 ALTER TABLE `configurable_productvariation_options` DISABLE KEYS */;
/*!40000 ALTER TABLE `configurable_productvariation_options` ENABLE KEYS */;
UNLOCK TABLES;

--
-- Table structure for table `contact_addressbook`
--

DROP TABLE IF EXISTS `contact_addressbook`;
/*!40101 SET @saved_cs_client     = @@character_set_client */;
/*!40101 SET character_set_client = utf8 */;
CREATE TABLE `contact_addressbook` (
  `id` int(11) NOT NULL AUTO_INCREMENT,
  `contact_id` int(11) NOT NULL,
  `description` varchar(20) NOT NULL,
  `addressee` varchar(80) NOT NULL,
  `street1` varchar(80) NOT NULL,
  `street2` varchar(80) NOT NULL,
  `state` varchar(50) NOT NULL,
  `city` varchar(50) NOT NULL,
  `postal_code` varchar(30) NOT NULL,
  `country_id` int(11) NOT NULL,
  `is_default_shipping` tinyint(1) NOT NULL,
  `is_default_billing` tinyint(1) NOT NULL,
  PRIMARY KEY (`id`),
  KEY `contact_addressbook_170b8823` (`contact_id`),
  KEY `contact_addressbook_534dd89` (`country_id`),
  CONSTRAINT `contact_id_refs_id_5a217d5c` FOREIGN KEY (`contact_id`) REFERENCES `contact_contact` (`id`),
  CONSTRAINT `country_id_refs_id_1f1c67fe` FOREIGN KEY (`country_id`) REFERENCES `l10n_country` (`id`)
) ENGINE=InnoDB AUTO_INCREMENT=511 DEFAULT CHARSET=utf8;
/*!40101 SET character_set_client = @saved_cs_client */;

--
-- Dumping data for table `contact_addressbook`
--

LOCK TABLES `contact_addressbook` WRITE;
/*!40000 ALTER TABLE `contact_addressbook` DISABLE KEYS */;
INSERT INTO `contact_addressbook` VALUES (2,2,'Work','','1245 Main Street','','MN','Stillwater','55082',231,1,1),(3,3,'Mailing address','','Receiving Dept','918 Funky Town St','NJ','Fishkill','19010',231,1,1),(4,4,'','Claire Jobling','Southside','Newcastle International Airpor','Tyne and Wear','Woolsington','NE13 8BT',230,0,1),(6,5,'','Brian Jobling','23 Brockwell Drive','Sherburn Towers','Tyne and Wear','Rowlands Gill','NE39 2PX',230,0,1),(7,5,'','Brian Jobling','23 Brockwell Drive','Sherburn Towers','Tyne and Wear','Rowlands Gill','NE39 2PX',230,1,0),(8,6,'','Brian Jobling','23 Brockwell Drive','Sherburn Towers','Tyne and Wear','Rowlands Gill','NE39 2PX',230,1,1),(9,7,'','Brian Jobling','23 Brockwell Drive','Sherburn Towers','Tyne and Wear','Rowlands Gill','NE39 2PX',230,0,1),(10,7,'','','23 Brockwell Drive','Sherburn Towers','Tyne and Wear','Rowlands Gill','NE39 2PX',230,1,0),(11,8,'','Paul Currie','Low Barkhouse','','Cumbria','Bassenthwaite Lake','CA13 9SJ',230,1,1),(13,9,'','Andrew Grocott','22 The Quadrant','West Wimbledon','','London','SW20 8SP',230,0,1),(14,9,'','','22 The Quadrant','West Wimbledon','','London','SW20 8SP',230,1,0),(15,10,'','mike hodgson','6 Elm Grove','','','Houghton-le-spring','DH4 4JH',230,0,1),(18,10,'','mike hodgson','6 Elm Grove','','','Houghton-le-spring','DH4 4JH',230,1,0),(19,11,'','Helen Marshall','3 Pevensey Close','','','North Shields','NE29 9HW',230,0,1),(20,11,'','','3 Pevensey Close','','','North Shields','NE29 9HW',230,1,0),(21,12,'','Laura Simson','24 Parklands','Hamsterley Mill','Durham','Newcastle Upon Tyne','NE39 1HH',230,0,1),(23,13,'','Brian Jobling','Southside','Newcastle International Airpor','Tyne and Wear','Woolsington','NE13 8BT',230,1,1),(25,14,'','Brian Jobling','Southside','Newcastle International Airpor','Tyne and Wear','Woolsington','NE13 8BT',230,1,1),(27,15,'','Brian Jobling','Southside','Newcastle International Airpor','Tyne and Wear','Woolsington','NE13 8BT',230,0,1),(28,15,'','','Southside','Newcastle International Airpor','Tyne and Wear','Woolsington','NE13 8BT',230,1,0),(29,16,'','Brian Jobling','23 Brockwell Drive','Sherburn Towers','Tyne and Wear','Rowlands Gill','NE39 2PX',230,0,1),(31,17,'','Brian Jobling','Southside','Newcastle International Airpor','Tyne and Wear','Woolsington','NE13 8BT',230,0,1),(33,17,'','Brian Jobling','Southside','Newcastle International Airpor','Tyne and Wear','Woolsington','NE13 8BT',230,1,0),(34,16,'','Brian Jobling','23 Brockwell Drive','Sherburn Towers','Tyne and Wear','Rowlands Gill','NE39 2PX',230,1,0),(35,18,'','Laura Simpson','24 Parklands','Hamsterley Mill','Durham','Newcastle Upon Tyne','NE39 1HH',230,0,1),(36,18,'','','24 Parklands','Hamsterley Mill','Durham','Newcastle Upon Tyne','NE39 1HH',230,1,0),(37,19,'','Mr Andrew J Briggs','9 Hazelmere Avenue','','','Newcastle upon Tyne','NE3 5QL',230,0,1),(38,19,'','The Pen Shop Limited','5 Bamburgh Court','Team Valley','','Gateshead','NE11 0TX',230,1,0),(39,20,'','Rosie Brown','Longlands, Goldgate Lane','Swainby','North Yorkshire','Northallerton','DL6 3HS',230,1,1),(41,21,'','Brian Jobling','Southside','Newcastle International Airpor','Tyne and Wear','Woolsington','NE13 8BT',230,0,1),(42,21,'','','Southside','Newcastle International Airpor','Tyne and Wear','Woolsington','NE13 8BT',230,1,0),(43,4,'','Howard Mersey','Civil Aviation Authority','Aviation House','West Sussex','Gatwick Airport South','RH6 0YR',230,1,0),(44,22,'','Davidina Haigh','46 Valley Drive','','','CARLISLE','CA1 3TB',230,0,1),(45,22,'','','46 Valley Drive','','','CARLISLE','CA1  3TB',230,1,0),(46,23,'','Katharine Barnes','24 Loop Road North','','Cumbria','Whitehaven','CA28 6LY',230,0,1),(47,23,'','','24 Loop Road North','','Cumbria','Whitehaven','CA28 6LY',230,1,0),(48,24,'','Allistair Swinsco','8 edenside','Cargo','England','Carlisle','CA6 4AQ',230,1,1),(50,25,'','Jane McEwen','31 St Giles Park','Brough with St Giles','North Yorkshire','Catterick Garrison','DL9 4XA',230,0,1),(51,25,'','','31 St Giles Park','Brough with St Giles','North Yorkshire','Catterick Garrison','DL9 4XA',230,1,0),(52,26,'','Alison Ramsdale','42 station road','Stokesley ','','Middlesbrough','TS9 5AJ',230,0,1),(53,26,'','','42 station road','Stokesley ','','Middlesbrough','TS9 5AJ',230,1,0),(54,27,'','Helen Hartley','75','Wentcliffe Road','','Knottingley','WF11 8QP',230,0,1),(55,27,'','','75','Wentcliffe Road','','Knottingley','WF11 8QP',230,1,0),(56,28,'','John Fleet','12 Ashburn Croft','Greystoke','Cumbria','Penrith','CA11 0UL',230,0,1),(57,28,'','','12 Ashburn Croft','Greystoke','Cumbria','Penrith','CA11 0UL',230,1,0),(58,29,'','Susan Travis','101 The Parklands','','Cumbria','Cockermouth','CA13 0XJ',230,1,1),(60,30,'','Melissa Lines','28 Hardwick Road','Sedgefield','','Co Durham','TS21 2AL',230,0,1),(61,30,'','','28 Hardwick Road','Sedgefield','','Co Durham','TS21 2AL',230,1,0),(62,31,'','Anouska Chisholm','23 Fellside Grove','','Cumbria','Carlilse','CA2 7SW',230,0,1),(63,31,'','Mr Eoin Brunton','23 Fellside Grove','','Cumbria','Carlisle','CA2 7SW',230,1,0),(64,32,'','Sandra Hannah','6 Shummard Close','Biddick Woods','Tyne and Wear','Houghton -le-Spring','DH4 7TP',230,0,1),(65,32,'','','6 Shummard Close','Biddick Woods','Tyne and Wear','Houghton -le-Spring','DH4 7TP',230,1,0),(66,33,'','Jeff Collin','12 Wilson Road','','','Dunbar','EH42 1GH',230,1,1),(68,34,'','stephen brinsden','the laurels ','','cumbria','beckermet','CA21 2XB',230,0,1),(69,34,'','Mr D Brinsden','56 Woodside Road','','London','Woodside','SE25 5DY',230,1,0),(70,35,'','tracey foster','4 meadow view','lowca','','whitehaven,cumbria','CA28 6QF',230,1,1),(72,36,'','chris davidson','14 kirkgate','','','cockermouth','CA13 9PJ',230,0,1),(73,36,'','','14 kirkgate','','','cockermouth','CA13 9PJ',230,1,0),(74,37,'','Graham Hetherington','11 Norfolk Street','','','Leamington Spa','CV32 5YQ',230,0,1),(75,37,'','Jennifer Greenbank','I.M Group LTD, I.M House','South Drive','','Coleshill','B46 1DF',230,1,0),(76,38,'','Glyn Addicott','9 Ashgrove','','Cumbria','COCKERMOUTH','CA13 9RQ',230,0,1),(77,38,'','','9 Ashgrove','','Cumbria','COCKERMOUTH','CA13 9RQ',230,1,0),(78,39,'','Matthew Chandler','2 Waldo Close','Clapham','','London','SW4 9EY',230,0,1),(79,39,'','Matthew Chandler','Strand Hanson Limited','26 Mount Row','','London','W1K 3SQ',230,1,0),(80,40,'','Jemma Jones','15 Granhams Road','Great Shelford','Cambridgeshire','Cambridge','CB22 5JX',230,0,1),(81,40,'','','15 Granhams Road','Great Shelford','Cambridgeshire','Cambridge','CB22 5JX',230,1,0),(82,41,'','Nicholas Charlton','13 Mandle terrace','Netherton ','Cumbria','Maryport ','CA15 7BA',230,0,1),(83,41,'','Nicholas charlton','Heatherside ','Maryport road','Cumbria','Dearham','CA15 7BA',230,1,0),(84,42,'','James Scully','Barn Cottage','Main Street, Greysouthen','Cumbria','Cockermouth','CA13 0UG',230,0,1),(85,42,'','','Barn Cottage','Main Street, Greysouthen','Cumbria','Cockermouth','CA13 0UG',230,1,0),(86,43,'','David Prescott','The Coach House','Hazel Grove Farm, Yealand Redm','Lancashire','Carnforth','LA5 9RW',230,0,1),(87,43,'','','The Coach House','Hazel Grove Farm, Yealand Redm','Lancashire','Carnforth','LA59RW',230,1,0),(88,44,'','vanessa ray','22 Merlin Drive','Moresby Parks','Cumbria','Whitehaven','CA28 8YE',230,0,1),(89,44,'','','22 Merlin Drive','Moresby Parks','Cumbria','Whitehaven','CA28 8YE',230,1,0),(90,45,'','Heather Johnston','2 Teal Close','Baldwins Gate','Staffordshire','Newcastle under Lyme','ST5 5LL',230,0,1),(91,45,'','','2 Teal Close','Baldwins Gate','Staffordshire','Newcastle under Lyme','ST5 5LL',230,1,0),(92,46,'','Rebecca Weston','28 Lowscales Drive','','','Cockermouth','CA13 9DS',230,1,1),(94,47,'','Linda Douglas','20 woodside terrace','','gateshead','chopwell','NE17 7EQ',230,0,1),(95,47,'','Christopher Douglas','4 Coxs Close','','Suffolk','Beccles','NR34 9HX',230,1,0),(96,48,'','Tom Reeves','4 the Wynd','Wynyard','','Billingham ','TS22 5QE',230,1,1),(98,12,'','Laura Simson','24 Parklands','Hamsterley Mill','Durham','Newcastle Upon Tyne','NE39 1HH',230,1,0),(99,49,'','Cathrine Degnen','23 Dene View','South Gosforth','Tyne and Wear','Newcastle upon Tyne','NE3 1PU',230,0,1),(100,49,'','','23 Dene View','South Gosforth','Tyne and Wear','Newcastle upon Tyne','NE3 1PU',230,1,0),(101,50,'','helen wilson','37 woollin crescent','west ardsley','','wakefield','WF3 1ET',230,0,1),(102,50,'','Iron Mountain','Prima House','Premier Way, Oulton','','leeds','LS26 8ZA',230,1,0),(103,51,'','Nicholas charlton','Heatherside','Maryport road','Cumbria','Dearham','CA15 7EE',230,1,1),(105,52,'','Nicholas Charlton ','Heatherside','Maryport road','Cumbria','Dearham','CA15 7BA',230,0,1),(106,52,'','','Heatherside','Maryport road','Cumbria','Dearham','Ca15 7ba',230,1,0),(107,53,'','Sophie Khatib-Shahidi','8 Addison Drive','Littlemore','Oxfordshire','Oxford','OX4 3UD',230,0,1),(108,53,'','','8 Addison Drive','Littlemore','Oxfordshire','Oxford','ox4 3ud',230,1,0),(109,54,'','Trudy Leitch','Summerlea, ','3 Grantsfield','Roxburghshire','Maxton, Melrose','TD6 0RR',230,0,1),(110,54,'','','Summerlea, ','3 Grantsfield','Roxburghshire','Maxton, Melrose','TD6 0RR',230,1,0),(111,55,'','Susan Dalton','23 Westcliff Gardens','23 Westcliff Gardens','CHESHIRE','APPLETON','WA4 5FQ',230,0,1),(112,55,'','','23 Westcliff Gardens','23 Westcliff Gardens','CHESHIRE','APPLETON','WA4 5FQ',230,1,0),(113,56,'','David Evans','122 Tycroes Road','Tycroes','','Ammanford','SA18 3NS',230,0,1),(114,56,'','','122 Tycroes Road','Tycroes','','Ammanford','SA18 3NS',230,1,0),(115,57,'','Mike Henderson','818 N. 14th Place','','Arkansas','Rogers','72756',231,0,1),(116,57,'','','818 N. 14th Place','','Arkansas','Rogers','72756',231,1,0),(117,58,'','Amy Bowe','99 Shaftesbury avenue','Northshore','Lancashire','Blackpool','FY2 9UZ',230,1,1),(119,59,'','iain gray','23 samian way','','','bristol','BS34 8UQ',230,1,1),(121,60,'','Rob Evans','6, Eaton Road','Alsager','Staffordshire','Stoke on Trent','ST7 2BQ',230,0,1),(122,60,'','','6, Eaton Road','Alsager','Staffordshire','Stoke on Trent','ST7 2BQ',230,1,0),(123,61,'','Denise Mason','106 Curwendale','Stainburn','Cumbria','Workington','CA14 4UT',230,1,1),(125,62,'','Anthony Crotty','170 High Road','Kells','Cumbria','Whitehaven','CA28 9ER',230,0,1),(126,62,'','Mr Andrew Crotty','41 Salisbury Close','Heolgerrig','','Merthyr Tydfil','CF48 1SD',230,1,0),(127,63,'','sarah keast','macallan','school hill','cumbria','lindale','LA11 6LE',230,1,1),(129,64,'','Mark Wilson ','9 Criffel Road','Parton','Cumbria','Whitehaven','CA28 6RQ',230,0,1),(130,64,'','','9 Criffel Road','Parton','Cumbria','Whitehaven','Ca28 6rq',230,1,0),(131,65,'','Dr E A Wainwright','11','Gainsborough Road','Merseyside','Southport','PR8 2EY',230,0,1),(132,65,'','Dr E A Wainwright','The Marshside Surgery','117 Fylde Road','Merseyside','Southport','PR9 9XP',230,1,0),(133,66,'','Jules Buckland','43 Lugley St','','Isle of Wight','Newport','PO30 5HA',230,0,1),(134,66,'','','43 Lugley St','','Isle of Wight','Newport','PO30 5HA',230,1,0),(135,67,'','Adam Kennedy','12 Formaston Park','','','Aboyne','AB34 5HF',230,0,1),(136,67,'','Adam Kennedy','ATKINS CONSULTANTS LTD, ','INGWELL HALL, WESTLAKES SCI','Cumbria','MOOR ROW','CA24 3JZ',230,1,0),(137,68,'','David Eilbeck','The Garden House ','Windmill Road','Kent','Sevenoaks','TN13 1TN',230,0,1),(138,68,'','Mr & Mrs H M Eilbeck','2 Kirkbeck Drive','','Cumbria','Beckermet','CA21 2YT',230,1,0),(139,69,'','Bret Adsley','14 Rectory Dene','','Northumberland','Morpeth','NE61 2TD',230,0,1),(140,69,'','Mr Michael Lenaghan','24 St Helens St','','Cumbria','Cockermouth','CA13 9HX',230,1,0),(141,70,'','Paul Maxwell','Elderbrook','Haile','Cumbria','Egremont','CA22 2PD',230,0,1),(142,70,'','','Elderbrook','Haile','Cumbria','Egremont','CA22 2PD',230,1,0),(143,71,'','Bryan Miller','Hollies','Townhead Court','Cumbria','Carlisle','CA4 8DJ',230,0,1),(144,71,'','Akira Uk Ltd','Warwick Mill Business Village','Warwick Bridge','Cumbria','Carlisle','CA4 8RR',230,1,0),(145,72,'','Peter Bailey','Hall Garth','Eaglesfield','Cumbria','Cockermouth','CA13 0SD',230,0,1),(146,72,'','','Hall Garth','Eaglesfield','Cumbria','Cockermouth','CA13 0SD',230,1,0),(147,73,'','Miss Sian C Lynch','30 Maple Close','Maryport','','Cumbria','CA15 7DF',230,0,1),(148,73,'','','30 Maple Close','Maryport','','Cumbria','CA15 7DF',230,1,0),(149,74,'','Emma Porter','The Limes','Little Bampton','Cumbria','Wigton','CA7 0JQ',230,1,1),(151,75,'','Andrea Hardie-Knight','20 Lonsdale Terrace','Crosby Villa','Cumbria','Maryport','CA15 6TL',230,1,1),(153,76,'','claire MURRAY','37 station street','37 Station Street','Cumbria','Cockermouth','CA13 9QW',230,0,1),(154,76,'','','37 station street','37 Station Street','Cumbria','Cockermouth','CA13 9QW',230,1,0),(155,77,'','Patricia Duckett','Townhead farmhouse','North road Holme','Lancashire','Carnforth','LA6 1QG',230,1,1),(157,78,'','George Royston-Bishop','27','Strawberry How','Cumbria','Cockermouth','CA13 9XZ',230,0,1),(158,78,'','','27','Strawberry How','Cumbria','Cockermouth','CA13 9XZ',230,1,0),(159,79,'','Peter James','56 Asby Road','Asby ','Cumbria','Workington','CA14 4RZ',230,0,1),(160,79,'','Dr Alex Watson','60 Lichfield Road','','','Cambridge','CB1 3TP',230,1,0),(161,80,'','ewqeqwe','wqeqweqw','qwewqeqwe','qeqweqweq','wdeqweqwe','673306',101,0,1),(163,81,'','Nigel Sutcliffe','71 Morston Road','Blakeney','Norfolk','Holt','NR25 7BD',230,0,1),(164,81,'','','71 Morston Road','Blakeney','Norfolk','Holt','NR25 7BD',230,1,0),(165,82,'','Jacqueline Thornborrow','Green Mount','Brough Sowerby','Cumbria','Kirkby Stephen','CA17 4EG',230,0,1),(166,82,'','','Green Mount','Brough Sowerby','Cumbria','Kirkby Stephen','CA174EG',230,1,0),(167,83,'','Graham Sleep','9 Badger Close','','','Sunderland','SR3 2XF',230,0,1),(168,83,'','','9 Badger Close','','','Sunderland','SR3 2XF',230,1,0),(169,84,'','Helen Tozer','Bridge House Farm','Button Street   INGLEWHITE','','Nr Preston','PR3 2LE',230,0,1),(171,84,'','Helen Tozer','Bridge House Farm','Button Street   INGLEWHITE','','Nr Preston','PR3 2LE',230,1,0),(172,85,'','Alex Raison','60 Brinkburn Avenue','','','Gateshead','NE8 4JT',230,0,1),(173,85,'','Alex Raison','JHC, 3rd Floor, ','St Nicholas Building','Tyne & Wear','Newcastle','NE1 1RF',230,1,0),(174,86,'','keith harrison','3 curzon street','','cumbria','maryport','CA15 6LL',230,0,1),(175,86,'','mr & mrs armstrong','82a tycehurst hill','','essex','loughton','IG10 1BU',230,1,0),(176,87,'','anna woolley','7','Ffordd Celyn','','Mold','CH7 6SS',230,1,1),(178,88,'','Marion Wilson','Treetops','Ullock','Cumbria','Workington','CA14 4TP',230,0,1),(179,88,'','','Treetops','Ullock','Cumbria','Workington','CA14 4TP',230,1,0),(180,80,'','ewqeqwe','wqeqweqw','qwewqeqwe','qeqweqweq','wdeqweqwe','673306',101,1,0),(181,89,'','Allan Copson','14 beacon park drive','Skegness','','Lincolnshire','PE25 1HE',230,0,1),(182,89,'','','14 beacon park drive','Skegness','','Lincolnshire','Pe251he',230,1,0),(183,90,'','Melanie Brownridge','83 the Parklands','','Cumbria','Cockermouth ','CA13 0XJ',230,1,1),(185,91,'','rachel woof','19 salkeld road','','cumbria','penrith','CA11 8RA',230,0,1),(186,91,'','','19 salkeld road','','cumbria','penrith','ca11 8ra',230,1,0),(187,92,'','Philip Allison','Enkev House,','Silloth Industrial Estate,','Cumbria','Silloth, Wigton','CA7 4NS',230,1,1),(189,93,'','Robert Wilson','47 Ashington Drive','','','Choppington','NE62 5XR',230,0,1),(190,93,'','','47 Ashington Drive','','','Choppington','NE62 5XR',230,1,0),(191,94,'','39','WARWICK CLOSE','','CHESHIRE','DUKINFIELD','SK16 5SD',230,1,1),(193,95,'','David T Smith','Flat','15A South Street','','Havant','PO9 1BU',230,0,1),(194,95,'','David T Smith','24 Hollybank Road','','','Hythe','SO45 5FQ',230,1,0),(195,96,'','Claire Beeby','47','Weavers avenue','Cumbria','Frizington','CA26 3AT',230,0,1),(196,96,'','','47','Weavers avenue','Cumbria','Frizington','Ca26 3at',230,1,0),(197,97,'','mike hodgson','6 Elm Grove','','','houghton-le-spring','DH4 4JH',230,0,1),(198,97,'','','6 Elm Grove','','','houghton-le-spring','dh4 4jh',230,1,0),(199,98,'','Mr P McKenna','20 Ellerbeck Lane','Workington','','Cumbria','CA14 4HE',230,0,1),(200,98,'','','20 Ellerbeck Lane','Workington','','Cumbria','CA14 4HE',230,1,0),(201,99,'','Geoff chatterley','7 davis close','alsager','cheshire','stoke on trent','ST7 2YP',230,0,1),(202,99,'','','7 davis close','alsager','cheshire','stoke on trent','st72yp',230,1,0),(203,100,'','david horner','arlecdon hill farm','arlecdon','cumbria','frizington','CA26 3UW',230,0,1),(204,100,'','','arlecdon hill farm','arlecdon','cumbria','frizington','CA263UW',230,1,0),(205,101,'','paul bean','the paddock ,ellerbeck farm ,','brigham ','cumbria','cockermouth','CA13 0SY',230,0,1),(206,101,'','','the paddock ,ellerbeck farm ,','brigham ','cumbria','cockermouth','ca13 0sy',230,1,0),(207,102,'','Daniel Szor','133 Broadhurst Gardens','','','London','NW6 3BJ',230,0,1),(208,102,'','','133 Broadhurst Gardens','','','London','NW63BJ',230,1,0),(209,103,'','Alastair Johnston','1 The Nurseries','Linstock','Cumbria','Carlisle','CA6 4RR',230,0,1),(210,103,'','','1 The Nurseries','Linstock','Cumbria','Carlisle','CA6 4RR',230,1,0),(211,104,'','George Dudson','5 Alder Road','','Cumbria','Penrith','CA11 8TT',230,1,1),(213,105,'','clive Wickenden','43 Bilsdale Grove','','N. Yorks','Knaresborough','HG5 0PX',230,1,1),(215,106,'','Samuel Scully','Barn Cottage','Main Street','','Greysouthen','CA13 0UG',230,1,1),(217,107,'','Cynthia Tasset','1 Evesham Drive ','','Cheshire','Wilmslow ','SK9 4EG',230,0,1),(218,107,'','','1 Evesham Drive ','','Cheshire','Wilmslow ','SK9 4EG ',230,1,0),(219,108,'','william margach','28 bow windows avenue','','cumbria','barrow-in-furness','LA13 0SF',230,0,1),(220,108,'','j margach','63 roose road','','cumbria','barrow-in-furness','LA13 9RJ',230,1,0),(221,109,'','Dave Liggit','79B SUN GARDENS','','','THORNABY','TS17 6PL',230,1,1),(223,110,'','Brian Cole','126B Shevington Lane','','Lancashire','Shevington','WN6 8BJ',230,0,1),(224,110,'','','126B Shevington Lane','','Lancashire','Shevington','WN68BJ',230,1,0),(225,111,'','Heather Edgar','24 Sheehan Gardens','','Cumbria','Carlisle','CA2 7GY',230,0,1),(226,111,'','Heather Edgar','Irthing House','Gilsland','Cumbria','Brampton','CA8 7EP',230,1,0),(227,112,'','Michelle Bennett','1 Karen Way','Withymoor Village','Other','Brierley Hill','DY5 2SN',230,0,1),(228,112,'','','1 Karen Way','Withymoor Village','Other','Brierley Hill','DY5 2SN',230,1,0),(229,113,'','Mark Tweddle','The Firs','Station Road','Cumbria','Carlisle','CA4 9PL',230,0,1),(230,113,'','','The Firs','Station Road','Cumbria','Carlisle','CA4 9PL',230,1,0),(231,114,'','Vicki Taylor','27 Goodwood close','Shotley bridge','Co durham','Consett','DH8 0UF',230,0,1),(232,114,'','','27 Goodwood close','Shotley bridge','Co durham','Consett','Dh8 0uf',230,1,0),(233,115,'','vicki taylor','27 Goodwood Close','Shotley Bridge','Co Durham','Consett','DH8 0UF',230,0,1),(234,115,'','','27 Goodwood Close','Shotley Bridge','Co Durham','Consett','DH8 0UF',230,1,0),(235,116,'','Lawrence Mason','14 Matthew Road, BLYTH, Northu','','','Newcastle-Upon-Tyne','NE24 3ET',230,0,1),(236,116,'','','14 Matthew Road, BLYTH, Northu','','','Newcastle-Upon-Tyne','NE24 3ET',230,1,0),(237,117,'','David Wright','40, Mill Meadow Court,','Norton,','Cleveland','Stockton on Tees.','TS20 2GA',230,1,1),(239,118,'','Christine Bateman','3 Burnside','Sellafield Road','Cumbria','Beckermet','CA21 2XL',230,0,1),(240,118,'','Mr M A Bateman','305 Main Road','','Suffolk','Ipswich','IP5 2PR',230,1,0),(241,119,'','DAVID ROBSON','20 SERIN HOUSE DENTON GROVE','WESTERHOPE','Tyne and Wear','NEWCASTLE UPON TYNE','NE5 2LS',230,1,1),(243,120,'','Simon  Watson','Calva Hall','Greysouthen','Cumbria','Cockermouth','CA13 0UW',230,0,1),(244,120,'','','Calva Hall','Greysouthen','Cumbria','Cockermouth','CA13 0UW',230,1,0),(245,121,'','philip davies','14 calder close','etherley dene','co durham','bishop auckland','DL14 0RT',230,1,1),(246,122,'','Lisa Cork','26 Briscoe Crescent','','Cumbria','Whitehaven','CA28 6NQ',230,0,1),(247,122,'','','26 Briscoe Crescent','','Cumbria','Whitehaven','CA28 6NQ',230,1,0),(248,123,'','Ruth Johnson','18 Uldale Road','Stainburn','Cumbria','Workington','CA14 4UR',230,0,1),(249,123,'','','18 Uldale Road','Stainburn','Cumbria','Workington','CA14 4UR',230,1,0),(250,124,'','Paul Verstappen','Ericastraat 37','','','Sittard','6134 VW',155,0,1),(251,124,'','','Ericastraat 37','','','Sittard','6134 VW',155,1,0),(252,125,'','Nora Heard','Flat 68, 145,Commercial Street','','London','London','E1 6EB',230,0,1),(253,125,'','Bridget Glanville','40, Denbigh Drive,','','Hampshire','Fareham','PO16 7PN',230,1,0),(254,126,'','Nora Heard','Flat 68, 145,Commercial Street','','London','London','E1 6EB',230,0,1),(255,126,'','Bridget Glanville','40, Denbigh Drive,','','Hampshire','Fareham','PO16 7PN',230,1,0),(256,127,'','Mindo Banaitis','Galines str. 48','','','Vilnius','00001',127,1,1),(258,128,'','Melanie Buttle','37 Cranmore Crescent','','West Yorkshire','Leeds','LS10 4AN',230,0,1),(259,128,'','William Johnston','9 Ashby Street','','Cumbria','Maryport','CA15 7NL',230,1,0),(260,129,'','Raymond Kirkland','22 Larchwood','Harraton','','Washington','NE38 9BT',230,0,1),(261,129,'','','22 Larchwood','Harraton','','Washington','NE38 9BT',230,1,0),(262,130,'','John Undewrwood','10 Derby Road','','Derby','Boorowash','DE72 3HA',230,0,1),(263,130,'','','10 Derby Road','','Derby','Boorowash','DE72 3HA',230,1,0),(264,131,'','ttt rrr','street','','','city','4654',211,0,1),(265,131,'','','street','','','city','4654',211,1,0),(266,132,'','Jeannette.  mackay','347 Norbreck Road','Thornton cleveleys','Lancashire','Blackpool','FY5 1PB',230,0,1),(267,132,'','','347 Norbreck Road','Thornton cleveleys','Lancashire','Blackpool','fy5 1pb',230,1,0),(268,133,'','Nicholas Graham','12, Letchmore Road','','Herts','Radlett','WD7 8HT',230,0,1),(269,133,'','Mrs F.Graham','Yavneh College','Hillside Avenue','Herts','Borehamwood','WD6 1HL',230,1,0),(270,134,'','James Bunting','The Nook','Rudgeway Park','Bristol','Rudgeway','BS35 3RU',230,0,1),(271,134,'','James Bunting, Kaper','Farringdon Place','20 Farringdon Road','','London','EC1M 3HE',230,1,0),(272,135,'','Brian Jobling','23 Brockwell Drive','Sherburn Towers','Tyne and Wear','Rowlands Gill','NE39 2PX',230,0,1),(274,136,'','Paul Lindsay','6 Acorn Close','','','Basingstoke','RG21 4PD',230,0,1),(275,136,'','Michael Brown','10 Park Lane','','','Thatcham','RG18 3PJ',230,1,0),(276,137,'','graham alcock','16 fullerton road','hartford','cheshire','northwich','CW8 1SS',230,0,1),(277,137,'','','16 fullerton road','hartford','cheshire','northwich','CW8 1SS',230,1,0),(278,138,'','Michelle Bennett','1 Karen Way','Withymoor Village','West Midlands','Brierley Hill','DY5 2SN',230,1,1),(280,139,'','Michelle Bennett','1 Karen Way','Withymoor Village','West Midlands','Brierley Hill','DY5 2SN',230,1,1),(282,141,'','84','Burlington Street','','Lancashire','Manchester','M15 6HQ',230,1,1),(284,142,'','June Brittain','2 Peterlee Place','Alvaston','Derbyshire','Derby','DE24 0DN',230,0,1),(286,142,'','June Brittain','2 Peterlee Place','Alvaston','Derbyshire','Derby','DE24 0DN',230,1,0),(287,143,'','nicola beattie','59 greystone road','','cumbria','carlisle','CA1 2DG',230,1,1),(289,144,'','Jonathan Marshall','10 Kirkland Fold','','Cumbria','Wigton','CA7 9LL',230,0,1),(290,144,'','','10 Kirkland Fold','','Cumbria','Wigton','CA7 9LL',230,1,0),(291,146,'','Geoff Adams','22 Coltsfoot way','Broughton Astley','','Leicester','LE9 6YX',230,0,1),(292,146,'','Wordcrafts Geoff Adams','Unit 9, The Beaver Centre','Putney Rd West','','Leicester','LE2 7TD',230,1,0),(293,148,'','James Bunting','Flat 3, 3 Bushnell Road','','','London','SW17 8QJ',230,0,1),(294,148,'','James Bunting','Kaper, Farringdon Place','20 Farringdon Road','','London','EC1M 3HE',230,1,0),(295,149,'','DAVID ROBSON','20 SERIN HOUSE DENTON GROVE','WESTERHOPE','Tyne and Wear','NEWCASTLE UPON TYNE','NE5 2LS',230,0,1),(296,149,'','DAVID WILLIAM ROBSON','56 MARGARET STREET','WIDDRINGTON ','NORTHUMBERLAND','MORPETH','NE61 5NJ',230,1,0),(297,150,'','ALBERT DAVIDSON','84 LAUREL AVENUE','FOREST TOWN','','MANSFIELD','NG19 0DP',230,0,1),(298,150,'','','84 LAUREL AVENUE','FOREST TOWN','','MANSFIELD','NG19 0DP',230,1,0),(300,152,'','Brian Jobling','Southside','Newcastle International Airpor','Tyne and Wear','Woolsington','NE13 8BT',230,0,1),(301,152,'','','Southside','Newcastle International Airpor','Tyne and Wear','Woolsington','NE13 8BT',230,1,0),(302,153,'','Morag Bamber','4  The Shore','Bolton le Sands','Lancs','Carnforth','LA5 8JR',230,0,1),(303,153,'','Morag Bamber','Van Bodies (Lancs) Ltd','Eastgate, White Lund Ind Estat','Lancs','Morecambe','LA3 3DY',230,1,0),(304,154,'','Nicola Kerr','33 North Platt Gardens','Ratho','Midlothian','Newbridge','EH28 8JU',230,0,1),(305,154,'','','33 North Platt Gardens','Ratho','Midlothian','Newbridge','EH288JU',230,1,0),(306,156,'','Janice Hall','Mulberry','Catbrook','Gloucestershire','Chipping Campden','GL55 6DJ',230,0,1),(307,156,'','Pool Cottage, Westington Mill','Park Road','','Gloucestershire','Chipping Campden','GL55 6EB',230,1,0),(308,157,'Home','George Bragg','131 Newlands Lane South','','Cumbria','Workington','CA14 3NJ',230,1,1),(309,158,'','Lisa Cork','26 Briscoe crescent','','Cumbria','Whitehaven','CA28 6NQ',230,0,1),(310,158,'','','26 Briscoe crescent','','Cumbria','Whitehaven','CA286NQ',230,1,0),(311,160,'','Kevin Ernst','4 cyprian rust way','Soham','Cambridgeshire','Ely','CB7 5ZE',230,0,1),(312,160,'','','4 cyprian rust way','Soham','Cambridgeshire','Ely','Cb75ze',230,1,0),(313,155,'','kevin ernst','4 cyprian rust way','Soham','Cambridgeshire','Ely','CB7 5ZE',230,0,1),(314,155,'','','4 cyprian rust way','Soham','Cambridgeshire','Ely','Cb75ze',230,1,0),(315,161,'','Morgan Burgess','Rydal Penrhos Senior School','Pwllycrochan Avenue','Conwy','Colwyn Bay','LL29 7BT',230,0,1),(316,161,'','','Rydal Penrhos Senior School','Pwllycrochan Avenue','Conwy','Colwyn Bay','LL29 7BT',230,1,0),(317,162,'Home','Cringle Crag','11 Barncroft Close','Seaton','Cumbria','Workington','CA14 1JH',230,0,1),(318,163,'Home','Paul Carver','2 Calder View','Beckermet','Cumbria','Cumbria','CA21 2XY',230,1,1),(319,164,'','Morgan Burgess','Rydal Penrhos Senior School','Pwllycrochan Avenue','Conwy','Colwyn Bay','LL29 8QA',230,0,1),(320,164,'','','Rydal Penrhos Senior School','Pwllycrochan Avenue','Conwy','Colwyn Bay','LL29 8QA',230,1,0),(321,162,'','Cringle Crag','11 Barncroft Close','Seaton','Cumbria','Workington','CA14 1JH',230,1,0),(322,167,'','Hayley Anderson','39 Rothbury Avenue','','','Gosforth','NE3 3HJ',230,0,1),(323,167,'','HAnderson','3 Cleadon Towers','','Tyne And Wear','South Shields','NE34 8EN',230,1,0),(324,168,'','Chris Webb','9 Ludlow Road','','','Kidderminster','DY10 1NR',230,0,1),(325,168,'','Chris Webb','12 Truro Drive','','','Kidderminster','DY11 6DN',230,1,0),(326,169,'','James Hammond','27 Sheriff Lane','Eldwick','West Yorkshire','Bingley','BD16 3EN',230,0,1),(327,169,'','','27 Sheriff Lane','Eldwick','West Yorkshire','Bingley','BD16 3EN',230,1,0),(328,175,'','Lindsay Edmiston','7 Rosemary Close','Bay Vista','Cumbria','Whitehaven','CA28 6JH',230,0,1),(329,175,'','Mrs T Crtchlow','2 Bank House Farm','Guyzance','Northumberland','Acklington','NE65 9AP',230,1,0),(330,177,'','Leeann Williamson','46 Clarence Road','','','Sheffield','S6 4QE',230,0,1),(331,177,'','','46 Clarence Road','','','Sheffield','S6 4QE',230,1,0),(332,178,'','grant kennedy','96 esk avenue','','cumbria','whitehaven','CA28 8AL',230,0,1),(333,178,'','','96 esk avenue','','cumbria','whitehaven','ca288al',230,1,0),(334,179,'','Candida Whitmill','6 Prispen House','Silverton','Devon','Exeter','EX5 4DR',230,0,1),(335,179,'','','6 Prispen House','Silverton','Devon','Exeter','EX5 4DR',230,1,0),(336,180,'','Rebecca Barker','Haresfield','Cumwhinton','Cumbria','Carlisle','CA4 8ER',230,0,1),(337,180,'','','Haresfield','Cumwhinton','Cumbria','Carlisle','CA48ER',230,1,0),(338,182,'','Jane Royle','27 North Parade','','','Penzance','TR18 4SN',230,0,1),(339,182,'','','27 North Parade','','','Penzance','TR184SN',230,1,0),(340,183,'','Steve Taylore-Knowles','580 Darwen Road','','','Bolton','BL7 9RY',230,0,1),(341,183,'','','580 Darwen Road','','','Bolton','BL7 9RY',230,1,0),(342,185,'','Chris Davey','34 Rosewood Court','Marton','North Yorkshire','MIDDLESBROUGH','TS7 8QR',230,0,1),(343,185,'','','34 Rosewood Court','Marton','North Yorkshire','MIDDLESBROUGH','TS7 8QR',230,1,0),(344,186,'Home Address','Ann Rogers','22 Monument Road','Chal Grove','Oxfordshire','Oxford','OX44 7RH',230,1,1),(345,187,'','Nathan Babiker','149 Graham Road','','','Sheffield','S10 3GP',230,0,1),(346,187,'','Adam Babiker','27 Parklands Road','','','London','SW16 6TB',230,1,0),(347,189,'','Peter Purdy','Manor House Farm','Thoroton','','Nottingham','NG13 9DS',230,0,1),(348,189,'','','Manor House Farm','Thoroton','','Nottingham','NG13 9DS',230,1,0),(349,190,'','Rob Orwin','723','Manchester Road, Linthwaite ','','Huddersfield ','HD7 5RT',230,1,1),(351,191,'','Trevor Morrison','27','OAKHURST DRIVE','Durham','NEWCASTLE UPON TYNE','NE3 4JS',230,0,1),(352,191,'','TW STEAM & HEATING','7 & 8B  Rennys Lane','Dragonville Industrial Estate','DURHAM','Gilesgate','DH1 2RS',230,1,0),(353,192,'','Andrew Hoppner','17 Leander Close','','Cumbria','Whitehaven','CA28 9LQ',230,0,1),(354,192,'','Linda & Steptoe Sharland','3 Abbey Gardens','','Co. Durham','Low Willington','DL15 0UX',230,1,0),(355,193,'','Stephen Reay','36','Whitehouse Croft','Stockton on Tees','Longnewton','TS21 1PJ',230,0,1),(356,193,'','','36','Whitehouse Croft','Stockton on Tees','Longnewton','TS21 1PJ',230,1,0),(357,194,'','David Crabtree','Laburnum Cottage','Barn Garth','Cumbria','Cartmel','LA11 6PP',230,1,1),(359,195,'','Jeff Billard','Flat 35 City Wharf','1 Nursery Street','','Sheffield','S3 8GF',230,0,1),(360,195,'','','Flat 35 City Wharf','1 Nursery Street','','Sheffield','S3 8GF',230,1,0),(361,135,'','Brian Jobling','23 Brockwell Drive','Sherburn Towers','Tyne and Wear','Rowlands Gill','NE39 2PX',230,1,0),(362,196,'','JOHN BRITTAIN','2 PETERLEE PLACE ','ALVASTON','Derbyshire','DERBY','DE24 0DN',230,0,1),(364,196,'','JOHN BRITTAIN','2 PETERLEE PLACE ','ALVASTON','Derbyshire','DERBY','DE24 0DN',230,1,0),(365,197,'','Gary Thornton','15 Ewart Road','','','London','SE23 1AY',230,0,1),(366,197,'','Nathan Perry','9 Redhouse Park Road','Great Barr','','Birmingham','B43 6ND',230,1,0),(367,198,'','Paul Littlewood','31 Cliffe Lane','Hawcoat Village','Cumbria','Barrow in Furness','LA14 4JD',230,0,1),(368,198,'','','31 Cliffe Lane','Hawcoat Village','Cumbria','Barrow in Furness','LA14 4JD',230,1,0),(369,199,'','Graeme hall','Wyncrest ','Knitsley lane','Co. Durham','Consett','DH8 7NN',230,0,1),(370,199,'','','Wyncrest ','Knitsley lane','Co. Durham','Consett','Dh8 7nn',230,1,0),(371,200,'','Graeme hall ','Wyncrest ','Knitsley lane','Co. Durham','Consett','DH8 7NN',230,0,1),(372,200,'','','Wyncrest ','Knitsley lane','Co. Durham','Consett','Dh8 7nn',230,1,0),(373,201,'','David Wright','40, Mill Meadow Court,','Norton,','CLEVELAND','Stockton-on-Tees','TS20 2GA',230,1,1),(375,202,'','Jim Busher','1 How Dyke Cottages','Setmurthy','Cumbria','Cockermouth','CA13 9SL',230,0,1),(376,202,'','Lakes College','Hallwood Road','Lilyhall Business Park','Cumbria','Workington','CA14 4JN',230,1,0),(377,205,'','Hall','2 Winder Farm Close','Dearham','Cumbria','Maryport','CA15 7JH',230,0,1),(378,205,'','Hall','2 Winder Farm Close','Dearham','Cumbria','Maryport','CA15 7JH',230,1,0),(379,206,'','Robert Wall','225 Cedar Lake North','','New Jersey','Denville','07834',231,0,1),(380,206,'','Robert Wall','118 Norwich Avenue','','Essex','Southend-on-Sea','SS2 4DH',231,1,0),(381,207,'','will parkin','232 Rawling Road','','','Gateshead','NE8 4UE',230,0,1),(383,207,'','will parkin','232 Rawling Road','','','Gateshead','NE8 4UE',230,1,0),(384,210,'','David Bannister','33 Burndale Drive','Sunnybank','Lancs','Bury','BL9 8EN',230,0,1),(385,210,'','','33 Burndale Drive','Sunnybank','Lancs','Bury','BL98EN',230,1,0),(386,212,'','David Robinson','2 Skirsgill cottage ','Eamont Bridge ','','Penrith ','CA10 2BG',230,0,1),(387,212,'','','2 Skirsgill cottage ','Eamont Bridge ','','Penrith ','CA10 2BG ',230,1,0),(388,213,'','JOHN MCTERNAN','18 REGENT STREET','','LANCASHIRE','Bacup','OL13 9JE',230,0,1),(389,213,'','Sheila McTernan','2A Clough Road','','LANCASHIRE','Bacup','OL13 9LP',230,1,0),(390,214,'','David Brown','3 Roseworth Close','','Tyne and Wear','Newcastle','NE3 1SW',230,1,1),(392,215,'','Loveness Miller','24 Wheatfield Close','Ovingham','','Prudhoe','NE42 6BB',230,0,1),(393,215,'','','24 Wheatfield Close','Ovingham','','Prudhoe','NE42 6BB',230,1,0),(394,216,'','janet mcgavin','trear cottage','crinan','argyll','lochgilphead','PA31 8SW',230,0,1),(395,216,'','','trear cottage','crinan','argyll','lochgilphead','pa31 8sw',230,1,0),(396,217,'','andrena hattersley','threapland moss','bothel','cumbria','wigton','CA7 2JW',230,0,1),(397,217,'','','threapland moss','bothel','cumbria','wigton','ca72jw',230,1,0),(398,218,'','Fiona Whittaker','High Croft, Lorton Road','','CUMBRIA','Cockermouth','CA13 9DF',230,0,1),(399,218,'','','High Croft, Lorton Road','','CUMBRIA','Cockermouth','CA139DF',230,1,0),(400,219,'','Sara Hodgson','Row End','St Johns in the Vale','Cumbria','Keswick','CA12 4UB',230,0,1),(401,219,'','James Rush','Ghyll Bank','Braithwaite','Cumbria','Keswick','CA12 5TN',230,1,0),(402,221,'','Stephen Brown','52 Bluebell Close','','','Gateshead','NE9 6RF',230,0,1),(403,221,'','','52 Bluebell Close','','','Gateshead','NE9 6RF',230,1,0),(404,222,'','james Mooring','1 Elm Avenue','Elloughton','East Riding of Yorkshre','BROUGH','HU15 1LE',230,1,1),(406,223,'','Derek Colsell','8 Home Park','','Tyne & Wear','Wallsend','NE28 8UH',230,0,1),(407,223,'','','8 Home Park','','Tyne & Wear','Wallsend','NE28 8UH',230,1,0),(408,224,'','Louise Miller','58 Lowca Lane','Seaton','Cumbria','Workington','CA14 1RY',230,0,1),(409,224,'','Mrs Louise Miller','Willmott Dixon Partnerships','Pattinson House, Dovenby Hall ','Cumbria','Cockermouth','CA13 0PN',230,1,0),(410,226,'','Peter Bailey','Hall Garth','Eaglesfield','Cumbria','Cockermouth','CA13 0SD',230,0,1),(411,226,'','Peter Bailey','Hall Garth','Eaglesfield','Cumbria','Cockermouth','CA13 0SD',230,1,0),(412,228,'','Edward Heneghan','10 Tudor Mews','Eastern Road','Essex','Romford','RM1 3QF',230,0,1),(413,228,'','','10 Tudor Mews','Eastern Road','Essex','Romford','RM1 3QF',230,1,0),(414,229,'','Conor Gray','21 Fort Road','Drumbo','','Belfast','BT8 8LX',230,0,1),(415,229,'','Mrs Nicky Windows','15 Chapel Road','Northenden','','Manchester','M22 4JN',230,1,0),(416,230,'','Rod Glassford','Tanglewood House','Old Brighton Road','West Sussex','Pease Pottage','RH11 9AJ',230,0,1),(418,232,'','David Wilde','Orchard House','Bolton Wood Lane','Cumbria','Wigton','CA7 8NE',230,0,1),(419,232,'','','Orchard House','Bolton Wood Lane','Cumbria','Wigton','CA7 8NE',230,1,0),(420,233,'','Laura Reid','15 Myrtle Terrace','','Cumbria','Dalton-in-Furness','LA15 8BU',230,0,1),(421,233,'','Four Winds','Woodbine','Four Winds','Cumbria','Newton-in-Furness','LA13 0NF',230,1,0),(422,237,'','Ian Smith','Wyfold Meadows Farm','','','Wyfold','RG4 9HY',230,0,1),(423,237,'','','Wyfold Meadows Farm','','','Wyfold','RG4 9HY',230,1,0),(424,238,'','David Jackson','19 Vicarage Farm Close','Escomb','Co Durham','Bishop Auckland','DL14 7UT',230,1,1),(426,240,'','James Hodgson ','Row End ','St Johns in the Vale ','Cumbria','Keswick ','CA12 4UB',230,0,1),(427,240,'','','Row End ','St Johns in the Vale ','Cumbria','Keswick ','Ca12 4ub',230,1,0),(428,242,'','Daniel Feetham','50 Auckland Avenue','','Tyne and Wear','South Shields','NE34 7DU',230,1,1),(430,230,'','Rod Glassford','Unit 2 Foundry Court','Foundry Lane','West Sussex','Horsham','RH13 5PY',230,1,0),(431,243,'','andrew binns','fellside cottage','','cumbria','witherslack','LA11 6RW',230,1,1),(433,245,'','Martin Reid','22 Rosedale','','Tyne and Wear','Wallsend','NE28 9TX',230,0,1),(434,245,'','Bruce Reid','22 Rosedale','','Tyne and Wear','Wallsend','NE28 9TX',230,1,0),(435,246,'','Timothy Wells','11 Crosshill Drive','','Cumbria','Carlisle','CA2 6RS',230,1,1),(437,251,'','simon cortSimonCort','92 Thorndale Road','','County Durham','Durham','DH1 2AQ',230,0,1),(438,251,'','','92 Thorndale Road','','County Durham','Durham','Dh1 2AQ',230,1,0),(439,252,'','Simon Cort','92 Thorndale Road','Belmont','County Durham','Durham','DH1 2AQ',230,0,1),(440,252,'','','92 Thorndale Road','Belmont','County Durham','Durham','Dh1 2AQ',230,1,0),(441,231,'','Michael Prior','107 Abbs Cross Lane','','Essex','Hornchurch','RM12 4XP',230,0,1),(442,231,'','','107 Abbs Cross Lane','','Essex','Hornchurch','RM12 4XP',230,1,0),(443,253,'','robin dawson','19 Greyrigg Avenue','','','cockermouth','CA13 9EJ',230,0,1),(444,253,'','','19 Greyrigg Avenue','','','cockermouth','CA139EJ',230,1,0),(445,254,'','Ian Mills','Park Road','','Cumbria','Milnthorpe','LA7 7AB',230,0,1),(446,254,'','','Park Road','','Cumbria','Milnthorpe','LA7 7AB',230,1,0),(447,255,'','Claire Lawton','31 Carter Drive','','East Riding of Yorkshire','Molescroft','HU17 9GU',230,0,1),(448,255,'','','31 Carter Drive','','East Riding of Yorkshire','Molescroft','Hu17 9gu',230,1,0),(449,256,'','Andrea Thornley','48 Kilngate','','','Preston','PR5 5UW',230,0,1),(450,256,'','Albert Storey','13 Deerstone RIDGE','','Yorkshire','Wetherby','LS22 7XN',230,1,0),(451,257,'','Andrea Thornley','48 Kilngate','','Lancashire ','Preston','PR5 5UW',230,0,1),(452,257,'','Albert Storey','13 Deerstone Ridge','','Yorkshire','Wetherby','LS22 4XN',230,1,0),(453,260,'','Natalie Smith','101 Drillfield Road','Northwich','','Cheshire','CW9 5HU',230,0,1),(454,260,'','','101 Drillfield Road','Northwich','','Cheshire','CW9 5HU',230,1,0),(455,261,'','Karen Kennedy','Cornhill house','Caldbeck','','Wigton','CA7 8EE',230,0,1),(456,261,'','','Cornhill house','Caldbeck','','Wigton','Ca7 8ee',230,1,0),(457,264,'','Colin Wilson','27 Hanson Place,','Warwick Square','Cumbria','Carlisle','CA1 1NG',230,0,1),(458,264,'','','27 Hanson Place,','Warwick Square','Cumbria','Carlisle','CA1 1NG',230,1,0),(459,258,'','Sean Titterington','11 Tewkesbury Road','Elstow','Bedfordshire','Bedford','MK42 9GE',230,0,1),(460,258,'','','11 Tewkesbury Road','Elstow','Bedfordshire','Bedford','MK42 9GE',230,1,0),(461,267,'','David Dickinson','10 Hayfell Rise','Kendal','Cumbria','Cumbria','LA9 7JP',230,0,1),(462,267,'','','10 Hayfell Rise','Kendal','Cumbria','Cumbria','LA9 7JP',230,1,0),(463,268,'','Brian Jobling','23 Brockwell Drive','Sherburn Towers','Tyne and Wear','Rowlands Gill','NE39 2PX',230,0,1),(464,268,'','Brian Jobling','23 Brockwell Drive','Sherburn Towers','Tyne and Wear','Rowlands Gill','NE39 2PX',230,1,0),(465,269,'','Mr Trevor Hartley','1 Hillcrest Avenue','','','Batley','WF17 7HW',230,0,1),(466,269,'','','1 Hillcrest Avenue','','','Batley','WF17 7HW',230,1,0),(467,271,'','Trevor Gray','115 Sandholme Road','Brislington','','Bristol','BS4 3RX',230,0,1),(469,271,'','Trevor Gray','115 Sandholme Road','Brislington','','Bristol','BS4 3RX',230,1,0),(470,274,'','Nigel Scott','Orchard House','Wellgreen Lane, Kingston','East Sussex','Lewes','BN7 3NP',230,1,1),(472,275,'','Elizabeth Perry','\'West Gill\'  24 Kirkby Lane','','North Yorkshire','Gt. Broughton,  Stokesley','TS9 7HG',230,0,1),(473,275,'','','\'West Gill\'  24 Kirkby Lane','','North Yorkshire','Gt. Broughton,  Stokesley','TS 9 7HG',230,1,0),(474,276,'','Jackie Sutton','Hartrees Cottage','Silecroft','Cumbria','Millom','LA18 4NX',230,0,1),(475,276,'','','Hartrees Cottage','Silecroft','Cumbria','Millom','LA18 4NX',230,1,0),(476,265,'','Christopher Makin-Taylor','Beechwood Cottage','Green Hill','','KENDAL','LA9 5PW',230,1,1),(478,281,'','Trudy.carter','36 Armytage road','','Devon','Budleigh salterton','EX9 6SD',230,0,1),(479,281,'','','36 Armytage road','','Devon','Budleigh salterton','Ex9 6sd',230,1,0),(480,282,'','Todd Buechs','25 Green Point Ln','','Ca','Novato','94945',231,0,1),(481,282,'','','25 Green Point Ln','','Ca','Novato','94945',231,1,0),(482,283,'','Lesley Hornsby','43','Promenade','Cumbria','Arnside','LA5 0AA',230,0,1),(483,283,'','','43','Promenade','Cumbria','Arnside','LA5 0AA',230,1,0),(484,284,'','Alison Baird','The Manor House','St Mary\'s Gate','Derbyshire','Wirksworth','DE4 4DQ',230,0,1),(485,284,'','','The Manor House','St Mary\'s Gate','Derbyshire','Wirksworth','DE4 4DQ',230,1,0),(486,286,'','Steve Balls','70 Burleigh Road','','','Hertford','SG13 7EZ',230,0,1),(487,286,'','','70 Burleigh Road','','','Hertford','SG13 7EZ',230,1,0),(488,287,'Home','Mr. Derek Thompson','143 Albemarle Avenue','Gosport','','Hampshire','PO12 4HT',230,1,1),(489,289,'','Karen Finney','91 Kennington Oval','','','Stoke on Trent','ST4 8FX',230,0,1),(490,289,'','Karen Finney, Synectics Solutions Ltd','Synectics House ','The Hollies, The Brampton','Staffordshire','Newcastle under Lyme','ST5 0QY',230,1,0),(491,294,'','Stephen Woodward','1 maple grove','','merseyside','st.helens','WA10 4AH',230,0,1),(492,294,'','woodward','1 maple grove','','merseyside','st.helens','wa10 4ah',230,1,0),(493,295,'','Stephen Woodward','1 maple grove','','merseyside','st.helens','WA10 4AH',230,0,1),(494,295,'','woodward','1 maple grove','','merseyside','st.helens','wa10 4ah',230,1,0),(495,299,'','Joharris@btconnect.com Fdtg','Ffdfg','Hhhh','','Gogh','LA22 9AD',230,0,1),(496,299,'','','Ffdfg','Hhhh','','Gogh','La22 9ad',230,1,0),(497,301,'','Geoff Brown','18 Harthill Rise','Gildersome','Leeds','Morley','LS27 7TT',230,0,1),(498,301,'','','18 Harthill Rise','Gildersome','Leeds','Morley','LS27 7TT',230,1,0),(499,303,'','Craig Moody','16 Ashbrooke Terrace','','Tyne and Wear','East Boldon','NE36 0TJ',230,0,1),(500,303,'','Craig Moody','The Whisky Shop','3 Exchange Street','','Manchester ','M2 7EE',230,1,0),(501,305,'','Kirsty Andrew','46A Leamington Road Villas','','','London','W11 1HT',230,0,1),(502,305,'','','46A Leamington Road Villas','','','London','w11 1ht',230,1,0),(503,307,'','Peter Jakobsson','Tjrdalsvgen 16','','','Ume','905 86',210,0,1),(504,307,'','','Tjrdalsvgen 16','','','Ume','905 86',210,1,0),(505,308,'','Heather Moore','32 High Brigham','','Cumbria','Cockermouth','CA13 0TE',230,0,1),(506,308,'','','32 High Brigham','','Cumbria','Cockermouth','CA13 0TE',230,1,0),(507,309,'','Lynn Pearson','9 The Poplars','Gosforth','','Newcastle upon Tyne','NE3 4AE',230,0,1),(508,309,'','','9 The Poplars','Gosforth','','Newcastle upon Tyne','NE3 4AE',230,1,0),(509,311,'','Kath Noble','Quiraing','standingstone','cumbria','wigton','CA7 9DP',230,0,1),(510,311,'','','Quiraing','standingstone','cumbria','wigton','ca7 9dp',230,1,0);
/*!40000 ALTER TABLE `contact_addressbook` ENABLE KEYS */;
UNLOCK TABLES;

--
-- Table structure for table `contact_contact`
--

DROP TABLE IF EXISTS `contact_contact`;
/*!40101 SET @saved_cs_client     = @@character_set_client */;
/*!40101 SET character_set_client = utf8 */;
CREATE TABLE `contact_contact` (
  `id` int(11) NOT NULL AUTO_INCREMENT,
  `title` varchar(30) DEFAULT NULL,
  `first_name` varchar(30) NOT NULL,
  `last_name` varchar(30) NOT NULL,
  `user_id` int(11) DEFAULT NULL,
  `role_id` varchar(30) DEFAULT NULL,
  `organization_id` int(11) DEFAULT NULL,
  `dob` date DEFAULT NULL,
  `email` varchar(75) NOT NULL,
  `notes` longtext NOT NULL,
  `create_date` date NOT NULL,
  PRIMARY KEY (`id`),
  UNIQUE KEY `user_id` (`user_id`),
  KEY `contact_contact_40f80fc0` (`role_id`),
  KEY `contact_contact_68283273` (`organization_id`),
  CONSTRAINT `organization_id_refs_id_42044b73` FOREIGN KEY (`organization_id`) REFERENCES `contact_organization` (`id`),
  CONSTRAINT `role_id_refs_key_27f37e17` FOREIGN KEY (`role_id`) REFERENCES `contact_contactrole` (`key`),
  CONSTRAINT `user_id_refs_id_2b2b99f2` FOREIGN KEY (`user_id`) REFERENCES `auth_user` (`id`)
) ENGINE=InnoDB AUTO_INCREMENT=312 DEFAULT CHARSET=utf8;
/*!40101 SET character_set_client = @saved_cs_client */;

--
-- Dumping data for table `contact_contact`
--

LOCK TABLES `contact_contact` WRITE;
/*!40000 ALTER TABLE `contact_contact` DISABLE KEYS */;
INSERT INTO `contact_contact` VALUES (2,NULL,'John','Smith',NULL,'Customer',NULL,NULL,'abc@comcast.com','Second user','2013-11-29'),(3,NULL,'Fred','Jones',NULL,'Supplier',1,NULL,'fj@rr.com','','2013-11-29'),(4,'','Claire','Jobling',1,'Customer',NULL,NULL,'admin@northumbria-helicopters.co.uk','','2013-11-30'),(5,'','Brian','Jobling',NULL,'Customer',NULL,NULL,'brian@northheli.com','','2013-12-01'),(6,'','Brian','Jobling',NULL,'Customer',NULL,NULL,'brian.jobling@eutechnyx.com','','2013-12-01'),(7,'','Brian','Jobling',NULL,'Customer',NULL,NULL,'brian.jobling@eutechnyx.com','','2013-12-01'),(8,'','Paul','Currie',NULL,'Customer',NULL,NULL,'paul@curriesuk.net','','2013-12-01'),(9,'','Andrew','Grocott',NULL,'Customer',NULL,NULL,'andrew.grocott@icloud.com','','2013-12-01'),(10,'','mike','hodgson',NULL,'Customer',NULL,NULL,'mike.hodgson@closewalk.co.uk','','2013-12-02'),(11,'','Helen','Marshall',NULL,'Customer',NULL,NULL,'helen.marshall@closewalk.co.uk','','2013-12-04'),(12,'','Laura','Simson',3,'Customer',NULL,NULL,'laura@lakesdistrillery.com','','2013-12-04'),(13,'','Brian','Jobling',NULL,'Customer',NULL,NULL,'brian@northheli.com','','2013-12-04'),(14,'','Brian','Jobling',NULL,'Customer',NULL,NULL,'brian@northheli.com','','2013-12-04'),(15,'','Brian','Jobling',NULL,'Customer',NULL,NULL,'brian@northheli.com','','2013-12-04'),(16,'','Brian','Jobling',NULL,'Customer',NULL,NULL,'brian@northheli.com','','2013-12-05'),(17,'','Brian','Jobling',NULL,'Customer',NULL,NULL,'brian@northheli.com','','2013-12-05'),(18,'','Laura','Simpson',NULL,'Customer',NULL,NULL,'laura.02@hotmail.co.uk','','2013-12-06'),(19,'','Andy','Briggs',NULL,'Customer',NULL,NULL,'andy.briggs@penshop.co.uk','','2013-12-06'),(20,'','Rosie','Brown',NULL,'Customer',NULL,NULL,'m.rosiebrown@gmail.com','','2013-12-06'),(21,'','Brian','Jobling',NULL,'Customer',NULL,NULL,'brian@northheli.com','','2013-12-06'),(22,'','Davidina','Haigh',NULL,'Customer',NULL,NULL,'davidina.h@googlemail.com','','2013-12-06'),(23,'','Katharine','Barnes',NULL,'Customer',NULL,NULL,'brian.barnes1@sky.com','','2013-12-06'),(24,'','Allistair','Swinsco',NULL,'Customer',NULL,NULL,'allistair72@hotmail.co.uk','','2013-12-06'),(25,'','Jane','McEwen',NULL,'Customer',NULL,NULL,'janmcewen@btinternet.com','','2013-12-06'),(26,'','Alison','Ramsdale',NULL,'Customer',NULL,NULL,'Alison.ramsdale@gmail.com','','2013-12-07'),(27,'','Helen','Hartley',NULL,'Customer',NULL,NULL,'helen_hartley2006@hotmail.com','','2013-12-07'),(28,'','John','Fleet',NULL,'Customer',NULL,NULL,'johnfleet66@hotmail.com','','2013-12-08'),(29,'','Mike','Travis',NULL,'Customer',NULL,NULL,'mike.travis@tiscali.co.uk','','2013-12-09'),(30,'','Melissa','Lines',NULL,'Customer',NULL,NULL,'melissalines@btinternet.com','','2013-12-09'),(31,'','Eoin','Brunton',NULL,'Customer',NULL,NULL,'eoin.brunton@sky.com','','2013-12-09'),(32,'','Sandra','Hannah',NULL,'Customer',NULL,NULL,'sandra@awassociates.fsnet.co.uk','','2013-12-09'),(33,'','Jeff','Collin',NULL,'Customer',NULL,NULL,'Jeff.collin@ed.ac.uk','','2013-12-09'),(34,'','stephen','brinsden',NULL,'Customer',NULL,NULL,'stephen.brinsden@btinternet.com','','2013-12-09'),(35,'','tracey','foster',NULL,'Customer',NULL,NULL,'midge4fly@aol.com','','2013-12-10'),(36,'','chris','davidson',NULL,'Customer',NULL,NULL,'christopherdavidson2000@yahoo.co.uk','','2013-12-10'),(37,'','Graham','Hetherington',NULL,'Customer',NULL,NULL,'graham.hetherington000@gmail.com','','2013-12-10'),(38,'','Glyn','Addicott',NULL,'Customer',NULL,NULL,'glyn.addicott@haltd.co.uk','','2013-12-10'),(39,'','Matthew','Chandler',NULL,'Customer',NULL,NULL,'mattchandler@mail.com','','2013-12-11'),(40,'','Jemma','Jones',NULL,'Customer',NULL,NULL,'jem.jones@live.co.uk','','2013-12-11'),(41,'','Nicholas','Charlton',NULL,'Customer',NULL,NULL,'nik_charlton@hotmail.co.uk','','2013-12-11'),(42,'','James','Scully',NULL,'Customer',NULL,NULL,'b.scully@btconnect.com','','2013-12-11'),(43,'','David','Prescott',NULL,'Customer',NULL,NULL,'dave.precott@btinternet.com','','2013-12-11'),(44,'','vanessa','ray',NULL,'Customer',NULL,NULL,'vanessa_ray@hotmail.com','','2013-12-11'),(45,'','Heather','Johnston',NULL,'Customer',NULL,NULL,'heatherjohnston@btinternet.com','','2013-12-11'),(46,'','Rebecca','Weston',NULL,'Customer',NULL,NULL,'rweston801@btinternet.com','','2013-12-11'),(47,'','Linda','Douglas',NULL,'Customer',NULL,NULL,'lynda070213@aol.com','','2013-12-11'),(48,'','Tom','Reeves',NULL,'Customer',NULL,NULL,'Tom.reeves.7@googlemail.com','','2013-12-12'),(49,'','Cathrine','Degnen',NULL,'Customer',NULL,NULL,'kate.degnen@talktalk.net','','2013-12-12'),(50,'','helen','wilson',NULL,'Customer',NULL,NULL,'wilsonh02@yahoo.co.uk','','2013-12-12'),(51,'','Nicholas','Charlton',NULL,'Customer',NULL,NULL,'nik_charlton@hotmail.co.uk','','2013-12-12'),(52,'','Nicholas','Charlton ',NULL,'Customer',NULL,NULL,'nik_charlton@hotmail.co.uk','','2013-12-12'),(53,'','Sophie','Khatib-Shahidi',NULL,'Customer',NULL,NULL,'sotwinkle@talk21.com','','2013-12-13'),(54,'','Trudy','Leitch',NULL,'Customer',NULL,NULL,'djinn11@hotmail.co.uk','','2013-12-13'),(55,'','Susan','Dalton',NULL,'Customer',NULL,NULL,'SusanJDalton@sky.com','','2013-12-13'),(56,'','David','Evans',NULL,'Customer',NULL,NULL,'davidandjillevans@tiscali.co.uk','','2013-12-13'),(57,'','Mike','Henderson',NULL,'Customer',NULL,NULL,'fatman555@live.com','','2013-12-13'),(58,'','Amy','Bowe',NULL,'Customer',NULL,NULL,'A-bowe-99@hotmail.co.uk','','2013-12-13'),(59,'','Iain','Gray',NULL,'Customer',NULL,NULL,'iaingray@tiscali.co.uk','','2013-12-13'),(60,'','Rob','Evans',NULL,'Customer',NULL,NULL,'Rob.evans3@sky.com','','2013-12-13'),(61,'','Denise','Mason',NULL,'Customer',NULL,NULL,'denisemason@live.co.uk','','2013-12-13'),(62,'','Anthony','Crotty',NULL,'Customer',NULL,NULL,'ukm120@gmail.com','','2013-12-14'),(63,'','sarah','keast',NULL,'Customer',NULL,NULL,'sarah.keast@btopenworld.com','','2013-12-14'),(64,'','Mark','Wilson',NULL,'Customer',NULL,NULL,'mark_wilson1979@hotmail.com','','2013-12-14'),(65,'','Elizabeth','Wainwright',NULL,'Customer',NULL,NULL,'Liz.wainwright@btinternet.com','','2013-12-14'),(66,'','Jules','Buckland',NULL,'Customer',NULL,NULL,'julesbuckland@hotmail.co.uk','','2013-12-14'),(67,'','Adam','Kennedy',NULL,'Customer',NULL,NULL,'akc43@hotmail.com','','2013-12-14'),(68,'','David','Eilbeck',NULL,'Customer',NULL,NULL,'theeilbecks@aol.com','','2013-12-15'),(69,'','Bret','Adsley',NULL,'Customer',NULL,NULL,'bretadsley@yahoo.co.uk','','2013-12-15'),(70,'','Paul','Maxwell',NULL,'Customer',NULL,NULL,'paul@maxi24.co.uk','','2013-12-15'),(71,'','Bryan','Miller',NULL,'Customer',NULL,NULL,'bryan@brmiller.net','','2013-12-15'),(72,'','Peter','Bailey',NULL,'Customer',NULL,NULL,'pete.bailey@virgin.net','','2013-12-15'),(73,'','Sian','Lynch',NULL,'Customer',NULL,NULL,'sian_lynch@hotmail.com','','2013-12-15'),(74,'','Emma','Porter',NULL,'Customer',NULL,NULL,'emma.porter@insead.edu','','2013-12-15'),(75,'','Andrea','Hardie-Knight',NULL,'Customer',NULL,NULL,'ahardie101@yahoo.co.uk','','2013-12-16'),(76,'','claire','MURRAY',NULL,'Customer',NULL,NULL,'g2s@live.co.uk','','2013-12-16'),(77,'','Patricia','Duckett',NULL,'Customer',NULL,NULL,'patriciaduckett@btinternet.com','','2013-12-16'),(78,'','George','Royston-Bishop',NULL,'Customer',NULL,NULL,'georgeroystonbishop@hotmail.com','','2013-12-16'),(79,'','Peter','James',NULL,'Customer',NULL,NULL,'Peterjames11@yahoo.co.uk','','2013-12-16'),(80,'','ddssd','csdcsd',NULL,'Customer',NULL,NULL,'aAA@gmail.com','','2013-12-17'),(81,'','Nigel','Sutcliffe',NULL,'Customer',NULL,NULL,'sutcliffe55@btinternet.com','','2013-12-17'),(82,'','Jacqueline','Thornborrow',NULL,'Customer',NULL,NULL,'Pedrowarren@hotmail.com','','2013-12-17'),(83,'','Graham','Sleep',NULL,'Customer',NULL,NULL,'graham.sleep@improvementarchitecture.co.uk','','2013-12-17'),(84,'','Helen','Tozer',NULL,'Customer',NULL,NULL,'helentozer@hotmail.co.uk','','2013-12-17'),(85,'','Alex','Raison',NULL,'Customer',NULL,NULL,'alexraison@gmail.com','','2013-12-17'),(86,'','keith','harrison',NULL,'Customer',NULL,NULL,'julie.harrison11@btinternet.com','','2013-12-17'),(87,'','anna','woolley',NULL,'Customer',NULL,NULL,'annaw2571@aol.com','','2013-12-18'),(88,'','Marion','Wilson',NULL,'Customer',NULL,NULL,'marion.wilson575@btinternet.com','','2013-12-18'),(89,'','Allan','Copson',NULL,'Customer',NULL,NULL,'Allan_copson@live.co.uk','','2013-12-18'),(90,'','Melanie','Brownridge',NULL,'Customer',NULL,NULL,'Melanie.brownridge@hotmail.co.uk','','2013-12-18'),(91,'','rachel','woof',NULL,'Customer',NULL,NULL,'rachel.woof@enterprisemouchel.com','','2013-12-19'),(92,'','Philip','Allison',NULL,'Customer',NULL,NULL,'phil.allison@enkev.co.uk','','2013-12-19'),(93,'','Robert','Wilson',NULL,'Customer',NULL,NULL,'bigbob189@hotmail.com','','2013-12-19'),(94,'','Meg','FAULKNER',NULL,'Customer',NULL,NULL,'vat4734@hotmail.co.uk','','2013-12-19'),(95,'','David T','Smith',NULL,'Customer',NULL,NULL,'ethanbentleyuk@googlemail.com','','2013-12-19'),(96,'','Claire','Beeby',NULL,'Customer',NULL,NULL,'bb101_1@hotmail.com','','2013-12-20'),(97,'','mike','hodgson',NULL,'Customer',NULL,NULL,'mike.hodgson@closewalk.co.uk','','2013-12-20'),(98,'','Paul','McKenna',NULL,'Customer',NULL,NULL,'McKenna.paul1@sky.com','','2013-12-20'),(99,'','Geoff','chatterley',NULL,'Customer',NULL,NULL,'geoff@gmg-associates.co.uk','','2013-12-20'),(100,'','david','horner',NULL,'Customer',NULL,NULL,'dwthorner@yahoo.co.uk','','2013-12-21'),(101,'','paul','bean',NULL,'Customer',NULL,NULL,'pbellerbeck@gmail.com','','2013-12-23'),(102,'','Daniel','Szor',NULL,'Customer',NULL,NULL,'daniel_szor@yahoo.co.uk','','2013-12-23'),(103,'','Alastair','Johnston',NULL,'Customer',NULL,NULL,'arj2@arj2.net','','2013-12-30'),(104,'','George','Dudson',NULL,'Customer',NULL,NULL,'thedudsons2@msn.com','','2014-01-01'),(105,'','clive','Wickenden',NULL,'Customer',NULL,NULL,'clive.wickenden@ntlworld.com','','2014-01-05'),(106,'','Samuel','Scully',NULL,'Customer',NULL,NULL,'samscully@hotmail.co.uk','','2014-01-06'),(107,'','Cynthia','Tasset',NULL,'Customer',NULL,NULL,'solunasea@hotmail.com','','2014-01-08'),(108,'','william','margach',NULL,'Customer',NULL,NULL,'laird.of.mars@btinternet.com','','2014-01-10'),(109,'','Dave','Liggit',NULL,'Customer',NULL,NULL,'dave.liggitt@btinternet.com','','2014-01-13'),(110,'','Brian','Cole',NULL,'Customer',NULL,NULL,'coleatcalortec@btinternet.com','','2014-01-14'),(111,'','Heather','Edgar',NULL,'Customer',NULL,NULL,'Lhheather@aol.com','','2014-01-15'),(112,'','Jonathan','Round',NULL,'Customer',NULL,NULL,'mbennettemail@gmail.com','','2014-01-15'),(113,'','Mark','Tweddle',NULL,'Customer',NULL,NULL,'MTace93@aol.com','','2014-01-16'),(114,'','Vicki','Taylor',NULL,'Customer',NULL,NULL,'Taylorvicki@btinternet.com','','2014-01-18'),(115,'','vicki','taylor',NULL,'Customer',NULL,NULL,'taylorvicki@btinternet.com','','2014-01-18'),(116,'','Lawrence','Mason',NULL,'Customer',NULL,NULL,'lawrence@mason49.orangehome.co.uk','','2014-01-18'),(117,'','David','Wright',NULL,'Customer',NULL,NULL,'wrightdavid8@sky.com','','2014-01-18'),(118,'','Christine','Bateman',NULL,'Customer',NULL,NULL,'christinebateman@mac.com','','2014-01-19'),(119,'','DAVID','ROBSON',NULL,'Customer',NULL,NULL,'davidrobson156@yahoo.co.uk','','2014-01-21'),(120,'','Simon ','Watson',NULL,'Customer',NULL,NULL,'calvahall@gmail.com','','2014-01-24'),(121,'','philip','davies',NULL,'Customer',NULL,NULL,'philandjulia@hotmail.com','','2014-01-24'),(122,'','Lisa','Cork',NULL,'Customer',NULL,NULL,'bouncy_tigger1210@yahoo.co.uk','','2014-01-25'),(123,'','Ruth','Johnson',NULL,'Customer',NULL,NULL,'ruth.stainburn3@btinternet.com','','2014-01-25'),(124,'','Paul','Verstappen',NULL,'Customer',NULL,NULL,'pverstappen@home.nl','','2014-01-25'),(125,'','Nora','Heard',NULL,'Customer',NULL,NULL,'naheard4@yahoo.co.uk','','2014-01-27'),(126,'','Nora','Heard',NULL,'Customer',NULL,NULL,'naheard4@yahoo.co.uk','','2014-01-27'),(127,'','Mindo','Banaitis',4,'Customer',NULL,NULL,'mindo@club.lt','','2014-01-28'),(128,'','Melanie','Buttle',NULL,'Customer',NULL,NULL,'thebuttles@talktalk.net','','2014-01-30'),(129,'','Raymond','Kirkland',NULL,'Customer',NULL,NULL,'ray.kirkland1@googlemail.com','','2014-01-30'),(130,'','John','Undewrwood',NULL,'Customer',NULL,NULL,'drjohn100145@btinternet.com','','2014-02-02'),(131,'','ttt','rrr',NULL,'Customer',NULL,NULL,'test2@test.lt','','2014-02-03'),(132,'','Jeannette. ','mackay',NULL,'Customer',NULL,NULL,'jeannettemichele16@gmail.com','','2014-02-03'),(133,'','Nicholas','Graham',NULL,'Customer',NULL,NULL,'nick.graham@sis-l.com','','2014-02-04'),(134,'','James','Bunting',NULL,'Customer',NULL,NULL,'james@kaper.uk.com','','2014-02-05'),(135,'','Brian','Jobling',5,'Customer',NULL,'1968-09-11','bhjobling@gmail.com','','2014-02-06'),(136,'','Paul','Lindsay',NULL,'Customer',NULL,NULL,'Paul.lindsay@jacobs.com','','2014-02-06'),(137,'','graham','alcock',NULL,'Customer',NULL,NULL,'graham.alcock@zen.co.uk','','2014-02-06'),(138,'','Michelle','Bennett',NULL,'Customer',NULL,NULL,'mbennettemail@gmail.com','','2014-02-07'),(139,'','Michelle','Bennett',6,'Customer',NULL,NULL,'mbennettemail@gmail.com','','2014-02-07'),(140,'','laura','simpon',7,'Customer',NULL,NULL,'laura.02@hotmail.co.uk','','2014-02-07'),(141,'','M','Castelino',8,'Customer',NULL,'1978-09-08','castelinomi@gmail.com','','2014-02-07'),(142,'','June','Brittain',9,'Customer',NULL,NULL,'Junebrittain@aol.com','','2014-02-07'),(143,'','nicola','beattie',NULL,'Customer',NULL,NULL,'njbt@hotmail.com','','2014-02-07'),(144,'','Jonathan','Marshall',NULL,'Customer',NULL,NULL,'Jonathan.marshall@innoviafilms.com','','2014-02-08'),(145,'','DallasFenEO','DallasFenEO',10,'Customer',NULL,NULL,'g.a.m.el.y.gqqs@gmail.com','','2014-02-08'),(146,'','Geoff','Adams',11,'Customer',NULL,'1962-06-27','Geoff@theadamsclan.co.uk','','2014-02-08'),(147,'','Martin','Ball',12,'Customer',NULL,NULL,'martin.ball_home@btopenworld.com','','2014-02-08'),(148,'','James','Bunting',NULL,'Customer',NULL,NULL,'Jamesbunting89@gmail.com','','2014-02-08'),(149,'','DAVID','ROBSON',13,'Customer',NULL,'1955-06-12','d56w156r64@gmail.com','','2014-02-08'),(150,'','ALBERT','DAVIDSON',NULL,'Customer',NULL,NULL,'albertdavidson@btinternet.com','','2014-02-08'),(151,'','Mark','Clamp',14,'Customer',NULL,NULL,'markclamp@hotmail.co.uk','','2014-02-09'),(152,'','Brian','Jobling',NULL,'Customer',NULL,NULL,'brian@northheli.com','','2014-02-09'),(153,'','Morag','Bamber',NULL,'Customer',NULL,NULL,'morag.bamber@btinternet.com','','2014-02-10'),(154,'','Nicola','Kerr',NULL,'Customer',NULL,NULL,'nicolajckay@gmail.com','','2014-02-10'),(155,'','kevin','ernst',15,'Customer',NULL,'1978-05-02','kevinishitmode@gmail.com','','2014-02-10'),(156,'','Janice','Hall',NULL,'Customer',NULL,NULL,'janice@hallresidence.com','','2014-02-10'),(157,'Mr','George ','Bragg',16,'Founder',NULL,NULL,'bragg@btinternet.com','','2014-02-10'),(158,'','Lisa','Cork',NULL,'Customer',NULL,NULL,'bouncy_tigger1210@yahoo.co.uk','','2014-02-10'),(159,'','WilliamhaliSE','WilliamhaliSE',17,'Customer',NULL,NULL,'tim.othytr.ukubik@gmail.com','','2014-02-10'),(160,'','Kevin','Ernst',NULL,'Customer',NULL,NULL,'kevinishitmode@gmail.com','','2014-02-10'),(161,'','Morgan','Burgess',18,'Customer',NULL,NULL,'mburgess1100@gmail.com','','2014-02-11'),(162,'','David','Gollings',19,'Founder',NULL,'1950-06-14','dgollings@btinternet.com','','2014-02-11'),(163,'Mr','Paul','Carver',20,'Founder',NULL,NULL,'parevrac@gmail.com','','2014-02-11'),(164,'','Morgan','Burgess',NULL,'Customer',NULL,NULL,'Mburgess1100@gmail.com','','2014-02-11'),(165,'','Moray','Martin',21,'Customer',NULL,NULL,'moray4455@gmail.com','','2014-02-11'),(166,'','RobertFelfDC','RobertFelfDC',22,'Customer',NULL,NULL,'tim.othytru.kubik@gmail.com','','2014-02-11'),(167,'','Hayley','Anderson',NULL,'Customer',NULL,NULL,'j4hfa@hotmail.com','','2014-02-12'),(168,'','Chris','Webb',NULL,'Customer',NULL,NULL,'chris_webb9@hotmail.com','','2014-02-12'),(169,'','James','Hammond',NULL,'Customer',NULL,NULL,'jamesrhammond@hotmail.com','','2014-02-12'),(170,'','WalterSewPK','WalterSewPK',23,'Customer',NULL,NULL,'tim.othytruk.ubik@gmail.com','','2014-02-12'),(171,'','CharlesgaseUQ','CharlesgaseUQ',24,'Customer',NULL,NULL,'k.opernuriddin@gmail.com','','2014-02-13'),(172,'','StevenCypeVK','StevenCypeVK',25,'Customer',NULL,NULL,'tim.othytruku.bik@gmail.com','','2014-02-13'),(173,'','Gary','Fairhurst',26,'Customer',NULL,NULL,'garyfairhurst@icloud.com','','2014-02-14'),(174,'','Peter','Beckett',27,'Customer',NULL,NULL,'beckettpn@yahoo.co.uk','','2014-02-14'),(175,'','Lindsay','Edmiston',NULL,'Customer',NULL,NULL,'edmiston@yule.org.uk','','2014-02-14'),(176,'','Peter','Curtis',28,'Customer',NULL,NULL,'pcbg01207@blueyonder.co.uk','','2014-02-14'),(177,'','Leeann','Williamson',NULL,'Customer',NULL,NULL,'Leeann@magicnumber.co.uk','','2014-02-14'),(178,'','grant','kennedy',NULL,'Customer',NULL,NULL,'grantkennedy1@sky.com','','2014-02-14'),(179,'','Candida','Whitmill',29,'Customer',NULL,NULL,'chezcjw2@btconnect.com','','2014-02-15'),(180,'','becky','barker',30,'Customer',NULL,NULL,'beckywake@hotmail.com','','2014-02-15'),(181,'','Mick','Brewster',31,'Customer',NULL,NULL,'mickpb14@btinternet.com','','2014-02-15'),(182,'','Jane','Royle',NULL,'Customer',NULL,NULL,'janeroyle2332@hotmail.co.uk','','2014-02-16'),(183,'','Steve','Taylore-Knowles',NULL,'Customer',NULL,NULL,'stevetk01@gmail.com','','2014-02-16'),(184,'','SimpleAupozxc','SimpleAupozxc',32,'Customer',NULL,NULL,'simpleaupoz@gmail.com','','2014-02-17'),(185,'','Chris','Davey',33,'Customer',NULL,NULL,'thomascat43@hotmail.com','','2014-02-18'),(186,'','Ann','Rogers',NULL,'Customer',NULL,NULL,'annierogers@btinternet.com','','2014-02-19'),(187,'','Nathan','Babiker',NULL,'Customer',NULL,NULL,'nathanbabiker@hotmail.com','','2014-02-19'),(188,'','Jon Dorinov','Jon Dorinov',34,'Customer',NULL,NULL,'administrator@aerodisk.com','','2014-02-20'),(189,'','Peter','Purdy',35,'Customer',NULL,NULL,'allpurdys@hotmail.com','','2014-02-20'),(190,'','Rob','Orwin',NULL,'Customer',NULL,NULL,'berticusdan@gmail.com','','2014-02-21'),(191,'','Trevor','Morrison',NULL,'Customer',NULL,NULL,'trvmorr@msn.com','','2014-02-21'),(192,'','Andrew','Hoppner',NULL,'Customer',NULL,NULL,'andyhoppner@sky.com','','2014-02-22'),(193,'','Stephen','Reay',NULL,'Customer',NULL,NULL,'rockfish.reay@gmail.com','','2014-02-23'),(194,'','David','Crabtree',NULL,'Customer',NULL,NULL,'lordcrabby@btinternet.com','','2014-02-23'),(195,'','Jeff','Billard',NULL,'Customer',NULL,NULL,'jeff.a.billard@gmail.com','','2014-02-24'),(196,'','JOHN','BRITTAIN',36,'Customer',NULL,'1959-02-24','JJBBRITTAIN@AOL.COM','','2014-02-24'),(197,'','Gary','Thornton',37,'Customer',NULL,NULL,'gary@druidsplace.com','','2014-02-24'),(198,'','Paul','Littlewood',38,'Customer',NULL,NULL,'littlewoodp@btinternet.com','','2014-02-24'),(199,'','Graeme ','Hall',NULL,'Customer',NULL,NULL,'graemehall3@gmail.com','','2014-02-24'),(200,'','Graeme','Hall',NULL,'Customer',NULL,NULL,'graemehall3@gmail.com','','2014-02-25'),(201,'','David','Wright',NULL,'Customer',NULL,NULL,'wrightdavid8@sky.com','','2014-02-25'),(202,'','Jim','Busher',NULL,'Customer',NULL,NULL,'busher.jim@gmail.com','','2014-02-27'),(203,'','Joni Dorus','Joni Dorus',39,'Customer',NULL,NULL,'casino@parrottes.com','','2014-02-27'),(204,'','Billy','Abbott',40,'Customer',NULL,NULL,'billy@cowfish.org.uk','','2014-02-27'),(205,'','Ian','Hall',NULL,'Customer',NULL,NULL,'ianhall3714@gmail.com','','2014-02-27'),(206,'','Robert','Wall',NULL,'Customer',NULL,NULL,'thewalls@optonline.net','','2014-02-27'),(207,'','will','parkin',41,'Customer',NULL,'1975-10-19','will.parkin@hotmail.co.uk','','2014-02-27'),(208,'','David','Williams',42,'Customer',NULL,NULL,'david_williams@ntlworld.com','','2014-02-27'),(209,'','Andy','Scott',43,'Customer',NULL,NULL,'andy_scott9021@hotmail.co.uk','','2014-02-27'),(210,'','David','Bannister',NULL,'Customer',NULL,NULL,'davidbannister33@gmail.com','','2014-02-28'),(211,'','Craig','Dalton',44,'Customer',NULL,NULL,'cdalton@cdalton.co.uk','','2014-02-28'),(212,'','David','Robinson',45,'Customer',NULL,'1968-11-01','david630@hotmail.co.uk','','2014-02-28'),(213,'','JOHN','MCTERNAN',NULL,'Customer',NULL,NULL,'john876410@yahoo.com','','2014-02-28'),(214,'','David','Brown',46,'Customer',NULL,NULL,'dmgbrown@fsmail.net','','2014-02-28'),(215,'','Loveness','Miller',NULL,'Customer',NULL,NULL,'lovenessdombo@hotmail.com','','2014-02-28'),(216,'','janet','mcgavin',NULL,'Customer',NULL,NULL,'janetmmcgavin@yahoo.co.uk','','2014-02-28'),(217,'','andrena','hattersley',NULL,'Customer',NULL,NULL,'andrenahattersley@hotmail.co.uk','','2014-02-28'),(218,'','Fiona','Whittaker',NULL,'Customer',NULL,NULL,'fwhittaker@sky.com','','2014-03-01'),(219,'','Sara','Hodgson',NULL,'Customer',NULL,NULL,'sara@epicdairy.com','','2014-03-01'),(220,'','Jonis Vilovin','Jonis Vilovin',47,'Customer',NULL,NULL,'men@men-viagra.us','','2014-03-01'),(221,'','Stephen','Brown',NULL,'Customer',NULL,NULL,'Stephen.brown1@blueyonder.co.uk','','2014-03-01'),(222,'','james','Mooring',48,'Customer',NULL,NULL,'jmooring@jmooring.karoo.co.uk','','2014-03-02'),(223,'','Derek','Colsell',NULL,'Customer',NULL,NULL,'feeanddee@tiscali.co.uk','','2014-03-02'),(224,'','Louise','Miller',NULL,'Customer',NULL,NULL,'louisemi@sky.com','','2014-03-02'),(225,'','Paul','Currie',49,'Customer',NULL,NULL,'paul@curriesuk.net','','2014-03-02'),(226,'','Peter','Bailey',50,'Customer',NULL,NULL,'pete.bailey@virgin.net','','2014-03-03'),(227,'','YH','O',51,'Customer',NULL,NULL,'mejoyh@hotmail.com','','2014-03-04'),(228,'','Edward','Heneghan',NULL,'Customer',NULL,NULL,'edward.heneghan@credit-suisse.com','','2014-03-04'),(229,'','Conor','Gray',NULL,'Customer',NULL,NULL,'cgray@globalskm.com','','2014-03-04'),(230,'','Rod','Glassford',52,'Customer',NULL,NULL,'rod@glassford.me','','2014-03-04'),(231,'','Michael','Prior',53,'Customer',NULL,NULL,'m.prior@talk21.com','','2014-03-04'),(232,'','David','Wilde',54,'Customer',NULL,NULL,'davidw@wildeagriculture.com','','2014-03-04'),(233,'','Laura','Reid',NULL,'Customer',NULL,NULL,'lauralaura27@hotmail.com','','2014-03-05'),(234,'','MariahodagegIB','MariavoeasehIB',55,'Customer',NULL,NULL,'yourmailmktm@gmail.com','','2014-03-06'),(235,'','jake.stewart@northumbria.ac.uk','Stewart',56,'Customer',NULL,NULL,'jake.stewart@northumbria.ac.uk','','2014-03-06'),(236,'','Janet','Murphy',57,'Customer',NULL,NULL,'Janetmurphy62@yahoo.co.uk','','2014-03-06'),(237,'','Ian','Smith',NULL,'Customer',NULL,NULL,'iantsmith@me.com','','2014-03-06'),(238,'','David','Jackson',NULL,'Customer',NULL,NULL,'d_jackson15@sky.com','','2014-03-07'),(239,'','David','Jackson',58,'Customer',NULL,NULL,'d_jackson15@sky.com','','2014-03-07'),(240,'','James','Hodgson ',NULL,'Customer',NULL,NULL,'james_hodgson@me.com','','2014-03-07'),(241,'','Jason','Carey',59,'Customer',NULL,NULL,'jason.carey1@btinternet.com','','2014-03-07'),(242,'','Daniel','Feetham',NULL,'Customer',NULL,NULL,'daf2911@gmail.com','','2014-03-08'),(243,'','andrew','binns',NULL,'Customer',NULL,NULL,'sales@lakedistricttours.co.uk','','2014-03-09'),(244,'','MartinmiWI','MartinmiWI',60,'Customer',NULL,NULL,'petr.boaz@aol.com','','2014-03-11'),(245,'','Bruce','Reid',NULL,'Customer',NULL,NULL,'breidframing@yahoo.co.uk','','2014-03-11'),(246,'','Timothy','Wells',NULL,'Customer',NULL,NULL,'timwells2k@hotmail.com','','2014-03-11'),(247,'','Gal','Granov',61,'Affiliate',2,NULL,'gal.granov@gmail.com','','2014-03-11'),(248,'','AnnaooxahenSG','AnnaiouamexSG',62,'Customer',NULL,NULL,'derbentiyfsaetet75@gmail.com','','2014-03-12'),(249,'','Timothy','Wells',63,'Customer',NULL,NULL,'timwells2k@hotmail.com','','2014-03-12'),(250,'','Jim','Bulmer',64,'Customer',NULL,NULL,'email@moippai.com','','2014-03-12'),(251,'','simon','cortSimonCort',NULL,'Customer',NULL,NULL,'Simon.cort@sky.com','','2014-03-12'),(252,'','Simon','Cort',65,'Customer',NULL,NULL,'Simon.cort@sky.com','','2014-03-12'),(253,'','robin','dawson',NULL,'Customer',NULL,NULL,'robbid@hotmail.co.uk','','2014-03-13'),(254,'','Ian','Mills',NULL,'Customer',NULL,NULL,'stay@thecrosskeyshotel.co.uk','','2014-03-14'),(255,'','Claire','Lawton',66,'Customer',NULL,'1981-08-15','Clairelawton162@yahoo.co.uk','','2014-03-14'),(256,'','Andrea','Thornley',NULL,'Customer',NULL,NULL,'Andreathornley@btinternet.com','','2014-03-16'),(257,'','Andrea','Thornley',68,'Customer',NULL,NULL,'Andreathornley@btinternet.com','','2014-03-16'),(258,'','Sean','Titterington',69,'Customer',NULL,'1954-07-04','titterington11@ntlworld.com','','2014-03-17'),(259,'','Dan','Feetham',70,'Customer',NULL,NULL,'daf2911@gmail.com','','2014-03-17'),(260,'','Natalie','Smith',NULL,'Customer',NULL,NULL,'natalie.jane.smith@hotmail.co.uk','','2014-03-17'),(261,'','Karen','Kennedy',NULL,'Customer',NULL,NULL,'karenkennedy1973@gmail.com','','2014-03-17'),(262,'','AnnaloyaqezSG','AnnavoaakenSG',71,'Customer',NULL,NULL,'derbentiyfsaetet75rr@gmail.com','','2014-03-18'),(263,'','AlvaroRabI','AlvaroRabI',72,'Customer',NULL,NULL,'alvaroRabi@xzzy.info','','2014-03-18'),(264,'','Colin','Wilson',NULL,'Customer',NULL,NULL,'colinwilson490@btinternet.com','','2014-03-18'),(265,'','Christopher','Makin-Taylor',75,'Customer',NULL,'1951-10-05','cnmt.beechwood@virgin.net','','2014-03-20'),(266,'','nigel','butcher',76,'Customer',NULL,NULL,'nigerb66@hotmail.co.uk','','2014-03-21'),(267,'','David','Dickinson',77,'Customer',NULL,NULL,'kateanddaveyd@hotmail.co.uk','','2014-03-21'),(268,'','Brian','Jobling',67,'Customer',NULL,NULL,'bhjobling@gmail.com','','2014-03-21'),(269,'','Mr Trevor','Hartley',NULL,'Customer',NULL,NULL,'t.hartley@ntlworld.com','','2014-03-22'),(270,'','Liz','Evans',78,'Customer',NULL,NULL,'Liz@whiskytastingcompany.com','','2014-03-22'),(271,'','Trevor','Gray',79,'Customer',NULL,NULL,'tpg4301@icloud.com','','2014-03-23'),(272,'','Sandra ','Douglass',80,'Customer',NULL,NULL,'Will.sandra@blueyonder.co.uk','','2014-03-27'),(273,'','Matt','Bainbridge',81,'Customer',NULL,NULL,'mattb8msn@gmail.com','','2014-03-27'),(274,'','Nigel','Scott',NULL,'Customer',NULL,NULL,'nls@nlscott.me.uk','','2014-03-27'),(275,'','Elizabeth','Perry',NULL,'Customer',NULL,NULL,'lizsheldrake@aol.com','','2014-03-28'),(276,'','Jackie','Sutton',NULL,'Customer',NULL,NULL,'jackiesutton@btinternet.com','','2014-03-28'),(277,'','moi','raziel',82,'Customer',NULL,NULL,'moi.raziel@gmail.com','','2014-03-29'),(278,'','Dorothy','Mills',83,'Customer',NULL,NULL,'www.dorothymills839@yahoo.co.uk','','2014-03-29'),(279,'','Tim','Smith',84,'Customer',NULL,NULL,'timsmith729@googlemail.com','','2014-03-30'),(280,'','GORDON','WIGHAM',85,'Customer',NULL,NULL,'g58@hotmail.co.uk','','2014-03-30'),(281,'','Trudy','Carter',NULL,'Customer',NULL,NULL,'Trudy.carter@aol.com','','2014-03-30'),(282,'','Todd','Buechs',NULL,'Customer',NULL,NULL,'Tbuechs@gmail.com','','2014-03-31'),(283,'','Lesley','Hornsby',NULL,'Customer',NULL,NULL,'lesley@no43.org.uk','','2014-03-31'),(284,'','Alison','Baird',NULL,'Customer',NULL,NULL,'alison.baird@phun.demon.co.uk','','2014-03-31'),(285,'','alex2c3ixAK','alex3s7qgAK',86,'Customer',NULL,NULL,'ianprongm@hotmail.com','','2014-04-01'),(286,'','Steve','Balls',NULL,'Customer',NULL,NULL,'steve@steveballs.com','','2014-04-01'),(287,'Mr','Derek','Thompson',NULL,'Customer',NULL,NULL,'centurianthompson@gmail.com','','2014-04-02'),(288,'','Jude','Walker',87,'Customer',NULL,NULL,'info@hallhills.co.uk','','2014-04-03'),(289,'','Karen','Finney',NULL,'Customer',NULL,NULL,'kazfinney@aol.com','','2014-04-03'),(290,'','fkluhygckhpLA','yuxsskmexyqLA',88,'Customer',NULL,NULL,'ptnpfculxfyi@hotmail.com','','2014-04-03'),(291,'','Jonathan','Whitehead',89,'Customer',NULL,NULL,'jonathanwhitehead@btopenworld.com','','2014-04-04'),(292,'','alex4t8voAK','alex9o3ohAK',90,'Customer',NULL,NULL,'c.ar.n.i.v.o.r.eb.sqr.ss@gmail.com','','2014-04-04'),(293,'','GAIL','GRAVETT',91,'Customer',NULL,NULL,'lph.gail@gmail.com','','2014-04-04'),(294,'','stephen','woodward',NULL,'Customer',NULL,NULL,'stewoody@blueyonder.co.uk','','2014-04-04'),(295,'','stephen','woodward',92,'Customer',NULL,'1967-12-28','stewoody@blueyonder.co.uk','','2014-04-04'),(296,'','Alan','Fish',93,'Customer',NULL,NULL,'a_fish95@hotmail.com','','2014-04-04'),(297,'','alex2e0ctAK','alex7h9byAK',94,'Customer',NULL,NULL,'ca.r.nivore.b.sqrs.s@gmail.com','','2014-04-05'),(298,'','Keith','Burton',95,'Customer',NULL,NULL,'keithburton@onetel.com','','2014-04-05'),(299,'','Joharris@btconnect.com','Fdtg',NULL,'Customer',NULL,NULL,'Hgfigvcvh@btconnect.com','','2014-04-05'),(300,'','Philip','Broomfield',96,'Customer',NULL,NULL,'greenacres.lindale@gmail.com','','2014-04-05'),(301,'','Geoff','Brown',97,'Customer',NULL,NULL,'geofbrown18@hotmail.com','','2014-04-05'),(302,'','george','little',98,'Customer',NULL,NULL,'buzzybeeandgeorge@yahoo.co.uk','','2014-04-05'),(303,'','Craig','Moody',NULL,'Customer',NULL,NULL,'craigsmoody@live.co.uk','','2014-04-06'),(304,'','Jonyi Dorusis','Jonyi Dorusis',99,'Customer',NULL,NULL,'dviagrasissin@parrottes.com','','2014-04-06'),(305,'','Graeme','Wise',NULL,'Customer',NULL,NULL,'andrew_kirsty@hotmail.com','','2014-04-06'),(306,'','gordon','crowe',100,'Customer',NULL,NULL,'gcrowe96@gmail.com','','2014-04-07'),(307,'','Peter','Jakobsson',NULL,'Customer',NULL,NULL,'peter.jacobsson@yttersjo.se','','2014-04-07'),(308,'','Heather','Moore',NULL,'Customer',NULL,NULL,'heathery_moor@hotmail.co.uk','','2014-04-07'),(309,'','Lynn','Pearson',NULL,'Customer',NULL,NULL,'lynnpearson2@btinternet.com','','2014-04-08'),(310,'','Nigel','Thirkill',101,'Customer',NULL,NULL,'Nigel@tepmachinery.co.uk','','2014-04-08'),(311,'','Kath','Noble',NULL,'Customer',NULL,NULL,'i_dont_smile@hotmail.com','','2014-04-09');
/*!40000 ALTER TABLE `contact_contact` ENABLE KEYS */;
UNLOCK TABLES;

--
-- Table structure for table `contact_contactinteractiontype`
--

DROP TABLE IF EXISTS `contact_contactinteractiontype`;
/*!40101 SET @saved_cs_client     = @@character_set_client */;
/*!40101 SET character_set_client = utf8 */;
CREATE TABLE `contact_contactinteractiontype` (
  `key` varchar(30) NOT NULL,
  `name` varchar(40) NOT NULL,
  PRIMARY KEY (`key`)
) ENGINE=InnoDB DEFAULT CHARSET=utf8;
/*!40101 SET character_set_client = @saved_cs_client */;

--
-- Dumping data for table `contact_contactinteractiontype`
--

LOCK TABLES `contact_contactinteractiontype` WRITE;
/*!40000 ALTER TABLE `contact_contactinteractiontype` DISABLE KEYS */;
INSERT INTO `contact_contactinteractiontype` VALUES ('Email','Email'),('In Person','In Person'),('Phone','Phone');
/*!40000 ALTER TABLE `contact_contactinteractiontype` ENABLE KEYS */;
UNLOCK TABLES;

--
-- Table structure for table `contact_contactorganization`
--

DROP TABLE IF EXISTS `contact_contactorganization`;
/*!40101 SET @saved_cs_client     = @@character_set_client */;
/*!40101 SET character_set_client = utf8 */;
CREATE TABLE `contact_contactorganization` (
  `key` varchar(30) NOT NULL,
  `name` varchar(40) NOT NULL,
  PRIMARY KEY (`key`)
) ENGINE=InnoDB DEFAULT CHARSET=utf8;
/*!40101 SET character_set_client = @saved_cs_client */;

--
-- Dumping data for table `contact_contactorganization`
--

LOCK TABLES `contact_contactorganization` WRITE;
/*!40000 ALTER TABLE `contact_contactorganization` DISABLE KEYS */;
INSERT INTO `contact_contactorganization` VALUES ('Blogger','Blogger'),('Company','Company'),('Government','Government'),('Non-profit','Non-profit');
/*!40000 ALTER TABLE `contact_contactorganization` ENABLE KEYS */;
UNLOCK TABLES;

--
-- Table structure for table `contact_contactorganizationrole`
--

DROP TABLE IF EXISTS `contact_contactorganizationrole`;
/*!40101 SET @saved_cs_client     = @@character_set_client */;
/*!40101 SET character_set_client = utf8 */;
CREATE TABLE `contact_contactorganizationrole` (
  `key` varchar(30) NOT NULL,
  `name` varchar(40) NOT NULL,
  PRIMARY KEY (`key`)
) ENGINE=InnoDB DEFAULT CHARSET=utf8;
/*!40101 SET character_set_client = @saved_cs_client */;

--
-- Dumping data for table `contact_contactorganizationrole`
--

LOCK TABLES `contact_contactorganizationrole` WRITE;
/*!40000 ALTER TABLE `contact_contactorganizationrole` DISABLE KEYS */;
INSERT INTO `contact_contactorganizationrole` VALUES ('Affiliate','Affiliate'),('Customer','Customer'),('Distributor','Distributor'),('Manufacturer','Manufacturer'),('Supplier','Supplier');
/*!40000 ALTER TABLE `contact_contactorganizationrole` ENABLE KEYS */;
UNLOCK TABLES;

--
-- Table structure for table `contact_contactrole`
--

DROP TABLE IF EXISTS `contact_contactrole`;
/*!40101 SET @saved_cs_client     = @@character_set_client */;
/*!40101 SET character_set_client = utf8 */;
CREATE TABLE `contact_contactrole` (
  `key` varchar(30) NOT NULL,
  `name` varchar(40) NOT NULL,
  PRIMARY KEY (`key`)
) ENGINE=InnoDB DEFAULT CHARSET=utf8;
/*!40101 SET character_set_client = @saved_cs_client */;

--
-- Dumping data for table `contact_contactrole`
--

LOCK TABLES `contact_contactrole` WRITE;
/*!40000 ALTER TABLE `contact_contactrole` DISABLE KEYS */;
INSERT INTO `contact_contactrole` VALUES ('Affiliate','Affiliate'),('Customer','Customer'),('Distributor','Distributor'),('Founder','Founder'),('Supplier','Supplier');
/*!40000 ALTER TABLE `contact_contactrole` ENABLE KEYS */;
UNLOCK TABLES;

--
-- Table structure for table `contact_interaction`
--

DROP TABLE IF EXISTS `contact_interaction`;
/*!40101 SET @saved_cs_client     = @@character_set_client */;
/*!40101 SET character_set_client = utf8 */;
CREATE TABLE `contact_interaction` (
  `id` int(11) NOT NULL AUTO_INCREMENT,
  `contact_id` int(11) NOT NULL,
  `type_id` varchar(30) NOT NULL,
  `date_time` datetime NOT NULL,
  `description` longtext NOT NULL,
  PRIMARY KEY (`id`),
  KEY `contact_interaction_170b8823` (`contact_id`),
  KEY `contact_interaction_777d41c8` (`type_id`),
  CONSTRAINT `type_id_refs_key_2dec3aa6` FOREIGN KEY (`type_id`) REFERENCES `contact_contactinteractiontype` (`key`),
  CONSTRAINT `contact_id_refs_id_68b339a3` FOREIGN KEY (`contact_id`) REFERENCES `contact_contact` (`id`)
) ENGINE=InnoDB DEFAULT CHARSET=utf8;
/*!40101 SET character_set_client = @saved_cs_client */;

--
-- Dumping data for table `contact_interaction`
--

LOCK TABLES `contact_interaction` WRITE;
/*!40000 ALTER TABLE `contact_interaction` DISABLE KEYS */;
/*!40000 ALTER TABLE `contact_interaction` ENABLE KEYS */;
UNLOCK TABLES;

--
-- Table structure for table `contact_organization`
--

DROP TABLE IF EXISTS `contact_organization`;
/*!40101 SET @saved_cs_client     = @@character_set_client */;
/*!40101 SET character_set_client = utf8 */;
CREATE TABLE `contact_organization` (
  `id` int(11) NOT NULL AUTO_INCREMENT,
  `name` varchar(50) NOT NULL,
  `type_id` varchar(30) DEFAULT NULL,
  `role_id` varchar(30) DEFAULT NULL,
  `create_date` date NOT NULL,
  `notes` longtext,
  PRIMARY KEY (`id`),
  KEY `contact_organization_777d41c8` (`type_id`),
  KEY `contact_organization_40f80fc0` (`role_id`),
  CONSTRAINT `role_id_refs_key_3908cf9c` FOREIGN KEY (`role_id`) REFERENCES `contact_contactorganizationrole` (`key`),
  CONSTRAINT `type_id_refs_key_408859c0` FOREIGN KEY (`type_id`) REFERENCES `contact_contactorganization` (`key`)
) ENGINE=InnoDB AUTO_INCREMENT=3 DEFAULT CHARSET=utf8;
/*!40101 SET character_set_client = @saved_cs_client */;

--
-- Dumping data for table `contact_organization`
--

LOCK TABLES `contact_organization` WRITE;
/*!40000 ALTER TABLE `contact_organization` DISABLE KEYS */;
INSERT INTO `contact_organization` VALUES (1,'Rhinestone Ronny','Company','Supplier','2013-11-29',NULL),(2,'Whisky Israel','Blogger','Affiliate','2014-03-11','');
/*!40000 ALTER TABLE `contact_organization` ENABLE KEYS */;
UNLOCK TABLES;

--
-- Table structure for table `contact_phonenumber`
--

DROP TABLE IF EXISTS `contact_phonenumber`;
/*!40101 SET @saved_cs_client     = @@character_set_client */;
/*!40101 SET character_set_client = utf8 */;
CREATE TABLE `contact_phonenumber` (
  `id` int(11) NOT NULL AUTO_INCREMENT,
  `contact_id` int(11) NOT NULL,
  `type` varchar(20) NOT NULL,
  `phone` varchar(30) NOT NULL,
  `primary` tinyint(1) NOT NULL,
  PRIMARY KEY (`id`),
  KEY `contact_phonenumber_170b8823` (`contact_id`),
  CONSTRAINT `contact_id_refs_id_cbfc5e4` FOREIGN KEY (`contact_id`) REFERENCES `contact_contact` (`id`)
) ENGINE=InnoDB AUTO_INCREMENT=254 DEFAULT CHARSET=utf8;
/*!40101 SET character_set_client = @saved_cs_client */;

--
-- Dumping data for table `contact_phonenumber`
--

LOCK TABLES `contact_phonenumber` WRITE;
/*!40000 ALTER TABLE `contact_phonenumber` DISABLE KEYS */;
INSERT INTO `contact_phonenumber` VALUES (2,2,'Work','999-555-5111',1),(3,3,'Work','800-188-7611',1),(4,3,'Fax','755-555-1111',0),(5,4,'','441912866999',1),(6,5,'','07860221244',1),(7,6,'','07860221244',1),(8,7,'','07860221244',1),(9,8,'','07785232486',1),(10,9,'','07831332588',1),(11,10,'','07773189149',1),(12,11,'','0191 2595355',1),(13,12,'','07515104565',1),(14,13,'','441912866999',1),(15,14,'','441912866999',1),(16,15,'','441912866999',1),(17,16,'','07860221244',1),(18,17,'','441912866999',1),(19,18,'','01207543793',1),(20,19,'','07989702010',1),(21,20,'','07532079667',1),(22,21,'','441912866999',1),(23,22,'','01228514242',1),(24,23,'','01946 590001',1),(25,24,'','07068871448',1),(26,25,'','07956813431',1),(27,26,'','07525636699',1),(28,27,'','447736032000',1),(29,28,'','01768480169',1),(30,29,'','01900 822384',1),(31,30,'','07921088588',1),(32,31,'','07801703063',1),(33,32,'','07802 461500',1),(34,33,'','01368863187',1),(35,34,'','01946841668',1),(36,35,'','07788646083',1),(37,36,'','07838367650',1),(38,37,'','07747505455',1),(39,38,'','01900829468',1),(40,39,'','07966578175',1),(41,40,'','441223842981',1),(42,41,'','07756800638',1),(43,42,'','01900 829596',1),(44,43,'','01524782232',1),(45,44,'','01946692402',1),(46,45,'','01782 680094',1),(47,46,'','07747047251',1),(48,47,'','01207562249',1),(49,48,'','07917274967',1),(50,49,'','07941961986',1),(51,50,'','07707785551',1),(52,51,'','07756800638',1),(53,52,'','07756800638',1),(54,53,'','447977001788',1),(55,54,'','01835823254',1),(56,55,'','01925269009',1),(57,56,'','07904775801',1),(58,57,'','479-631-5823',1),(59,58,'','07568170404',1),(60,59,'','01179693495',1),(61,60,'','07717791721',1),(62,61,'','07802767303',1),(63,62,'','07748648543',1),(64,63,'','07793252185',1),(65,64,'','07846213840',1),(66,65,'','01704 565782',1),(67,66,'','07809126790',1),(68,67,'','07587237550',1),(69,68,'','01732462121',1),(70,69,'','07921551647',1),(71,70,'','01946 841403',1),(72,71,'','01228 586161',1),(73,72,'','01900 828892',1),(74,73,'','07825330411',1),(75,74,'','07786382693',1),(76,75,'','01900810787',1),(77,76,'','441900826223',1),(78,77,'','01524781315',1),(79,78,'','447758302351',1),(80,79,'','07711900884',1),(81,80,'','1121',1),(82,81,'','01263741714',1),(83,82,'','01768342570',1),(84,83,'','07979578109',1),(85,84,'','01995640171',1),(86,85,'','07545 084284',1),(87,86,'','01900 812736',1),(88,87,'','447793750271',1),(89,88,'','01946 861772',1),(90,89,'','Pe251he',1),(91,90,'','07753754765',1),(92,91,'','07706 366 764',1),(93,92,'','441697331474',1),(94,93,'','07754710949',1),(95,94,'','07977190003',1),(96,95,'','07759419997',1),(97,96,'','07920804924',1),(98,97,'','07773289149',1),(99,98,'','07971598370',1),(100,99,'','07970984334',1),(101,100,'','01946861799',1),(102,101,'','07738678079',1),(103,102,'','07834979833',1),(104,103,'','01228 402920',1),(105,104,'','01768866946',1),(106,105,'','01423 867770',1),(107,106,'','07761489952',1),(108,107,'','07927009535',1),(109,108,'','01229821644',1),(110,109,'','07751564778',1),(111,110,'','01257426951',1),(112,111,'','07760421106',1),(113,112,'','447967700615',1),(114,113,'','01697472247',1),(115,114,'','01207591529',1),(116,115,'','01207591529',1),(117,116,'','441670353303',1),(118,117,'','01642553681',1),(119,118,'','01946841171',1),(120,119,'','01912711218',1),(121,120,'','07947498008',1),(122,121,'','01388608282',1),(123,122,'','07969152980',1),(124,123,'','01900 870758',1),(125,124,'','06-23989488',1),(126,125,'','442073770535',1),(127,126,'','442073770535',1),(128,127,'','+37067632222',1),(129,128,'','07792931782',1),(130,129,'','01914161936',1),(131,130,'','01332666966',1),(132,131,'','4646546544645',1),(133,132,'','01253 858905',1),(134,133,'','07967700226',1),(135,134,'','447843929932',1),(136,135,'','07860221244',1),(137,136,'','01946 821193',1),(138,137,'','0160677554',1),(139,138,'','07967700615',1),(140,139,'','07967700615',1),(141,141,'','07429151606',1),(142,142,'','01332573217',1),(143,143,'','01228538771',1),(144,144,'','07775614823',1),(145,146,'','07973145019',1),(146,148,'','07843929932',1),(147,149,'','07708401651',1),(148,150,'','01623423606',1),(149,152,'','441912866999',1),(150,153,'','01524 824825',1),(151,154,'','07714335594',1),(152,156,'','441386841631',1),(153,157,'Home','01900602256',1),(154,158,'','07969152980',1),(155,160,'','07846200759',1),(156,155,'','07846200759',1),(157,161,'','07817564801',1),(158,162,'Home','01900605584',1),(159,163,'Mobile','07843296787',1),(160,164,'','07817564801',1),(161,167,'','07967970889',1),(162,168,'','07734318281',1),(163,169,'','441274563316',1),(164,175,'','01946 591643',1),(165,177,'','07894859050',1),(166,178,'','07833462253',1),(167,179,'','07973 776 723',1),(168,180,'','07732425993',1),(169,182,'','01736361497',1),(170,183,'','07536011670',1),(171,185,'','01642 310239',1),(172,186,'Work','01844279001',1),(173,187,'','01144189100',1),(174,189,'','01949 851293',1),(175,190,'','07540759018',1),(176,191,'','07919215357',1),(177,192,'','07581074861',1),(178,193,'','07973801960',1),(179,194,'','01539534840',1),(180,195,'','07764 420758',1),(181,196,'','01332 573217',1),(182,197,'','07834307746',1),(183,198,'','07777686757',1),(184,199,'','07951146791',1),(185,200,'','07951146791',1),(186,201,'','01642553681',1),(187,202,'','07527500220',1),(188,205,'','07880 495688',1),(189,206,'','+12019104772',1),(190,207,'','07505301580',1),(191,210,'','0161 280 9269',1),(192,212,'','07880507377',1),(193,213,'','07761049721',1),(194,214,'','01912847391',1),(195,215,'','01661834711',1),(196,216,'','01546 830104',1),(197,217,'','01697322275',1),(198,218,'','01900822764',1),(199,219,'','07837700431',1),(200,221,'','01914913533',1),(201,222,'','01482 668466',1),(202,223,'','01912345154',1),(203,224,'','01900 872530',1),(204,226,'','01900828892',1),(205,228,'','07958 327819',1),(206,229,'','+61416590591',1),(207,230,'','07775815555',1),(208,232,'','07881921445',1),(209,233,'','447879393916',1),(210,237,'','07703359944',1),(211,238,'','07542331306',1),(212,240,'','07730889918',1),(213,242,'','07516291687',1),(214,243,'','07833439303',1),(215,245,'','01912243422',1),(216,246,'','07815559808',1),(217,251,'','01913841604',1),(218,252,'','01913841604',1),(219,231,'','07932 760352',1),(220,253,'','07921030987',1),(221,254,'','01539562115',1),(222,255,'','07737 562993',1),(223,256,'','07900254221',1),(224,257,'','07900254221',1),(225,260,'','07747113579',1),(226,261,'','01697478018',1),(227,264,'','01228 531429',1),(228,258,'','07802427699',1),(229,267,'','07779250164',1),(230,268,'','07860221244',1),(231,269,'','01924 512993',1),(232,271,'','447727621408',1),(233,274,'','01273486635',1),(234,275,'',' 01642712731',1),(235,276,'','07813358526',1),(236,265,'','07423062801',1),(237,281,'','01395442137',1),(238,282,'','6199800916',1),(239,283,'','01524 762761',1),(240,284,'','01629 823477',1),(241,286,'','07973507803',1),(242,287,'Home','02392349913',1),(243,289,'','07963443957',1),(244,294,'','07811 938502',1),(245,295,'','07811 938502',1),(246,299,'','06545555555',1),(247,301,'','01132526717',1),(248,303,'','07969172484',1),(249,305,'','07803596447',1),(250,307,'','+46705480188',1),(251,308,'','07884306160',1),(252,309,'','01912852863',1),(253,311,'','07798830024',1);
/*!40000 ALTER TABLE `contact_phonenumber` ENABLE KEYS */;
UNLOCK TABLES;

--
-- Table structure for table `crm_meeting`
--

DROP TABLE IF EXISTS `crm_meeting`;
/*!40101 SET @saved_cs_client     = @@character_set_client */;
/*!40101 SET character_set_client = utf8 */;
CREATE TABLE `crm_meeting` (
  `id` int(11) NOT NULL AUTO_INCREMENT,
  `username` varchar(255) NOT NULL,
  `date` datetime NOT NULL,
  `contact` varchar(255) NOT NULL,
  `location` varchar(255) NOT NULL,
  `present` longtext NOT NULL,
  `author` varchar(255) NOT NULL,
  `discussions` longtext NOT NULL,
  `followup` longtext NOT NULL,
  `followupdate` date,
  `complete` tinyint(1) NOT NULL DEFAULT '0',
  `notes` longtext NOT NULL,
  PRIMARY KEY (`id`)
) ENGINE=InnoDB AUTO_INCREMENT=3 DEFAULT CHARSET=utf8;
/*!40101 SET character_set_client = @saved_cs_client */;

--
-- Dumping data for table `crm_meeting`
--

LOCK TABLES `crm_meeting` WRITE;
/*!40000 ALTER TABLE `crm_meeting` DISABLE KEYS */;
INSERT INTO `crm_meeting` VALUES (1,'bhj','2014-03-05 15:30:00','Saul Lewis websand saul@websand.co.uk','Lakes Distillery Gosforth','Saul Lewis, Laura Simpson, Brian Jobling, Ricky DDCA','Brian Jobling','Lorem ipsum dolor ut sit ame dolore adipiscing elit, sed nonumy nibh sed euismod laoreet dolore magna aliquarm erat volutpat Nostrud duis molestie at dolore.','Lorem ipsum dolor ut sit ame dolore adipiscing elit, sed nonumy nibh sed euismod laoreet dolore magna aliquarm erat volutpat Nostrud duis molestie at dolore.',NULL,0,'Lorem ipsum dolor ut sit ame dolore adipiscing elit, sed nonumy nibh sed euismod laoreet dolore magna aliquarm erat volutpat Nostrud duis molestie at dolore.'),(2,'bhjobling','2014-03-05 15:50:00','Nick, Ricky ','Gosforth Office','Amy, Ricky (DDCA), Nick (Websand)','Brian Jobling','','Add competition to for every 10th member.\r\nSend email template from Hedley McEwan.\r\n\r\n ',NULL,0,'');
/*!40000 ALTER TABLE `crm_meeting` ENABLE KEYS */;
UNLOCK TABLES;

--
-- Table structure for table `custom_customproduct`
--

DROP TABLE IF EXISTS `custom_customproduct`;
/*!40101 SET @saved_cs_client     = @@character_set_client */;
/*!40101 SET character_set_client = utf8 */;
CREATE TABLE `custom_customproduct` (
  `product_id` int(11) NOT NULL,
  `deferred_shipping` tinyint(1) NOT NULL DEFAULT '0',
  `downpayment` int(11) NOT NULL DEFAULT '20',
  PRIMARY KEY (`product_id`),
  CONSTRAINT `product_id_refs_id_2e577336` FOREIGN KEY (`product_id`) REFERENCES `product_product` (`id`)
) ENGINE=InnoDB DEFAULT CHARSET=utf8;
/*!40101 SET character_set_client = @saved_cs_client */;

--
-- Dumping data for table `custom_customproduct`
--

LOCK TABLES `custom_customproduct` WRITE;
/*!40000 ALTER TABLE `custom_customproduct` DISABLE KEYS */;
/*!40000 ALTER TABLE `custom_customproduct` ENABLE KEYS */;
UNLOCK TABLES;

--
-- Table structure for table `custom_customproduct_option_group`
--

DROP TABLE IF EXISTS `custom_customproduct_option_group`;
/*!40101 SET @saved_cs_client     = @@character_set_client */;
/*!40101 SET character_set_client = utf8 */;
CREATE TABLE `custom_customproduct_option_group` (
  `id` int(11) NOT NULL AUTO_INCREMENT,
  `customproduct_id` int(11) NOT NULL,
  `optiongroup_id` int(11) NOT NULL,
  PRIMARY KEY (`id`),
  UNIQUE KEY `product_customproduct_option_gro_customproduct_id_7cd025ac_uniq` (`customproduct_id`,`optiongroup_id`),
  KEY `product_customproduct_option_group_1603c4dd` (`customproduct_id`),
  KEY `product_customproduct_option_group_2d4ce28b` (`optiongroup_id`),
  CONSTRAINT `optiongroup_id_refs_id_477b46a2` FOREIGN KEY (`optiongroup_id`) REFERENCES `product_optiongroup` (`id`),
  CONSTRAINT `customproduct_id_refs_product_id_477f9b9e` FOREIGN KEY (`customproduct_id`) REFERENCES `custom_customproduct` (`product_id`)
) ENGINE=InnoDB DEFAULT CHARSET=utf8;
/*!40101 SET character_set_client = @saved_cs_client */;

--
-- Dumping data for table `custom_customproduct_option_group`
--

LOCK TABLES `custom_customproduct_option_group` WRITE;
/*!40000 ALTER TABLE `custom_customproduct_option_group` DISABLE KEYS */;
/*!40000 ALTER TABLE `custom_customproduct_option_group` ENABLE KEYS */;
UNLOCK TABLES;

--
-- Table structure for table `custom_customtextfield`
--

DROP TABLE IF EXISTS `custom_customtextfield`;
/*!40101 SET @saved_cs_client     = @@character_set_client */;
/*!40101 SET character_set_client = utf8 */;
CREATE TABLE `custom_customtextfield` (
  `name` varchar(40) NOT NULL,
  `price_change` decimal(14,6) DEFAULT NULL,
  `id` int(11) NOT NULL AUTO_INCREMENT,
  `sort_order` int(11) NOT NULL DEFAULT '0',
  `products_id` int(11) NOT NULL,
  `slug` varchar(50) NOT NULL,
  PRIMARY KEY (`id`),
  UNIQUE KEY `product_customtextfield_products_id_62cf12d9_uniq` (`products_id`,`slug`),
  KEY `product_customtextfield_4594d88` (`products_id`),
  KEY `product_customtextfield_56ae2a2a` (`slug`),
  CONSTRAINT `products_id_refs_product_id_56bf3a5f` FOREIGN KEY (`products_id`) REFERENCES `custom_customproduct` (`product_id`)
) ENGINE=InnoDB DEFAULT CHARSET=utf8;
/*!40101 SET character_set_client = @saved_cs_client */;

--
-- Dumping data for table `custom_customtextfield`
--

LOCK TABLES `custom_customtextfield` WRITE;
/*!40000 ALTER TABLE `custom_customtextfield` DISABLE KEYS */;
/*!40000 ALTER TABLE `custom_customtextfield` ENABLE KEYS */;
UNLOCK TABLES;

--
-- Table structure for table `custom_customtextfieldtranslation`
--

DROP TABLE IF EXISTS `custom_customtextfieldtranslation`;
/*!40101 SET @saved_cs_client     = @@character_set_client */;
/*!40101 SET character_set_client = utf8 */;
CREATE TABLE `custom_customtextfieldtranslation` (
  `languagecode` varchar(10) NOT NULL,
  `name` varchar(255) NOT NULL,
  `version` int(11) NOT NULL DEFAULT '1',
  `active` tinyint(1) NOT NULL DEFAULT '1',
  `id` int(11) NOT NULL AUTO_INCREMENT,
  `customtextfield_id` int(11) NOT NULL,
  PRIMARY KEY (`id`),
  UNIQUE KEY `product_customtextfieldtransla_customtextfield_id_3e3fe816_uniq` (`customtextfield_id`,`languagecode`,`version`),
  KEY `product_customtextfieldtranslation_6fda757f` (`customtextfield_id`),
  CONSTRAINT `customtextfield_id_refs_id_740a0c27` FOREIGN KEY (`customtextfield_id`) REFERENCES `custom_customtextfield` (`id`)
) ENGINE=InnoDB DEFAULT CHARSET=utf8;
/*!40101 SET character_set_client = @saved_cs_client */;

--
-- Dumping data for table `custom_customtextfieldtranslation`
--

LOCK TABLES `custom_customtextfieldtranslation` WRITE;
/*!40000 ALTER TABLE `custom_customtextfieldtranslation` DISABLE KEYS */;
/*!40000 ALTER TABLE `custom_customtextfieldtranslation` ENABLE KEYS */;
UNLOCK TABLES;

--
-- Table structure for table `django_admin_log`
--

DROP TABLE IF EXISTS `django_admin_log`;
/*!40101 SET @saved_cs_client     = @@character_set_client */;
/*!40101 SET character_set_client = utf8 */;
CREATE TABLE `django_admin_log` (
  `id` int(11) NOT NULL AUTO_INCREMENT,
  `action_time` datetime NOT NULL,
  `user_id` int(11) NOT NULL,
  `content_type_id` int(11) DEFAULT NULL,
  `object_id` longtext,
  `object_repr` varchar(200) NOT NULL,
  `action_flag` smallint(5) unsigned NOT NULL,
  `change_message` longtext NOT NULL,
  PRIMARY KEY (`id`),
  KEY `django_admin_log_403f60f` (`user_id`),
  KEY `django_admin_log_1bb8f392` (`content_type_id`),
  CONSTRAINT `content_type_id_refs_id_288599e6` FOREIGN KEY (`content_type_id`) REFERENCES `django_content_type` (`id`),
  CONSTRAINT `user_id_refs_id_c8665aa` FOREIGN KEY (`user_id`) REFERENCES `auth_user` (`id`)
) ENGINE=InnoDB AUTO_INCREMENT=1230 DEFAULT CHARSET=utf8;
/*!40101 SET character_set_client = @saved_cs_client */;

--
-- Dumping data for table `django_admin_log`
--

LOCK TABLES `django_admin_log` WRITE;
/*!40000 ALTER TABLE `django_admin_log` DISABLE KEYS */;
INSERT INTO `django_admin_log` VALUES (1,'2014-01-15 08:48:35',1,10,'23','Coctails',2,'Changed title and slug.'),(2,'2014-01-15 12:51:01',1,30,'13','Entry object',2,'Changed main.'),(3,'2014-01-16 18:14:42',1,10,'82','THE ONE',3,''),(4,'2014-01-16 18:57:15',1,47,'5','The ONE Whisky Cocktails - The ONE',1,''),(5,'2014-01-16 18:59:29',1,47,'5','The ONE Whisky Cocktails - The ONE',2,'Changed html.'),(6,'2014-01-16 19:00:50',1,47,'5','The ONE Whisky Cocktails - The ONE',2,'Changed html.'),(7,'2014-01-16 19:01:49',1,47,'5','The ONE Whisky Cocktails - The ONE',2,'Changed html.'),(8,'2014-01-16 19:02:44',1,47,'5','The ONE Whisky Cocktails - The ONE',2,'Changed html.'),(9,'2014-01-16 19:04:25',1,47,'3','The lake district',2,'Changed html.'),(10,'2014-01-16 19:05:45',1,47,'5','The ONE Whisky Cocktails - The ONE',2,'Changed html.'),(11,'2014-01-16 19:06:04',1,47,'5','The ONE Whisky Cocktails - The ONE',2,'Changed html.'),(12,'2014-01-16 19:06:19',1,47,'5','The ONE Whisky Cocktails - The ONE',2,'Changed html.'),(13,'2014-01-16 19:06:51',1,47,'5','The ONE Whisky Cocktails - The ONE',2,'Changed html.'),(14,'2014-01-17 10:30:16',1,10,'23','Cocktails',2,'No fields changed.'),(15,'2014-01-17 10:54:36',1,10,'77','COCKTAILS - THE IRISH ONE',2,'No fields changed.'),(16,'2014-01-17 10:55:25',1,10,'77','COCKTAILS - THE IRISH ONE',2,'No fields changed.'),(17,'2014-01-17 10:55:46',1,10,'23','Cocktails',2,'No fields changed.'),(18,'2014-01-17 11:29:52',1,47,'5','The ONE Whisky Cocktails - The ONE',2,'Changed html.'),(19,'2014-01-17 11:30:36',1,10,'74','COCKTAILS - THE ONE',2,'No fields changed.'),(20,'2014-01-17 11:30:55',1,10,'74','COCKTAILS - THE ONE',2,'No fields changed.'),(21,'2014-01-17 11:33:04',1,47,'5','The ONE Whisky Cocktails - The ONE',2,'Changed html.'),(22,'2014-01-17 11:35:05',1,47,'6','COCKTAILS - THE SOUR ONE',1,''),(23,'2014-01-17 11:35:32',1,10,'75','COCKTAILS - THE SOUR ONE',2,'No fields changed.'),(24,'2014-01-17 11:36:22',1,47,'7','COCKTAILS -  THE OLD ONE',1,''),(25,'2014-01-17 11:37:10',1,10,'76','COCKTAILS -  THE OLD ONE',2,'No fields changed.'),(26,'2014-01-17 11:37:32',1,47,'8','COCKTAILS - THE IRISH ONE',1,''),(27,'2014-01-17 11:37:49',1,10,'77','COCKTAILS - THE IRISH ONE',2,'No fields changed.'),(28,'2014-01-17 11:38:44',1,47,'9','COCKTAILS - THE BLUE ONE',1,''),(29,'2014-01-17 11:39:00',1,10,'78','COCKTAILS - THE BLUE ONE',2,'No fields changed.'),(30,'2014-01-17 11:39:38',1,47,'10','COCKTAILS - THE SMOKEY ONE',1,''),(31,'2014-01-17 11:39:54',1,10,'79','COCKTAILS - THE SMOKEY ONE',2,'No fields changed.'),(32,'2014-01-17 11:41:05',1,47,'11','COCKTAILS - THE STRAWBERRY SOUR ONE',1,''),(33,'2014-01-17 11:41:18',1,10,'80','COCKTAILS - THE STRAWBERRY SOUR ONE',2,'No fields changed.'),(34,'2014-01-17 11:42:14',1,47,'10','COCKTAILS - THE SMOKEY ONE',2,'Changed html.'),(35,'2014-01-17 11:43:03',1,47,'10','COCKTAILS - THE SMOKEY ONE',2,'Changed html.'),(36,'2014-01-17 11:49:51',1,22,'None','GalleryUpload object',1,''),(37,'2014-01-17 11:50:04',1,21,'2','Derwentwater',3,''),(38,'2014-01-17 11:50:04',1,21,'1','Equipment',3,''),(39,'2014-01-17 11:51:54',1,21,'3','New World Whisky Tasting -18th August',2,'No fields changed.'),(40,'2014-01-17 11:53:39',1,10,'43','Equipment',3,''),(41,'2014-01-17 11:53:43',1,10,'45','Derwentwater',3,''),(42,'2014-01-17 11:53:57',1,10,'90','New World Whisky Tasting -18th August',1,''),(43,'2014-01-17 11:55:16',1,10,'90','New World Whisky Tasting -18th August',2,'No fields changed.'),(44,'2014-01-17 12:03:16',1,22,'None','GalleryUpload object',1,''),(45,'2014-01-17 12:03:45',1,10,'92','Equipment',1,''),(46,'2014-01-17 12:04:33',1,10,'9','Gallery',2,'No fields changed.'),(47,'2014-01-17 12:04:53',1,10,'92','Equipment',3,''),(48,'2014-01-17 12:20:45',1,10,'94','Equipment',1,''),(49,'2014-01-17 12:24:51',1,21,'4','Equipment',3,''),(50,'2014-01-17 12:25:09',1,22,'None','GalleryUpload object',1,''),(51,'2014-01-17 12:25:33',1,10,'94','Equipment',2,'No fields changed.'),(52,'2014-01-17 12:33:16',1,22,'None','GalleryUpload object',1,''),(53,'2014-01-17 12:35:12',1,10,'96','Artist Impressions',1,''),(54,'2014-01-17 12:35:28',1,10,'96','Artist Impressions',2,'No fields changed.'),(55,'2014-01-17 12:40:22',1,22,'None','GalleryUpload object',1,''),(56,'2014-01-17 12:40:37',1,10,'98','Taste Cumbria Festival 2013',1,''),(57,'2014-01-17 12:40:48',1,10,'98','Taste Cumbria Festival 2013',2,'No fields changed.'),(58,'2014-01-17 12:41:07',1,10,'98','Taste Cumbria Festival 2013',2,'No fields changed.'),(59,'2014-01-17 13:02:11',1,10,'100','The ONE Launch - 26th September 2013',1,''),(60,'2014-01-17 13:44:00',1,47,'11','COCKTAILS - THE STRAWBERRY SOUR ONE',2,'Changed html.'),(61,'2014-01-17 13:44:09',1,47,'3','The lake district',2,'Changed html.'),(62,'2014-01-17 13:48:25',1,47,'9','COCKTAILS - THE BLUE ONE',2,'Changed html.'),(63,'2014-01-17 13:48:32',1,47,'8','COCKTAILS - THE IRISH ONE',2,'Changed html.'),(64,'2014-01-17 13:48:39',1,47,'10','COCKTAILS - THE SMOKEY ONE',2,'Changed html.'),(65,'2014-01-17 13:48:46',1,47,'6','COCKTAILS - THE SOUR ONE',2,'Changed html.'),(66,'2014-01-17 13:49:10',1,47,'7','COCKTAILS -  THE OLD ONE',2,'Changed html.'),(67,'2014-01-17 13:49:43',1,47,'5','The ONE Whisky Cocktails - The ONE',2,'Changed html.'),(68,'2014-01-17 14:35:42',1,10,'23','Cocktails',2,'No fields changed.'),(69,'2014-01-17 14:38:36',1,10,'23','Cocktails',2,'No fields changed.'),(70,'2014-01-20 10:57:11',1,22,'None','GalleryUpload object',1,''),(71,'2014-01-20 12:24:31',1,22,'None','GalleryUpload object',1,''),(72,'2014-01-20 12:25:43',1,10,'102','The ONE Launch - 26th September 2013',1,''),(73,'2014-01-20 12:25:53',1,10,'102','The ONE Launch - 26th September 2013',3,''),(74,'2014-01-20 12:26:03',1,10,'100','The ONE Launch - 26th September 2013',2,'No fields changed.'),(75,'2014-01-20 12:27:49',1,10,'100','The ONE Launch - 26th September 2013',2,'No fields changed.'),(76,'2014-01-20 12:38:01',1,10,'103','Our Site',2,'Changed title and slug.'),(77,'2014-01-20 12:38:46',1,10,'103','Webcams',2,''),(78,'2014-01-20 12:42:14',1,10,'105','The Lakes Distillery Site',1,''),(79,'2014-01-20 12:42:31',1,10,'105','The Lakes Distillery Site',2,'No fields changed.'),(80,'2014-01-20 12:54:51',1,47,'12','River View Webcam',1,''),(81,'2014-01-20 12:55:07',1,47,'12','Webcam - River View',2,'Changed name.'),(82,'2014-01-20 12:55:24',1,47,'12','Webcam - River View',2,'No fields changed.'),(83,'2014-01-20 12:57:35',1,47,'12','Webcam - River View',2,'No fields changed.'),(84,'2014-01-20 13:00:23',1,10,'103','Webcams',2,'Changed template.'),(85,'2014-01-20 13:01:58',1,10,'103','Webcams',3,''),(86,'2014-01-20 13:02:38',1,10,'107','Our Buildings',2,'Changed title and slug.'),(87,'2014-01-20 13:11:50',1,47,'12','Webcam - River View',2,'Changed html.'),(88,'2014-01-20 13:12:21',1,47,'13','Webcam - Construction View',1,''),(89,'2014-01-21 14:00:09',1,10,'107','Webcams',3,''),(90,'2014-01-21 14:10:31',1,10,'109','Our Site',2,''),(91,'2014-01-21 14:12:42',1,10,'109','Our Site',2,'Changed title and slug.'),(92,'2014-01-21 14:13:29',1,10,'109','Webcams',2,''),(93,'2014-01-21 14:52:11',1,30,'51','Entry object',1,''),(94,'2014-01-21 14:52:23',1,30,'51','Entry object',2,'Changed is_published and main.'),(95,'2014-01-21 14:57:16',1,41,'1','Main',2,'Changed images.'),(96,'2014-01-21 14:58:14',1,40,'4','njbui',1,''),(97,'2014-01-21 14:59:00',1,41,'1','Main',2,'Changed images.'),(98,'2014-01-21 15:00:16',1,40,'3','one_new_year.jpg',2,'Changed order.'),(99,'2014-01-21 15:00:27',1,40,'4','njbui',2,'Changed order.'),(100,'2014-01-21 15:09:39',1,40,'4','njbui',3,''),(101,'2014-01-21 16:31:18',1,21,'3','New World Whisky Tasting -18th August',2,'No fields changed.'),(102,'2014-01-21 16:46:16',1,47,'13','Webcam - Construction View',2,'Changed html.'),(103,'2014-01-21 16:55:34',1,10,'17','Our Site',2,'No fields changed.'),(104,'2014-01-21 16:59:11',1,10,'47','Subscription',2,'No fields changed.'),(105,'2014-01-21 17:01:15',1,47,'12','Webcam - River View',2,'Changed html.'),(106,'2014-01-21 17:15:07',1,47,'13','Webcam - Construction View',2,'Changed html.'),(107,'2014-01-21 17:15:21',1,47,'13','Webcam - Construction View',2,'No fields changed.'),(108,'2014-01-21 17:15:25',1,47,'13','Webcam - Construction View',2,'No fields changed.'),(109,'2014-01-21 17:15:40',1,47,'12','Webcam - River View',2,'Changed html.'),(110,'2014-01-21 17:28:27',1,21,'11','Bassenthwaite Lake',1,''),(111,'2014-01-21 17:28:45',1,21,'11','Bassenthwaite Lake',2,'No fields changed.'),(112,'2014-01-21 17:34:08',1,23,'250','Bassenthwaite 1',1,''),(113,'2014-01-21 17:34:19',1,21,'11','Bassenthwaite Lake',2,'Changed photos.'),(114,'2014-01-21 17:34:37',1,21,'11','Bassenthwaite Lake',2,'No fields changed.'),(115,'2014-01-21 17:35:29',1,21,'11','Bassenthwaite Lake',2,'No fields changed.'),(116,'2014-01-22 18:27:37',1,47,'14','Test 1',1,''),(117,'2014-01-22 18:29:36',1,47,'14','Test 1',2,'Changed html.'),(118,'2014-01-22 18:31:30',1,47,'14','Test 1',2,'No fields changed.'),(119,'2014-01-22 18:32:26',1,47,'3','The lake district',2,'No fields changed.'),(120,'2014-01-22 18:32:47',1,47,'14','Test 1',2,'Changed html.'),(121,'2014-01-22 18:34:10',1,47,'14','Test 1',2,'Changed html.'),(122,'2014-01-22 19:17:26',1,10,'24','The Board Room',2,''),(123,'2014-01-22 19:19:21',1,30,'51','Entry object',3,''),(124,'2014-01-22 19:32:34',1,10,'8','News',2,'Changed title and slug.'),(125,'2014-01-22 19:38:52',1,10,'34','Privacy Policy',2,'No fields changed.'),(126,'2014-01-22 19:41:06',1,47,'1','Contact Address EN',2,'Changed html.'),(127,'2014-01-22 19:44:07',1,47,'1','Contact Address EN',2,'Changed html.'),(128,'2014-01-22 19:45:23',1,47,'1','Contact Address EN',2,'Changed html.'),(129,'2014-01-22 19:45:53',1,47,'1','Contact Address EN',2,'Changed html.'),(130,'2014-01-22 19:51:03',1,47,'2','Google Map EN',2,'Changed html.'),(131,'2014-01-22 19:52:00',1,47,'2','Google Map EN',2,'Changed html.'),(132,'2014-01-23 14:40:41',1,47,'15','Paul Currie on Site',1,''),(133,'2014-01-23 14:43:35',1,47,'15','Paul Currie on Site',2,'Changed html.'),(134,'2014-01-23 14:44:43',1,47,'15','Paul Currie on Site',2,'Changed html.'),(135,'2014-01-29 18:19:19',1,10,'111','Video',1,''),(136,'2014-01-29 18:19:32',1,10,'112','News',1,''),(137,'2014-01-29 18:20:50',1,10,'125','dd',1,''),(138,'2014-01-29 18:20:54',1,10,'125','dd',3,''),(139,'2014-01-29 18:21:09',1,10,'126','Related Articles',1,''),(140,'2014-01-29 18:21:54',1,10,'126','Related Articles',2,''),(141,'2014-01-29 18:21:55',1,10,'112','News',2,''),(142,'2014-01-29 18:21:57',1,10,'111','Video',2,''),(143,'2014-01-29 18:24:13',1,10,'112','News',3,''),(144,'2014-01-29 18:24:17',1,10,'111','Video',3,''),(145,'2014-01-29 18:24:30',1,10,'126','Related Articles',3,''),(146,'2014-01-29 18:24:51',1,10,'8','In The Media',2,'Changed template.'),(147,'2014-01-29 18:25:23',1,10,'8','In The Media',2,'No fields changed.'),(148,'2014-01-29 18:25:47',1,10,'130','Video',1,''),(149,'2014-01-29 18:26:01',1,10,'131','News',1,''),(150,'2014-01-29 18:26:12',1,10,'132','Related Articles',1,''),(151,'2014-01-29 18:26:39',1,10,'132','Related Articles',2,''),(152,'2014-01-29 18:26:39',1,10,'131','News',2,''),(153,'2014-01-29 18:26:40',1,10,'130','Video',2,''),(154,'2014-01-29 18:29:23',1,10,'136','The Bar and Bistro',2,''),(155,'2014-01-29 18:29:23',1,10,'136','The Bar and Bistro',2,''),(156,'2014-01-29 18:30:03',1,10,'24','The Board Room',3,''),(157,'2014-01-29 18:30:21',1,10,'136','The Bar and Bistro',2,''),(158,'2014-01-29 18:30:28',1,10,'137','Menus',2,''),(159,'2014-01-29 18:30:33',1,10,'139','Cocktails',2,''),(160,'2014-01-29 18:31:13',1,10,'139','Cocktails',2,''),(161,'2014-01-29 18:31:31',1,10,'136','The Bar and Bistro',2,'Changed template.'),(162,'2014-01-29 18:33:20',1,10,'25','Menus',2,''),(163,'2014-01-29 18:35:05',1,10,'25','Menus',2,''),(164,'2014-01-29 18:35:10',1,10,'137','Menus',2,''),(165,'2014-01-29 18:37:24',1,10,'136','The Bar and Bistro',2,'Changed template.'),(166,'2014-01-29 18:37:50',1,10,'136','The Bar and Bistro',2,'Changed published.'),(167,'2014-01-29 18:38:18',1,10,'136','The Bar and Bistro',2,''),(168,'2014-01-29 18:38:19',1,10,'136','The Bar and Bistro',2,''),(169,'2014-01-29 18:38:21',1,10,'136','The Bar and Bistro',2,''),(170,'2014-01-29 18:38:52',1,10,'136','The Bar and Bistro',2,'No fields changed.'),(171,'2014-01-29 18:38:57',1,10,'6','The Bar and Bistro',2,'No fields changed.'),(172,'2014-01-29 18:39:03',1,10,'136','The Bar and Bistro',2,'Changed template.'),(173,'2014-01-29 18:41:59',1,10,'136','The Bar and Bistro',2,'Changed template.'),(174,'2014-01-30 10:51:05',1,10,'131','News',2,'Changed template.'),(175,'2014-01-30 10:53:11',1,10,'150','Our Distillery',3,''),(176,'2014-01-30 10:53:22',1,10,'114','Webcams',3,''),(177,'2014-01-30 10:53:28',1,10,'115','Production',3,''),(178,'2014-01-30 10:53:33',1,10,'116','Distillery Tours',3,''),(179,'2014-01-30 10:53:37',1,10,'117','Timetable',3,''),(180,'2014-01-30 10:53:42',1,10,'118','Our People',3,''),(181,'2014-01-30 10:53:47',1,10,'122','The Paul Currie Story',3,''),(182,'2014-01-30 10:53:51',1,10,'123','Our Buildings',3,''),(183,'2014-01-30 10:53:55',1,10,'124','Our Site',3,''),(184,'2014-01-30 10:54:24',1,10,'113','Our Distillery',2,'Changed published.'),(185,'2014-01-30 10:55:09',1,10,'131','News',2,'Changed application_urls.'),(186,'2014-01-30 10:55:46',1,10,'8','In The Media',2,'Changed application_urls.'),(187,'2014-01-30 11:05:57',1,30,'11','Entry object',2,'Changed category and main.'),(188,'2014-01-30 13:10:04',1,10,'25','Menus',2,''),(189,'2014-01-31 15:19:21',1,10,'132','Related Articles',2,'Changed template.'),(190,'2014-01-31 15:19:54',1,10,'132','Related Articles',2,'No fields changed.'),(191,'2014-01-31 15:20:24',1,10,'132','Related Articles',2,'No fields changed.'),(192,'2014-01-31 15:43:16',1,10,'7','Blog',2,'Changed title and slug.'),(193,'2014-01-31 15:44:03',1,10,'7','What\'s New',2,'No fields changed.'),(194,'2014-01-31 16:14:33',1,10,'7','What\'s New',2,'No fields changed.'),(195,'2014-01-31 16:17:48',1,40,'4','Free Delivery in Feb',1,''),(196,'2014-01-31 16:18:12',1,41,'1','Main',2,'Changed images.'),(197,'2014-01-31 16:18:53',1,41,'1','Main',2,'No fields changed.'),(198,'2014-01-31 16:20:09',1,41,'1','Main',2,'No fields changed.'),(199,'2014-01-31 16:20:26',1,40,'4','Free Delivery in Feb',2,'Changed order.'),(200,'2014-01-31 16:20:42',1,40,'2','home_3.jpg',2,'Changed order.'),(201,'2014-01-31 16:27:41',1,40,'5','Feb 2',1,''),(202,'2014-01-31 16:27:48',1,40,'5','Feb 2',2,'Changed order.'),(203,'2014-01-31 16:28:27',1,41,'1','Main',2,'Changed images.'),(204,'2014-01-31 16:44:49',1,40,'6','Feb 3',1,''),(205,'2014-01-31 16:44:52',1,41,'1','Main',2,'Changed images.'),(206,'2014-01-31 17:38:54',1,40,'7','Free Delivery in February',1,''),(207,'2014-01-31 17:39:00',1,41,'1','Main',2,'Changed images.'),(208,'2014-01-31 17:43:08',1,40,'8','Free Delivery in February',1,''),(209,'2014-01-31 17:43:24',1,40,'7','Free Delivery in February',3,''),(210,'2014-01-31 17:43:47',1,41,'1','Main',2,'Changed images.'),(211,'2014-01-31 17:44:04',1,40,'2','Founders\' Club',2,'Changed name.'),(212,'2014-01-31 17:44:17',1,40,'1','The Lakes Distillery',2,'Changed name.'),(213,'2014-01-31 18:03:30',1,40,'8','Free Delivery in February',3,''),(214,'2014-01-31 18:03:53',1,40,'9','Free Delivery in February',1,''),(215,'2014-01-31 18:04:06',1,41,'1','Main',2,'Changed images.'),(216,'2014-02-04 08:29:13',1,3,'2','user2',1,''),(217,'2014-02-04 08:29:26',1,3,'3','user3',1,''),(218,'2014-02-04 08:30:42',1,10,'175','Shop',1,''),(219,'2014-02-04 08:30:50',1,10,'175','Shop',2,''),(220,'2014-02-04 08:32:32',1,69,'24','Founders\' Club UK Delivery ',2,'Changed taxable. Changed price for Price \"595.00\". Changed picture for Product Image \"Image of Product founders-club-uk-delivery\".'),(221,'2014-02-04 08:36:30',1,69,'23','The ONE - 70cl Bottle',2,'Changed taxable. Changed price for Price \"29.95\". Changed picture for Product Image \"Image of Product the-one-70cl-bottle\".'),(222,'2014-02-04 08:37:40',1,69,'20','The ONE 70cl - In Cylinder',2,'Changed taxable. Changed price for Price \"33.95\". Changed picture for Product Image \"Image of Product the-one-70cl-in-cylinder\".'),(223,'2014-02-04 08:38:14',1,69,'21','The ONE - 5cl Miniature',2,'Changed taxable. Changed price for Price \"3.95\". Changed picture for Product Image \"Image of Product the-one-5cl-miniature\".'),(224,'2014-02-04 08:38:29',1,69,'22','The ONE - Miniature Gift Pack',2,'Changed taxable. Changed price for Price \"12.95\". Changed picture for Product Image \"Image of Product the-one-miniature-gift-pack\".'),(225,'2014-02-04 08:38:39',1,69,'25','Founders\' Club EU Delivery',2,'Changed taxable. Changed price for Price \"695.00\". Changed picture for Product Image \"Image of Product founders-club-eu-delivery\".'),(226,'2014-02-04 08:44:47',1,69,'20','The ONE 70cl - In Cylinder',2,'Changed taxable. Changed price for Price \"33.95\". Deleted Product Image \"Image of Product the-one-70cl-in-cylinder\".'),(227,'2014-02-04 08:45:15',1,69,'20','The ONE 70cl - In Cylinder',2,'Changed taxable. Changed price for Price \"33.95\". Added Product Image \"Image of Product the-one-70cl-in-cylinder\".'),(228,'2014-02-04 08:46:05',1,69,'24','Founders\' Club UK Delivery ',2,'Changed taxable. Changed price for Price \"595.00\". Deleted Product Image \"Image of Product founders-club-uk-delivery\".'),(229,'2014-02-04 08:47:14',1,69,'24','Founders\' Club UK Delivery ',2,'Changed taxable. Changed price for Price \"595.00\". Added Product Image \"Image of Product founders-club-uk-delivery\".'),(230,'2014-02-04 08:47:31',1,69,'21','The ONE - 5cl Miniature',2,'Changed taxable. Changed price for Price \"3.95\". Deleted Product Image \"Image of Product the-one-5cl-miniature\".'),(231,'2014-02-04 08:47:48',1,69,'21','The ONE - 5cl Miniature',2,'Changed taxable. Changed price for Price \"3.95\". Added Product Image \"Image of Product the-one-5cl-miniature\".'),(232,'2014-02-04 08:48:03',1,69,'22','The ONE - Miniature Gift Pack',2,'Changed taxable. Changed price for Price \"12.95\". Deleted Product Image \"Image of Product the-one-miniature-gift-pack\".'),(233,'2014-02-04 08:48:28',1,69,'22','The ONE - Miniature Gift Pack',2,'Changed taxable. Changed price for Price \"12.95\". Added Product Image \"Image of Product the-one-miniature-gift-pack\".'),(234,'2014-02-04 08:48:42',1,69,'25','Founders\' Club EU Delivery',2,'Changed taxable. Changed price for Price \"695.00\". Deleted Product Image \"Image of Product founders-club-eu-delivery\".'),(235,'2014-02-04 08:48:57',1,69,'25','Founders\' Club EU Delivery',2,'Changed taxable. Changed price for Price \"695.00\". Added Product Image \"Image of Product founders-club-eu-delivery\".'),(236,'2014-02-04 08:49:14',1,69,'23','The ONE - 70cl Bottle',2,'Changed taxable. Changed price for Price \"29.95\". Deleted Product Image \"Image of Product the-one-70cl-bottle\".'),(237,'2014-02-04 08:49:30',1,69,'23','The ONE - 70cl Bottle',2,'Changed taxable. Changed price for Price \"29.95\". Added Product Image \"Image of Product the-one-70cl-bottle\".'),(238,'2014-02-04 09:19:29',1,3,'4','astap',3,''),(239,'2014-02-04 16:39:20',1,10,'132','Related Articles',2,'No fields changed.'),(240,'2014-02-04 16:40:40',1,10,'8','In The Media',2,'No fields changed.'),(241,'2014-02-04 16:58:32',1,30,'49','Entry object',2,'Changed pub_date_from, category and main.'),(242,'2014-02-04 17:00:45',1,10,'131','News',2,'No fields changed.'),(243,'2014-02-04 17:05:41',1,69,'23','The ONE - 70cl Bottle',2,'Changed shipclass and taxable. Changed price for Price \"29.95\".'),(244,'2014-02-04 17:08:31',1,69,'23','The ONE - 70cl Bottle',2,'Changed taxable. Changed price for Price \"29.95\".'),(245,'2014-02-04 17:34:44',1,3,'5','astap',3,''),(246,'2014-02-04 17:34:44',1,3,'6','enigma',3,''),(247,'2014-02-05 09:33:36',1,3,'9','astap',3,''),(248,'2014-02-05 09:36:25',1,3,'11','astap',3,''),(249,'2014-02-05 09:36:25',1,3,'12','enigma',3,''),(250,'2014-02-05 09:36:49',1,6,'1','ldx1.bhjdev.co.uk',2,'Changed domain and name.'),(251,'2014-02-05 09:58:16',1,49,'6','Registration information for bhjobling',3,''),(252,'2014-02-05 12:37:58',1,10,'1','Home',2,'No fields changed.'),(253,'2014-02-05 12:38:49',1,10,'175','Shop',2,'No fields changed.'),(254,'2014-02-05 12:39:13',1,10,'175','Shop',2,'No fields changed.'),(255,'2014-02-05 13:08:27',1,10,'113','Our Distillery',2,''),(256,'2014-02-05 13:08:30',1,10,'4','Our Distillery',2,''),(257,'2014-02-05 13:08:40',1,10,'4','Our Distillery',2,''),(258,'2014-02-05 13:09:40',1,10,'113','Our Distillery',3,''),(259,'2014-02-05 17:16:01',1,10,'7','What\'s New',2,'No fields changed.'),(260,'2014-02-06 10:14:32',1,93,'153','Order #153: Claire Jobling',2,'Changed sub_total, shipping_cost, shipping_discount, tax, discount and total. Changed unit_price, unit_tax, line_item_price, tax and discount for Order Line Item \"Founders\' Club UK Delivery \". Added Order Status \"Shipped\". Changed amount for Order Payment \"Order Payment #343\".'),(261,'2014-02-06 10:16:06',1,93,'153','Order #153: Claire Jobling',2,'Changed sub_total, shipping_cost, shipping_discount, tax, discount and total. Changed unit_price, unit_tax, line_item_price, tax and discount for Order Line Item \"Founders\' Club UK Delivery \". Changed status for Order Status \"Shipped\". Changed amount for Order Payment \"Order Payment #343\".'),(262,'2014-02-06 10:21:55',1,93,'37','Order #37: Brian Jobling',2,'Changed sub_total, shipping_cost, shipping_discount, tax, discount and total. Changed unit_price, unit_tax, line_item_price, tax and discount for Order Line Item \"The ONE - 5cl Miniature\". Changed unit_price, unit_tax, line_item_price, tax and discount for Order Line Item \"Founders\' Club UK Delivery \". Added Order Status \"Shipped\". Changed amount for Order Payment \"Order Payment #66\".'),(263,'2014-02-06 10:47:43',1,93,'39','Order #39: Brian Jobling',2,'Changed sub_total, shipping_cost, shipping_discount, tax, discount and total. Changed unit_price, unit_tax, line_item_price, tax and discount for Order Line Item \"The ONE - 5cl Miniature\". Added Order Status \"Shipped\". Changed amount for Order Payment \"Order Payment #78\".'),(264,'2014-02-06 10:56:49',1,64,'1','Brian Test',2,'Changed startDate and endDate.'),(265,'2014-02-06 11:30:53',1,10,'7','What\'s New',2,'No fields changed.'),(266,'2014-02-06 11:35:51',1,10,'132','Related Articles',2,'Changed template.'),(267,'2014-02-06 12:05:19',1,69,'24','Founders\' Club UK Delivery ',2,'Changed taxable. Changed picture for Product Image \"Image of Product founders-club-uk-delivery\".'),(268,'2014-02-06 12:07:49',1,69,'23','The ONE - 70cl Bottle',2,'Changed taxable. Deleted Product Image \"Image of Product the-one-70cl-bottle\".'),(269,'2014-02-06 12:08:02',1,69,'23','The ONE - 70cl Bottle',2,'Changed taxable. Added Product Image \"Image of Product the-one-70cl-bottle\".'),(270,'2014-02-06 12:08:28',1,69,'24','Founders\' Club UK Delivery ',2,'Changed taxable. Deleted Product Image \"Image of Product founders-club-uk-delivery\".'),(271,'2014-02-06 12:08:40',1,69,'24','Founders\' Club UK Delivery ',2,'Changed taxable. Added Product Image \"Image of Product founders-club-uk-delivery\".'),(272,'2014-02-06 12:08:51',1,69,'20','The ONE 70cl - In Cylinder',2,'Changed taxable. Deleted Product Image \"Image of Product the-one-70cl-in-cylinder\".'),(273,'2014-02-06 12:09:14',1,69,'20','The ONE 70cl - In Cylinder',2,'Changed taxable. Added Product Image \"Image of Product the-one-70cl-in-cylinder\".'),(274,'2014-02-06 12:09:58',1,69,'21','The ONE - 5cl Miniature',2,'Changed taxable. Deleted Product Image \"Image of Product the-one-5cl-miniature\".'),(275,'2014-02-06 12:10:14',1,69,'21','The ONE - 5cl Miniature',2,'Changed taxable. Added Product Image \"Image of Product the-one-5cl-miniature\".'),(276,'2014-02-06 12:10:19',1,69,'22','The ONE - Miniature Gift Pack',2,'Changed taxable. Deleted Product Image \"Image of Product the-one-miniature-gift-pack\".'),(277,'2014-02-06 12:10:44',1,69,'22','The ONE - Miniature Gift Pack',2,'Changed taxable. Added Product Image \"Image of Product the-one-miniature-gift-pack\".'),(278,'2014-02-06 12:10:49',1,69,'25','Founders\' Club EU Delivery',2,'Changed taxable. Deleted Product Image \"Image of Product founders-club-eu-delivery\".'),(279,'2014-02-06 12:11:01',1,69,'25','Founders\' Club EU Delivery',2,'Changed taxable. Added Product Image \"Image of Product founders-club-eu-delivery\".'),(280,'2014-02-06 12:33:14',1,10,'132','Related Articles',2,'Changed application_urls.'),(281,'2014-02-06 12:34:44',1,30,'51','Entry object',1,''),(282,'2014-02-06 12:35:01',1,30,'51','Entry object',2,'Changed is_published and main.'),(283,'2014-02-06 12:54:17',1,30,'51','Entry object',3,''),(284,'2014-02-06 12:55:16',1,30,'49','Entry object',2,'Changed excerpt and main.'),(285,'2014-02-06 12:56:34',1,30,'49','Entry object',2,'Changed first_image and main.'),(286,'2014-02-06 12:57:34',1,30,'49','Entry object',2,'Changed first_image and main.'),(287,'2014-02-06 12:59:53',1,30,'49','Entry object',2,'Changed main_text and main.'),(288,'2014-02-06 13:00:22',1,30,'49','Entry object',2,'Changed main_text and main.'),(289,'2014-02-06 13:00:39',1,30,'49','Entry object',2,'Changed main.'),(290,'2014-02-06 13:06:57',1,30,'52','Entry object',1,''),(291,'2014-02-06 13:07:08',1,30,'52','Entry object',2,'Changed is_published and main.'),(292,'2014-02-06 13:07:38',1,30,'52','Entry object',2,'Changed first_image and main.'),(293,'2014-02-06 15:32:18',1,30,'52','Entry object',2,'Changed main.'),(294,'2014-02-06 15:38:18',1,30,'52','Entry object',2,'Changed main.'),(295,'2014-02-06 17:03:02',3,64,'1','Brian Test',2,'Changed startDate and endDate.'),(296,'2014-02-06 17:11:18',1,30,'6','Entry object',2,'Changed category and main.'),(297,'2014-02-06 17:11:24',1,30,'7','Entry object',2,'Changed category and main.'),(298,'2014-02-06 17:11:35',1,30,'1','Entry object',2,'Changed main.'),(299,'2014-02-06 17:11:46',1,30,'8','Entry object',2,'Changed category and main.'),(300,'2014-02-06 17:20:59',1,30,'15','Entry object',2,'Changed category and main.'),(301,'2014-02-06 17:21:22',1,30,'12','Entry object',2,'Changed category and main.'),(302,'2014-02-06 17:21:30',1,30,'14','Entry object',2,'Changed category and main.'),(303,'2014-02-06 17:27:15',1,30,'18','Entry object',2,'Changed category and main.'),(304,'2014-02-06 17:27:21',1,30,'16','Entry object',2,'Changed category and main.'),(305,'2014-02-06 17:27:28',1,30,'20','Entry object',2,'Changed category and main.'),(306,'2014-02-06 17:27:37',1,30,'21','Entry object',2,'Changed category and main.'),(307,'2014-02-06 17:27:59',3,6,'1','lakesdistillery.com',2,'Changed domain and name.'),(308,'2014-02-06 17:28:24',1,30,'22','Entry object',2,'Changed category and main.'),(309,'2014-02-06 17:28:41',1,30,'13','Entry object',2,'Changed category and main.'),(310,'2014-02-06 17:28:54',1,30,'23','Entry object',2,'Changed category and main.'),(311,'2014-02-06 17:29:06',1,30,'24','Entry object',2,'Changed category and main.'),(312,'2014-02-06 17:29:18',1,30,'25','Entry object',2,'Changed category and main.'),(313,'2014-02-06 17:29:27',1,30,'26','Entry object',2,'Changed category and main.'),(314,'2014-02-06 17:29:36',1,30,'30','Entry object',2,'Changed category and main.'),(315,'2014-02-06 17:29:46',1,30,'29','Entry object',2,'Changed category and main.'),(316,'2014-02-06 17:29:57',1,30,'31','Entry object',2,'Changed category and main.'),(317,'2014-02-06 17:30:06',1,30,'32','Entry object',2,'Changed category and main.'),(318,'2014-02-06 17:30:33',1,30,'37','Entry object',2,'Changed category and main.'),(319,'2014-02-06 17:30:43',1,30,'38','Entry object',2,'Changed category and main.'),(320,'2014-02-06 17:31:00',1,30,'33','Entry object',2,'Changed category and main.'),(321,'2014-02-06 17:31:12',1,30,'39','Entry object',2,'Changed category and main.'),(322,'2014-02-06 17:31:21',1,30,'35','Entry object',2,'Changed category and main.'),(323,'2014-02-06 17:31:35',1,30,'40','Entry object',2,'Changed category and main.'),(324,'2014-02-06 17:31:45',1,30,'46','Entry object',2,'Changed category and main.'),(325,'2014-02-06 17:31:54',1,30,'41','Entry object',2,'Changed category and main.'),(326,'2014-02-06 17:32:08',1,30,'43','Entry object',2,'Changed category and main.'),(327,'2014-02-06 17:32:19',1,30,'45','Entry object',2,'Changed category and main.'),(328,'2014-02-06 17:32:32',1,30,'44','Entry object',2,'Changed category and main.'),(329,'2014-02-06 17:32:42',1,30,'47','Entry object',2,'Changed category and main.'),(330,'2014-02-06 17:32:50',1,30,'48','Entry object',2,'Changed category and main.'),(331,'2014-02-06 17:33:00',1,30,'50','Entry object',2,'Changed category and main.'),(332,'2014-02-06 17:33:51',1,30,'2','Entry object',2,'Changed main.'),(333,'2014-02-06 17:50:33',1,30,'5','Entry object',2,'Changed title, slug, excerpt, main_text and main.'),(334,'2014-02-06 17:51:15',1,30,'4','Entry object',2,'Changed excerpt, main_text and main.'),(335,'2014-02-06 17:51:26',1,30,'3','Entry object',2,'Changed excerpt, main_text and main.'),(336,'2014-02-06 17:51:38',1,30,'2','Entry object',2,'Changed excerpt, main_text and main.'),(337,'2014-02-06 17:51:50',1,30,'1','Entry object',2,'Changed excerpt, main_text and main.'),(338,'2014-02-06 17:52:06',1,30,'5','Entry object',2,'Changed excerpt, main_text and main.'),(339,'2014-02-06 18:24:58',1,40,'9','Free Delivery in February',2,'Changed link.'),(340,'2014-02-06 18:25:04',1,40,'5','Feb 2',2,'Changed link.'),(341,'2014-02-06 18:25:39',1,41,'1','Main',2,'No fields changed.'),(342,'2014-02-06 18:28:54',1,40,'5','Feb 2',2,'No fields changed.'),(343,'2014-02-06 18:38:28',3,23,'251','The distillery car park in progress',1,''),(344,'2014-02-06 18:38:45',3,21,'12','Progress on site...',1,''),(345,'2014-02-06 18:39:00',3,21,'12','Progress on site...',2,'No fields changed.'),(346,'2014-02-06 18:40:24',3,21,'12','Progress on site...',2,'Changed date_added.'),(347,'2014-02-06 18:46:40',3,10,'175','Shop',2,'No fields changed.'),(348,'2014-02-06 18:47:48',3,10,'177','THE LAKES MALT',3,''),(349,'2014-02-06 18:48:45',3,10,'178','THE LAKES MALT',2,'Changed title and slug.'),(350,'2014-02-06 18:51:56',3,30,'52','Entry object',2,'Changed main.'),(351,'2014-02-06 18:52:55',3,10,'178','Reviews',2,'Changed reverse_id and application_urls.'),(352,'2014-02-06 18:53:22',3,10,'178','Reviews',2,'No fields changed.'),(353,'2014-02-06 18:53:34',3,30,'9','Entry object',2,'Changed category and main.'),(354,'2014-02-06 18:54:10',3,10,'178','Reviews',2,'No fields changed.'),(355,'2014-02-07 09:55:30',3,3,'1','bhj',2,'Changed password, first_name and email.'),(356,'2014-02-07 09:55:45',3,3,'5','bhjobling',2,'Changed password and is_superuser.'),(357,'2014-02-07 09:55:56',3,3,'5','bhjobling',2,'Changed password and is_staff.'),(358,'2014-02-07 11:01:31',3,93,'196','Order #196: Paul Lindsay',2,'Changed sub_total, shipping_cost, shipping_discount, tax, discount and total. Changed unit_price, unit_tax, line_item_price, tax and discount for Order Line Item \"The ONE 70cl - In Cylinder\". Changed amount for Order Payment \"Order Payment #444\".'),(359,'2014-02-07 11:01:43',3,93,'197','Order #197: graham alcock',2,'Changed sub_total, shipping_cost, shipping_discount, tax, discount and total. Changed unit_price, unit_tax, line_item_price, tax and discount for Order Line Item \"The ONE - 70cl Bottle\". Changed amount for Order Payment \"Order Payment #446\".'),(360,'2014-02-07 11:02:42',3,93,'196','Order #196: Paul Lindsay',2,'Changed sub_total, shipping_cost, shipping_discount, tax, discount and total. Changed unit_price, unit_tax, line_item_price, tax and discount for Order Line Item \"The ONE 70cl - In Cylinder\". Added Order Status \"New\". Changed amount for Order Payment \"Order Payment #444\".'),(361,'2014-02-07 15:18:18',1,10,'35','Contact Us',2,'No fields changed.'),(362,'2014-02-07 16:51:01',3,47,'12','Webcam - River View',2,'No fields changed.'),(363,'2014-02-07 16:51:12',3,47,'13','Webcam - Construction View',2,'No fields changed.'),(364,'2014-02-07 17:38:06',3,30,'52','Entry object',2,'Changed main.'),(365,'2014-02-07 17:38:18',3,30,'52','Entry object',2,'Changed category and main.'),(366,'2014-02-07 17:38:47',3,30,'52','Entry object',2,'Changed category and main.'),(367,'2014-02-07 19:09:52',3,93,'196','Order #196: Paul Lindsay',2,'Changed sub_total, shipping_cost, shipping_discount, tax, discount and total. Changed unit_price, unit_tax, line_item_price, tax and discount for Order Line Item \"The ONE 70cl - In Cylinder\". Added Order Status \"Shipped\". Changed amount for Order Payment \"Order Payment #444\".'),(368,'2014-02-08 16:14:17',3,88,'1','The Lakes Distillery',2,'Changed store_email.'),(369,'2014-02-08 16:16:59',1,64,'1','Brian Test',2,'Changed endDate.'),(370,'2014-02-08 16:32:27',1,93,'214','Order #214: Claire Jobling',2,'Changed sub_total, shipping_cost, shipping_discount, tax, discount and total. Changed unit_price, unit_tax, line_item_price, tax and discount for Order Line Item \"The ONE - 5cl Miniature\". Added Order Status \"Shipped\". Changed amount for Order Payment \"Order Payment #493\".'),(371,'2014-02-08 16:33:24',1,93,'213','Order #213: Brian Jobling',2,'Changed sub_total, shipping_cost, shipping_discount, tax, discount and total. Changed unit_price, unit_tax, line_item_price, tax and discount for Order Line Item \"The ONE - 5cl Miniature\". Added Order Status \"New\". Changed amount for Order Payment \"Order Payment #492\".'),(372,'2014-02-08 16:36:09',1,93,'211','Order #211: ALBERT DAVIDSON',2,'Changed sub_total, shipping_cost, shipping_discount, tax, discount and total. Changed unit_price, unit_tax, line_item_price, tax and discount for Order Line Item \"The ONE - 70cl Bottle\". Added Order Status \"New\". Changed amount and details for Order Payment \"Order Payment #488\".'),(373,'2014-02-08 18:55:58',3,93,'213','Order #213: Brian Jobling',2,'Changed sub_total, shipping_cost, shipping_discount, tax, discount and total. Changed unit_price, unit_tax, line_item_price, tax and discount for Order Line Item \"The ONE - 5cl Miniature\". Added Order Status \"Shipped\". Changed amount for Order Payment \"Order Payment #492\".'),(374,'2014-02-08 20:53:01',3,93,'213','Order #213: Brian Jobling',2,'Changed sub_total, shipping_cost, shipping_discount, tax, discount and total. Changed unit_price, unit_tax, line_item_price, tax and discount for Order Line Item \"The ONE - 5cl Miniature\". Added Order Status \"Shipped\". Changed amount for Order Payment \"Order Payment #492\".'),(375,'2014-02-09 08:58:28',1,93,'213','Order #213: Brian Jobling',2,'Changed sub_total, shipping_cost, shipping_discount, tax, discount and total. Changed unit_price, unit_tax, line_item_price, tax and discount for Order Line Item \"The ONE - 5cl Miniature\". Added Order Status \"Shipped\". Changed amount for Order Payment \"Order Payment #492\".'),(376,'2014-02-09 09:06:38',1,93,'195','Order #195: Brian Jobling',2,'Changed sub_total, shipping_cost, shipping_discount, tax, discount and total. Changed unit_price, unit_tax, line_item_price, tax and discount for Order Line Item \"The ONE - 5cl Miniature\". Added Order Status \"New\". Changed amount for Order Payment \"Order Payment #442\".'),(377,'2014-02-09 09:08:24',1,93,'40','Order #40: Brian Jobling',2,'Changed sub_total, shipping_cost, shipping_discount, tax, discount and total. Changed unit_price, unit_tax, line_item_price, tax and discount for Order Line Item \"The ONE - 5cl Miniature\". Added Order Status \"Shipped\". Changed amount for Order Payment \"Order Payment #80\".'),(378,'2014-02-09 11:51:21',5,64,'1','Brian Test',2,'Changed endDate.'),(379,'2014-02-09 22:09:17',3,93,'211','Order #211: ALBERT DAVIDSON',2,'Changed sub_total, shipping_cost, shipping_discount, tax, discount and total. Changed unit_price, unit_tax, line_item_price, tax and discount for Order Line Item \"The ONE - 70cl Bottle\". Changed amount, time_stamp, transaction_id and details for Order Payment \"Order Payment #488\".'),(380,'2014-02-09 22:10:23',3,93,'210','Order #210: Michelle Bennett',2,'Changed sub_total, shipping_cost, shipping_discount, tax, discount and total. Changed unit_price, unit_tax, line_item_price, tax and discount for Order Line Item \"The ONE - 70cl Bottle\". Added Order Status \"New\". Changed amount, time_stamp and transaction_id for Order Payment \"Order Payment #486\".'),(381,'2014-02-09 22:11:18',3,93,'209','Order #209: James Bunting',2,'Changed sub_total, shipping_cost, shipping_discount, tax, discount, total and time_stamp. Changed unit_price, unit_tax, line_item_price, tax and discount for Order Line Item \"The ONE - 5cl Miniature\". Changed amount, time_stamp and transaction_id for Order Payment \"Order Payment #484\".'),(382,'2014-02-09 22:11:40',3,93,'209','Order #209: James Bunting',2,'Changed sub_total, shipping_cost, shipping_discount, tax, discount and total. Changed unit_price, unit_tax, line_item_price, tax and discount for Order Line Item \"The ONE - 5cl Miniature\". Added Order Status \"New\". Changed amount for Order Payment \"Order Payment #484\".'),(383,'2014-02-09 22:12:34',3,93,'208','Order #208: Geoff Adams',2,'Changed sub_total, shipping_cost, shipping_discount, tax, discount, total and time_stamp. Changed unit_price, unit_tax, line_item_price, tax and discount for Order Line Item \"The ONE 70cl - In Cylinder\". Added Order Status \"New\". Changed amount, time_stamp and transaction_id for Order Payment \"Order Payment #482\".'),(384,'2014-02-09 22:13:07',3,93,'208','Order #208: Geoff Adams',2,'Changed sub_total, shipping_cost, shipping_discount, tax, discount and total. Changed unit_price, unit_tax, line_item_price, tax and discount for Order Line Item \"The ONE 70cl - In Cylinder\". Changed amount for Order Payment \"Order Payment #482\".'),(385,'2014-02-09 22:14:18',3,93,'207','Order #207: M Castelino',2,'Changed sub_total, shipping_cost, shipping_discount, tax, discount, total and time_stamp. Changed unit_price, unit_tax, line_item_price, tax and discount for Order Line Item \"The ONE - 5cl Miniature\". Added Order Status \"New\". Changed amount, time_stamp and transaction_id for Order Payment \"Order Payment #478\".'),(386,'2014-02-09 22:15:45',3,93,'205','Order #205: Jonathan Marshall',2,'Changed sub_total, shipping_cost, shipping_discount, tax, discount and total. Changed unit_price, unit_tax, line_item_price, tax and discount for Order Line Item \"The ONE 70cl - In Cylinder\". Added Order Status \"New\". Changed amount and transaction_id for Order Payment \"Order Payment #474\".'),(387,'2014-02-09 22:17:00',3,93,'204','Order #204: nicola beattie',2,'Changed sub_total, shipping_cost, shipping_discount, tax, discount, total and time_stamp. Changed unit_price, unit_tax, line_item_price, tax and discount for Order Line Item \"The ONE - Miniature Gift Pack\". Added Order Status \"New\". Changed amount and transaction_id for Order Payment \"Order Payment #472\".'),(388,'2014-02-09 22:18:02',3,93,'203','Order #203: June Brittain',2,'Changed sub_total, shipping_cost, shipping_discount, tax, discount and total. Changed unit_price, unit_tax, line_item_price, tax and discount for Order Line Item \"The ONE - 70cl Bottle\". Changed unit_price, unit_tax, line_item_price, tax and discount for Order Line Item \"The ONE - 5cl Miniature\". Added Order Status \"New\". Changed amount and transaction_id for Order Payment \"Order Payment #468\".'),(389,'2014-02-10 09:25:04',3,93,'203','Order #203: June Brittain',2,'Changed sub_total, shipping_cost, shipping_discount, tax, discount and total. Changed unit_price, unit_tax, line_item_price, tax and discount for Order Line Item \"The ONE - 70cl Bottle\". Changed unit_price, unit_tax, line_item_price, tax and discount for Order Line Item \"The ONE - 5cl Miniature\". Changed amount for Order Payment \"Order Payment #468\".'),(390,'2014-02-10 09:28:38',3,93,'195','Order #195: Brian Jobling',2,'Changed sub_total, shipping_cost, shipping_discount, tax, discount and total. Changed unit_price, unit_tax, line_item_price, tax and discount for Order Line Item \"The ONE - 5cl Miniature\". Added Order Status \"Cancelled\". Changed amount for Order Payment \"Order Payment #442\".'),(391,'2014-02-10 09:28:52',3,93,'219','Order #219: Brian Jobling',2,'Changed sub_total, shipping_cost, shipping_discount, tax, discount and total. Changed unit_price, unit_tax, line_item_price, tax and discount for Order Line Item \"The ONE - 5cl Miniature\". Added Order Status \"Cancelled\". Changed amount for Order Payment \"Order Payment #525\".'),(392,'2014-02-10 09:29:05',3,93,'220','Order #220: Brian Jobling',2,'Changed sub_total, shipping_cost, shipping_discount, tax, discount and total. Changed unit_price, unit_tax, line_item_price, tax and discount for Order Line Item \"The ONE - 5cl Miniature\". Added Order Status \"Cancelled\". Changed amount for Order Payment \"Order Payment #527\".'),(393,'2014-02-10 12:19:42',3,93,'203','Order #203: June Brittain',2,'Changed sub_total, shipping_cost, shipping_discount, tax, discount and total. Changed unit_price, unit_tax, line_item_price, tax and discount for Order Line Item \"The ONE - 70cl Bottle\". Changed unit_price, unit_tax, line_item_price, tax and discount for Order Line Item \"The ONE - 5cl Miniature\". Added Order Status \"Shipped\". Changed amount for Order Payment \"Order Payment #468\".'),(394,'2014-02-10 12:19:53',3,93,'204','Order #204: nicola beattie',2,'Changed sub_total, shipping_cost, shipping_discount, tax, discount and total. Changed unit_price, unit_tax, line_item_price, tax and discount for Order Line Item \"The ONE - Miniature Gift Pack\". Added Order Status \"Shipped\". Changed amount for Order Payment \"Order Payment #472\".'),(395,'2014-02-10 12:20:06',3,93,'205','Order #205: Jonathan Marshall',2,'Changed sub_total, shipping_cost, shipping_discount, tax, discount and total. Changed unit_price, unit_tax, line_item_price, tax and discount for Order Line Item \"The ONE 70cl - In Cylinder\". Added Order Status \"Shipped\". Changed amount for Order Payment \"Order Payment #474\".'),(396,'2014-02-10 12:20:18',3,93,'207','Order #207: M Castelino',2,'Changed sub_total, shipping_cost, shipping_discount, tax, discount and total. Changed unit_price, unit_tax, line_item_price, tax and discount for Order Line Item \"The ONE - 5cl Miniature\". Added Order Status \"Shipped\". Changed amount for Order Payment \"Order Payment #478\".'),(397,'2014-02-10 12:20:43',3,93,'208','Order #208: Geoff Adams',2,'Changed sub_total, shipping_cost, shipping_discount, tax, discount and total. Changed unit_price, unit_tax, line_item_price, tax and discount for Order Line Item \"The ONE 70cl - In Cylinder\". Added Order Status \"Shipped\". Changed amount for Order Payment \"Order Payment #482\".'),(398,'2014-02-10 12:20:53',3,93,'209','Order #209: James Bunting',2,'Changed sub_total, shipping_cost, shipping_discount, tax, discount and total. Changed unit_price, unit_tax, line_item_price, tax and discount for Order Line Item \"The ONE - 5cl Miniature\". Added Order Status \"Shipped\". Changed amount for Order Payment \"Order Payment #484\".'),(399,'2014-02-10 12:21:03',3,93,'210','Order #210: Michelle Bennett',2,'Changed sub_total, shipping_cost, shipping_discount, tax, discount and total. Changed unit_price, unit_tax, line_item_price, tax and discount for Order Line Item \"The ONE - 70cl Bottle\". Added Order Status \"Shipped\". Changed amount for Order Payment \"Order Payment #486\".'),(400,'2014-02-10 12:21:17',3,93,'211','Order #211: ALBERT DAVIDSON',2,'Changed sub_total, shipping_cost, shipping_discount, tax, discount and total. Changed unit_price, unit_tax, line_item_price, tax and discount for Order Line Item \"The ONE - 70cl Bottle\". Added Order Status \"Shipped\". Changed amount for Order Payment \"Order Payment #488\".'),(401,'2014-02-10 12:21:29',3,93,'221','Order #221: Morag Bamber',2,'Changed sub_total, shipping_cost, shipping_discount, tax, discount and total. Changed unit_price, unit_tax, line_item_price, tax and discount for Order Line Item \"The ONE - 70cl Bottle\". Added Order Status \"Shipped\". Changed amount for Order Payment \"Order Payment #529\".'),(402,'2014-02-10 12:21:40',3,93,'223','Order #223: Nicola Kerr',2,'Changed sub_total, shipping_cost, shipping_discount, tax, discount and total. Changed unit_price, unit_tax, line_item_price, tax and discount for Order Line Item \"The ONE - Miniature Gift Pack\". Added Order Status \"Shipped\". Changed amount for Order Payment \"Order Payment #533\".'),(403,'2014-02-10 12:21:50',3,93,'224','Order #224: Janice Hall',2,'Changed sub_total, shipping_cost, shipping_discount, tax, discount and total. Changed unit_price, unit_tax, line_item_price, tax and discount for Order Line Item \"The ONE 70cl - In Cylinder\". Added Order Status \"Shipped\". Changed amount for Order Payment \"Order Payment #535\".'),(404,'2014-02-10 12:46:31',3,30,'53','Entry object',1,''),(405,'2014-02-10 12:46:46',3,30,'53','Entry object',2,'Changed first_image and main.'),(406,'2014-02-10 12:47:37',3,30,'53','Entry object',2,'Changed main_text and main.'),(407,'2014-02-10 12:48:51',3,30,'53','Entry object',2,'Changed main_text and main.'),(408,'2014-02-10 13:36:00',3,30,'54','Entry object',1,''),(409,'2014-02-10 13:36:08',3,30,'54','Entry object',2,'Changed first_image and main.'),(410,'2014-02-10 13:37:06',3,30,'54','Entry object',2,'Changed first_image and main.'),(411,'2014-02-10 13:37:48',3,30,'54','Entry object',2,'Changed main_text and main.'),(412,'2014-02-10 13:44:08',3,3,'3','laura',2,'Changed password.'),(413,'2014-02-10 13:45:52',3,79,'Founder','Founder',1,''),(414,'2014-02-10 13:46:29',3,3,'16','georgebragg',1,''),(415,'2014-02-10 13:48:54',3,84,'157','George  Bragg',1,''),(416,'2014-02-10 16:09:06',3,30,'10','Entry object',2,'Changed is_published, main_text, category and main.'),(417,'2014-02-10 16:09:23',3,30,'34','Entry object',2,'Changed is_published, category and main.'),(418,'2014-02-11 12:24:22',3,93,'225','Order #225: Lisa Cork',2,'Changed sub_total, shipping_cost, shipping_discount, tax, discount and total. Changed unit_price, unit_tax, line_item_price, tax and discount for Order Line Item \"The ONE - 70cl Bottle\". Added Order Status \"Shipped\". Changed amount for Order Payment \"Order Payment #537\".'),(419,'2014-02-11 12:24:43',3,93,'226','Order #226: Kevin Ernst',2,'Changed sub_total, shipping_cost, shipping_discount, tax, discount and total. Changed unit_price, unit_tax, line_item_price, tax and discount for Order Line Item \"The ONE 70cl - In Cylinder\". Added Order Status \"Shipped\". Changed amount for Order Payment \"Order Payment #539\".'),(420,'2014-02-11 14:09:30',3,3,'19','davidgollings',1,''),(421,'2014-02-11 14:09:43',3,84,'162','David Gollings',1,''),(422,'2014-02-11 14:17:21',3,3,'20','paulcarver',1,''),(423,'2014-02-11 14:19:20',3,84,'163','Paul Carver',1,''),(424,'2014-02-11 14:57:09',3,93,'228','Order #228: Morgan Burgess',2,'Changed sub_total, shipping_cost, shipping_discount, tax, discount and total. Changed unit_price, unit_tax, line_item_price, tax and discount for Order Line Item \"The ONE - Miniature Gift Pack\". Changed amount for Order Payment \"Order Payment #543\".'),(425,'2014-02-11 15:40:41',3,93,'228','Order #228: Morgan Burgess',2,'Changed sub_total, shipping_cost, shipping_discount, tax, discount and total. Changed unit_price, unit_tax, line_item_price, tax and discount for Order Line Item \"The ONE - Miniature Gift Pack\". Changed amount for Order Payment \"Order Payment #543\".'),(426,'2014-02-11 15:41:43',3,93,'228','Order #228: Morgan Burgess',2,'Changed sub_total, shipping_cost, shipping_discount, tax, discount and total. Changed unit_price, unit_tax, line_item_price, tax and discount for Order Line Item \"The ONE - Miniature Gift Pack\". Added Order Status \"New\". Added Order Status \"In Process\". Changed amount for Order Payment \"Order Payment #543\".'),(427,'2014-02-12 09:50:20',3,93,'228','Order #228: Morgan Burgess',2,'Changed sub_total, shipping_cost, shipping_discount, tax, discount and total. Changed unit_price, unit_tax, line_item_price, tax and discount for Order Line Item \"The ONE - Miniature Gift Pack\". Changed status for Order Status \"Shipped\". Changed amount for Order Payment \"Order Payment #543\".'),(428,'2014-02-12 14:25:40',3,93,'229','Order #229: Hayley Anderson',2,'Changed sub_total, shipping_cost, shipping_discount, tax, discount and total. Changed unit_price, unit_tax, line_item_price, tax and discount for Order Line Item \"The ONE 70cl - In Cylinder\". Added Order Status \"Shipped\". Changed amount for Order Payment \"Order Payment #545\".'),(429,'2014-02-12 14:26:01',3,93,'230','Order #230: Chris Webb',2,'Changed sub_total, shipping_cost, shipping_discount, tax, discount and total. Changed unit_price, unit_tax, line_item_price, tax and discount for Order Line Item \"The ONE - 70cl Bottle\". Added Order Status \"Shipped\". Changed amount for Order Payment \"Order Payment #553\".'),(430,'2014-02-12 16:23:13',3,30,'55','Entry object',1,''),(431,'2014-02-12 16:23:27',3,30,'55','Entry object',2,'Changed first_image and main.'),(432,'2014-02-12 16:24:12',3,30,'54','Entry object',2,'Changed main.'),(433,'2014-02-12 16:24:36',3,30,'53','Entry object',2,'Changed title, excerpt, main_text and main.'),(434,'2014-02-12 16:25:01',3,30,'53','Entry object',2,'Changed excerpt and main.'),(435,'2014-02-12 16:26:12',3,30,'53','Entry object',2,'Changed main.'),(436,'2014-02-12 16:26:38',3,30,'55','Entry object',2,'Changed main_text and main.'),(437,'2014-02-12 16:33:27',3,30,'55','Entry object',2,'Changed main_text and main.'),(438,'2014-02-12 16:34:07',3,30,'55','Entry object',2,'Changed main_text and main.'),(439,'2014-02-12 16:34:27',3,30,'55','Entry object',2,'Changed main_text and main.'),(440,'2014-02-12 16:34:53',3,30,'55','Entry object',2,'Changed main_text and main.'),(441,'2014-02-13 09:33:21',3,93,'231','Order #231: James Hammond',2,'Changed sub_total, shipping_cost, shipping_discount, tax, discount and total. Changed unit_price, unit_tax, line_item_price, tax and discount for Order Line Item \"The ONE - 5cl Miniature\". Added Order Status \"Shipped\". Changed amount for Order Payment \"Order Payment #555\".'),(442,'2014-02-13 09:46:01',3,30,'49','Entry object',2,'Changed pub_date_from and main.'),(443,'2014-02-13 10:14:40',3,30,'6','Entry object',2,'Changed title, first_image, excerpt, main_text and main.'),(444,'2014-02-13 10:15:18',3,30,'6','Entry object',2,'Changed main_text and main.'),(445,'2014-02-13 10:15:53',3,30,'6','Entry object',2,'Changed main_text and main.'),(446,'2014-02-13 10:16:41',3,30,'6','Entry object',2,'Changed main_text and main.'),(447,'2014-02-13 10:17:01',3,30,'6','Entry object',2,'Changed main_text and main.'),(448,'2014-02-13 10:17:20',3,30,'6','Entry object',2,'Changed main_text and main.'),(449,'2014-02-13 10:18:02',3,30,'6','Entry object',2,'Changed main_text and main.'),(450,'2014-02-13 10:18:20',3,30,'6','Entry object',2,'Changed main_text and main.'),(451,'2014-02-13 10:18:44',3,30,'6','Entry object',2,'Changed main_text and main.'),(452,'2014-02-13 10:54:03',3,69,'26','The ONE Gift Pack - Coming Soon',1,''),(453,'2014-02-13 10:55:50',3,69,'26','The ONE Gift Pack - Coming Soon',2,'Changed slug, sku and taxable. Added Product Image \"Image of Product the-one-gift-pack-coming-soon\".'),(454,'2014-02-13 10:59:06',3,69,'26','The ONE Gift Pack - Coming Soon',2,'Changed description and taxable.'),(455,'2014-02-13 10:59:24',3,69,'26','The ONE Gift Pack - Coming Soon',2,'Changed description and taxable.'),(456,'2014-02-13 11:02:01',3,69,'26','The ONE Gift Pack - Coming Soon',2,'Changed description and taxable.'),(457,'2014-02-13 11:02:26',3,69,'26','The ONE Gift Pack - Coming Soon',2,'Changed description and taxable.'),(458,'2014-02-13 11:02:46',3,69,'26','The ONE Gift Pack - Coming Soon',2,'Changed description and taxable.'),(459,'2014-02-13 11:03:02',3,69,'26','The ONE Gift Pack - Coming Soon',2,'Changed description and taxable.'),(460,'2014-02-13 11:03:28',3,69,'26','The ONE Gift Pack - Coming Soon',2,'Changed description and taxable.'),(461,'2014-02-13 11:03:57',3,69,'26','The ONE Gift Pack - Coming Soon',2,'Changed description and taxable.'),(462,'2014-02-13 11:16:34',3,69,'26','The ONE Gift Pack - Coming Soon',2,'Changed description and taxable.'),(463,'2014-02-13 11:19:30',3,69,'26','The ONE Gift Pack - Coming Soon',2,'Changed description and taxable.'),(464,'2014-02-13 11:22:03',3,69,'26','The ONE Gift Pack - Coming Soon',2,'Changed taxable. Added Price \"49.95\".'),(465,'2014-02-13 11:22:32',3,69,'26','The ONE Gift Pack - Coming Soon',2,'Changed active and taxable.'),(466,'2014-02-13 13:01:44',3,69,'27','The Lakes Gin - 70cl Bottle - Coming Soon',1,''),(467,'2014-02-13 13:02:55',3,69,'27','The Lakes Gin - 70cl Bottle - Coming Soon',2,'Changed description, short_description and taxable.'),(468,'2014-02-13 13:03:41',3,69,'27','The Lakes Gin - 70cl Bottle - Coming Soon',2,'Changed description and taxable.'),(469,'2014-02-13 13:04:11',3,69,'27','The Lakes Gin - 70cl Bottle - Coming Soon',2,'Changed featured and taxable.'),(470,'2014-02-13 13:04:39',3,69,'27','The Lakes Gin - 70cl Bottle - Coming Soon',2,'Changed ordering and taxable.'),(471,'2014-02-13 13:05:09',3,69,'27','The Lakes Gin - 70cl Bottle - Coming Soon',2,'Changed taxable. Changed sort for Product Image \"Image of Product the-lakes-gin-70cl-bottle-coming-soon\".'),(472,'2014-02-13 13:38:29',3,69,'27','The Lakes Gin - 70cl Bottle - Coming Soon',2,'Changed taxable. Changed picture for Product Image \"Image of Product the-lakes-gin-70cl-bottle-coming-soon\".'),(473,'2014-02-13 13:38:56',3,69,'27','The Lakes Gin - 70cl Bottle - Coming Soon',2,'Changed taxable. Changed price for Price \"33.95\".'),(474,'2014-02-13 13:41:08',3,69,'27','The Lakes Gin - 70cl Bottle - Coming Soon',2,'Changed taxable. Changed picture for Product Image \"Image of Product the-lakes-gin-70cl-bottle-coming-soon\".'),(475,'2014-02-13 13:42:11',3,69,'27','The Lakes Gin - 70cl Bottle - Coming Soon',2,'Changed taxable. Changed price for Price \"29.95\".'),(476,'2014-02-13 13:53:08',3,69,'28','The Lakes Gin - 70cl In Cylinder - Coming Soon',1,''),(477,'2014-02-13 13:53:44',3,69,'28','The Lakes Gin - 70cl Cylinder - Coming Soon',2,'Changed name and taxable.'),(478,'2014-02-13 14:04:06',3,69,'29','The Lakes Gin - Miniature Gift Pack - Coming Soon',1,''),(479,'2014-02-13 14:04:32',3,69,'29','The Lakes Gin - Miniature Gift Pack - Coming Soon',2,'Changed description and taxable.'),(480,'2014-02-13 14:05:03',3,69,'29','The Lakes Gin - Miniature Gift Pack - Coming Soon',2,'Changed description and taxable.'),(481,'2014-02-13 14:05:47',3,69,'29','The Lakes Gin - Miniature Gift Pack - Coming Soon',2,'Changed description and taxable.'),(482,'2014-02-13 14:06:22',3,69,'29','The Lakes Gin - Miniature Gift Pack - Coming Soon',2,'Changed description and taxable.'),(483,'2014-02-13 14:06:57',3,69,'29','The Lakes Gin - Miniature Gift Pack - Coming Soon',2,'Changed description and taxable.'),(484,'2014-02-13 14:08:02',3,69,'29','The Lakes Gin - Miniature Gift Pack - Coming Soon',2,'Changed description and taxable.'),(485,'2014-02-13 14:09:14',3,69,'29','The Lakes Gin - Miniature Gift Pack - Coming Soon',2,'Changed description and taxable.'),(486,'2014-02-13 14:09:45',3,69,'29','The Lakes Gin - Miniature Gift Pack - Coming Soon',2,'Changed description and taxable.'),(487,'2014-02-13 14:10:09',3,69,'29','The Lakes Gin - Miniature Gift Pack - Coming Soon',2,'Changed description and taxable.'),(488,'2014-02-13 14:47:04',3,69,'30','The',1,''),(489,'2014-02-13 14:52:37',3,69,'31','The Lakes Gin Umbrella - Coming Soon',1,''),(490,'2014-02-13 14:53:16',3,69,'31','The Lakes Gin Umbrella - Coming Soon',2,'Changed description and taxable.'),(491,'2014-02-13 14:53:35',3,69,'31','The Lakes Gin Umbrella - Coming Soon',2,'Changed description and taxable.'),(492,'2014-02-13 14:54:08',3,69,'31','The Lakes Gin Umbrella - Coming Soon',2,'Changed description and taxable.'),(493,'2014-02-13 14:54:20',3,69,'31','The Lakes Gin Umbrella - Coming Soon',2,'Changed description and taxable.'),(494,'2014-02-13 14:56:00',3,69,'31','The Lakes Gin Umbrella - Coming Soon',2,'Changed description and taxable.'),(495,'2014-02-13 14:56:33',3,69,'31','The Lakes Gin Umbrella - Coming Soon',2,'Changed description and taxable.'),(496,'2014-02-13 14:59:02',3,69,'31','The Lakes Gin Umbrella - Coming Soon',2,'Changed description and taxable.'),(497,'2014-02-13 14:59:48',3,69,'31','The Lakes Gin Umbrella - Coming Soon',2,'Changed description and taxable.'),(498,'2014-02-13 16:41:51',3,93,'232','Order #232: Laura Simson',2,'Changed sub_total, shipping_cost, shipping_discount, tax, discount and total. Changed unit_price, unit_tax, line_item_price, tax and discount for Order Line Item \"The ONE - 5cl Miniature\". Added Order Status \"Cancelled\". Changed amount for Order Payment \"Order Payment #557\".'),(499,'2014-02-14 09:18:44',3,93,'232','Order #232: Laura Simson',2,'Changed sub_total, shipping_cost, shipping_discount, tax, discount and total. Changed unit_price, unit_tax, line_item_price, tax and discount for Order Line Item \"The ONE - 5cl Miniature\". Changed amount for Order Payment \"Order Payment #557\".'),(500,'2014-02-14 09:52:21',3,69,'32','The ONE Umbrella - Coming Soon',1,''),(501,'2014-02-14 09:57:39',3,69,'32','The ONE Umbrella - Coming Soon',2,'Changed description and taxable.'),(502,'2014-02-14 09:58:24',3,69,'32','The ONE Umbrella - Coming Soon',2,'Changed taxable.'),(503,'2014-02-14 09:58:44',3,69,'31','The Lakes Gin Umbrella - Coming Soon',2,'Changed description and taxable.'),(504,'2014-02-14 10:02:18',3,69,'26','The ONE Gift Pack - Coming Soon',2,'Changed active, featured and taxable. Changed picture for Product Image \"Image of Product the-one-gift-pack-coming-soon\".'),(505,'2014-02-14 10:02:36',3,69,'26','The ONE Gift Pack - Coming Soon',2,'Changed taxable. Changed picture for Product Image \"Image of Product the-one-gift-pack-coming-soon\".'),(506,'2014-02-14 10:32:55',3,69,'24','Founders\' Club UK Delivery ',2,'Changed ordering and taxable.'),(507,'2014-02-14 10:33:08',3,69,'23','The ONE - 70cl Bottle',2,'Changed ordering and taxable.'),(508,'2014-02-14 10:33:42',3,69,'20','The ONE 70cl - In Cylinder',2,'Changed ordering and taxable.'),(509,'2014-02-14 10:33:58',3,69,'26','The ONE Gift Pack - Coming Soon',2,'Changed ordering and taxable.'),(510,'2014-02-14 10:34:30',3,69,'21','The ONE - 5cl Miniature',2,'Changed ordering and taxable.'),(511,'2014-02-14 10:34:41',3,69,'22','The ONE - Miniature Gift Pack',2,'Changed ordering and taxable.'),(512,'2014-02-14 10:34:50',3,69,'32','The ONE Umbrella - Coming Soon',2,'Changed ordering and taxable.'),(513,'2014-02-14 10:35:21',3,69,'27','The Lakes Gin - 70cl Bottle - Coming Soon',2,'Changed ordering and taxable.'),(514,'2014-02-14 10:35:32',3,69,'28','The Lakes Gin - 70cl Cylinder - Coming Soon',2,'Changed ordering and taxable.'),(515,'2014-02-14 10:35:55',3,69,'29','The Lakes Gin - Miniature Gift Pack - Coming Soon',2,'Changed ordering and taxable.'),(516,'2014-02-14 10:36:40',3,69,'31','The Lakes Gin Umbrella - Coming Soon',2,'Changed ordering and taxable.'),(517,'2014-02-14 10:37:20',3,69,'30','The',3,''),(518,'2014-02-14 10:37:50',3,69,'29','The Lakes Gin - Miniature Gift Pack - Coming Soon',2,'Changed ordering and taxable.'),(519,'2014-02-14 10:37:56',3,69,'31','The Lakes Gin Umbrella - Coming Soon',2,'Changed ordering and taxable.'),(520,'2014-02-14 10:38:35',3,69,'31','The Lakes Gin Umbrella - Coming Soon',2,'Changed taxable.'),(521,'2014-02-14 10:45:54',3,69,'33','The Lakes Distillery Cap - Coming Soon',1,''),(522,'2014-02-14 10:46:34',3,69,'33','The Lakes Distillery Cap - Coming Soon',2,'Changed description and taxable.'),(523,'2014-02-14 10:47:00',3,69,'33','The Lakes Distillery Cap - Coming Soon',2,'Changed description and taxable.'),(524,'2014-02-14 10:47:17',3,69,'33','The Lakes Distillery Cap - Coming Soon',2,'Changed description and taxable.'),(525,'2014-02-14 10:47:49',3,69,'33','The Lakes Distillery Cap - Coming Soon',2,'Changed description and taxable.'),(526,'2014-02-14 10:48:04',3,69,'33','The Lakes Distillery Cap - Coming Soon',2,'Changed description and taxable.'),(527,'2014-02-14 10:48:33',3,69,'33','The Lakes Distillery Cap - Coming Soon',2,'Changed ordering and taxable.'),(528,'2014-02-14 10:49:29',3,69,'33','The Lakes Distillery Cap - Coming Soon',2,'Changed taxable. Changed picture for Product Image \"Image of Product the-lakes-distillery-cap\".'),(529,'2014-02-14 10:53:54',3,69,'34','The Lakes Gin - 5cl miniature - Coming Soon',1,''),(530,'2014-02-14 10:54:40',3,69,'29','The Lakes Gin - Miniature Gift Pack - Coming Soon',2,'Changed description and taxable.'),(531,'2014-02-14 10:59:03',3,60,'5','The Lakes Vodka - Coming Soon',1,''),(532,'2014-02-14 10:59:11',3,60,'2','Whisky',2,'Changed ordering.'),(533,'2014-02-14 10:59:19',3,60,'3','Gin - Coming Soon',2,'Changed ordering.'),(534,'2014-02-14 10:59:24',3,60,'1','Memberships',2,'Changed ordering.'),(535,'2014-02-14 10:59:29',3,60,'2','Whisky',2,'Changed ordering.'),(536,'2014-02-14 10:59:35',3,60,'3','Gin - Coming Soon',2,'Changed ordering.'),(537,'2014-02-14 10:59:42',3,60,'5','The Lakes Vodka - Coming Soon',2,'Changed ordering.'),(538,'2014-02-14 10:59:48',3,60,'4','Clothing - Coming Soon',2,'Changed ordering.'),(539,'2014-02-14 11:00:00',3,60,'3','The Lakes Gin - Coming Soon',2,'Changed name and slug.'),(540,'2014-02-14 11:00:18',3,60,'3','Gin - Coming Soon',2,'Changed name and slug.'),(541,'2014-02-14 11:00:27',3,60,'5','Vodka - Coming Soon',2,'Changed name and slug.'),(542,'2014-02-14 11:07:48',3,69,'35','The Lakes Vodka - 70cl Bottle - Coming Soon',1,''),(543,'2014-02-14 11:08:57',3,69,'35','The Lakes Vodka - 70cl Bottle - Coming Soon',2,'Changed description and taxable.'),(544,'2014-02-14 11:09:38',3,69,'35','The Lakes Vodka - 70cl Bottle - Coming Soon',2,'Changed description and taxable.'),(545,'2014-02-14 11:10:18',3,69,'35','The Lakes Vodka - 70cl Bottle - Coming Soon',2,'Changed taxable.'),(546,'2014-02-14 11:10:34',3,69,'32','The ONE Umbrella - Coming Soon',2,'Changed description and taxable.'),(547,'2014-02-14 11:11:12',3,69,'32','The ONE Umbrella - Coming Soon',2,'Changed description and taxable.'),(548,'2014-02-14 11:11:57',3,69,'35','The Lakes Vodka - 70cl Bottle - Coming Soon',2,'Changed description and taxable.'),(549,'2014-02-14 11:12:42',3,69,'35','The Lakes Vodka - 70cl Bottle - Coming Soon',2,'Changed taxable.'),(550,'2014-02-14 11:12:54',3,69,'32','The ONE Umbrella - Coming Soon',2,'Changed description and taxable.'),(551,'2014-02-14 11:13:24',3,69,'32','The ONE Umbrella - Coming Soon',2,'Changed description and taxable.'),(552,'2014-02-14 11:13:46',3,69,'35','The Lakes Vodka - 70cl Bottle - Coming Soon',2,'Changed description and taxable.'),(553,'2014-02-14 11:16:06',3,69,'35','The Lakes Vodka - 70cl Bottle - Coming Soon',2,'Changed description and taxable.'),(554,'2014-02-14 11:16:48',3,69,'32','The ONE Umbrella - Coming Soon',2,'Changed description and taxable.'),(555,'2014-02-14 11:17:14',3,69,'32','The ONE Umbrella - Coming Soon',2,'Changed description and taxable.'),(556,'2014-02-14 11:17:30',3,69,'32','The ONE Umbrella - Coming Soon',2,'Changed description and taxable.'),(557,'2014-02-14 11:17:56',3,69,'32','The ONE Umbrella - Coming Soon',2,'Changed description and taxable.'),(558,'2014-02-14 11:18:14',3,69,'32','The ONE Umbrella - Coming Soon',2,'Changed description and taxable.'),(559,'2014-02-14 11:18:28',3,69,'32','The ONE Umbrella - Coming Soon',2,'Changed description and taxable.'),(560,'2014-02-14 11:19:21',3,69,'31','The Lakes Gin Umbrella - Coming Soon',2,'Changed description and taxable.'),(561,'2014-02-14 11:21:11',3,69,'33','The Lakes Distillery Cap - Coming Soon',2,'Changed description and taxable.'),(562,'2014-02-14 11:21:29',3,69,'33','The Lakes Distillery Cap - Coming Soon',2,'Changed description and taxable.'),(563,'2014-02-14 11:21:47',3,69,'33','The Lakes Distillery Cap - Coming Soon',2,'Changed description and taxable.'),(564,'2014-02-14 11:24:13',3,69,'26','The ONE Gift Pack - Coming Soon',2,'Changed description and taxable.'),(565,'2014-02-14 11:24:40',3,69,'26','The ONE Gift Pack - Coming Soon',2,'Changed description and taxable.'),(566,'2014-02-14 16:24:06',3,93,'233','Order #233: Lindsay Edmiston',2,'Changed sub_total, shipping_cost, shipping_discount, tax, discount and total. Changed unit_price, unit_tax, line_item_price, tax and discount for Order Line Item \"The ONE 70cl - In Cylinder\". Added Order Status \"Shipped\". Changed amount for Order Payment \"Order Payment #559\".'),(567,'2014-02-14 16:28:47',3,30,'56','Entry object',1,''),(568,'2014-02-14 16:28:58',3,30,'56','Entry object',2,'Changed first_image and main.'),(569,'2014-02-14 16:29:25',3,30,'56','Entry object',2,'Changed main_text and main.'),(570,'2014-02-14 16:29:58',3,30,'56','Entry object',2,'Changed main_text and main.'),(571,'2014-02-14 16:32:34',3,30,'57','Entry object',1,''),(572,'2014-02-14 16:32:45',3,30,'57','Entry object',2,'Changed first_image and main.'),(573,'2014-02-14 16:33:29',3,30,'57','Entry object',2,'Changed main_text and main.'),(574,'2014-02-14 16:42:08',3,30,'58','Entry object',1,''),(575,'2014-02-14 16:42:35',3,30,'58','Entry object',2,'Changed main_text and main.'),(576,'2014-02-14 16:42:52',3,30,'58','Entry object',2,'Changed main_text and main.'),(577,'2014-02-14 16:43:14',3,30,'58','Entry object',2,'Changed main_text and main.'),(578,'2014-02-18 08:46:40',3,64,'1','Brian Test',2,'Changed endDate.'),(579,'2014-02-18 08:59:59',5,93,'240','Order #240: Brian Jobling',2,'Changed sub_total, shipping_cost, shipping_discount, tax, discount and total. Changed unit_price, unit_tax, line_item_price, tax and discount for Order Line Item \"The Lakes Gin - 5cl miniature - Coming Soon\". Added Order Status \"Cancelled\". Changed amount for Order Payment \"Order Payment #572\".'),(580,'2014-02-18 09:12:52',5,93,'241','Order #241: Brian Jobling',2,'Changed sub_total, shipping_cost, shipping_discount, tax, discount and total. Changed unit_price, unit_tax, line_item_price, tax and discount for Order Line Item \"The ONE - 5cl Miniature\". Added Order Status \"Cancelled\". Changed amount for Order Payment \"Order Payment #573\".'),(581,'2014-02-18 09:20:22',3,93,'234','Order #234: Leeann Williamson',2,'Changed sub_total, shipping_cost, shipping_discount, tax, discount and total. Changed unit_price, unit_tax, line_item_price, tax and discount for Order Line Item \"The ONE - 70cl Bottle\". Added Order Status \"Shipped\". Changed amount for Order Payment \"Order Payment #561\".'),(582,'2014-02-18 09:20:35',3,93,'236','Order #236: Candida Whitmill',2,'Changed sub_total, shipping_cost, shipping_discount, tax, discount and total. Changed unit_price, unit_tax, line_item_price, tax and discount for Order Line Item \"The ONE - 70cl Bottle\". Changed unit_price, unit_tax, line_item_price, tax and discount for Order Line Item \"The ONE - 5cl Miniature\". Added Order Status \"Shipped\". Changed amount for Order Payment \"Order Payment #565\".'),(583,'2014-02-18 09:20:47',3,93,'237','Order #237: becky barker',2,'Changed sub_total, shipping_cost, shipping_discount, tax, discount and total. Changed unit_price, unit_tax, line_item_price, tax and discount for Order Line Item \"The ONE 70cl - In Cylinder\". Added Order Status \"Shipped\". Changed amount for Order Payment \"Order Payment #567\".'),(584,'2014-02-18 09:20:59',3,93,'238','Order #238: Jane Royle',2,'Changed sub_total, shipping_cost, shipping_discount, tax, discount and total. Changed unit_price, unit_tax, line_item_price, tax and discount for Order Line Item \"The ONE - 70cl Bottle\". Added Order Status \"Shipped\". Changed amount for Order Payment \"Order Payment #569\".'),(585,'2014-02-18 09:21:11',3,93,'239','Order #239: Steve Taylore-Knowles',2,'Changed sub_total, shipping_cost, shipping_discount, tax, discount and total. Changed unit_price, unit_tax, line_item_price, tax and discount for Order Line Item \"The ONE - 70cl Bottle\". Added Order Status \"Shipped\". Changed amount for Order Payment \"Order Payment #571\".'),(586,'2014-02-18 09:30:09',3,10,'56','Founders\' Club',2,'Changed title.'),(587,'2014-02-18 09:30:41',3,10,'5','Members',2,'Changed title.'),(588,'2014-02-18 09:30:53',3,10,'72','Connoisseurs\' Club',2,'Changed title.'),(589,'2014-02-18 09:31:35',3,10,'5','Members - Free',2,'Changed title.'),(590,'2014-02-18 09:38:47',5,105,'2','Username: laura: uuid: laurawashere: Total Sales:      0.00',1,''),(591,'2014-02-18 11:43:08',3,105,'3','Username: test: uuid: testone: Total Sales:      0.00',1,''),(592,'2014-02-19 11:13:02',3,30,'59','Entry object',1,''),(593,'2014-02-19 11:13:42',3,30,'59','Entry object',2,'Changed main_text and main.'),(594,'2014-02-19 13:03:16',3,30,'60','Entry object',1,''),(595,'2014-02-19 13:03:30',3,30,'60','Entry object',2,'Changed pub_date_from and main.'),(596,'2014-02-19 13:03:45',3,30,'60','Entry object',2,'Changed main_text and main.'),(597,'2014-02-19 13:48:10',3,84,'186','Ann Rogers',1,''),(598,'2014-02-19 13:48:42',3,93,'243','Order #243: Ann Rogers',1,''),(599,'2014-02-20 12:32:48',3,93,'244','Order #244: Nathan Babiker',2,'Changed notes, sub_total, shipping_cost, shipping_discount, tax, discount and total. Changed unit_price, unit_tax, line_item_price, tax and discount for Order Line Item \"The ONE 70cl - In Cylinder\". Changed amount for Order Payment \"Order Payment #577\".'),(600,'2014-02-20 12:57:44',3,93,'244','Order #244: Nathan Babiker',2,'Changed sub_total, shipping_cost, shipping_discount, tax, discount and total. Changed unit_price, unit_tax, line_item_price, tax and discount for Order Line Item \"The ONE 70cl - In Cylinder\". Added Order Status \"Shipped\". Changed amount for Order Payment \"Order Payment #577\".'),(601,'2014-02-20 13:51:55',3,93,'242','Order #242: Laura Simson',2,'Changed sub_total, shipping_cost, shipping_discount, tax, discount and total. Changed unit_price, unit_tax, line_item_price, tax and discount for Order Line Item \"The ONE - 5cl Miniature\". Added Order Status \"Cancelled\". Changed amount for Order Payment \"Order Payment #575\".'),(602,'2014-02-20 13:55:23',3,93,'245','Order #245: Peter Purdy',2,'Changed sub_total, shipping_cost, shipping_discount, tax, discount and total. Changed unit_price, unit_tax, line_item_price, tax and discount for Order Line Item \"The ONE - 70cl Bottle\". Added Order Status \"Shipped\". Changed amount for Order Payment \"Order Payment #579\".'),(603,'2014-02-20 15:00:39',3,30,'61','Entry object',1,''),(604,'2014-02-20 15:01:20',3,30,'61','Entry object',2,'Changed main_text and main.'),(605,'2014-02-20 15:48:55',3,105,'4','Username: Bespoke Lakesland: uuid: bespokelakeland: Total Sales:      0.00',1,''),(606,'2014-02-20 16:03:00',3,30,'62','Entry object',1,''),(607,'2014-02-20 16:03:26',3,30,'55','Entry object',2,'Changed pub_date_from and main.'),(608,'2014-02-21 10:41:03',3,93,'248','Order #248: Laura Simson',2,'Changed sub_total, shipping_cost, shipping_discount, tax, discount and total. Changed unit_price, unit_tax, line_item_price, tax and discount for Order Line Item \"The ONE - 5cl Miniature\". Added Order Status \"Shipped\". Changed amount for Order Payment \"Order Payment #584\".'),(609,'2014-02-21 10:47:01',3,93,'248','Order #248: Laura Simson',2,'Changed sub_total, shipping_cost, shipping_discount, tax, discount and total. Changed unit_price, unit_tax, line_item_price, tax and discount for Order Line Item \"The ONE - 5cl Miniature\". Changed status and time_stamp for Order Status \"Cancelled\". Changed amount for Order Payment \"Order Payment #584\".'),(610,'2014-02-21 10:47:02',3,93,'248','Order #248: Laura Simson',2,'Changed sub_total, shipping_cost, shipping_discount, tax, discount and total. Changed unit_price, unit_tax, line_item_price, tax and discount for Order Line Item \"The ONE - 5cl Miniature\". Changed amount for Order Payment \"Order Payment #584\".'),(611,'2014-02-21 11:09:24',3,47,'16','Founders\' Club Video',1,''),(612,'2014-02-21 11:17:04',3,47,'16','Founders\' Club Video',2,'Changed html.'),(613,'2014-02-21 13:28:52',3,47,'16','Founders\' Club Video',2,'Changed html.'),(614,'2014-02-21 13:46:36',3,105,'4','Username: Bespoke Lakesland: uuid: bespokelakeland: Total Sales:      0.00',2,'Changed salestodate.'),(615,'2014-02-21 13:57:30',3,47,'17','Connoisseurs\' Club',1,''),(616,'2014-02-21 13:58:28',3,47,'17','Connoisseurs\' Club',2,'No fields changed.'),(617,'2014-02-21 15:09:07',3,93,'250','Order #250: Laura Simson',2,'Changed sub_total, shipping_cost, shipping_discount, tax, discount and total. Changed unit_price, unit_tax, line_item_price, tax and discount for Order Line Item \"The ONE - 70cl Bottle\". Added Order Status \"Cancelled\". Changed amount for Order Payment \"Order Payment #596\".'),(618,'2014-02-21 15:57:50',3,10,'180','THE ONE',2,'Changed title, slug and published.'),(619,'2014-02-21 15:58:40',3,10,'180','THE Lakes Vodka',2,'No fields changed.'),(620,'2014-02-21 16:00:33',3,10,'180','THE Lakes Vodka',2,'No fields changed.'),(621,'2014-02-21 16:04:17',3,10,'52','THE LAKES GIN',2,'No fields changed.'),(622,'2014-02-21 16:04:26',3,10,'180','THE Lakes Vodka',2,'No fields changed.'),(623,'2014-02-21 16:04:36',3,10,'3','Brands',2,'No fields changed.'),(624,'2014-02-21 16:21:20',3,10,'3','Brands',2,'No fields changed.'),(625,'2014-02-21 18:04:25',3,47,'17','Connoisseurs\' Club',2,'Changed html.'),(626,'2014-02-21 18:17:15',3,47,'16','Founders\' Club Video',2,'Changed html.'),(627,'2014-02-22 11:22:37',1,64,'3','Automatic Members 10% Off',1,''),(628,'2014-02-22 11:24:46',1,64,'3','Automatic Members 10% Off',2,'Changed code.'),(629,'2014-02-22 11:25:55',1,64,'3','Automatic Members 10% Off',2,'Changed code.'),(630,'2014-02-22 11:26:59',1,64,'3','Automatic Members 10% Off',2,'Changed code and active.'),(631,'2014-02-24 09:18:49',3,93,'251','Order #251: Andrew Hoppner',2,'Changed sub_total, shipping_cost, shipping_discount, tax, discount and total. Changed unit_price, unit_tax, line_item_price, tax and discount for Order Line Item \"The ONE - 70cl Bottle\". Added Order Status \"In Process\". Changed amount for Order Payment \"Order Payment #598\".'),(632,'2014-02-24 09:19:02',3,93,'254','Order #254: Stephen Reay',2,'Changed sub_total, shipping_cost, shipping_discount, tax, discount and total. Changed unit_price, unit_tax, line_item_price, tax and discount for Order Line Item \"Founders\' Club UK Delivery \". Added Order Status \"In Process\". Changed amount for Order Payment \"Order Payment #606\".'),(633,'2014-02-24 09:19:10',3,93,'255','Order #255: David Crabtree',2,'Changed sub_total, shipping_cost, shipping_discount, tax, discount and total. Changed unit_price, unit_tax, line_item_price, tax and discount for Order Line Item \"Founders\' Club UK Delivery \". Added Order Status \"In Process\". Changed amount for Order Payment \"Order Payment #610\".'),(634,'2014-02-24 09:19:27',3,93,'256','Order #256: Jeff Billard',2,'Changed sub_total, shipping_cost, shipping_discount, tax, discount and total. Changed unit_price, unit_tax, line_item_price, tax and discount for Order Line Item \"The ONE 70cl - In Cylinder\". Added Order Status \"In Process\". Changed amount for Order Payment \"Order Payment #612\".'),(635,'2014-02-24 09:21:15',3,93,'193','Order #193: James Bunting',2,'Changed sub_total, shipping_cost, shipping_discount, tax, discount and total. Changed unit_price, unit_tax, line_item_price, tax and discount for Order Line Item \"The ONE - 5cl Miniature\". Changed status for Order Status \"Shipped\". Changed amount for Order Payment \"Order Payment #438\".'),(636,'2014-02-24 11:39:39',3,64,'1','Brian Test',2,'Changed endDate.'),(637,'2014-02-24 11:41:50',1,64,'1','Brian Test',2,'Changed percentage.'),(638,'2014-02-24 13:52:50',3,64,'3','Automatic Members 10% Off',2,'Changed allValid and valid_categories.'),(639,'2014-02-24 13:53:11',3,64,'3','Automatic Members 10% Off',2,'No fields changed.'),(640,'2014-02-24 13:53:22',3,64,'3','Automatic Members 10% Off',2,'No fields changed.'),(641,'2014-02-24 13:53:43',3,64,'2','10% Discount for Registered Members',2,'No fields changed.'),(642,'2014-02-24 14:43:59',3,93,'259','Order #259: Gary Thornton',2,'Changed sub_total, shipping_cost, shipping_discount, tax, discount and total. Changed unit_price, unit_tax, line_item_price, tax and discount for Order Line Item \"The ONE - 70cl Bottle\". Added Order Status \"Shipped\". Changed amount for Order Payment \"Order Payment #622\".'),(643,'2014-02-24 14:44:09',3,93,'258','Order #258: JOHN BRITTAIN',2,'Changed sub_total, shipping_cost, shipping_discount, tax, discount and total. Changed unit_price, unit_tax, line_item_price, tax and discount for Order Line Item \"Founders\' Club UK Delivery \". Added Order Status \"Shipped\". Changed amount for Order Payment \"Order Payment #620\".'),(644,'2014-02-24 14:44:21',3,93,'256','Order #256: Jeff Billard',2,'Changed sub_total, shipping_cost, shipping_discount, tax, discount and total. Changed unit_price, unit_tax, line_item_price, tax and discount for Order Line Item \"The ONE 70cl - In Cylinder\". Added Order Status \"Shipped\". Changed amount for Order Payment \"Order Payment #612\".'),(645,'2014-02-24 14:44:30',3,93,'255','Order #255: David Crabtree',2,'Changed sub_total, shipping_cost, shipping_discount, tax, discount and total. Changed unit_price, unit_tax, line_item_price, tax and discount for Order Line Item \"Founders\' Club UK Delivery \". Added Order Status \"Shipped\". Changed amount for Order Payment \"Order Payment #610\".'),(646,'2014-02-24 14:44:40',3,93,'254','Order #254: Stephen Reay',2,'Changed sub_total, shipping_cost, shipping_discount, tax, discount and total. Changed unit_price, unit_tax, line_item_price, tax and discount for Order Line Item \"Founders\' Club UK Delivery \". Added Order Status \"Shipped\". Changed amount for Order Payment \"Order Payment #606\".'),(647,'2014-02-24 14:44:50',3,93,'251','Order #251: Andrew Hoppner',2,'Changed sub_total, shipping_cost, shipping_discount, tax, discount and total. Changed unit_price, unit_tax, line_item_price, tax and discount for Order Line Item \"The ONE - 70cl Bottle\". Added Order Status \"Shipped\". Changed amount for Order Payment \"Order Payment #598\".'),(648,'2014-02-24 14:45:07',3,93,'257','Order #257: Brian Jobling',2,'Changed sub_total, shipping_cost, shipping_discount, tax, discount and total. Changed unit_price, unit_tax, line_item_price, tax and discount for Order Line Item \"Founders\' Club UK Delivery \". Added Order Status \"Cancelled\". Changed amount for Order Payment \"Order Payment #616\".'),(649,'2014-02-24 15:24:50',3,10,'52','THE LAKES GIN',2,'No fields changed.'),(650,'2014-02-24 15:25:36',3,10,'52','THE LAKES GIN',2,'No fields changed.'),(651,'2014-02-24 15:28:30',3,10,'52','THE LAKES GIN',2,'No fields changed.'),(652,'2014-02-24 15:36:07',3,10,'52','THE LAKES GIN',2,'No fields changed.'),(653,'2014-02-24 15:36:09',3,10,'52','THE LAKES GIN',2,'No fields changed.'),(654,'2014-02-24 15:37:13',3,10,'52','THE LAKES GIN',2,'No fields changed.'),(655,'2014-02-24 15:57:58',3,10,'52','THE LAKES GIN',2,'No fields changed.'),(656,'2014-02-24 16:00:40',3,10,'52','THE LAKES GIN',2,'No fields changed.'),(657,'2014-02-24 16:02:20',3,10,'52','THE LAKES GIN',2,'No fields changed.'),(658,'2014-02-24 16:02:57',3,10,'52','THE LAKES GIN',2,'No fields changed.'),(659,'2014-02-24 16:03:38',3,10,'52','THE LAKES GIN',2,'No fields changed.'),(660,'2014-02-24 16:03:50',3,10,'52','THE LAKES GIN',2,'No fields changed.'),(661,'2014-02-24 16:11:02',3,30,'63','Entry object',1,''),(662,'2014-02-24 16:11:09',3,30,'63','Entry object',2,'Changed is_published and main.'),(663,'2014-02-24 16:11:46',3,30,'63','Entry object',2,'Changed is_published and main.'),(664,'2014-02-24 16:14:16',3,30,'63','Entry object',2,'Changed is_published, first_image, main_text and main.'),(665,'2014-02-24 16:15:34',3,30,'63','Entry object',2,'Changed is_published and main.'),(666,'2014-02-24 16:20:50',3,30,'63','Entry object',2,'Changed first_image, main_text and main.'),(667,'2014-02-24 16:21:23',3,30,'63','Entry object',2,'Changed main_text and main.'),(668,'2014-02-24 16:22:17',3,30,'63','Entry object',2,'Changed main_text and main.'),(669,'2014-02-24 16:22:40',3,30,'63','Entry object',2,'Changed main_text and main.'),(670,'2014-02-24 16:23:27',3,30,'63','Entry object',2,'Changed main.'),(671,'2014-02-24 16:37:42',3,30,'64','Entry object',1,''),(672,'2014-02-24 16:37:55',3,30,'64','Entry object',2,'Changed first_image and main.'),(673,'2014-02-24 16:38:16',3,30,'64','Entry object',2,'Changed main_text and main.'),(674,'2014-02-25 05:32:54',5,93,'255','Order #255: David Crabtree',2,'Changed sub_total, shipping_cost, shipping_discount, tax, discount and total. Changed unit_price, unit_tax, line_item_price, tax and discount for Order Line Item \"Founders\' Club UK Delivery \". Changed amount for Order Payment \"Order Payment #610\".'),(675,'2014-02-25 05:33:08',5,93,'254','Order #254: Stephen Reay',2,'Changed sub_total, shipping_cost, shipping_discount, tax, discount and total. Changed unit_price, unit_tax, line_item_price, tax and discount for Order Line Item \"Founders\' Club UK Delivery \". Changed amount for Order Payment \"Order Payment #606\".'),(676,'2014-02-25 05:33:23',5,93,'256','Order #256: Jeff Billard',2,'Changed sub_total, shipping_cost, shipping_discount, tax, discount and total. Changed unit_price, unit_tax, line_item_price, tax and discount for Order Line Item \"The ONE 70cl - In Cylinder\". Changed amount for Order Payment \"Order Payment #612\".'),(677,'2014-02-25 10:05:50',3,22,'None','GalleryUpload object',1,''),(678,'2014-02-25 10:30:29',3,21,'9','The Lakes Distillery Site',2,'Changed photos.'),(679,'2014-02-25 12:25:34',3,93,'260','Order #260: Paul Littlewood',2,'Changed sub_total, shipping_cost, shipping_discount, tax, discount and total. Changed unit_price, unit_tax, line_item_price, tax and discount for Order Line Item \"The ONE - 70cl Bottle\". Changed unit_price, unit_tax, line_item_price, tax and discount for Order Line Item \"The ONE - Miniature Gift Pack\". Added Order Status \"Shipped\". Changed amount for Order Payment \"Order Payment #624\".'),(680,'2014-02-25 12:25:51',3,93,'262','Order #262: Graeme Hall',2,'Changed sub_total, shipping_cost, shipping_discount, tax, discount and total. Changed unit_price, unit_tax, line_item_price, tax and discount for Order Line Item \"The ONE - 70cl Bottle\". Added Order Status \"Shipped\". Changed amount for Order Payment \"Order Payment #628\".'),(681,'2014-02-25 13:43:40',3,30,'50','Entry object',2,'Changed is_published and main.'),(682,'2014-02-25 13:43:52',3,30,'49','Entry object',2,'Changed is_published and main.'),(683,'2014-02-25 13:44:00',3,30,'48','Entry object',2,'Changed is_published and main.'),(684,'2014-02-25 13:44:09',3,30,'47','Entry object',2,'Changed is_published and main.'),(685,'2014-02-25 13:44:18',3,30,'44','Entry object',2,'Changed is_published and main.'),(686,'2014-02-25 13:44:28',3,30,'45','Entry object',2,'Changed is_published and main.'),(687,'2014-02-25 13:53:03',3,93,'263','Order #263: David Wright',2,'Changed sub_total, shipping_cost, shipping_discount, tax, discount and total. Changed unit_price, unit_tax, line_item_price, tax and discount for Order Line Item \"The ONE - 70cl Bottle\". Changed unit_price, unit_tax, line_item_price, tax and discount for Order Line Item \"The ONE - Miniature Gift Pack\". Added Order Status \"Shipped\". Changed amount for Order Payment \"Order Payment #632\".'),(688,'2014-02-25 13:53:57',3,30,'31','Entry object',2,'Changed pub_date_from, title, slug, first_image, excerpt, main_text and main.'),(689,'2014-02-25 13:56:28',3,30,'29','Entry object',2,'Changed pub_date_from, title, slug, first_image, excerpt, main_text and main.'),(690,'2014-02-25 13:57:08',3,30,'30','Entry object',2,'Changed is_published and main.'),(691,'2014-02-25 14:04:25',3,30,'26','Entry object',2,'Changed title, slug, first_image, excerpt, main_text and main.'),(692,'2014-02-25 14:06:14',3,30,'25','Entry object',2,'Changed first_image, excerpt, main_text and main.'),(693,'2014-02-25 14:08:45',3,30,'24','Entry object',2,'Changed title, slug, first_image, excerpt, main_text and main.'),(694,'2014-02-25 14:08:59',3,30,'25','Entry object',2,'Changed title, slug and main.'),(695,'2014-02-25 14:10:49',3,30,'23','Entry object',2,'Changed title, slug, first_image, excerpt, main_text and main.'),(696,'2014-02-25 14:11:05',3,30,'23','Entry object',2,'Changed title and main.'),(697,'2014-02-25 14:16:11',3,30,'13','Entry object',2,'Changed pub_date_from, title, first_image, excerpt, main_text and main.'),(698,'2014-02-25 14:18:03',3,30,'22','Entry object',2,'Changed title, slug, first_image, excerpt, main_text and main.'),(699,'2014-02-25 14:19:13',3,30,'21','Entry object',2,'Changed title, slug, first_image, excerpt, main_text and main.'),(700,'2014-02-25 14:20:55',3,30,'20','Entry object',2,'Changed title, slug, first_image, excerpt, main_text and main.'),(701,'2014-02-25 14:23:05',3,30,'16','Entry object',2,'Changed title, slug, first_image, excerpt, main_text and main.'),(702,'2014-02-25 14:29:33',3,30,'18','Entry object',2,'Changed title, slug, first_image, excerpt, main_text and main.'),(703,'2014-02-25 14:33:51',3,30,'14','Entry object',2,'Changed pub_date_from, title, slug, first_image, excerpt, main_text and main.'),(704,'2014-02-25 14:36:21',3,30,'12','Entry object',2,'Changed title, first_image, excerpt and main.'),(705,'2014-02-25 14:36:35',3,30,'12','Entry object',2,'Changed main_text and main.'),(706,'2014-02-25 14:36:41',3,30,'14','Entry object',2,'Changed main.'),(707,'2014-02-25 14:36:49',3,30,'13','Entry object',2,'Changed main.'),(708,'2014-02-25 14:37:44',3,30,'13','Entry object',2,'Changed main.'),(709,'2014-02-25 14:40:12',3,30,'15','Entry object',2,'Changed pub_date_from, title, slug, first_image, excerpt, main_text and main.'),(710,'2014-02-25 15:03:52',3,30,'11','Entry object',2,'Changed title, slug, first_image, excerpt, main_text and main.'),(711,'2014-02-25 15:08:48',3,30,'8','Entry object',2,'Changed first_image, excerpt, main_text and main.'),(712,'2014-02-25 15:12:21',3,30,'7','Entry object',2,'Changed first_image, excerpt, main_text and main.'),(713,'2014-02-25 15:14:41',3,30,'43','Entry object',2,'Changed title, slug, first_image, excerpt, main_text and main.'),(714,'2014-02-25 15:15:34',3,30,'41','Entry object',2,'Changed first_image, excerpt and main.'),(715,'2014-02-25 15:16:09',3,30,'41','Entry object',2,'Changed title, slug and main.'),(716,'2014-02-25 15:18:27',3,30,'46','Entry object',2,'Changed title, first_image, excerpt, main_text and main.'),(717,'2014-02-25 15:39:08',3,30,'40','Entry object',2,'Changed excerpt and main.'),(718,'2014-02-25 15:46:35',3,30,'35','Entry object',2,'Changed title, slug, first_image, excerpt, main_text and main.'),(719,'2014-02-25 16:03:49',3,30,'39','Entry object',2,'Changed title, slug, first_image, excerpt, main_text and main.'),(720,'2014-02-25 16:05:21',3,30,'33','Entry object',2,'Changed title, first_image, excerpt, main_text and main.'),(721,'2014-02-25 16:11:25',3,30,'38','Entry object',2,'Changed title, first_image, excerpt, main_text and main.'),(722,'2014-02-25 16:11:45',3,30,'38','Entry object',2,'Changed main.'),(723,'2014-02-25 16:14:33',3,30,'37','Entry object',2,'Changed title, first_image, excerpt, main_text and main.'),(724,'2014-02-25 16:20:39',3,30,'32','Entry object',2,'Changed title, first_image, excerpt, main_text and main.'),(725,'2014-02-25 16:22:46',3,30,'11','Entry object',2,'Changed first_image and main.'),(726,'2014-02-25 16:47:17',3,69,'33','The Lakes Distillery Cap - Coming Soon',2,'Changed description, items_in_stock and taxable. Changed picture for Product Image \"Image of Product the-lakes-distillery-cap\".'),(727,'2014-02-25 16:49:19',3,60,'4','Clothing ',2,'Changed name and slug.'),(728,'2014-02-26 12:17:05',3,69,'26','The ONE Gift Pack - Coming Soon',2,'Changed taxable.'),(729,'2014-02-26 12:20:21',3,69,'36','The Lakes Gin Gift Pack Coming Soon',1,''),(730,'2014-02-26 12:21:10',3,69,'36','The Lakes Gin Gift Pack Coming Soon',2,'Changed ordering and taxable.'),(731,'2014-02-26 12:21:32',3,69,'34','The Lakes Gin - 5cl miniature - Coming Soon',2,'Changed ordering and taxable.'),(732,'2014-02-26 12:22:05',3,69,'36','The Lakes Gin Gift Pack Coming Soon',2,'Changed featured and taxable.'),(733,'2014-02-26 12:22:58',3,69,'33','The Lakes Distillery Cap - Coming Soon',2,'Changed ordering and taxable.'),(734,'2014-02-26 12:23:11',3,69,'35','The Lakes Vodka - 70cl Bottle - Coming Soon',2,'Changed ordering and taxable.'),(735,'2014-02-26 12:24:43',3,69,'27','The Lakes Gin - 70cl Bottle - Coming Soon',2,'Changed taxable.'),(736,'2014-02-26 12:25:19',3,69,'28','The Lakes Gin - 70cl Cylinder - Coming Soon',2,'Changed description and taxable.'),(737,'2014-02-26 12:25:38',3,69,'28','The Lakes Gin - 70cl Cylinder - Coming Soon',2,'Changed description and taxable.'),(738,'2014-02-26 12:26:09',3,69,'28','The Lakes Gin - 70cl Cylinder - Coming Soon',2,'Changed description and taxable.'),(739,'2014-02-26 12:26:36',3,69,'28','The Lakes Gin - 70cl Cylinder - Coming Soon',2,'Changed description and taxable.'),(740,'2014-02-26 12:27:10',3,69,'28','The Lakes Gin - 70cl Cylinder - Coming Soon',2,'Changed description and taxable.'),(741,'2014-02-26 12:27:52',3,69,'28','The Lakes Gin - 70cl Cylinder - Coming Soon',2,'Changed description and taxable.'),(742,'2014-02-26 12:28:42',3,69,'36','The Lakes Gin Gift Pack Coming Soon',2,'Changed slug, description and taxable.'),(743,'2014-02-26 12:29:06',3,69,'36','The Lakes Gin Gift Pack Coming Soon',2,'Changed slug and taxable.'),(744,'2014-02-26 12:31:52',3,69,'28','The Lakes Gin - 70cl Cylinder - Coming Soon',2,'Changed description and taxable.'),(745,'2014-02-26 12:32:09',3,69,'28','The Lakes Gin - 70cl Cylinder - Coming Soon',2,'Changed description and taxable.'),(746,'2014-02-26 12:32:20',3,69,'28','The Lakes Gin - 70cl Cylinder - Coming Soon',2,'Changed description and taxable.'),(747,'2014-02-26 12:32:42',3,69,'28','The Lakes Gin - 70cl Cylinder - Coming Soon',2,'Changed description and taxable.'),(748,'2014-02-26 12:32:54',3,69,'32','The ONE Umbrella - Coming Soon',2,'Changed taxable.'),(749,'2014-02-26 12:33:20',3,69,'28','The Lakes Gin - 70cl Cylinder - Coming Soon',2,'Changed description and taxable.'),(750,'2014-02-26 12:33:58',3,69,'28','The Lakes Gin - 70cl Cylinder - Coming Soon',2,'Changed description and taxable.'),(751,'2014-02-26 14:13:17',3,69,'33','The Lakes Distillery Cap - Coming Soon',2,'Changed taxable.'),(752,'2014-02-27 09:23:15',3,105,'3','Username: test: uuid: testone: Total Sales:      0.00',3,''),(753,'2014-02-27 10:44:48',3,93,'266','Order #266: Laura Simson',2,'Changed sub_total, shipping_cost, shipping_discount, tax, discount and total. Changed unit_price, unit_tax, line_item_price, tax and discount for Order Line Item \"The ONE - 5cl Miniature\". Added Order Status \"Cancelled\". Changed status and time_stamp for Order Status \"Cancelled\". Changed amount for Order Payment \"Order Payment #636\".'),(754,'2014-02-27 10:45:04',3,93,'265','Order #265: Laura Simson',2,'Changed sub_total, shipping_cost, shipping_discount, tax, discount and total. Changed unit_price, unit_tax, line_item_price, tax and discount for Order Line Item \"The ONE - 5cl Miniature\". Added Order Status \"Cancelled\". Changed amount for Order Payment \"Order Payment #635\".'),(755,'2014-02-27 10:45:29',3,93,'264','Order #264: Laura Simson',2,'Changed sub_total, shipping_cost, shipping_discount, tax, discount and total. Changed unit_price, unit_tax, line_item_price, tax and discount for Order Line Item \"The ONE - 5cl Miniature\". Added Order Status \"Cancelled\". Changed amount for Order Payment \"Order Payment #633\".'),(756,'2014-02-27 12:10:26',3,47,'18','BBC Radio 4 PM - 22.02.14',1,''),(757,'2014-02-27 14:17:23',3,93,'267','Order #267: Jim Busher',2,'Changed sub_total, shipping_cost, shipping_discount, tax, discount and total. Changed unit_price, unit_tax, line_item_price, tax and discount for Order Line Item \"The ONE - 70cl Bottle\". Added Order Status \"Shipped\". Changed amount for Order Payment \"Order Payment #638\".'),(758,'2014-02-27 17:17:08',5,47,'19','New Webcam 1',1,''),(759,'2014-02-27 17:17:15',5,47,'19','Webcam 1',2,'Changed name.'),(760,'2014-02-27 17:24:57',5,47,'20','Webcam 2',1,''),(761,'2014-02-27 17:26:46',5,47,'20','Webcam 2',2,'Changed html.'),(762,'2014-02-27 17:30:03',5,47,'20','Webcam 2',2,'Changed html.'),(763,'2014-02-27 17:34:22',5,47,'20','Webcam 2',2,'Changed html.'),(764,'2014-02-28 09:26:05',3,47,'19','Webcam 1',2,'Changed html.'),(765,'2014-02-28 09:26:22',3,47,'19','Webcam 1',2,'Changed html.'),(766,'2014-02-28 10:03:16',3,93,'270','Order #270: will parkin',2,'Changed sub_total, shipping_cost, shipping_discount, tax, discount and total. Changed unit_price, unit_tax, line_item_price, tax and discount for Order Line Item \"Founders\' Club UK Delivery \". Changed amount for Order Payment \"Order Payment #652\".'),(767,'2014-02-28 15:06:30',3,93,'271','Order #271: David Bannister',2,'Changed sub_total, shipping_cost, shipping_discount, tax, discount and total. Changed unit_price, unit_tax, line_item_price, tax and discount for Order Line Item \"Founders\' Club UK Delivery \". Added Order Status \"Shipped\". Changed amount for Order Payment \"Order Payment #659\".'),(768,'2014-02-28 15:11:39',3,93,'270','Order #270: will parkin',2,'Changed sub_total, shipping_cost, shipping_discount, tax, discount and total. Changed unit_price, unit_tax, line_item_price, tax and discount for Order Line Item \"Founders\' Club UK Delivery \". Added Order Status \"Shipped\". Changed amount for Order Payment \"Order Payment #657\".'),(769,'2014-03-03 10:13:23',3,40,'4','Free Delivery in Feb',2,'No fields changed.'),(770,'2014-03-03 10:13:41',3,41,'1','Main',2,'Changed images.'),(771,'2014-03-03 10:57:15',3,30,'65','Entry object',1,''),(772,'2014-03-03 10:58:23',3,30,'65','Entry object',2,'Changed main_text and main.'),(773,'2014-03-03 10:58:45',3,30,'65','Entry object',2,'Changed main_text and main.'),(774,'2014-03-03 10:59:11',3,30,'65','Entry object',2,'Changed main_text and main.'),(775,'2014-03-03 10:59:35',3,30,'65','Entry object',2,'Changed main_text and main.'),(776,'2014-03-03 10:59:54',3,30,'65','Entry object',2,'Changed main_text and main.'),(777,'2014-03-03 11:00:30',3,30,'65','Entry object',2,'Changed main.'),(778,'2014-03-03 16:26:01',3,93,'271','Order #271: David Bannister',2,'Changed sub_total, shipping_cost, shipping_discount, tax, discount and total. Changed unit_price, unit_tax, line_item_price, tax and discount for Order Line Item \"Founders\' Club UK Delivery \". Changed status and time_stamp for Order Status \"Shipped\". Changed amount for Order Payment \"Order Payment #659\".'),(779,'2014-03-03 16:26:14',3,93,'272','Order #272: JOHN MCTERNAN',2,'Changed notes, sub_total, shipping_cost, shipping_discount, tax, discount and total. Changed unit_price, unit_tax, line_item_price, tax and discount for Order Line Item \"The ONE - 70cl Bottle\". Added Order Status \"Shipped\". Changed amount for Order Payment \"Order Payment #661\".'),(780,'2014-03-03 16:26:26',3,93,'273','Order #273: David Brown',2,'Changed sub_total, shipping_cost, shipping_discount, tax, discount and total. Changed unit_price, unit_tax, line_item_price, tax and discount for Order Line Item \"The ONE 70cl - In Cylinder\". Added Order Status \"Shipped\". Changed amount for Order Payment \"Order Payment #665\".'),(781,'2014-03-03 16:27:30',3,93,'274','Order #274: Loveness Miller',2,'Changed sub_total, shipping_cost, shipping_discount, tax, discount and total. Changed unit_price, unit_tax, line_item_price, tax and discount for Order Line Item \"The ONE - 70cl Bottle\". Added Order Status \"Shipped\". Changed amount for Order Payment \"Order Payment #667\".'),(782,'2014-03-03 16:27:43',3,93,'275','Order #275: janet mcgavin',2,'Changed sub_total, shipping_cost, shipping_discount, tax, discount and total. Changed unit_price, unit_tax, line_item_price, tax and discount for Order Line Item \"The ONE - 5cl Miniature\". Added Order Status \"Shipped\". Changed amount for Order Payment \"Order Payment #669\".'),(783,'2014-03-03 16:27:52',3,93,'276','Order #276: andrena hattersley',2,'Changed sub_total, shipping_cost, shipping_discount, tax, discount and total. Changed unit_price, unit_tax, line_item_price, tax and discount for Order Line Item \"The ONE - 70cl Bottle\". Added Order Status \"Shipped\". Changed amount for Order Payment \"Order Payment #671\".'),(784,'2014-03-03 16:28:04',3,93,'277','Order #277: Fiona Whittaker',2,'Changed sub_total, shipping_cost, shipping_discount, tax, discount and total. Changed unit_price, unit_tax, line_item_price, tax and discount for Order Line Item \"Founders\' Club UK Delivery \". Added Order Status \"Shipped\". Changed amount for Order Payment \"Order Payment #673\".'),(785,'2014-03-03 16:28:16',3,93,'278','Order #278: Sara Hodgson',2,'Changed sub_total, shipping_cost, shipping_discount, tax, discount and total. Changed unit_price, unit_tax, line_item_price, tax and discount for Order Line Item \"The ONE - 70cl Bottle\". Added Order Status \"Shipped\". Changed amount for Order Payment \"Order Payment #675\".'),(786,'2014-03-03 16:28:25',3,93,'279','Order #279: Stephen Brown',2,'Changed sub_total, shipping_cost, shipping_discount, tax, discount and total. Changed unit_price, unit_tax, line_item_price, tax and discount for Order Line Item \"Founders\' Club UK Delivery \". Added Order Status \"Shipped\". Changed amount for Order Payment \"Order Payment #677\".'),(787,'2014-03-03 16:28:45',3,93,'280','Order #280: james Mooring',2,'Changed sub_total, shipping_cost, shipping_discount, tax, discount and total. Changed unit_price, unit_tax, line_item_price, tax and discount for Order Line Item \"The ONE - Miniature Gift Pack\". Added Order Status \"Shipped\". Changed amount for Order Payment \"Order Payment #679\". Changed amount for Order Payment \"Order Payment #680\".'),(788,'2014-03-03 16:29:00',3,93,'281','Order #281: Derek Colsell',2,'Changed sub_total, shipping_cost, shipping_discount, tax, discount and total. Changed unit_price, unit_tax, line_item_price, tax and discount for Order Line Item \"Founders\' Club UK Delivery \". Added Order Status \"Shipped\". Changed amount for Order Payment \"Order Payment #682\".'),(789,'2014-03-03 16:29:13',3,93,'282','Order #282: Louise Miller',2,'Changed sub_total, shipping_cost, shipping_discount, tax, discount and total. Changed unit_price, unit_tax, line_item_price, tax and discount for Order Line Item \"The ONE 70cl - In Cylinder\". Added Order Status \"Shipped\". Changed amount for Order Payment \"Order Payment #684\".'),(790,'2014-03-03 16:29:24',3,93,'268','Order #268: Ian Hall',2,'Changed sub_total, shipping_cost, shipping_discount, tax, discount and total. Changed unit_price, unit_tax, line_item_price, tax and discount for Order Line Item \"Founders\' Club UK Delivery \". Added Order Status \"Shipped\". Changed amount for Order Payment \"Order Payment #640\".'),(791,'2014-03-03 16:29:40',3,93,'269','Order #269: Robert Wall',2,'Changed sub_total, shipping_cost, shipping_discount, tax, discount and total. Changed unit_price, unit_tax, line_item_price, tax and discount for Order Line Item \"Founders\' Club UK Delivery \". Added Order Status \"Shipped\". Changed amount for Order Payment \"Order Payment #646\".'),(792,'2014-03-03 16:41:30',3,30,'66','Entry object',1,''),(793,'2014-03-03 16:42:38',3,30,'66','Entry object',2,'Changed main_text and main.'),(794,'2014-03-03 16:43:12',3,30,'66','Entry object',2,'Changed main_text and main.'),(795,'2014-03-03 16:43:52',3,30,'66','Entry object',2,'Changed main_text and main.'),(796,'2014-03-03 16:44:10',3,30,'66','Entry object',2,'Changed main_text and main.'),(797,'2014-03-03 16:44:26',3,30,'66','Entry object',2,'Changed main_text and main.'),(798,'2014-03-03 16:44:43',3,30,'66','Entry object',2,'Changed main_text and main.'),(799,'2014-03-03 16:45:27',3,30,'66','Entry object',2,'Changed main_text and main.'),(800,'2014-03-03 16:47:34',3,30,'66','Entry object',2,'Changed first_image and main.'),(801,'2014-03-03 16:48:19',3,30,'66','Entry object',2,'Changed main_text and main.'),(802,'2014-03-03 16:48:33',3,30,'66','Entry object',2,'Changed main_text and main.'),(803,'2014-03-03 16:48:56',3,30,'66','Entry object',2,'Changed main_text and main.'),(804,'2014-03-03 16:49:51',3,30,'66','Entry object',2,'Changed main.'),(805,'2014-03-03 16:50:07',3,30,'66','Entry object',2,'Changed is_published and main.'),(806,'2014-03-03 17:10:09',3,30,'66','Entry object',2,'Changed main_text and main.'),(807,'2014-03-03 17:14:50',3,21,'13','Building Work on The Roof',1,''),(808,'2014-03-03 17:15:34',3,22,'None','GalleryUpload object',1,''),(809,'2014-03-03 17:16:55',3,30,'66','Entry object',2,'Changed is_published and main.'),(810,'2014-03-03 17:17:20',3,30,'66','Entry object',2,'Changed main_text and main.'),(811,'2014-03-03 17:18:14',3,21,'13','Building Work on The Roof',2,'No fields changed.'),(812,'2014-03-04 10:16:30',3,93,'284','Order #284: Edward Heneghan',2,'Changed sub_total, shipping_cost, shipping_discount, tax, discount and total. Changed unit_price, unit_tax, line_item_price, tax and discount for Order Line Item \"Founders\' Club UK Delivery \". Added Order Status \"Shipped\". Changed amount for Order Payment \"Order Payment #688\".'),(813,'2014-03-04 10:57:50',3,21,'13','Building Work on The Roof',2,'No fields changed.'),(814,'2014-03-04 10:58:05',3,21,'6','Equipment',2,'No fields changed.'),(815,'2014-03-04 10:58:18',3,21,'13','Building Work on The Roof',2,'No fields changed.'),(816,'2014-03-04 11:11:24',3,10,'1','Home',2,'No fields changed.'),(817,'2014-03-04 12:29:32',3,93,'283','Order #283: Peter Bailey',2,'Changed sub_total, shipping_cost, shipping_discount, tax, discount and total. Changed unit_price, unit_tax, line_item_price, tax and discount for Order Line Item \"The ONE - 70cl Bottle\". Added Order Status \"Shipped\". Changed amount for Order Payment \"Order Payment #686\".'),(818,'2014-03-04 12:29:49',3,93,'285','Order #285: Conor Gray',2,'Changed sub_total, shipping_cost, shipping_discount, tax, discount and total. Changed unit_price, unit_tax, line_item_price, tax and discount for Order Line Item \"The ONE - 5cl Miniature\". Changed unit_price, unit_tax, line_item_price, tax and discount for Order Line Item \"The ONE - Miniature Gift Pack\". Added Order Status \"Shipped\". Changed amount for Order Payment \"Order Payment #690\".'),(819,'2014-03-04 14:03:07',3,93,'286','Order #286: Rod Glassford',2,'Changed sub_total, shipping_cost, shipping_discount, tax, discount and total. Changed unit_price, unit_tax, line_item_price, tax and discount for Order Line Item \"The ONE - 70cl Bottle\". Added Order Status \"Shipped\". Changed amount for Order Payment \"Order Payment #692\".'),(820,'2014-03-05 12:03:33',3,111,'1','People',1,''),(821,'2014-03-05 12:04:34',3,108,'1','Entry object',1,''),(822,'2014-03-05 12:05:32',3,111,'2','People - Paul Currie',1,''),(823,'2014-03-05 12:05:35',3,108,'1','Entry object',2,'Changed category.'),(824,'2014-03-05 12:08:26',3,108,'2','Entry object',1,''),(825,'2014-03-05 12:10:46',3,108,'3','Entry object',1,''),(826,'2014-03-05 12:10:56',3,108,'2','Entry object',2,'Changed title.'),(827,'2014-03-05 12:12:23',3,108,'1','Entry object',2,'Changed priority.'),(828,'2014-03-05 12:12:28',3,108,'3','Entry object',2,'Changed priority.'),(829,'2014-03-05 12:12:32',3,108,'1','Entry object',2,'Changed priority.'),(830,'2014-03-05 12:13:13',3,108,'3','Entry object',2,'No fields changed.'),(831,'2014-03-05 12:13:19',3,108,'1','Entry object',2,'No fields changed.'),(832,'2014-03-05 12:13:26',3,108,'2','Entry object',2,'No fields changed.'),(833,'2014-03-05 12:13:35',3,108,'3','Entry object',2,'No fields changed.'),(834,'2014-03-05 12:13:40',3,108,'1','Entry object',2,'Changed priority.'),(835,'2014-03-05 12:13:48',3,108,'2','Entry object',2,'Changed priority.'),(836,'2014-03-05 12:13:53',3,108,'3','Entry object',2,'No fields changed.'),(837,'2014-03-05 12:16:07',3,108,'4','Entry object',1,''),(838,'2014-03-05 12:20:06',3,108,'5','Entry object',1,''),(839,'2014-03-05 12:20:52',3,108,'6','Entry object',1,''),(840,'2014-03-05 12:22:21',3,108,'7','Entry object',1,''),(841,'2014-03-05 12:24:25',3,108,'8','Entry object',1,''),(842,'2014-03-05 12:24:47',3,108,'2','Entry object',2,'Changed image.'),(843,'2014-03-05 12:24:56',3,108,'3','Entry object',2,'Changed image.'),(844,'2014-03-05 12:25:03',3,108,'4','Entry object',2,'Changed image.'),(845,'2014-03-05 12:25:09',3,108,'5','Entry object',2,'Changed image.'),(846,'2014-03-05 12:25:18',3,108,'6','Entry object',2,'Changed image.'),(847,'2014-03-05 12:25:24',3,108,'7','Entry object',2,'Changed image.'),(848,'2014-03-05 12:25:30',3,108,'8','Entry object',2,'Changed image.'),(849,'2014-03-05 12:26:38',3,108,'8','Entry object',2,'No fields changed.'),(850,'2014-03-05 12:27:38',3,108,'9','Entry object',1,''),(851,'2014-03-05 12:28:53',3,108,'10','Entry object',1,''),(852,'2014-03-05 12:29:25',3,108,'11','Entry object',1,''),(853,'2014-03-05 12:30:18',3,108,'12','Entry object',1,''),(854,'2014-03-05 12:31:05',3,108,'13','Entry object',1,''),(855,'2014-03-05 12:38:47',3,108,'13','Entry object',2,'Changed title.'),(856,'2014-03-05 12:40:10',3,108,'13','Entry object',2,'Changed content.'),(857,'2014-03-05 13:10:35',3,93,'287','Order #287: David Wilde',2,'Changed sub_total, shipping_cost, shipping_discount, tax, discount and total. Changed unit_price, unit_tax, line_item_price, tax and discount for Order Line Item \"The ONE - 70cl Bottle\". Added Order Status \"Shipped\". Changed amount for Order Payment \"Order Payment #694\".'),(858,'2014-03-05 13:50:48',3,108,'1','Entry object',2,'No fields changed.'),(859,'2014-03-05 17:19:45',3,108,'2','Entry object',2,'No fields changed.'),(860,'2014-03-05 17:32:20',3,69,'23','The ONE - 70cl Bottle',2,'Changed taxable.'),(861,'2014-03-05 17:34:04',3,93,'270','Order #270: will parkin',2,'Changed sub_total, shipping_cost, shipping_discount, tax, discount and total. Changed unit_price, unit_tax, line_item_price, tax and discount for Order Line Item \"Founders\' Club UK Delivery \". Changed amount and details for Order Payment \"Order Payment #657\".'),(862,'2014-03-06 13:44:33',3,93,'288','Order #288: Laura Reid',2,'Changed sub_total, shipping_cost, shipping_discount, tax, discount and total. Changed unit_price, unit_tax, line_item_price, tax and discount for Order Line Item \"The ONE - 70cl Bottle\". Added Order Status \"Shipped\". Changed amount for Order Payment \"Order Payment #696\".'),(863,'2014-03-07 08:29:05',3,93,'289','Order #289: Ian Smith',2,'Changed sub_total, shipping_cost, shipping_discount, tax, discount and total. Changed unit_price, unit_tax, line_item_price, tax and discount for Order Line Item \"Founders\' Club UK Delivery \". Changed status and time_stamp for Order Status \"Shipped\". Changed amount for Order Payment \"Order Payment #699\".'),(864,'2014-03-09 18:30:43',1,47,'13','Webcam - Construction View',2,'Changed html.'),(865,'2014-03-09 18:33:07',1,47,'13','Webcam - Construction View',2,'Changed html.'),(866,'2014-03-09 18:34:23',1,47,'13','Webcam - Construction View',2,'Changed html.'),(867,'2014-03-09 18:35:06',1,47,'13','Webcam - Construction View',2,'Changed html.'),(868,'2014-03-09 18:35:43',1,47,'13','Webcam - Construction View',2,'Changed html.'),(869,'2014-03-09 18:36:00',1,47,'13','Webcam - Construction View',2,'Changed html.'),(870,'2014-03-09 18:36:19',1,47,'13','Webcam - Construction View',2,'Changed html.'),(871,'2014-03-09 18:36:58',1,47,'13','Webcam - Construction View',2,'Changed html.'),(872,'2014-03-09 18:38:06',1,47,'13','Webcam - Construction View',2,'Changed html.'),(873,'2014-03-09 18:39:03',1,47,'12','Webcam - River View',2,'Changed html.'),(874,'2014-03-09 18:41:18',1,47,'13','Webcam - Construction View',2,'Changed html.'),(875,'2014-03-09 18:50:46',1,47,'13','Webcam - Construction View',2,'Changed html.'),(876,'2014-03-10 08:17:57',3,93,'294','Order #294: Daniel Feetham',2,'Changed sub_total, shipping_cost, shipping_discount, tax, discount and total. Changed unit_price, unit_tax, line_item_price, tax and discount for Order Line Item \"Founders\' Club UK Delivery \". Added Order Status \"Shipped\". Changed amount for Order Payment \"Order Payment #713\".'),(877,'2014-03-10 08:18:16',3,93,'290','Order #290: David Jackson',2,'Changed sub_total, shipping_cost, shipping_discount, tax, discount and total. Changed unit_price, unit_tax, line_item_price, tax and discount for Order Line Item \"Founders\' Club UK Delivery \". Added Order Status \"Shipped\". Changed amount for Order Payment \"Order Payment #703\".'),(878,'2014-03-10 09:50:29',3,93,'296','Order #296: andrew binns',2,'Changed sub_total, shipping_cost, shipping_discount, tax, discount and total. Changed unit_price, unit_tax, line_item_price, tax and discount for Order Line Item \"The ONE - 70cl Bottle\". Added Order Status \"Shipped\". Changed amount for Order Payment \"Order Payment #717\".'),(879,'2014-03-10 09:50:53',3,93,'293','Order #293: Rod Glassford',2,'Changed sub_total, shipping_cost, shipping_discount, tax, discount and total. Changed unit_price, unit_tax, line_item_price, tax and discount for Order Line Item \"The ONE - 70cl Bottle\". Added Order Status \"Shipped\". Changed amount for Order Payment \"Order Payment #711\".'),(880,'2014-03-10 10:34:31',3,30,'67','Entry object',1,''),(881,'2014-03-10 10:34:40',3,30,'67','Entry object',2,'Changed first_image and main.'),(882,'2014-03-10 11:11:13',3,106,'5','Time: 2014-02-27 09:33:07: Username: Bespoke Lakesland: order_id:265 Price:      3.55',3,''),(883,'2014-03-10 11:11:13',3,106,'4','Time: 2014-02-27 09:28:20: Username: Bespoke Lakesland: order_id:264 Price:      3.55',3,''),(884,'2014-03-10 11:11:13',3,106,'3','Time: 2014-02-21 09:16:02: Username: Bespoke Lakesland: order_id:248 Price:      3.95',3,''),(885,'2014-03-10 11:20:23',3,105,'4','Username: Bespoke Lakesland: uuid: bespokelakeland: Total Sales:      0.00',2,'Changed salestodate.'),(886,'2014-03-10 11:20:45',3,105,'4','Username: Bespoke Lakesland: uuid: bespokelakeland: Total Sales:      0.00',2,'No fields changed.'),(887,'2014-03-10 11:21:26',3,105,'5','Username: Whisky Israel: uuid: whiskyisrael: Total Sales:      0.00',1,''),(888,'2014-03-10 15:24:31',3,30,'68','Entry object',1,''),(889,'2014-03-10 15:24:56',3,30,'68','Entry object',2,'Changed is_published and main.'),(890,'2014-03-10 15:58:11',3,21,'14','Corporate Fun with The Lakes Distillery',1,''),(891,'2014-03-10 16:00:07',3,22,'None','GalleryUpload object',1,''),(892,'2014-03-10 16:00:51',3,30,'68','Entry object',2,'Changed is_published and main.'),(893,'2014-03-10 16:01:37',3,30,'68','Entry object',2,'Changed main_text and main.'),(894,'2014-03-10 16:02:36',3,30,'68','Entry object',2,'Changed main.'),(895,'2014-03-10 16:04:00',3,21,'14','Corporate Fun with The Lakes Distillery',2,'Changed photos.'),(896,'2014-03-10 16:07:02',3,30,'68','Entry object',2,'Changed first_image and main.'),(897,'2014-03-10 16:07:27',3,30,'68','Entry object',2,'Changed main_text and main.'),(898,'2014-03-10 16:08:07',3,21,'14','Corporate Fun with The Lakes Distillery',2,'No fields changed.'),(899,'2014-03-10 16:08:41',3,23,'338','Corporate Fun With The Lakes Distillery 1',2,'No fields changed.'),(900,'2014-03-10 16:10:02',3,30,'68','Entry object',2,'Changed main.'),(901,'2014-03-10 16:11:23',3,23,'328','Delicious nibbles',2,'Changed title and caption.'),(902,'2014-03-10 16:12:19',3,23,'328','Building Work on The Roof 1',2,'Changed title and caption.'),(903,'2014-03-10 16:13:02',3,23,'339','Delicious Nibbles',2,'Changed title, title_slug and caption.'),(904,'2014-03-10 16:13:32',3,21,'14','Corporate Fun with The Lakes Distillery',2,'No fields changed.'),(905,'2014-03-10 16:14:17',3,30,'68','Entry object',2,'Changed main_text and main.'),(906,'2014-03-10 16:15:51',3,30,'68','Entry object',2,'Changed main_text and main.'),(907,'2014-03-10 16:38:20',3,40,'10','Work Has Started On Site - Webcams',1,''),(908,'2014-03-10 16:38:52',3,41,'1','Main',2,'Changed images.'),(909,'2014-03-10 16:41:06',3,40,'10','Work Has Started On Site - Webcams',2,'No fields changed.'),(910,'2014-03-10 16:41:07',3,40,'10','Work Has Started On Site - Webcams',2,'No fields changed.'),(911,'2014-03-10 16:42:52',3,10,'1','Home',2,'No fields changed.'),(912,'2014-03-11 09:08:02',3,10,'131','News',2,'No fields changed.'),(913,'2014-03-11 13:39:56',3,93,'297','Order #297: Bruce Reid',2,'Changed sub_total, shipping_cost, shipping_discount, tax, discount and total. Changed unit_price, unit_tax, line_item_price, tax and discount for Order Line Item \"Founders\' Club UK Delivery \". Changed amount for Order Payment \"Order Payment #719\".'),(914,'2014-03-11 15:52:21',3,105,'5','Username: Whisky Israel: uuid: whiskyisrael: Total Sales:      0.00',2,'No fields changed.'),(915,'2014-03-11 15:57:16',3,79,'Affiliate','Affiliate',1,''),(916,'2014-03-11 15:57:45',3,80,'Blogger','Blogger',1,''),(917,'2014-03-11 15:57:54',3,81,'Affiliate','Affiliate',1,''),(918,'2014-03-11 15:57:59',3,83,'2','Whisky Israel',1,''),(919,'2014-03-11 15:58:10',3,84,'247','Gal Granov',1,''),(920,'2014-03-11 15:58:58',3,3,'61','whiskyisrael',1,''),(921,'2014-03-11 15:59:05',3,84,'247','Gal Granov',2,'Changed user.'),(922,'2014-03-11 16:11:51',3,47,'13','Webcam - Construction View',2,'Changed html.'),(923,'2014-03-11 16:12:08',3,47,'13','Webcam - Construction View',2,'Changed html.'),(924,'2014-03-11 16:12:23',3,47,'12','Webcam - River View',2,'Changed html.'),(925,'2014-03-12 09:52:24',3,93,'299','Order #299: Timothy Wells',2,'Changed sub_total, shipping_cost, shipping_discount, tax, discount and total. Changed unit_price, unit_tax, line_item_price, tax and discount for Order Line Item \"Founders\' Club UK Delivery \". Changed amount for Order Payment \"Order Payment #729\".'),(926,'2014-03-12 10:00:43',3,93,'298','Order #298: Timothy Wells',2,'Changed sub_total, shipping_cost, shipping_discount, tax, discount and total. Changed unit_price, unit_tax, line_item_price, tax and discount for Order Line Item \"Founders\' Club UK Delivery \". Added Order Status \"Shipped\". Changed amount for Order Payment \"Order Payment #727\".'),(927,'2014-03-12 10:01:23',3,93,'297','Order #297: Bruce Reid',2,'Changed sub_total, shipping_cost, shipping_discount, tax, discount and total. Changed unit_price, unit_tax, line_item_price, tax and discount for Order Line Item \"Founders\' Club UK Delivery \". Added Order Status \"In Process\". Changed amount for Order Payment \"Order Payment #719\".'),(928,'2014-03-12 14:16:52',3,30,'69','Entry object',1,''),(929,'2014-03-12 14:18:32',3,30,'69','Entry object',2,'Changed main.'),(930,'2014-03-12 14:20:15',3,21,'15','Site Visit From Britain\'s Energy Coast',1,''),(931,'2014-03-12 14:20:46',3,22,'None','GalleryUpload object',1,''),(932,'2014-03-12 14:23:05',3,30,'69','Entry object',2,'Changed is_published, first_image and main.'),(933,'2014-03-12 14:23:49',3,30,'69','Entry object',2,'Changed excerpt, main_text and main.'),(934,'2014-03-12 14:56:47',3,105,'6','Username: Jim Bulmer - MoIppai: uuid: moippai: Total Sales:      0.00',1,''),(935,'2014-03-12 14:58:49',3,105,'6','Username: Jim Bulmer - MoIppai: uuid: moippai: Total Sales:      0.00',2,'No fields changed.'),(936,'2014-03-13 09:33:12',3,93,'301','Order #301: Simon Cort',2,'Changed sub_total, shipping_cost, shipping_discount, tax, discount and total. Changed unit_price, unit_tax, line_item_price, tax and discount for Order Line Item \"The ONE - 70cl Bottle\". Added Order Status \"Shipped\". Changed amount for Order Payment \"Order Payment #733\".'),(937,'2014-03-13 13:42:01',3,93,'302','Order #302: Michael Prior',2,'Changed sub_total, shipping_cost, shipping_discount, tax, discount, total and time_stamp. Changed unit_price, unit_tax, line_item_price, tax and discount for Order Line Item \"Founders\' Club UK Delivery \". Added Order Status \"Shipped\". Changed time_stamp for Order Status \"New\". Changed amount for Order Payment \"Order Payment #735\".'),(938,'2014-03-13 13:43:47',3,93,'302','Order #302: Michael Prior',2,'Changed sub_total, shipping_cost, shipping_discount, tax, discount, total and time_stamp. Changed unit_price, unit_tax, line_item_price, tax and discount for Order Line Item \"Founders\' Club UK Delivery \". Changed amount for Order Payment \"Order Payment #735\".'),(939,'2014-03-14 14:28:59',3,93,'303','Order #303: robin dawson',2,'Changed sub_total, shipping_cost, shipping_discount, tax, discount and total. Changed unit_price, unit_tax, line_item_price, tax and discount for Order Line Item \"The ONE - 70cl Bottle\". Added Order Status \"Shipped\". Changed amount for Order Payment \"Order Payment #737\".'),(940,'2014-03-15 12:08:52',3,47,'18','BBC Radio 4 PM - 22.02.14',2,'Changed html.'),(941,'2014-03-15 12:10:35',3,47,'18','BBC Radio 4 PM - 22.02.14',2,'Changed html.'),(942,'2014-03-16 17:00:18',3,105,'5','Username: whiskyisrael: uuid: whiskyisrael: Total Sales:      0.00',2,'Changed username.'),(943,'2014-03-16 17:00:57',3,105,'6','Username: email: uuid: moippai: Total Sales:      0.00',2,'Changed username.'),(944,'2014-03-16 17:07:24',5,21,'15','Site Visit From Britains Energy Coast',2,'Changed title.'),(945,'2014-03-16 17:14:26',3,21,'15','Site Visit From Britain\'s Energy Coast',2,'Changed title.'),(946,'2014-03-16 17:16:58',3,21,'15','Site Visit From Britains Energy Coast',2,'Changed title.'),(947,'2014-03-16 17:32:06',5,14,'61','whiskyisrael',2,'Changed password1 and password2.'),(948,'2014-03-16 17:34:46',5,3,'67','bhj',1,''),(949,'2014-03-16 17:34:53',5,3,'67','bhj',2,'Changed password, is_staff and is_superuser.'),(950,'2014-03-16 17:35:08',5,3,'67','bhj',2,'Changed password, first_name, last_name and email.'),(951,'2014-03-16 17:51:54',67,3,'61','whiskyisrael',2,'Changed password and is_staff.'),(952,'2014-03-16 17:52:23',67,3,'1','admin',2,'Changed password, is_active, is_staff and is_superuser.'),(953,'2014-03-16 17:56:34',67,105,'5','Username: whiskyisrael: uuid: whiskyisrael: Total Sales:      0.00',2,'No fields changed.'),(954,'2014-03-17 07:01:40',4,10,'182','The Lakes Distillery Site',2,'Changed title, slug and published.'),(955,'2014-03-17 07:06:49',67,10,'184','The Lakes Distillery Site',3,''),(956,'2014-03-17 07:09:57',67,10,'185','The Lakes Distillery Site',2,'Changed title, slug and published.'),(957,'2014-03-17 09:23:00',4,10,'3','Brands',2,'Changed title, slug and language.'),(958,'2014-03-17 09:23:58',4,10,'1','Home',2,'Changed title, slug and language.'),(959,'2014-03-17 13:08:01',3,93,'304','Order #304: Ian Mills',2,'Changed sub_total, shipping_cost, shipping_discount, tax, discount and total. Changed unit_price, unit_tax, line_item_price, tax and discount for Order Line Item \"The ONE - 70cl Bottle\". Added Order Status \"Shipped\". Changed amount for Order Payment \"Order Payment #739\".'),(960,'2014-03-17 13:08:11',3,93,'305','Order #305: Andrea Thornley',2,'Changed sub_total, shipping_cost, shipping_discount, tax, discount and total. Changed unit_price, unit_tax, line_item_price, tax and discount for Order Line Item \"The ONE 70cl - In Cylinder\". Added Order Status \"Shipped\". Changed amount for Order Payment \"Order Payment #743\".'),(961,'2014-03-17 15:29:32',3,10,'187','The Lakes Distillery Site',2,'Changed title and slug.'),(962,'2014-03-17 15:33:05',3,10,'187','Visit to Musk',2,'No fields changed.'),(963,'2014-03-17 15:59:39',3,10,'187','Visit to Musk',2,'Changed in_navigation.'),(964,'2014-03-17 15:59:47',3,10,'187','Visit to Musk',2,'Changed published.'),(965,'2014-03-17 16:00:16',3,21,'16','Visit to Musk',1,''),(966,'2014-03-17 16:01:43',3,22,'None','GalleryUpload object',1,''),(967,'2014-03-17 16:02:49',3,10,'187','Visit to Musk',2,'No fields changed.'),(968,'2014-03-17 16:03:43',3,10,'187','Visit to Musk',2,'No fields changed.'),(969,'2014-03-17 16:04:08',3,10,'187','Visit to Musk',2,'Changed in_navigation.'),(970,'2014-03-17 16:05:50',3,23,'401','Wash Charger',2,'Changed title and title_slug.'),(971,'2014-03-17 16:58:12',3,93,'306','Order #306: Natalie Smith',2,'Changed notes, sub_total, shipping_cost, shipping_discount, tax, discount and total. Changed unit_price, unit_tax, line_item_price, tax and discount for Order Line Item \"Founders\' Club UK Delivery \". Added Order Status \"In Process\". Changed amount for Order Payment \"Order Payment #745\".'),(972,'2014-03-17 16:58:32',3,93,'297','Order #297: Bruce Reid',2,'Changed sub_total, shipping_cost, shipping_discount, tax, discount and total. Changed unit_price, unit_tax, line_item_price, tax and discount for Order Line Item \"Founders\' Club UK Delivery \". Changed status for Order Status \"Shipped\". Changed amount for Order Payment \"Order Payment #719\".'),(973,'2014-03-17 16:58:48',3,93,'299','Order #299: Timothy Wells',3,''),(974,'2014-03-18 09:03:45',3,93,'307','Order #307: Karen Kennedy',2,'Changed sub_total, shipping_cost, shipping_discount, tax, discount and total. Changed unit_price, unit_tax, line_item_price, tax and discount for Order Line Item \"The ONE - 70cl Bottle\". Added Order Status \"In Process\". Changed amount for Order Payment \"Order Payment #747\".'),(975,'2014-03-18 14:28:20',3,93,'307','Order #307: Karen Kennedy',2,'Changed sub_total, shipping_cost, shipping_discount, tax, discount and total. Changed unit_price, unit_tax, line_item_price, tax and discount for Order Line Item \"The ONE - 70cl Bottle\". Changed status and time_stamp for Order Status \"Shipped\". Changed amount for Order Payment \"Order Payment #747\".'),(976,'2014-03-19 09:02:31',3,30,'70','Entry object',1,''),(977,'2014-03-19 09:04:03',3,93,'306','Order #306: Natalie Smith',2,'Changed sub_total, shipping_cost, shipping_discount, tax, discount and total. Changed unit_price, unit_tax, line_item_price, tax and discount for Order Line Item \"Founders\' Club UK Delivery \". Changed status and time_stamp for Order Status \"Shipped\". Changed amount for Order Payment \"Order Payment #745\".'),(978,'2014-03-19 09:04:14',3,93,'308','Order #308: Colin Wilson',2,'Changed sub_total, shipping_cost, shipping_discount, tax, discount and total. Changed unit_price, unit_tax, line_item_price, tax and discount for Order Line Item \"Founders\' Club UK Delivery \". Added Order Status \"In Process\". Changed amount for Order Payment \"Order Payment #749\".'),(979,'2014-03-19 15:39:21',3,93,'308','Order #308: Colin Wilson',2,'Changed sub_total, shipping_cost, shipping_discount, tax, discount and total. Changed unit_price, unit_tax, line_item_price, tax and discount for Order Line Item \"Founders\' Club UK Delivery \". Changed status and time_stamp for Order Status \"Shipped\". Changed amount for Order Payment \"Order Payment #749\".'),(980,'2014-03-19 15:40:29',3,40,'11','Ad Campaign - Couple',1,''),(981,'2014-03-19 15:40:38',3,40,'10','Work Has Started On Site - Webcams',2,'Changed order.'),(982,'2014-03-19 15:40:48',3,40,'6','Feb 3',3,''),(983,'2014-03-19 15:41:05',3,40,'4','Free Delivery in Feb',3,''),(984,'2014-03-19 15:41:05',3,40,'5','Feb 2',3,''),(985,'2014-03-19 15:41:05',3,40,'3','one_new_year.jpg',3,''),(986,'2014-03-19 15:46:38',3,41,'1','Main',2,'Changed images.'),(987,'2014-03-19 16:54:31',3,21,'17','Behind the scenes ',1,''),(988,'2014-03-19 16:55:18',3,22,'None','GalleryUpload object',1,''),(989,'2014-03-19 16:59:13',3,10,'189','New World Whisky Tasting -18th August',2,'Changed title, slug and published.'),(990,'2014-03-19 17:00:07',3,10,'189','Behind The Scenes At Our Ad Campaign Photo Shoot',2,'Changed title.'),(991,'2014-03-19 17:00:49',3,10,'189','Behind The Scenes at Our Ad Campaign Photo Shoot',2,'Changed title.'),(992,'2014-03-19 17:01:20',3,10,'189','Behind The Scenes at Ad Campaign Photo Shoot',2,'Changed title.'),(993,'2014-03-19 17:04:15',3,30,'71','Entry object',1,''),(994,'2014-03-19 17:05:04',3,30,'71','Entry object',2,'Changed first_image and main.'),(995,'2014-03-19 17:05:11',3,30,'71','Entry object',2,'Changed is_published and main.'),(996,'2014-03-19 20:04:05',3,3,'73','wendy',1,''),(997,'2014-03-19 20:04:51',3,3,'73','wendy',2,'Changed password, first_name, last_name, email, is_staff and is_superuser.'),(998,'2014-03-20 11:31:35',5,47,'2','Google Map EN',2,'Changed html.'),(999,'2014-03-20 11:32:17',5,47,'2','Google Map EN',2,'Changed html.'),(1000,'2014-03-20 11:33:18',5,47,'2','Google Map EN',2,'Changed html.'),(1001,'2014-03-20 11:49:16',5,47,'2','Google Map EN',2,'Changed html.'),(1002,'2014-03-20 11:50:22',5,47,'2','Google Map EN',2,'Changed html.'),(1003,'2014-03-20 11:50:45',5,47,'2','Google Map EN',2,'Changed html.'),(1004,'2014-03-20 15:40:26',5,3,'74','martin',1,''),(1005,'2014-03-20 15:40:55',5,3,'74','martin',2,'Changed password, first_name, last_name, email and is_staff.'),(1006,'2014-03-20 15:41:45',5,3,'74','martin',2,'Changed password and is_superuser.'),(1007,'2014-03-21 22:49:25',3,64,'1','Brian Test',2,'Changed endDate.'),(1008,'2014-03-24 11:07:03',3,93,'310','Order #310: Brian Jobling',2,'Changed sub_total, shipping_cost, shipping_discount, tax, discount and total. Changed unit_price, unit_tax, line_item_price, tax and discount for Order Line Item \"The ONE - 5cl Miniature\". Added Order Status \"Shipped\". Changed amount for Order Payment \"Order Payment #755\".'),(1009,'2014-03-25 14:03:18',3,93,'311','Order #311: Mr Trevor Hartley',2,'Changed sub_total, shipping_cost, shipping_discount, tax, discount and total. Changed unit_price, unit_tax, line_item_price, tax and discount for Order Line Item \"The ONE - 70cl Bottle\". Changed unit_price, unit_tax, line_item_price, tax and discount for Order Line Item \"Founders\' Club UK Delivery \". Added Order Status \"Shipped\". Changed amount for Order Payment \"Order Payment #757\".'),(1010,'2014-03-25 14:03:33',3,93,'314','Order #314: Trevor Gray',2,'Changed sub_total, shipping_cost, shipping_discount, tax, discount and total. Changed unit_price, unit_tax, line_item_price, tax and discount for Order Line Item \"The ONE - 70cl Bottle\". Added Order Status \"Shipped\". Changed amount for Order Payment \"Order Payment #763\".'),(1011,'2014-03-26 09:16:36',3,10,'6','The Bar and Bistro',2,'Changed title and slug.'),(1012,'2014-03-26 16:29:00',3,40,'12','Ad Campaign - Male',1,''),(1013,'2014-03-26 16:29:31',3,40,'12','Ad Campaign - Male',2,'Changed link.'),(1014,'2014-03-26 16:30:07',3,41,'1','Main',2,'Changed images.'),(1015,'2014-03-27 11:18:37',3,30,'72','Entry object',1,''),(1016,'2014-03-27 11:19:46',3,30,'72','Entry object',2,'Changed main_text and main.'),(1017,'2014-03-27 11:20:16',3,30,'72','Entry object',2,'Changed main_text and main.'),(1018,'2014-03-27 11:20:54',3,30,'72','Entry object',2,'Changed main.'),(1019,'2014-03-27 11:21:24',3,30,'72','Entry object',2,'Changed main.'),(1020,'2014-03-27 12:05:19',3,30,'73','Entry object',1,''),(1021,'2014-03-27 12:05:52',3,30,'73','Entry object',2,'Changed title, slug and main.'),(1022,'2014-03-27 12:06:17',3,30,'73','Entry object',2,'Changed main_text and main.'),(1023,'2014-03-27 12:06:32',3,30,'73','Entry object',2,'Changed is_published and main.'),(1024,'2014-03-27 12:06:50',3,30,'73','Entry object',2,'Changed is_published and main.'),(1025,'2014-03-27 12:07:51',3,30,'73','Entry object',2,'Changed main_text and main.'),(1026,'2014-03-27 12:15:57',3,30,'73','Entry object',2,'Changed main_text and main.'),(1027,'2014-03-27 12:16:13',3,30,'73','Entry object',2,'Changed main_text and main.'),(1028,'2014-03-27 12:16:29',3,30,'73','Entry object',2,'Changed main_text and main.'),(1029,'2014-03-27 12:16:43',3,30,'73','Entry object',2,'Changed main_text and main.'),(1030,'2014-03-27 12:16:51',3,30,'73','Entry object',2,'Changed main_text and main.'),(1031,'2014-03-27 12:19:36',3,30,'73','Entry object',2,'Changed main_text and main.'),(1032,'2014-03-27 12:23:35',3,30,'73','Entry object',2,'Changed main_text and main.'),(1033,'2014-03-27 12:24:16',3,30,'73','Entry object',2,'Changed main_text and main.'),(1034,'2014-03-27 12:25:15',3,30,'73','Entry object',2,'Changed main_text and main.'),(1035,'2014-03-27 12:26:16',3,30,'73','Entry object',2,'Changed main_text and main.'),(1036,'2014-03-27 12:26:31',3,30,'73','Entry object',2,'Changed main_text and main.'),(1037,'2014-03-27 12:27:00',3,30,'73','Entry object',2,'Changed main_text and main.'),(1038,'2014-03-27 12:28:04',3,30,'73','Entry object',2,'Changed main_text and main.'),(1039,'2014-03-27 12:28:34',3,30,'73','Entry object',2,'Changed main_text and main.'),(1040,'2014-03-27 12:28:54',3,30,'73','Entry object',2,'Changed main_text and main.'),(1041,'2014-03-27 12:34:33',3,30,'73','Entry object',2,'Changed main_text and main.'),(1042,'2014-03-28 11:50:26',3,93,'316','Order #316: Elizabeth Perry',2,'Changed sub_total, shipping_cost, shipping_discount, tax, discount and total. Changed unit_price, unit_tax, line_item_price, tax and discount for Order Line Item \"The ONE - 70cl Bottle\". Added Order Status \"Shipped\". Changed amount for Order Payment \"Order Payment #769\".'),(1043,'2014-03-31 13:21:07',3,93,'317','Order #317: Jackie Sutton',2,'Changed sub_total, shipping_cost, shipping_discount, tax, discount and total. Changed unit_price, unit_tax, line_item_price, tax and discount for Order Line Item \"The ONE 70cl - In Cylinder\". Added Order Status \"Shipped\". Changed amount for Order Payment \"Order Payment #771\".'),(1044,'2014-03-31 13:21:25',3,93,'319','Order #319: Christopher Makin-Taylor',2,'Changed sub_total, shipping_cost, shipping_discount, tax, discount and total. Changed unit_price, unit_tax, line_item_price, tax and discount for Order Line Item \"The ONE - 70cl Bottle\". Added Order Status \"Shipped\". Changed amount for Order Payment \"Order Payment #777\".'),(1045,'2014-03-31 13:21:43',3,93,'320','Order #320: Trudy Carter',2,'Changed sub_total, shipping_cost, shipping_discount, tax, discount and total. Changed unit_price, unit_tax, line_item_price, tax and discount for Order Line Item \"The ONE 70cl - In Cylinder\". Added Order Status \"Shipped\". Changed amount for Order Payment \"Order Payment #779\".'),(1046,'2014-04-01 14:01:27',3,93,'324','Order #324: Steve Balls',2,'Changed sub_total, shipping_cost, shipping_discount, tax, discount and total. Changed unit_price, unit_tax, line_item_price, tax and discount for Order Line Item \"Founders\' Club UK Delivery \". Added Order Status \"Shipped\". Changed amount for Order Payment \"Order Payment #788\".'),(1047,'2014-04-01 14:01:43',3,93,'323','Order #323: Alison Baird',2,'Changed notes, sub_total, shipping_cost, shipping_discount, tax, discount and total. Changed unit_price, unit_tax, line_item_price, tax and discount for Order Line Item \"Founders\' Club UK Delivery \". Added Order Status \"Shipped\". Changed amount for Order Payment \"Order Payment #786\".'),(1048,'2014-04-02 09:32:29',3,84,'287','Derek Thompson',1,''),(1049,'2014-04-02 09:33:51',3,93,'325','Order #325: Derek Thompson',1,''),(1050,'2014-04-02 09:34:54',3,93,'325','Order #325: Derek Thompson',2,'Changed sub_total, shipping_cost, shipping_discount, tax, discount and total. Changed unit_price, unit_tax, line_item_price, tax and discount for Order Line Item \"The ONE 70cl - In Cylinder\". Added Order Payment \"Order Payment #789\".'),(1051,'2014-04-02 14:55:33',3,93,'325','Order #325: Derek Thompson',2,'Changed sub_total, shipping_cost, shipping_discount, tax, discount and total. Changed unit_price, unit_tax, line_item_price, tax and discount for Order Line Item \"The ONE 70cl - In Cylinder\". Changed amount and details for Order Payment \"Order Payment #789\".'),(1052,'2014-04-02 16:03:59',3,10,'192','Contact Us',3,''),(1053,'2014-04-02 16:05:04',3,10,'29','footer',2,'No fields changed.'),(1054,'2014-04-02 16:05:17',3,10,'35','Contact Us',2,'No fields changed.'),(1055,'2014-04-03 09:11:14',3,93,'325','Order #325: Derek Thompson',2,'Changed sub_total, shipping_cost, shipping_discount, tax, discount and total. Changed unit_price, unit_tax, line_item_price, tax and discount for Order Line Item \"The ONE 70cl - In Cylinder\". Added Order Status \"Shipped\". Changed amount for Order Payment \"Order Payment #789\".'),(1056,'2014-04-03 09:11:29',3,93,'321','Order #321: Todd Buechs',2,'Changed sub_total, shipping_cost, shipping_discount, tax, discount and total. Changed unit_price, unit_tax, line_item_price, tax and discount for Order Line Item \"The ONE - 70cl Bottle\". Added Order Status \"Shipped\". Changed amount for Order Payment \"Order Payment #781\".'),(1057,'2014-04-03 14:33:56',3,30,'74','Entry object',1,''),(1058,'2014-04-03 14:34:07',3,30,'74','Entry object',2,'Changed first_image and main.'),(1059,'2014-04-03 14:36:15',3,30,'74','Entry object',2,'Changed main_text and main.'),(1060,'2014-04-03 14:48:55',3,93,'327','Order #327: Karen Finney',2,'Changed sub_total, shipping_cost, shipping_discount, tax, discount and total. Changed unit_price, unit_tax, line_item_price, tax and discount for Order Line Item \"The ONE - 70cl Bottle\". Added Order Status \"Shipped\". Changed amount for Order Payment \"Order Payment #793\".'),(1061,'2014-04-03 14:49:03',3,93,'326','Order #326: Laura Simson',3,''),(1062,'2014-04-03 14:57:35',3,10,'196','What\'s New',2,'Changed title, slug and published.'),(1063,'2014-04-03 14:57:56',3,10,'196','Building Progress',2,'Changed published.'),(1064,'2014-04-03 14:58:25',3,10,'196','Building Progress',2,'Changed published and in_navigation.'),(1065,'2014-04-03 15:01:40',3,10,'196','Building Progress',2,'Changed template.'),(1066,'2014-04-03 15:02:14',3,10,'196','Building Progress',2,'Changed template.'),(1067,'2014-04-03 15:03:09',3,10,'196','Building Progress',3,''),(1068,'2014-04-03 15:05:00',3,10,'198','What\'s New',2,'Changed title and slug.'),(1069,'2014-04-03 15:05:56',3,10,'198','Building Progress',2,'Changed application_urls.'),(1070,'2014-04-03 15:06:21',3,10,'198','Building Progress',2,''),(1071,'2014-04-03 15:07:07',3,10,'198','Building Progress',2,'No fields changed.'),(1072,'2014-04-03 15:07:45',3,10,'198','Building Progress',2,'No fields changed.'),(1073,'2014-04-03 15:19:29',3,30,'75','Entry object',1,''),(1074,'2014-04-03 15:20:09',3,30,'75','Entry object',2,'Changed is_published, main_text and main.'),(1075,'2014-04-03 15:21:17',3,30,'75','Entry object',2,'Changed is_published, main_text and main.'),(1076,'2014-04-03 15:21:34',3,30,'75','Entry object',2,'Changed main_text and main.'),(1077,'2014-04-03 15:23:49',3,30,'75','Entry object',2,'Changed excerpt, main_text and main.'),(1078,'2014-04-03 15:29:36',3,30,'75','Entry object',2,'Changed first_image and main.'),(1079,'2014-04-03 15:45:39',3,10,'19','Our People',2,'No fields changed.'),(1080,'2014-04-03 15:46:08',3,10,'19','Our People',2,''),(1081,'2014-04-03 15:48:00',3,10,'19','Our People',2,'No fields changed.'),(1082,'2014-04-03 15:48:20',3,10,'19','Our People',2,''),(1083,'2014-04-03 15:49:10',3,10,'19','Our People',2,'No fields changed.'),(1084,'2014-04-03 15:49:35',3,10,'19','Our People',2,''),(1085,'2014-04-03 15:51:19',3,10,'19','Our People',2,'No fields changed.'),(1086,'2014-04-03 15:51:40',3,10,'19','Our People',2,''),(1087,'2014-04-03 15:52:59',3,10,'19','Our People',2,'No fields changed.'),(1088,'2014-04-03 15:53:25',3,10,'19','Our People',2,''),(1089,'2014-04-03 15:53:54',3,10,'19','Our People',2,'No fields changed.'),(1090,'2014-04-03 15:54:29',3,10,'19','Our People',2,''),(1091,'2014-04-04 14:47:42',3,10,'200','Paul Currie Info',1,''),(1092,'2014-04-04 14:48:17',3,10,'200','Paul Currie Info',2,'Changed published.'),(1093,'2014-04-04 14:49:34',3,10,'19','Our People',2,''),(1094,'2014-04-04 14:50:29',3,10,'200','Paul Currie Info',2,'No fields changed.'),(1095,'2014-04-04 14:50:34',3,10,'19','Our People',2,''),(1096,'2014-04-04 14:50:52',3,10,'200','Paul Currie Info',2,''),(1097,'2014-04-04 14:50:52',3,10,'19','Our People',2,''),(1098,'2014-04-04 14:51:12',3,10,'200','Paul Currie Info',3,''),(1099,'2014-04-04 14:51:27',3,10,'66','CHRIS ANDERSON',2,'No fields changed.'),(1100,'2014-04-04 14:52:14',3,10,'19','Our People',2,'No fields changed.'),(1101,'2014-04-04 14:52:47',3,10,'19','Our People',2,''),(1102,'2014-04-07 09:42:36',3,93,'332','Order #332: Graeme Wise',2,'Changed sub_total, shipping_cost, shipping_discount, tax, discount and total. Changed unit_price, unit_tax, line_item_price, tax and discount for Order Line Item \"Founders\' Club UK Delivery \". Changed amount for Order Payment \"Order Payment #804\".'),(1103,'2014-04-07 10:49:32',3,93,'332','Order #332: Graeme Wise',2,'Changed sub_total, shipping_cost, shipping_discount, tax, discount and total. Changed unit_price, unit_tax, line_item_price, tax and discount for Order Line Item \"Founders\' Club UK Delivery \". Added Order Status \"Shipped\". Changed amount for Order Payment \"Order Payment #804\".'),(1104,'2014-04-07 10:49:47',3,93,'330','Order #330: Geoff Brown',2,'Changed sub_total, shipping_cost, shipping_discount, tax, discount and total. Changed unit_price, unit_tax, line_item_price, tax and discount for Order Line Item \"The ONE - Miniature Gift Pack\". Added Order Status \"Shipped\". Changed amount for Order Payment \"Order Payment #800\".'),(1105,'2014-04-07 10:49:57',3,93,'328','Order #328: stephen woodward',2,'Changed sub_total, shipping_cost, shipping_discount, tax, discount and total. Changed unit_price, unit_tax, line_item_price, tax and discount for Order Line Item \"Founders\' Club UK Delivery \". Added Order Status \"Shipped\". Changed amount for Order Payment \"Order Payment #796\".'),(1106,'2014-04-07 10:50:28',3,93,'333','Order #333: Peter Jakobsson',2,'Changed sub_total, shipping_cost, shipping_discount, tax, discount and total. Changed unit_price, unit_tax, line_item_price, tax and discount for Order Line Item \"The ONE - 70cl Bottle\". Changed amount for Order Payment \"Order Payment #806\".'),(1107,'2014-04-07 13:41:32',3,47,'9','COCKTAILS - THE BLUE ONE',2,'Changed html.'),(1108,'2014-04-07 13:44:09',3,47,'9','COCKTAILS - THE BLUE ONE',2,'No fields changed.'),(1109,'2014-04-07 13:45:16',3,10,'78','COCKTAILS - THE BLUE ONE',2,'No fields changed.'),(1110,'2014-04-07 13:47:08',3,10,'78','COCKTAILS - THE BLUE ONE',2,'No fields changed.'),(1111,'2014-04-07 13:47:51',3,10,'23','Cocktails',2,'No fields changed.'),(1112,'2014-04-07 13:50:00',3,10,'78','COCKTAILS - THE BLUE ONE',2,'Changed slug and template.'),(1113,'2014-04-07 13:50:33',3,10,'136','The Bar and Bistro',2,''),(1114,'2014-04-07 13:52:17',3,10,'136','The Bar and Bistro',2,'Changed title and slug.'),(1115,'2014-04-07 13:58:50',3,10,'23','Cocktails',2,'No fields changed.'),(1116,'2014-04-07 15:20:20',3,10,'136','The Bistro & Bar',2,'No fields changed.'),(1117,'2014-04-07 15:20:39',3,10,'136','The Bistro & Bar',2,'Changed published.'),(1118,'2014-04-07 15:24:07',3,10,'139','Cocktails',2,'No fields changed.'),(1119,'2014-04-07 15:24:42',3,10,'74','COCKTAILS - THE ONE',2,'No fields changed.'),(1120,'2014-04-07 15:25:53',3,10,'23','Cocktails',2,'No fields changed.'),(1121,'2014-04-08 13:09:33',3,93,'334','Order #334: Heather Moore',2,'Changed sub_total, shipping_cost, shipping_discount, tax, discount and total. Changed unit_price, unit_tax, line_item_price, tax and discount for Order Line Item \"The ONE - 70cl Bottle\". Added Order Status \"Shipped\". Changed amount for Order Payment \"Order Payment #808\".'),(1122,'2014-04-08 13:12:36',3,47,'9','COCKTAILS - THE BLUE ONE',2,'Changed html.'),(1123,'2014-04-08 13:12:57',3,10,'78','COCKTAILS - THE BLUE ONE',2,'No fields changed.'),(1124,'2014-04-08 13:13:36',3,10,'23','Cocktails',2,'No fields changed.'),(1125,'2014-04-08 13:14:16',3,10,'78','COCKTAILS - THE BLUE ONE',2,'Changed slug.'),(1126,'2014-04-08 13:48:16',3,93,'335','Order #335: Lynn Pearson',2,'Changed sub_total, shipping_cost, shipping_discount, tax, discount and total. Changed unit_price, unit_tax, line_item_price, tax and discount for Order Line Item \"Founders\' Club UK Delivery \". Added Order Status \"Shipped\". Changed amount for Order Payment \"Order Payment #810\".'),(1127,'2014-04-08 14:27:06',3,30,'76','Entry object',1,''),(1128,'2014-04-08 14:29:09',3,30,'76','Entry object',2,'Changed main.'),(1129,'2014-04-08 14:29:38',3,30,'76','Entry object',2,'Changed is_published and main.'),(1130,'2014-04-08 14:30:21',3,30,'9','Entry object',2,'Changed first_image and main.'),(1131,'2014-04-08 14:36:05',3,30,'9','Entry object',2,'Changed title and main.'),(1132,'2014-04-08 16:12:59',3,30,'73','Entry object',2,'Changed main_text and main.'),(1133,'2014-04-08 16:13:00',3,30,'73','Entry object',2,'Changed main.'),(1134,'2014-04-09 11:31:46',3,30,'77','Entry object',1,''),(1135,'2014-04-09 11:35:34',3,30,'77','Entry object',2,'Changed main_text and main.'),(1136,'2014-04-09 11:36:23',3,30,'77','Entry object',2,'Changed main_text and main.'),(1137,'2014-04-09 11:43:09',3,30,'77','Entry object',2,'Changed main_text and main.'),(1138,'2014-04-09 11:49:40',3,30,'77','Entry object',2,'Changed main_text and main.'),(1139,'2014-04-09 11:58:41',3,30,'77','Entry object',2,'Changed main_text and main.'),(1140,'2014-04-09 11:59:26',3,30,'77','Entry object',2,'Changed main_text and main.'),(1141,'2014-04-09 12:17:01',3,30,'77','Entry object',2,'Changed main_text and main.'),(1142,'2014-04-09 12:18:04',3,30,'77','Entry object',2,'Changed main_text and main.'),(1143,'2014-04-09 12:20:31',3,30,'77','Entry object',2,'Changed main.'),(1144,'2014-04-09 12:21:39',3,30,'77','Entry object',2,'Changed main_text and main.'),(1145,'2014-04-09 12:22:32',3,30,'77','Entry object',2,'Changed main_text and main.'),(1146,'2014-04-09 12:23:21',3,30,'77','Entry object',2,'Changed main_text and main.'),(1147,'2014-04-09 13:43:47',3,22,'None','GalleryUpload object',1,''),(1148,'2014-04-09 13:45:25',3,21,'13','Building Work on The Roof',2,'No fields changed.'),(1149,'2014-04-09 13:49:24',3,10,'204','Behind The Scenes',2,'Changed title, slug and published.'),(1150,'2014-04-09 13:52:33',3,23,'431','Lovely green spring time view',2,'Changed title and title_slug.'),(1151,'2014-04-09 13:58:40',3,30,'78','Entry object',1,''),(1152,'2014-04-09 14:00:58',3,30,'78','Entry object',2,'Changed is_published, first_image and main.'),(1153,'2014-04-09 14:01:58',3,21,'13','Building Work on The Roof',2,'No fields changed.'),(1154,'2014-04-09 14:02:15',3,30,'78','Entry object',2,'Changed main_text and main.'),(1155,'2014-04-09 14:03:23',3,30,'78','Entry object',2,'Changed main.'),(1156,'2014-04-09 14:03:38',3,21,'13','Building Work on The Roof',2,'No fields changed.'),(1157,'2014-04-09 14:04:00',3,93,'336','Order #336: Laura Simson',3,''),(1158,'2014-04-09 14:06:14',3,30,'78','Entry object',2,'Changed excerpt, main_text and main.'),(1159,'2014-04-09 14:07:11',3,10,'206','Our People',3,''),(1160,'2014-04-09 14:10:04',3,10,'210','CHRIS ANDERSON',2,'Changed title and slug.'),(1161,'2014-04-09 14:10:53',3,10,'210','Paul Currie',2,'No fields changed.'),(1162,'2014-04-09 14:11:31',3,10,'210','Paul Currie',2,'No fields changed.'),(1163,'2014-04-09 14:12:06',3,10,'19','Our People',2,'No fields changed.'),(1164,'2014-04-09 14:13:44',3,10,'19','Our People',2,''),(1165,'2014-04-09 14:14:08',3,10,'68','PAUL CURRIE',3,''),(1166,'2014-04-09 14:15:25',3,10,'212','CHRIS ANDERSON',2,'Changed title and slug.'),(1167,'2014-04-09 14:15:57',3,10,'213','CHRIS ANDERSON',2,'Changed title and slug.'),(1168,'2014-04-09 14:16:22',3,10,'214','CHRIS ANDERSON',2,'Changed title and slug.'),(1169,'2014-04-09 14:16:51',3,10,'215','CHRIS ANDERSON',2,'Changed title and slug.'),(1170,'2014-04-09 14:17:19',3,10,'216','CHRIS ANDERSON',2,'Changed title and slug.'),(1171,'2014-04-09 14:17:40',3,10,'66','CHRIS ANDERSON',2,'Changed title and slug.'),(1172,'2014-04-09 14:17:54',3,10,'67','ALAN RUTHERFORD',2,'Changed title and slug.'),(1173,'2014-04-09 14:18:21',3,10,'217','Chris Anderson',2,'Changed title and slug.'),(1174,'2014-04-09 14:18:35',3,10,'19','Our People',2,''),(1175,'2014-04-09 14:22:23',3,111,'3','Katie Read',1,''),(1176,'2014-04-09 14:22:33',3,111,'4','Laura Simpson',1,''),(1177,'2014-04-09 14:22:39',3,111,'5','Nigel Mills',1,''),(1178,'2014-04-09 14:22:45',3,111,'6','Alan Rutherford',1,''),(1179,'2014-04-09 14:22:52',3,111,'7','John Drake',1,''),(1180,'2014-04-09 14:23:00',3,111,'8','Chris Anderson',1,''),(1181,'2014-04-09 14:23:08',3,111,'9','Brian Jobling',1,''),(1182,'2014-04-09 14:23:18',3,111,'10','Tom Hedley',1,''),(1183,'2014-04-09 14:24:10',3,108,'1','Entry object',2,'Changed title.'),(1184,'2014-04-09 14:25:07',3,108,'2','Entry object',2,'Changed title and content.'),(1185,'2014-04-09 14:26:00',3,108,'2','Entry object',2,'Changed content.'),(1186,'2014-04-09 14:27:02',3,108,'3','Entry object',2,'Changed title and content.'),(1187,'2014-04-09 14:27:46',3,108,'4','Entry object',2,'Changed title and content.'),(1188,'2014-04-09 14:28:07',3,108,'5','Entry object',2,'Changed title and content.'),(1189,'2014-04-09 14:28:23',3,108,'6','Entry object',2,'Changed title and content.'),(1190,'2014-04-09 14:28:43',3,108,'7','Entry object',2,'Changed title and content.'),(1191,'2014-04-09 14:30:15',3,108,'8','Entry object',2,'Changed title and content.'),(1192,'2014-04-09 14:30:34',3,108,'9','Entry object',2,'Changed title and content.'),(1193,'2014-04-09 14:30:59',3,108,'10','Entry object',2,'Changed title and content.'),(1194,'2014-04-09 14:31:22',3,108,'11','Entry object',2,'Changed title and content.'),(1195,'2014-04-09 14:31:50',3,108,'12','Entry object',2,'Changed title and content.'),(1196,'2014-04-09 14:32:40',3,108,'11','Entry object',2,'Changed content.'),(1197,'2014-04-09 14:33:02',3,108,'13','Entry object',2,'Changed content.'),(1198,'2014-04-09 14:33:17',3,108,'2','Entry object',2,'No fields changed.'),(1199,'2014-04-09 14:33:22',3,108,'3','Entry object',2,'No fields changed.'),(1200,'2014-04-09 14:33:27',3,108,'4','Entry object',2,'No fields changed.'),(1201,'2014-04-09 14:33:47',3,108,'5','Entry object',2,'Changed content.'),(1202,'2014-04-09 14:34:06',3,108,'7','Entry object',2,'Changed content.'),(1203,'2014-04-09 14:34:26',3,108,'12','Entry object',2,'Changed content.'),(1204,'2014-04-09 14:37:40',3,108,'14','Entry object',1,''),(1205,'2014-04-09 14:37:48',3,108,'14','Entry object',2,'Changed priority.'),(1206,'2014-04-09 14:38:09',3,108,'14','Entry object',2,'Changed priority.'),(1207,'2014-04-09 14:38:42',3,108,'15','Entry object',1,''),(1208,'2014-04-09 14:39:40',3,108,'15','Entry object',2,'Changed title and content.'),(1209,'2014-04-09 14:40:27',3,108,'16','Entry object',1,''),(1210,'2014-04-09 14:40:54',3,108,'16','Entry object',2,'Changed priority.'),(1211,'2014-04-09 16:43:42',3,108,'17','Entry object',1,''),(1212,'2014-04-09 16:44:24',3,108,'18','Entry object',1,''),(1213,'2014-04-09 16:45:56',3,108,'19','Entry object',1,''),(1214,'2014-04-09 16:46:38',3,108,'20','Entry object',1,''),(1215,'2014-04-09 16:48:02',3,108,'21','Entry object',1,''),(1216,'2014-04-09 16:49:20',3,108,'22','Entry object',1,''),(1217,'2014-04-09 16:50:51',3,108,'23','Entry object',1,''),(1218,'2014-04-09 16:51:54',3,108,'24','Entry object',1,''),(1219,'2014-04-09 16:52:34',3,108,'25','Entry object',1,''),(1220,'2014-04-09 16:53:32',3,108,'26','Entry object',1,''),(1221,'2014-04-09 16:54:07',3,10,'214','John Drake',2,'No fields changed.'),(1222,'2014-04-09 16:55:08',3,10,'19','Our People',2,'No fields changed.'),(1223,'2014-04-09 16:57:19',3,108,'23','Entry object',2,'Changed title and content.'),(1224,'2014-04-09 16:57:56',3,108,'22','Entry object',2,'Changed content.'),(1225,'2014-04-09 16:58:01',3,108,'21','Entry object',2,'Changed content.'),(1226,'2014-04-09 16:58:04',3,108,'20','Entry object',2,'Changed content.'),(1227,'2014-04-09 16:58:18',3,108,'18','Entry object',2,'Changed content.'),(1228,'2014-04-09 16:58:37',3,108,'16','Entry object',2,'Changed content.'),(1229,'2014-04-09 16:59:01',3,10,'19','Our People',2,'');
/*!40000 ALTER TABLE `django_admin_log` ENABLE KEYS */;
UNLOCK TABLES;

--
-- Table structure for table `django_content_type`
--

DROP TABLE IF EXISTS `django_content_type`;
/*!40101 SET @saved_cs_client     = @@character_set_client */;
/*!40101 SET character_set_client = utf8 */;
CREATE TABLE `django_content_type` (
  `id` int(11) NOT NULL AUTO_INCREMENT,
  `name` varchar(100) NOT NULL,
  `app_label` varchar(100) NOT NULL,
  `model` varchar(100) NOT NULL,
  PRIMARY KEY (`id`),
  UNIQUE KEY `app_label` (`app_label`,`model`)
) ENGINE=InnoDB AUTO_INCREMENT=112 DEFAULT CHARSET=utf8;
/*!40101 SET character_set_client = @saved_cs_client */;

--
-- Dumping data for table `django_content_type`
--

LOCK TABLES `django_content_type` WRITE;
/*!40000 ALTER TABLE `django_content_type` DISABLE KEYS */;
INSERT INTO `django_content_type` VALUES (1,'permission','auth','permission'),(2,'group','auth','group'),(3,'user','auth','user'),(4,'content type','contenttypes','contenttype'),(5,'session','sessions','session'),(6,'site','sites','site'),(7,'log entry','admin','logentry'),(8,'placeholder','cms','placeholder'),(9,'cms plugin','cms','cmsplugin'),(10,'page','cms','page'),(11,'Page moderator state','cms','pagemoderatorstate'),(12,'Page global permission','cms','globalpagepermission'),(13,'Page permission','cms','pagepermission'),(14,'User (page)','cms','pageuser'),(15,'User group (page)','cms','pageusergroup'),(16,'title','cms','title'),(17,'migration history','south','migrationhistory'),(18,'cache key','menus','cachekey'),(19,'tag','tagging','tag'),(20,'tagged item','tagging','taggeditem'),(21,'gallery','photologue','gallery'),(22,'gallery upload','photologue','galleryupload'),(23,'photo','photologue','photo'),(24,'photo effect','photologue','photoeffect'),(25,'watermark','photologue','watermark'),(26,'photo size','photologue','photosize'),(27,'kv store','thumbnail','kvstore'),(28,'source','easy_thumbnails','source'),(29,'thumbnail','easy_thumbnails','thumbnail'),(30,'News entry','cmsplugin_blog','entry'),(31,'Entry title','cmsplugin_blog','entrytitle'),(32,'latest entries plugin','cmsplugin_blog','latestentriesplugin'),(33,'Subscriber','cmsplugin_blog','subscriber'),(34,'Subscription entry','cmsplugin_blog','subscriberentries'),(35,'Category','cmsplugin_blog','category'),(36,'form plugin model','cmsplugin_form','formpluginmodel'),(37,'photologue gallery plugin','cmsplugin_photologue','photologuegalleryplugin'),(38,'photologue photo plugin','cmsplugin_photologue','photologuephotoplugin'),(39,'photologue galleries list plugin','cmsplugin_photologue','photologuegallerieslistplugin'),(40,'Image','cmsplugin_jcarousellite','sliderimage'),(41,'Slider Album','cmsplugin_jcarousellite','slideralbum'),(42,'slider plugin','cmsplugin_jcarousellite','sliderplugin'),(43,'text','text','text'),(44,'link','link','link'),(45,'picture','picture','picture'),(46,'file','file','file'),(47,'Snippet','snippet','snippet'),(48,'Snippet','snippet','snippetptr'),(49,'registration profile','registration','registrationprofile'),(50,'setting','livesettings','setting'),(51,'long setting','livesettings','longsetting'),(52,'Country','l10n','country'),(53,'Administrative Area','l10n','adminarea'),(54,'Tax Rate','area','taxrate'),(55,'Payment Option','payment','paymentoption'),(56,'Credit Card','payment','creditcarddetail'),(57,'plugin point','app_plugins','pluginpoint'),(58,'plugin','app_plugins','plugin'),(59,'user plugin preference','app_plugins','userpluginpreference'),(60,'Category','product','category'),(61,'Category Translation','product','categorytranslation'),(62,'Category Image','product','categoryimage'),(63,'Category Image Translation','product','categoryimagetranslation'),(64,'Discount','product','discount'),(65,'Option Group','product','optiongroup'),(66,'Option Group Translation','product','optiongrouptranslation'),(67,'Option Item','product','option'),(68,'Option Translation','product','optiontranslation'),(69,'Product','product','product'),(70,'Product Translation','product','producttranslation'),(71,'product price lookup','product','productpricelookup'),(72,'attribute option','product','attributeoption'),(73,'Product Attribute','product','productattribute'),(74,'Category Attribute','product','categoryattribute'),(75,'Price','product','price'),(76,'Product Image','product','productimage'),(77,'Product Image Translation','product','productimagetranslation'),(78,'Tax Class','product','taxclass'),(79,'contact role','contact','contactrole'),(80,'Contact organization type','contact','contactorganization'),(81,'contact organization role','contact','contactorganizationrole'),(82,'contact interaction type','contact','contactinteractiontype'),(83,'Organization','contact','organization'),(84,'Contact','contact','contact'),(85,'Interaction','contact','interaction'),(86,'Phone Number','contact','phonenumber'),(87,'Address Book','contact','addressbook'),(88,'Store Configuration','shop','config'),(89,'Shopping Cart','shop','cart'),(90,'Cart Item','shop','cartitem'),(91,'Cart Item Detail','shop','cartitemdetails'),(92,'Order variable','shop','ordervariable'),(93,'Product Order','shop','order'),(94,'Order Line Item','shop','orderitem'),(95,'Order Item Detail','shop','orderitemdetail'),(96,'Order Status','shop','orderstatus'),(97,'Order Payment Authorization','shop','orderauthorization'),(98,'Order Payment','shop','orderpayment'),(99,'Order Pending Payment','shop','orderpendingpayment'),(100,'order payment failure','shop','orderpaymentfailure'),(101,'Order tax detail','shop','ordertaxdetail'),(102,'Product variation','configurable','productvariation'),(103,'Custom Product','custom','customproduct'),(104,'Configurable Product','configurable','configurableproduct'),(105,'affiliate','affiliate','affiliate'),(106,'affiliateorder','affiliate','affiliateorder'),(107,'meeting','crm','meeting'),(108,'Entry','cmsplugin_people','entry'),(109,'Entry title','cmsplugin_people','entrytitle'),(110,'people entries plugin','cmsplugin_people','peopleentriesplugin'),(111,'Category','cmsplugin_people','category');
/*!40000 ALTER TABLE `django_content_type` ENABLE KEYS */;
UNLOCK TABLES;

--
-- Table structure for table `django_session`
--

DROP TABLE IF EXISTS `django_session`;
/*!40101 SET @saved_cs_client     = @@character_set_client */;
/*!40101 SET character_set_client = utf8 */;
CREATE TABLE `django_session` (
  `session_key` varchar(40) NOT NULL,
  `session_data` longtext NOT NULL,
  `expire_date` datetime NOT NULL,
  PRIMARY KEY (`session_key`),
  KEY `django_session_3da3d3d8` (`expire_date`)
) ENGINE=InnoDB DEFAULT CHARSET=utf8;
/*!40101 SET character_set_client = @saved_cs_client */;

--
-- Dumping data for table `django_session`
--

LOCK TABLES `django_session` WRITE;
/*!40000 ALTER TABLE `django_session` DISABLE KEYS */;
INSERT INTO `django_session` VALUES ('0001e46502b021c9537769055bb1f95b','NmU1YzBlZjFlYjAyOWQ5YjNiMjkxMDg0NmQ4OGYzNjc2NzZmNTc3MjqAAn1xAVUKdGVzdGNvb2tp\nZXECVQZ3b3JrZWRxA3Mu\n','2014-04-15 16:02:20'),('0036eb0dd4d33f26e2793ee72785c48c','MjdmNWNmNjI4MzgzYTc2MGQ0YTgwZTBkMDY5YTY4Yjk2Mzk3Zjg2MTqAAn1xAS4=\n','2014-03-21 13:29:22'),('0054b31a96c0d47449e003645b2d619c','NmU1YzBlZjFlYjAyOWQ5YjNiMjkxMDg0NmQ4OGYzNjc2NzZmNTc3MjqAAn1xAVUKdGVzdGNvb2tp\nZXECVQZ3b3JrZWRxA3Mu\n','2014-04-12 05:29:01'),('0058c037193f70e5c88f756728f31e98','YTEzODM3M2FjODZjOWYwYzBhMjRkZTcyY2JhODA2MzViZGM5MGE3ZDqAAn1xAShVB29yZGVySUSK\nAs0AVQp0ZXN0Y29va2llVQZ3b3JrZWRVBmN1c3RJRIoCkABVBGNhcnSKAjYBdS4=\n','2014-02-22 01:28:33'),('00cd666d11febcce9b35eaade167c200','NmU1YzBlZjFlYjAyOWQ5YjNiMjkxMDg0NmQ4OGYzNjc2NzZmNTc3MjqAAn1xAVUKdGVzdGNvb2tp\nZXECVQZ3b3JrZWRxA3Mu\n','2014-03-05 23:22:02'),('0108a2886503a95eba342c244cded39e','OGQyNzk0NWM2ZmFlYjNmNzJlYTc3ZTAzODI2NGZkOTNhM2Y0NDYzMDqAAn1xAVUEY2FydHECigL3\nAXMu\n','2014-04-15 16:23:44'),('013d657821e0da4730d76ec4f53a34e8','NmU1YzBlZjFlYjAyOWQ5YjNiMjkxMDg0NmQ4OGYzNjc2NzZmNTc3MjqAAn1xAVUKdGVzdGNvb2tp\nZXECVQZ3b3JrZWRxA3Mu\n','2014-04-02 10:29:27'),('019a24f57b39de43c4a7cf465b068a18','NTFmMjEyYzFiZTI0MjAyNDU1YjZmNDAzNzBlYzFjODkxOWE1ZTJhMjqAAn1xAVUEY2FydHECigJV\nAXMu\n','2014-02-27 06:24:22'),('01b42e2fc7e2dcffc076037f68d8be2d','NmU1YzBlZjFlYjAyOWQ5YjNiMjkxMDg0NmQ4OGYzNjc2NzZmNTc3MjqAAn1xAVUKdGVzdGNvb2tp\nZXECVQZ3b3JrZWRxA3Mu\n','2014-04-11 03:44:16'),('01f1428e65bc787837f4a2b9aa3ca0ec','NmU1YzBlZjFlYjAyOWQ5YjNiMjkxMDg0NmQ4OGYzNjc2NzZmNTc3MjqAAn1xAVUKdGVzdGNvb2tp\nZXECVQZ3b3JrZWRxA3Mu\n','2014-04-15 06:40:22'),('023cb770a3ed9ab60a906a697efed9a7','MjdmNWNmNjI4MzgzYTc2MGQ0YTgwZTBkMDY5YTY4Yjk2Mzk3Zjg2MTqAAn1xAS4=\n','2014-03-13 15:46:49'),('02be1c71fb5eeae00083e7254c1aec16','NmU1YzBlZjFlYjAyOWQ5YjNiMjkxMDg0NmQ4OGYzNjc2NzZmNTc3MjqAAn1xAVUKdGVzdGNvb2tp\nZXECVQZ3b3JrZWRxA3Mu\n','2014-03-16 11:50:33'),('02f72545a287d68fdc05f61f873b3a99','MTRiYTJlNmJkOTgyM2ZhYmMzNTI3YzBiYzcxNmMwZDRlN2JjNGUwMDqAAn1xAVUKdGVzdGNvb2tp\nZVUGd29ya2VkcQJzLg==\n','2014-02-22 14:16:54'),('031302ddf7c962bbd2f1ef8f01e22ccf','NmEwOWIzNmQ2NzNjOTkzNDU4ODM4ODIwMWI1MDY3M2U2MTZlODNiMjqAAn1xAShVCnRlc3Rjb29r\naWVxAlUGd29ya2VkcQNVBGNhcnSKAkIBdS4=\n','2014-02-23 08:39:50'),('0314b33ef8e8a66fe323b7ad8ca07d60','ZWYwMjIxZmFmMjhjNjI3MGVhODU0NGVlZTY0MzBhZjA0NzkyY2NiZjqAAn1xAVUEY2FydHECigK1\nAXMu\n','2014-03-18 18:19:09'),('03ad8e1a5e7907c5d0b1c4ff71b5d794','NmU1YzBlZjFlYjAyOWQ5YjNiMjkxMDg0NmQ4OGYzNjc2NzZmNTc3MjqAAn1xAVUKdGVzdGNvb2tp\nZXECVQZ3b3JrZWRxA3Mu\n','2014-03-19 21:27:02'),('04201311e439d397c18f73187cf3dd0b','ODE2ZmQ3OGJiZmQyZTkzYjA0YTA1ODYxNGU5NWE3M2M5MzE3NGJiYjqAAn1xAShVB29yZGVySUSK\nAhwBVQp0ZXN0Y29va2llVQZ3b3JrZWRVBmN1c3RJRIoC5ABVBGNhcnSKArABdS4=\n','2014-03-18 08:04:07'),('045a5da0d548c28c1e597485cfcea089','NmVkZjQ4ZWJjMzhlOGNiNzlhNjViYWYxMzg2OTYzZjQ5ZjU3M2FjMjqAAn1xAShVCnRlc3Rjb29r\naWVxAlUGd29ya2VkcQNVBGNhcnSKApMBdS4=\n','2014-03-13 02:47:51'),('0464fd152f98092527cb89a52d55717f','MTRiYTJlNmJkOTgyM2ZhYmMzNTI3YzBiYzcxNmMwZDRlN2JjNGUwMDqAAn1xAVUKdGVzdGNvb2tp\nZVUGd29ya2VkcQJzLg==\n','2014-02-28 18:31:55'),('054881023b1a2d347bb62fcea1c28a59','YzRjOTMyNWQwM2UyMDM1MDg1NjY1MzI4NWI5ODNjMTI4NTFlOWQ5ZDqAAn1xAShVBmN1c3RJRIoC\n9wBVCnRlc3Rjb29raWVVBndvcmtlZFUNX2F1dGhfdXNlcl9pZIoBPVUSX2F1dGhfdXNlcl9iYWNr\nZW5kVS5zYXRjaG1vX3N0b3JlLmFjY291bnRzLmVtYWlsLWF1dGguRW1haWxCYWNrZW5kdS4=\n','2014-03-30 12:48:38'),('062229eca9940c3fc680b67b3fd7422b','MjdmNWNmNjI4MzgzYTc2MGQ0YTgwZTBkMDY5YTY4Yjk2Mzk3Zjg2MTqAAn1xAS4=\n','2014-02-22 17:43:22'),('06322f74dfaf0a603d7a75bf392fefaa','NmU1YzBlZjFlYjAyOWQ5YjNiMjkxMDg0NmQ4OGYzNjc2NzZmNTc3MjqAAn1xAVUKdGVzdGNvb2tp\nZXECVQZ3b3JrZWRxA3Mu\n','2014-03-12 12:06:13'),('066c37869b7424e086b76d5fc9c7b3e8','NmU1YzBlZjFlYjAyOWQ5YjNiMjkxMDg0NmQ4OGYzNjc2NzZmNTc3MjqAAn1xAVUKdGVzdGNvb2tp\nZXECVQZ3b3JrZWRxA3Mu\n','2014-04-22 07:00:16'),('0719680c5567703ca64cbbca55eaeae7','NmU1YzBlZjFlYjAyOWQ5YjNiMjkxMDg0NmQ4OGYzNjc2NzZmNTc3MjqAAn1xAVUKdGVzdGNvb2tp\nZXECVQZ3b3JrZWRxA3Mu\n','2014-03-15 00:53:33'),('07489a9b2055c2bf98b039b62cb649e9','NmU1YzBlZjFlYjAyOWQ5YjNiMjkxMDg0NmQ4OGYzNjc2NzZmNTc3MjqAAn1xAVUKdGVzdGNvb2tp\nZXECVQZ3b3JrZWRxA3Mu\n','2014-03-10 18:11:37'),('080cf7b78ac55369b832a8e42c19ea95','OTIyZTQ2MmE5YjBlYjZjODA1ZWRjNzhjNjk1ZjgxNGVjZDNkNmVmMDqAAn1xAShVB29yZGVySUSK\nAiEBVQp0ZXN0Y29va2llVQZ3b3JrZWRVBmN1c3RJRIoC7QBVBGNhcnSKAr0BdS4=\n','2014-03-20 21:07:15'),('0964e5d883ce5470fafb65cda7f2f3e6','NmU1YzBlZjFlYjAyOWQ5YjNiMjkxMDg0NmQ4OGYzNjc2NzZmNTc3MjqAAn1xAVUKdGVzdGNvb2tp\nZXECVQZ3b3JrZWRxA3Mu\n','2014-04-18 20:35:29'),('09726ecf17c13ac7c93c80ac994ed935','NmU1YzBlZjFlYjAyOWQ5YjNiMjkxMDg0NmQ4OGYzNjc2NzZmNTc3MjqAAn1xAVUKdGVzdGNvb2tp\nZXECVQZ3b3JrZWRxA3Mu\n','2014-03-18 03:20:16'),('09b748b0bca6ab4a66a5e1a4d7c517cc','NmU1YzBlZjFlYjAyOWQ5YjNiMjkxMDg0NmQ4OGYzNjc2NzZmNTc3MjqAAn1xAVUKdGVzdGNvb2tp\nZXECVQZ3b3JrZWRxA3Mu\n','2014-03-20 16:11:34'),('09f79d559b63dee291d2eaa6cbc589ff','N2FhYTRkNDYxNDljMmRjNDNmYjhkZjY3MWMyZGZjMWNjN2M3MzY3YzqAAn1xAShVCnRlc3Rjb29r\naWVVBndvcmtlZFUGY3VzdElEigL6AFUSX2F1dGhfdXNlcl9iYWNrZW5kVSlkamFuZ28uY29udHJp\nYi5hdXRoLmJhY2tlbmRzLk1vZGVsQmFja2VuZFUNX2F1dGhfdXNlcl9pZIoBQHUu\n','2014-03-26 15:01:00'),('0a0c67f517cd33eaec1aa0a83def1906','MTRiYTJlNmJkOTgyM2ZhYmMzNTI3YzBiYzcxNmMwZDRlN2JjNGUwMDqAAn1xAVUKdGVzdGNvb2tp\nZVUGd29ya2VkcQJzLg==\n','2014-02-26 01:14:24'),('0a3414ebac37b74ac85a9ac11a0b31fb','NzNiZmNjMTVjN2RmZGIyZDZlYTdlMTI1YzY3YTlhYTE4MTg1YmQ0NDqAAn1xAShVBmN1c3RJRIoC\niwBVDV9hdXRoX3VzZXJfaWSKAQZVCnRlc3Rjb29raWVVBndvcmtlZFUSX2F1dGhfdXNlcl9iYWNr\nZW5kVS5zYXRjaG1vX3N0b3JlLmFjY291bnRzLmVtYWlsLWF1dGguRW1haWxCYWNrZW5kVQRjYXJ0\nigIuAXUu\n','2014-02-21 15:54:24'),('0b2e5bea2a8e0cb9ec880dcc0d324d0d','NDYyMTg3MWMwMDQzOWVkNzkyYWViMDNmZjk1NTEwYjUwNDlmOWY3MDqAAn1xAShVBmN1c3RJRIoC\nMAFVDV9hdXRoX3VzZXJfaWSKAWNVEl9hdXRoX3VzZXJfYmFja2VuZFUpZGphbmdvLmNvbnRyaWIu\nYXV0aC5iYWNrZW5kcy5Nb2RlbEJhY2tlbmR1Lg==\n','2014-04-20 12:51:18'),('0bc0c70ff45ff68976715111b488f133','NmU1YzBlZjFlYjAyOWQ5YjNiMjkxMDg0NmQ4OGYzNjc2NzZmNTc3MjqAAn1xAVUKdGVzdGNvb2tp\nZXECVQZ3b3JrZWRxA3Mu\n','2014-04-04 13:52:35'),('0c219206bf7bd09e91fafd5209e62dd7','Mjg0MGIzODZjMTU5OTBmYzQzNTJmNTNjMTA3YTNmYmUwMTI4MDYwNDqAAn1xAShVBmN1c3RJRIoC\nMAFVCnRlc3Rjb29raWVVBndvcmtlZFUNX2F1dGhfdXNlcl9pZIoBY1USX2F1dGhfdXNlcl9iYWNr\nZW5kVSlkamFuZ28uY29udHJpYi5hdXRoLmJhY2tlbmRzLk1vZGVsQmFja2VuZHUu\n','2014-04-21 01:44:29'),('0c60f353e6596519570bd27bf96bc6d2','NmU1YzBlZjFlYjAyOWQ5YjNiMjkxMDg0NmQ4OGYzNjc2NzZmNTc3MjqAAn1xAVUKdGVzdGNvb2tp\nZXECVQZ3b3JrZWRxA3Mu\n','2014-04-02 10:29:27'),('0c83a51071ad6b9cb5bed59251ef5ef1','NmU1YzBlZjFlYjAyOWQ5YjNiMjkxMDg0NmQ4OGYzNjc2NzZmNTc3MjqAAn1xAVUKdGVzdGNvb2tp\nZXECVQZ3b3JrZWRxA3Mu\n','2014-02-28 13:42:09'),('0c883b87b99b9a600a0f81b84b55d46a','OWQ1ZTM5MjczZTIyZTVlZGNlMWRhM2JhYzAyZTZjNDQwOWRmMGVjNTqAAn1xAShVBmN1c3RJRIoC\nnwBVEl9hdXRoX3VzZXJfYmFja2VuZFUpZGphbmdvLmNvbnRyaWIuYXV0aC5iYWNrZW5kcy5Nb2Rl\nbEJhY2tlbmRVDV9hdXRoX3VzZXJfaWSKARF1Lg==\n','2014-02-24 15:19:49'),('0cf80058a4c3e463580e2c3970bf1da1','MTRiYTJlNmJkOTgyM2ZhYmMzNTI3YzBiYzcxNmMwZDRlN2JjNGUwMDqAAn1xAVUKdGVzdGNvb2tp\nZVUGd29ya2VkcQJzLg==\n','2014-02-23 17:37:20'),('0d1cc096b9c8e756abaf454c34eb7bfc','NmU1YzBlZjFlYjAyOWQ5YjNiMjkxMDg0NmQ4OGYzNjc2NzZmNTc3MjqAAn1xAVUKdGVzdGNvb2tp\nZXECVQZ3b3JrZWRxA3Mu\n','2014-03-24 15:58:41'),('0d2e0a6f062e961eee1b2c3b77ddfbd5','MWJhMDQxMTg4YTM3ZjFlYmExYTViMWZkYmMxNWViNWRjYzYwZjJjZDqAAn1xAShVCnRlc3Rjb29r\naWVxAlUGd29ya2VkcQNVBGNhcnSKAlwBdS4=\n','2014-02-28 21:36:13'),('0d6b17c7449064f0506291f7187bf998','N2EzYmZjMDA5N2QxY2QwNWEyNTkzNzFhMTRlYTlkMTRjZDc4MGU2NjqAAn1xAShVCnRlc3Rjb29r\naWVxAlUGd29ya2VkcQNVBGNhcnSKAtoBdS4=\n','2014-04-04 08:37:00'),('0d6e75a4d42e1465d2c0193f88519a3d','NmU1YzBlZjFlYjAyOWQ5YjNiMjkxMDg0NmQ4OGYzNjc2NzZmNTc3MjqAAn1xAVUKdGVzdGNvb2tp\nZXECVQZ3b3JrZWRxA3Mu\n','2014-03-04 09:20:45'),('0d8a917c69bfb3dbda4d0516c42d3549','NmU1YzBlZjFlYjAyOWQ5YjNiMjkxMDg0NmQ4OGYzNjc2NzZmNTc3MjqAAn1xAVUKdGVzdGNvb2tp\nZXECVQZ3b3JrZWRxA3Mu\n','2014-03-02 00:33:06'),('0db0e52d1b09c9afecf1d59be6a65c23','NmU1YzBlZjFlYjAyOWQ5YjNiMjkxMDg0NmQ4OGYzNjc2NzZmNTc3MjqAAn1xAVUKdGVzdGNvb2tp\nZXECVQZ3b3JrZWRxA3Mu\n','2014-04-17 18:42:39'),('0e15591e614539f3496430ec869a66da','NmU1YzBlZjFlYjAyOWQ5YjNiMjkxMDg0NmQ4OGYzNjc2NzZmNTc3MjqAAn1xAVUKdGVzdGNvb2tp\nZXECVQZ3b3JrZWRxA3Mu\n','2014-02-27 22:18:43'),('0e20dc22e84f77b9e762ab1ceac81b56','NmU1YzBlZjFlYjAyOWQ5YjNiMjkxMDg0NmQ4OGYzNjc2NzZmNTc3MjqAAn1xAVUKdGVzdGNvb2tp\nZXECVQZ3b3JrZWRxA3Mu\n','2014-03-22 08:42:18'),('0e77db213a222554ceb371ae41e72334','OThkMTkxNTY2MTlmZjVlN2EyNTlmYmZhZjRkZGY4NzZkOGZlZDJiMTqAAn1xAShVB29yZGVySUSK\nAgIBVQ1fYXV0aF91c2VyX2lkigEkVQp0ZXN0Y29va2llVQZ3b3JrZWRVBGNhcnSKAokBVRJfYXV0\naF91c2VyX2JhY2tlbmRVLnNhdGNobW9fc3RvcmUuYWNjb3VudHMuZW1haWwtYXV0aC5FbWFpbEJh\nY2tlbmRVBmN1c3RJRIoCxAB1Lg==\n','2014-03-10 18:10:09'),('0f0af6af27d1fd2f878df0b56c13f2ba','OTRiNmU1MDc4MTI3NDUwMTI4Yjg4OGQ2MWU5NDVmZTU2YjA1OTYwNjqAAn1xAShVBmN1c3RJRIoC\nHAFVCnRlc3Rjb29raWVVBndvcmtlZFUEY2FydIoC9AF1Lg==\n','2014-04-14 15:15:51'),('0f7b618e5672907f53013aea130ccf70','MjdmNWNmNjI4MzgzYTc2MGQ0YTgwZTBkMDY5YTY4Yjk2Mzk3Zjg2MTqAAn1xAS4=\n','2014-03-24 09:40:32'),('0f82134c3dab7a2a279ed1e87f9835ac','MjdmNWNmNjI4MzgzYTc2MGQ0YTgwZTBkMDY5YTY4Yjk2Mzk3Zjg2MTqAAn1xAS4=\n','2014-03-25 15:52:42'),('0fc532e6e4fb59efe9f1dc4ccdf4cd46','NmU1YzBlZjFlYjAyOWQ5YjNiMjkxMDg0NmQ4OGYzNjc2NzZmNTc3MjqAAn1xAVUKdGVzdGNvb2tp\nZXECVQZ3b3JrZWRxA3Mu\n','2014-04-08 22:16:54'),('0ff2cd9ec1f3c50f1d673b9ea620680f','NmU1YzBlZjFlYjAyOWQ5YjNiMjkxMDg0NmQ4OGYzNjc2NzZmNTc3MjqAAn1xAVUKdGVzdGNvb2tp\nZXECVQZ3b3JrZWRxA3Mu\n','2014-04-07 22:34:20'),('105c9476fa6a07d884db4c3f50e4ac4c','YjFhNDkwMTFiOGRiNjFlZGIzYTYzNGRkMDNhMmU5ZjM0YTNjNGNkNjqAAn1xAShVBmN1c3RJRIoC\nAwFVCnRlc3Rjb29raWVVBndvcmtlZFUNX2F1dGhfdXNlcl9pZIoBRlUSX2F1dGhfdXNlcl9iYWNr\nZW5kVSlkamFuZ28uY29udHJpYi5hdXRoLmJhY2tlbmRzLk1vZGVsQmFja2VuZHUu\n','2014-03-31 10:26:16'),('107087aca30b47f27444b4e53d8dee63','NmU1YzBlZjFlYjAyOWQ5YjNiMjkxMDg0NmQ4OGYzNjc2NzZmNTc3MjqAAn1xAVUKdGVzdGNvb2tp\nZXECVQZ3b3JrZWRxA3Mu\n','2014-02-28 17:28:37'),('10d109d79ddf9eb557ae7723b831f219','OTQ1NWM1OGMxN2U0Y2JjYmVmNWE0NjljYzNjNWEyYWQwZjRhMDBlZTqAAn1xAShVBmN1c3RJRIoC\nJQFVEl9hdXRoX3VzZXJfYmFja2VuZFUpZGphbmdvLmNvbnRyaWIuYXV0aC5iYWNrZW5kcy5Nb2Rl\nbEJhY2tlbmRVDV9hdXRoX3VzZXJfaWSKAVt1Lg==\n','2014-04-18 19:01:07'),('10d42c36d334c2d656c4e8622d37b888','NmU1YzBlZjFlYjAyOWQ5YjNiMjkxMDg0NmQ4OGYzNjc2NzZmNTc3MjqAAn1xAVUKdGVzdGNvb2tp\nZXECVQZ3b3JrZWRxA3Mu\n','2014-03-10 17:51:13'),('11138d84788bd7c7abdf8a1c8bd9b34d','MTRiYTJlNmJkOTgyM2ZhYmMzNTI3YzBiYzcxNmMwZDRlN2JjNGUwMDqAAn1xAVUKdGVzdGNvb2tp\nZVUGd29ya2VkcQJzLg==\n','2014-04-22 03:28:44'),('1130715550c4cf86b8a0c20ba3022b51','MTRiYTJlNmJkOTgyM2ZhYmMzNTI3YzBiYzcxNmMwZDRlN2JjNGUwMDqAAn1xAVUKdGVzdGNvb2tp\nZVUGd29ya2VkcQJzLg==\n','2014-04-15 12:13:49'),('1175a4b7b966156d61ef79b4920e8c5e','MTRiYTJlNmJkOTgyM2ZhYmMzNTI3YzBiYzcxNmMwZDRlN2JjNGUwMDqAAn1xAVUKdGVzdGNvb2tp\nZVUGd29ya2VkcQJzLg==\n','2014-02-28 05:19:06'),('11d11f3fb071bab9fdab7b5743649600','NmU1YzBlZjFlYjAyOWQ5YjNiMjkxMDg0NmQ4OGYzNjc2NzZmNTc3MjqAAn1xAVUKdGVzdGNvb2tp\nZXECVQZ3b3JrZWRxA3Mu\n','2014-03-29 03:18:17'),('1281d522bb929b41a7fccaefb41c376b','MTRiYTJlNmJkOTgyM2ZhYmMzNTI3YzBiYzcxNmMwZDRlN2JjNGUwMDqAAn1xAVUKdGVzdGNvb2tp\nZVUGd29ya2VkcQJzLg==\n','2014-03-28 12:05:29'),('12e0a4db10662f94263d37973c6d79e7','ZmIxYjVjNWQ1ZjhmODNiYTQ3MWY4YTE2OTAwMDI5ZWE0ZGI4NjkwZTqAAn1xAVUEY2FydHECigJp\nAXMu\n','2014-03-04 16:43:20'),('130041903f4e748dd40121270db1fa7c','MjdmNWNmNjI4MzgzYTc2MGQ0YTgwZTBkMDY5YTY4Yjk2Mzk3Zjg2MTqAAn1xAS4=\n','2014-02-22 13:27:26'),('133f27c8f9433ab83edf742dd56c6ffb','NmU1YzBlZjFlYjAyOWQ5YjNiMjkxMDg0NmQ4OGYzNjc2NzZmNTc3MjqAAn1xAVUKdGVzdGNvb2tp\nZXECVQZ3b3JrZWRxA3Mu\n','2014-04-01 05:18:51'),('1341ae1128a96a7572b33d290f5d7a46','NmU1YzBlZjFlYjAyOWQ5YjNiMjkxMDg0NmQ4OGYzNjc2NzZmNTc3MjqAAn1xAVUKdGVzdGNvb2tp\nZXECVQZ3b3JrZWRxA3Mu\n','2014-04-20 15:59:49'),('1376f3011ccb9129974067c6d3a67577','NmU1YzBlZjFlYjAyOWQ5YjNiMjkxMDg0NmQ4OGYzNjc2NzZmNTc3MjqAAn1xAVUKdGVzdGNvb2tp\nZXECVQZ3b3JrZWRxA3Mu\n','2014-02-23 15:06:21'),('13deaffce38277f822485f3d68ad515c','MDM4ZDI4MzJkM2RiN2M4NmQ5MmMwOWM4Y2Q4N2UwZjg1MTNmNDAyOTqAAn1xAShVBmN1c3RJRIoC\nBgFVEl9hdXRoX3VzZXJfYmFja2VuZFUpZGphbmdvLmNvbnRyaWIuYXV0aC5iYWNrZW5kcy5Nb2Rl\nbEJhY2tlbmRVDV9hdXRoX3VzZXJfaWSKAUd1Lg==\n','2014-04-01 06:59:19'),('13e0b6dee8706f3e1ac477cb3381a19d','MTRiYTJlNmJkOTgyM2ZhYmMzNTI3YzBiYzcxNmMwZDRlN2JjNGUwMDqAAn1xAVUKdGVzdGNvb2tp\nZVUGd29ya2VkcQJzLg==\n','2014-02-28 02:04:05'),('1479a26a13656a7c8f9f2406a3d37383','ODE4M2MwMzAzOTQ3ZGY5NTBlMjk3ZTAzYzc0Mzc3M2FjODYzNThjNjqAAn1xAShVBmN1c3RJRIoC\nFwFVEl9hdXRoX3VzZXJfYmFja2VuZFUpZGphbmdvLmNvbnRyaWIuYXV0aC5iYWNrZW5kcy5Nb2Rl\nbEJhY2tlbmRVDV9hdXRoX3VzZXJfaWSKAVR1Lg==\n','2014-04-13 10:51:26'),('1485c0a7fc3fe8896a1366e06f967acc','N2ZmYzNmMjAxMDk3OTM0MGIzNmMwNGVkNDg1NzhkOWYyMWFhNDMzNjqAAn1xAShVCnRlc3Rjb29r\naWVxAlUGd29ya2VkcQNVBGNhcnSKAu4BdS4=\n','2014-04-13 11:57:26'),('14d814308dd3cffbe8dd8c90f6d33a29','NmU1YzBlZjFlYjAyOWQ5YjNiMjkxMDg0NmQ4OGYzNjc2NzZmNTc3MjqAAn1xAVUKdGVzdGNvb2tp\nZXECVQZ3b3JrZWRxA3Mu\n','2014-04-08 01:19:49'),('15210bb17e6ddbc775efaa881958d68c','MTRiYTJlNmJkOTgyM2ZhYmMzNTI3YzBiYzcxNmMwZDRlN2JjNGUwMDqAAn1xAVUKdGVzdGNvb2tp\nZVUGd29ya2VkcQJzLg==\n','2014-03-14 02:33:40'),('154c3d73115114915325d65f8a780f10','NmU1YzBlZjFlYjAyOWQ5YjNiMjkxMDg0NmQ4OGYzNjc2NzZmNTc3MjqAAn1xAVUKdGVzdGNvb2tp\nZXECVQZ3b3JrZWRxA3Mu\n','2014-04-01 02:56:33'),('155e21747f9532a259876923281755f2','ZTkxZTc4NGZjOTY4ZTY0OWQzYjRlNzM1YjZkNGZjOGQ4NmRkOTdmZTqAAn1xAVUEY2FydHECigJY\nAXMu\n','2014-02-28 13:03:30'),('160cdde81da16a84bc9f4b6f5f9ff005','NmU1YzBlZjFlYjAyOWQ5YjNiMjkxMDg0NmQ4OGYzNjc2NzZmNTc3MjqAAn1xAVUKdGVzdGNvb2tp\nZXECVQZ3b3JrZWRxA3Mu\n','2014-04-17 11:52:13'),('1653b989abad1f904d37cb032f5c2c61','NmU1YzBlZjFlYjAyOWQ5YjNiMjkxMDg0NmQ4OGYzNjc2NzZmNTc3MjqAAn1xAVUKdGVzdGNvb2tp\nZXECVQZ3b3JrZWRxA3Mu\n','2014-04-07 05:45:13'),('177167146ff93f44bb7d907efd2799b1','NmU1YzBlZjFlYjAyOWQ5YjNiMjkxMDg0NmQ4OGYzNjc2NzZmNTc3MjqAAn1xAVUKdGVzdGNvb2tp\nZXECVQZ3b3JrZWRxA3Mu\n','2014-04-23 11:38:06'),('17a7f04351d77dceed49604698af03b8','MTRiYTJlNmJkOTgyM2ZhYmMzNTI3YzBiYzcxNmMwZDRlN2JjNGUwMDqAAn1xAVUKdGVzdGNvb2tp\nZVUGd29ya2VkcQJzLg==\n','2014-04-15 12:13:50'),('17bf0c6841d5e681d2128b873e26a1a6','NmU1YzBlZjFlYjAyOWQ5YjNiMjkxMDg0NmQ4OGYzNjc2NzZmNTc3MjqAAn1xAVUKdGVzdGNvb2tp\nZXECVQZ3b3JrZWRxA3Mu\n','2014-04-04 20:16:08'),('17c6a6dfbecc91237b8ef2782f50f3d8','NmU1YzBlZjFlYjAyOWQ5YjNiMjkxMDg0NmQ4OGYzNjc2NzZmNTc3MjqAAn1xAVUKdGVzdGNvb2tp\nZXECVQZ3b3JrZWRxA3Mu\n','2014-04-20 12:10:41'),('17f128317f36e07606566cfd3bb2bcb8','NzUyMGQ0NGYzY2UzZjc4ZjQzOTA1MDUxNGU2MWRkM2QxYWQzMjU5YzqAAn1xAVUEY2FydHECigLP\nAXMu\n','2014-03-30 23:00:33'),('18785b6349085b12d78a543f0e969cff','NmU1YzBlZjFlYjAyOWQ5YjNiMjkxMDg0NmQ4OGYzNjc2NzZmNTc3MjqAAn1xAVUKdGVzdGNvb2tp\nZXECVQZ3b3JrZWRxA3Mu\n','2014-02-21 08:16:10'),('18b00d8794dc604258b4d716ef2a28cb','MTRiYTJlNmJkOTgyM2ZhYmMzNTI3YzBiYzcxNmMwZDRlN2JjNGUwMDqAAn1xAVUKdGVzdGNvb2tp\nZVUGd29ya2VkcQJzLg==\n','2014-03-30 16:48:23'),('191675d7c63cb7c5c482fba4535515d0','MTRiYTJlNmJkOTgyM2ZhYmMzNTI3YzBiYzcxNmMwZDRlN2JjNGUwMDqAAn1xAVUKdGVzdGNvb2tp\nZVUGd29ya2VkcQJzLg==\n','2014-04-22 06:30:08'),('19215f7cbbe84b34ff36fd82e4097763','NmU1YzBlZjFlYjAyOWQ5YjNiMjkxMDg0NmQ4OGYzNjc2NzZmNTc3MjqAAn1xAVUKdGVzdGNvb2tp\nZXECVQZ3b3JrZWRxA3Mu\n','2014-03-01 09:00:04'),('192373c4ac0923716bcb7e6f1f2c3fb2','NmU1YzBlZjFlYjAyOWQ5YjNiMjkxMDg0NmQ4OGYzNjc2NzZmNTc3MjqAAn1xAVUKdGVzdGNvb2tp\nZXECVQZ3b3JrZWRxA3Mu\n','2014-04-19 17:12:30'),('1a99b97781220b517559ccd53a1f8caf','NmU1YzBlZjFlYjAyOWQ5YjNiMjkxMDg0NmQ4OGYzNjc2NzZmNTc3MjqAAn1xAVUKdGVzdGNvb2tp\nZXECVQZ3b3JrZWRxA3Mu\n','2014-02-24 18:59:43'),('1acb0f5e4955f83a2f27eee6b68e9ef5','YWEzZWQ2MGZiOGFhMjNkNzhkYzYzYmRhYjEyNTg3ODAzYzRjYjFjMjqAAn1xAShVBmN1c3RJRIoB\nDFUNX2F1dGhfdXNlcl9pZIoBA1USX2F1dGhfdXNlcl9iYWNrZW5kVSlkamFuZ28uY29udHJpYi5h\ndXRoLmJhY2tlbmRzLk1vZGVsQmFja2VuZHUu\n','2014-04-23 15:45:09'),('1b1983d06e07f477ef6c97327207d771','NjRkZWFhMmU0YjMyYzc0MjQ1NDY1YjBhNDEwNjA0M2E0OWUxNTU4NzqAAn1xAShVCnRlc3Rjb29r\naWVxAlUGd29ya2VkcQNVBGNhcnSKAiwBdS4=\n','2014-02-21 14:24:50'),('1b54e8fb555523145da68e689b695b3c','MTRiYTJlNmJkOTgyM2ZhYmMzNTI3YzBiYzcxNmMwZDRlN2JjNGUwMDqAAn1xAVUKdGVzdGNvb2tp\nZVUGd29ya2VkcQJzLg==\n','2014-02-21 21:18:55'),('1b5dd7c5ea0238a6aeed3576d35aa19d','NmU1YzBlZjFlYjAyOWQ5YjNiMjkxMDg0NmQ4OGYzNjc2NzZmNTc3MjqAAn1xAVUKdGVzdGNvb2tp\nZXECVQZ3b3JrZWRxA3Mu\n','2014-04-20 20:13:00'),('1b87ab70c28aab932bd35f42c9eafdac','ZWU2ODUwYjIyOTBkMTZlZGE3MGM3NDMxNzgxMTZlOGM1NzJhZTExMjqAAn1xAShVB29yZGVySUSK\nAgABVQp0ZXN0Y29va2llVQZ3b3JrZWRVBmN1c3RJRIoCwwBVBGNhcnSKAoQBdS4=\n','2014-03-10 08:49:37'),('1bf775ee8c7742ee179d95603e710272','MTRiYTJlNmJkOTgyM2ZhYmMzNTI3YzBiYzcxNmMwZDRlN2JjNGUwMDqAAn1xAVUKdGVzdGNvb2tp\nZVUGd29ya2VkcQJzLg==\n','2014-03-26 12:32:40'),('1c1e6b245a9b037f7ead408b23632239','MjdmNWNmNjI4MzgzYTc2MGQ0YTgwZTBkMDY5YTY4Yjk2Mzk3Zjg2MTqAAn1xAS4=\n','2014-04-13 14:27:43'),('1c59d17bd11ad1f7ea22babf68106e23','MTRiYTJlNmJkOTgyM2ZhYmMzNTI3YzBiYzcxNmMwZDRlN2JjNGUwMDqAAn1xAVUKdGVzdGNvb2tp\nZVUGd29ya2VkcQJzLg==\n','2014-03-30 23:53:52'),('1c5f799ed3195a4a2d451fde3051ba36','MjdmNWNmNjI4MzgzYTc2MGQ0YTgwZTBkMDY5YTY4Yjk2Mzk3Zjg2MTqAAn1xAS4=\n','2014-02-28 15:29:45'),('1d8237df561abb54d1208b022a0764b8','NDE1NzUwZWRjYjgwNWQ3ZjcxMWRkNzQ3M2Q5ZTM1Y2Y5NmM0ZDEzMzqAAn1xAShVB29yZGVySUSK\nAgQBVQ1fYXV0aF91c2VyX2lkigEmVQp0ZXN0Y29va2llVQZ3b3JrZWRVEl9hdXRoX3VzZXJfYmFj\na2VuZFUpZGphbmdvLmNvbnRyaWIuYXV0aC5iYWNrZW5kcy5Nb2RlbEJhY2tlbmRVBGNhcnSKAowB\nVQZjdXN0SUSKAsYAdS4=\n','2014-03-10 18:11:53'),('1d849e8339ba5d76de232b9575891e10','NmU1YzBlZjFlYjAyOWQ5YjNiMjkxMDg0NmQ4OGYzNjc2NzZmNTc3MjqAAn1xAVUKdGVzdGNvb2tp\nZXECVQZ3b3JrZWRxA3Mu\n','2014-04-13 17:16:53'),('1db5364e83b8891779112f843b1918bc','NmU1YzBlZjFlYjAyOWQ5YjNiMjkxMDg0NmQ4OGYzNjc2NzZmNTc3MjqAAn1xAVUKdGVzdGNvb2tp\nZXECVQZ3b3JrZWRxA3Mu\n','2014-03-02 16:16:47'),('1deb48203e8c30466ccc86aae6520e4e','NDEzMjFmMjdhNWEzZDg1NjViYTAyZTI3NTk4NmExODIzMWFmNGU3NTqAAn1xAShVB29yZGVySUSK\nAvQAVQp0ZXN0Y29va2llVQZ3b3JrZWRVBmN1c3RJRIoCuwBVBGNhcnSKAnABdS4=\n','2014-03-05 13:56:48'),('1df41fe5feccdbc833c55396c6283d0a','NmU1YzBlZjFlYjAyOWQ5YjNiMjkxMDg0NmQ4OGYzNjc2NzZmNTc3MjqAAn1xAVUKdGVzdGNvb2tp\nZXECVQZ3b3JrZWRxA3Mu\n','2014-04-08 00:27:41'),('1e42c65e414645b1e45ddbeb4afbd7ac','MjdmNWNmNjI4MzgzYTc2MGQ0YTgwZTBkMDY5YTY4Yjk2Mzk3Zjg2MTqAAn1xAS4=\n','2014-02-26 21:52:15'),('1e7afa5a94bc859b26489f480f0db263','ZjU4NzYxYWEzZTJkYWU5NzgyOGJlM2VjZDY0ZDk5OWYyYjY1YjljZDqAAn1xAShVBmN1c3RJRIoB\nBFUSX2F1dGhfdXNlcl9iYWNrZW5kVSlkamFuZ28uY29udHJpYi5hdXRoLmJhY2tlbmRzLk1vZGVs\nQmFja2VuZFUNX2F1dGhfdXNlcl9pZIoBAXUu\n','2014-03-16 18:58:09'),('1e95b61d027d189854049985b3d0a00f','NmU1YzBlZjFlYjAyOWQ5YjNiMjkxMDg0NmQ4OGYzNjc2NzZmNTc3MjqAAn1xAVUKdGVzdGNvb2tp\nZXECVQZ3b3JrZWRxA3Mu\n','2014-03-30 08:41:06'),('1f745957c5de7060e14c8f2f33f41b1e','NmU1YzBlZjFlYjAyOWQ5YjNiMjkxMDg0NmQ4OGYzNjc2NzZmNTc3MjqAAn1xAVUKdGVzdGNvb2tp\nZXECVQZ3b3JrZWRxA3Mu\n','2014-03-05 16:05:30'),('1fb478a97653b7b7745ed51a8485a128','NjFjYThlODI4NzNjMmE4NDllODViYzRhZWI5YjcwYWEzYzA2ZGNmZjqAAn1xAVUEY2FydHECigKL\nAXMu\n','2014-03-10 15:35:27'),('1fd3e26ab3225d9c0feb21b8411dd028','YzgyZWUwNzZjNWM1NDgwMDM4ZTE3ZWYxNTg1YzJhMGMyMmIzYmNjZTqAAn1xAShVB29yZGVySUSK\nAiUBVQ1fYXV0aF91c2VyX2lkigE0VQp0ZXN0Y29va2llVQZ3b3JrZWRVEl9hdXRoX3VzZXJfYmFj\na2VuZFUpZGphbmdvLmNvbnRyaWIuYXV0aC5iYWNrZW5kcy5Nb2RlbEJhY2tlbmRVBGNhcnSKArMB\nVQZjdXN0SUSKAuYAdS4=\n','2014-03-25 14:32:35'),('1fe06121cda2045ee972e577691cdd4c','MjdmNWNmNjI4MzgzYTc2MGQ0YTgwZTBkMDY5YTY4Yjk2Mzk3Zjg2MTqAAn1xAS4=\n','2014-03-18 13:12:23'),('2011e85c9226c129dd70ddbcad3550be','NmU1YzBlZjFlYjAyOWQ5YjNiMjkxMDg0NmQ4OGYzNjc2NzZmNTc3MjqAAn1xAVUKdGVzdGNvb2tp\nZXECVQZ3b3JrZWRxA3Mu\n','2014-04-04 18:43:41'),('206383bb9fa2d3e0fc53665e337e74ce','NmU1YzBlZjFlYjAyOWQ5YjNiMjkxMDg0NmQ4OGYzNjc2NzZmNTc3MjqAAn1xAVUKdGVzdGNvb2tp\nZXECVQZ3b3JrZWRxA3Mu\n','2014-04-07 02:31:59'),('20732807f05640670fc425407cb91338','ZmUxOTYyN2JjZjhkODg2OWM4NmVjYWQ2MDZjYzRhNDNlNWNmOTY1YTqAAn1xAShVCGNtc19lZGl0\ncQKIVQ1fYXV0aF91c2VyX2lkigEBVRJfYXV0aF91c2VyX2JhY2tlbmRVKWRqYW5nby5jb250cmli\nLmF1dGguYmFja2VuZHMuTW9kZWxCYWNrZW5kdS4=\n','2014-02-04 16:51:13'),('2090be1f23768c2d9bf05adb746f34fe','NmU1YzBlZjFlYjAyOWQ5YjNiMjkxMDg0NmQ4OGYzNjc2NzZmNTc3MjqAAn1xAVUKdGVzdGNvb2tp\nZXECVQZ3b3JrZWRxA3Mu\n','2014-03-02 12:35:14'),('211c55d02fbf2a4da5a6937df9ed3d98','NmU1YzBlZjFlYjAyOWQ5YjNiMjkxMDg0NmQ4OGYzNjc2NzZmNTc3MjqAAn1xAVUKdGVzdGNvb2tp\nZXECVQZ3b3JrZWRxA3Mu\n','2014-04-09 19:59:35'),('217f731ced9381e1980a7e655f1d35c9','NmU1YzBlZjFlYjAyOWQ5YjNiMjkxMDg0NmQ4OGYzNjc2NzZmNTc3MjqAAn1xAVUKdGVzdGNvb2tp\nZXECVQZ3b3JrZWRxA3Mu\n','2014-04-15 06:54:03'),('21b0db63aef8cd54e18b9948e9e0d44e','MGU5MmUyZDcyMmVkNWI5NzRiNjYwZmVjZmJhNGMyYjA1N2JjMDExYjqAAn1xAShVCnRlc3Rjb29r\naWVxAlUGd29ya2VkcQNVBGNhcnSKArkBdS4=\n','2014-03-19 10:00:19'),('21bacd7bcf384775a8ff47cc2c4cad25','NmU1YzBlZjFlYjAyOWQ5YjNiMjkxMDg0NmQ4OGYzNjc2NzZmNTc3MjqAAn1xAVUKdGVzdGNvb2tp\nZXECVQZ3b3JrZWRxA3Mu\n','2014-03-07 02:36:14'),('2225e9e6def6fcd363d92f0de4d07aa7','MTRiYTJlNmJkOTgyM2ZhYmMzNTI3YzBiYzcxNmMwZDRlN2JjNGUwMDqAAn1xAVUKdGVzdGNvb2tp\nZVUGd29ya2VkcQJzLg==\n','2014-02-24 16:07:24'),('2293467c1bfc4b4471b710edde4966f0','NmU1YzBlZjFlYjAyOWQ5YjNiMjkxMDg0NmQ4OGYzNjc2NzZmNTc3MjqAAn1xAVUKdGVzdGNvb2tp\nZXECVQZ3b3JrZWRxA3Mu\n','2014-03-17 20:35:39'),('22a47a8dd373adb4886d022bd3872485','NmU1YzBlZjFlYjAyOWQ5YjNiMjkxMDg0NmQ4OGYzNjc2NzZmNTc3MjqAAn1xAVUKdGVzdGNvb2tp\nZXECVQZ3b3JrZWRxA3Mu\n','2014-03-04 16:59:16'),('22e1a70a3e4bca94f705bcb0d1d68ade','NmU1YzBlZjFlYjAyOWQ5YjNiMjkxMDg0NmQ4OGYzNjc2NzZmNTc3MjqAAn1xAVUKdGVzdGNvb2tp\nZXECVQZ3b3JrZWRxA3Mu\n','2014-04-22 15:18:10'),('235a95988b7a86e60ca59899bdbfe080','MTRiYTJlNmJkOTgyM2ZhYmMzNTI3YzBiYzcxNmMwZDRlN2JjNGUwMDqAAn1xAVUKdGVzdGNvb2tp\nZVUGd29ya2VkcQJzLg==\n','2014-04-06 20:29:17'),('23aee8f8ff4a83f5a7217e9d8f5e55a5','NmU1YzBlZjFlYjAyOWQ5YjNiMjkxMDg0NmQ4OGYzNjc2NzZmNTc3MjqAAn1xAVUKdGVzdGNvb2tp\nZXECVQZ3b3JrZWRxA3Mu\n','2014-02-22 20:57:17'),('23bbb5ace55a5b407c82b0a678cc1872','NmU1YzBlZjFlYjAyOWQ5YjNiMjkxMDg0NmQ4OGYzNjc2NzZmNTc3MjqAAn1xAVUKdGVzdGNvb2tp\nZXECVQZ3b3JrZWRxA3Mu\n','2014-03-16 02:37:10'),('24005052fd9ecc01f8d3d65ca6b62644','MWM0MDg4MTNhZWFlNGMxY2UxOGNjZjIyOTRlNWJkNDZhY2Q3YThkNDqAAn1xAShVCnRlc3Rjb29r\naWVxAlUGd29ya2VkcQNVBGNhcnSKAnYBdS4=\n','2014-03-07 15:48:18'),('242359aa96840ac5c2ae2b35a3c4dc3e','MjE3ZjUxZWI2NmI0MDRjYmMwNzBkZTcxMTM4NDgxYjdmYmI0MGI3NTqAAn1xAShVBmN1c3RJRIoC\nIAFVCnRlc3Rjb29raWVVBndvcmtlZFUNX2F1dGhfdXNlcl9pZIoBV1USX2F1dGhfdXNlcl9iYWNr\nZW5kVSlkamFuZ28uY29udHJpYi5hdXRoLmJhY2tlbmRzLk1vZGVsQmFja2VuZHUu\n','2014-04-17 10:38:49'),('245e40f96fa2166574878c8eda44436b','MTRiYTJlNmJkOTgyM2ZhYmMzNTI3YzBiYzcxNmMwZDRlN2JjNGUwMDqAAn1xAVUKdGVzdGNvb2tp\nZVUGd29ya2VkcQJzLg==\n','2014-03-08 10:24:35'),('2495a1cce7cbdd8206a40dd477e2ecfd','NDc3ODg2M2MxNDg0ZTQzMDJjZTQ2ZmEyNzUxMGYxYjU0YmUyYzk0MzqAAn1xAShVBmN1c3RJRIoC\nNQFVCnRlc3Rjb29raWVVBndvcmtlZFUEY2FydIoCCQJ1Lg==\n','2014-04-22 11:49:17'),('24985ce6b6d9a2e3e94795ef8b6b9fee','Y2FiZTVlYjgxMzVmYjM4ODdhNzEyNTkxZmYxZWE0MTYwNDdhZDY4NjqAAn1xAShVBmN1c3RJRIoC\nJAFVEl9hdXRoX3VzZXJfYmFja2VuZFUpZGphbmdvLmNvbnRyaWIuYXV0aC5iYWNrZW5kcy5Nb2Rl\nbEJhY2tlbmRVDV9hdXRoX3VzZXJfaWSKAVp1Lg==\n','2014-04-18 17:18:51'),('24c94e6738ff9ccd84e6b3e4189bac61','MjdmNWNmNjI4MzgzYTc2MGQ0YTgwZTBkMDY5YTY4Yjk2Mzk3Zjg2MTqAAn1xAS4=\n','2014-02-22 23:37:35'),('255acc4c91932650a5fbf46daf1bca55','YWNlMDQxYzY3ZTliODYyMzJjODE5YzdjMGQ2ZGIyNTdjMjQyMGFiNTqAAn1xAShVBmN1c3RJRIoC\n0wBVEl9hdXRoX3VzZXJfYmFja2VuZFUpZGphbmdvLmNvbnRyaWIuYXV0aC5iYWNrZW5kcy5Nb2Rl\nbEJhY2tlbmRVDV9hdXRoX3VzZXJfaWSKASx1Lg==\n','2014-03-14 16:15:07'),('25f1db044823c02d8f790e0377d48ff9','YzkxYjA4MGFlMTQzNDJjMjU4ODk4OTEzZDQ0OWY3NDQwOGMxMjFlMDqAAn1xAShVB29yZGVySUSK\nAvsAVQp0ZXN0Y29va2llVQZ3b3JrZWRVBmN1c3RJRIoCwABVBGNhcnSKAncBdS4=\n','2014-03-08 08:46:49'),('25fe2e708c130aa445feadc83eca8920','NmU1YzBlZjFlYjAyOWQ5YjNiMjkxMDg0NmQ4OGYzNjc2NzZmNTc3MjqAAn1xAVUKdGVzdGNvb2tp\nZXECVQZ3b3JrZWRxA3Mu\n','2014-02-24 17:15:29'),('264ca24eebf8e09e43b4354c6b39990d','MjdmNWNmNjI4MzgzYTc2MGQ0YTgwZTBkMDY5YTY4Yjk2Mzk3Zjg2MTqAAn1xAS4=\n','2014-03-23 18:18:33'),('26738615751add908c36f7f2831ddada','MmJkYTVjYjZlZDM4NmM2MzdjODEwYzQwNWE2NDUzYjZhMjJlNzM3MDqAAn1xAShVBmN1c3RJRIoC\npQBVDV9hdXRoX3VzZXJfaWSKARVVEl9hdXRoX3VzZXJfYmFja2VuZFUpZGphbmdvLmNvbnRyaWIu\nYXV0aC5iYWNrZW5kcy5Nb2RlbEJhY2tlbmR1Lg==\n','2014-03-11 19:26:32'),('26de2ec5043c6a934cf937751b035ef5','YzdmY2FhNjExOWM5MzEyYzI0OTg5ZmE3NGUxMWUyNjM5YTYyZmQ5ODqAAn1xAShVB29yZGVySUSK\nAucAVQp0ZXN0Y29va2llVQZ3b3JrZWRVBmN1c3RJRIoCqQBVBGNhcnSKAlMBdS4=\n','2014-02-26 16:08:54'),('271ff5960aed6d46fed7f03130b60f16','MzI4Y2Y3MmQ5ZWNkNDI2YTQzZjg1ZjdhZTgxMTRjNmZlMDI0NjBmODqAAn1xAVUEY2FydHECigLg\nAXMu\n','2014-04-04 18:16:55'),('274d90ae774438394f781d19ed150efa','MTRiYTJlNmJkOTgyM2ZhYmMzNTI3YzBiYzcxNmMwZDRlN2JjNGUwMDqAAn1xAVUKdGVzdGNvb2tp\nZVUGd29ya2VkcQJzLg==\n','2014-04-18 13:47:08'),('277ee2b47a72d9be701ab777ee7702ca','YmMzYTVlNTlmMzQ0ODQ0MWI4ZTUzNGM5OTk3Y2Q0Y2Y3OWNjMDQzODqAAn1xAShVBmN1c3RJRIoC\nHQFVEl9hdXRoX3VzZXJfYmFja2VuZFUpZGphbmdvLmNvbnRyaWIuYXV0aC5iYWNrZW5kcy5Nb2Rl\nbEJhY2tlbmRVDV9hdXRoX3VzZXJfaWSKAVZ1Lg==\n','2014-04-15 12:13:46'),('2855c9fcac8e9688a39e8d441ee29d55','MzZmYmUxMGRlOGIzYTAyZWQ0M2Q2YTg0ZjdmN2JmZTY3NWMyZTMwZTqAAn1xAShVB29yZGVySUSK\nAtIAVQ1fYXV0aF91c2VyX2lkigEGVQp0ZXN0Y29va2llVQZ3b3JrZWRVEl9hdXRoX3VzZXJfYmFj\na2VuZFUuc2F0Y2htb19zdG9yZS5hY2NvdW50cy5lbWFpbC1hdXRoLkVtYWlsQmFja2VuZFUEY2Fy\ndIoCPQFVBmN1c3RJRIoCiwB1Lg==\n','2014-02-22 14:47:11'),('286127779df83381fea95daca2e6034c','NmU1YzBlZjFlYjAyOWQ5YjNiMjkxMDg0NmQ4OGYzNjc2NzZmNTc3MjqAAn1xAVUKdGVzdGNvb2tp\nZXECVQZ3b3JrZWRxA3Mu\n','2014-04-19 10:30:08'),('2881a21f1cd3efa4382ddd1912e52f82','NmU1YzBlZjFlYjAyOWQ5YjNiMjkxMDg0NmQ4OGYzNjc2NzZmNTc3MjqAAn1xAVUKdGVzdGNvb2tp\nZXECVQZ3b3JrZWRxA3Mu\n','2014-03-09 16:35:16'),('289c50aadc7cd96f95ecd45c70386c32','MjdmNWNmNjI4MzgzYTc2MGQ0YTgwZTBkMDY5YTY4Yjk2Mzk3Zjg2MTqAAn1xAS4=\n','2014-04-15 03:54:59'),('28e0444168fa87cd680e2d0ac3cad6d5','NmU1YzBlZjFlYjAyOWQ5YjNiMjkxMDg0NmQ4OGYzNjc2NzZmNTc3MjqAAn1xAVUKdGVzdGNvb2tp\nZXECVQZ3b3JrZWRxA3Mu\n','2014-03-01 21:21:03'),('2955672ebe1b3f8c616f6e516481e6c2','NmU1YzBlZjFlYjAyOWQ5YjNiMjkxMDg0NmQ4OGYzNjc2NzZmNTc3MjqAAn1xAVUKdGVzdGNvb2tp\nZXECVQZ3b3JrZWRxA3Mu\n','2014-03-29 09:50:45'),('298ebe83ea226bbeaba49962e4cf578f','MTRiYTJlNmJkOTgyM2ZhYmMzNTI3YzBiYzcxNmMwZDRlN2JjNGUwMDqAAn1xAVUKdGVzdGNvb2tp\nZVUGd29ya2VkcQJzLg==\n','2014-03-25 20:17:12'),('29a91298bc9e5e1a6f96eb48db9fd59c','NmU1YzBlZjFlYjAyOWQ5YjNiMjkxMDg0NmQ4OGYzNjc2NzZmNTc3MjqAAn1xAVUKdGVzdGNvb2tp\nZXECVQZ3b3JrZWRxA3Mu\n','2014-04-05 17:54:52'),('29b721d307646a1fadd27ad2f535a319','OGNmZmQ2ZDgwZWVmZmI4YWQ0ZThiMjI2MjgxZGI1ZGFhMjlkMTBiMjqAAn1xAShVB29yZGVySUSK\nAgcBVQp0ZXN0Y29va2llVQZ3b3JrZWRVBmN1c3RJRIoCyQBVBGNhcnSKApABdS4=\n','2014-03-11 13:27:07'),('29e33d65f53594f93dbed5495c8274f6','NmU1YzBlZjFlYjAyOWQ5YjNiMjkxMDg0NmQ4OGYzNjc2NzZmNTc3MjqAAn1xAVUKdGVzdGNvb2tp\nZXECVQZ3b3JrZWRxA3Mu\n','2014-04-16 17:37:08'),('29fa89888ff418ec2406169bb14440a9','NTY1NWJjNTYwNGVkNTM2NDVhNzk5ZDQ0N2RmM2FlMDQxMWY0YzczYjqAAn1xAVUEY2FydHECigIG\nAnMu\n','2014-04-21 11:50:49'),('29fbd74daca99178778af122fbf55e52','MTRiYTJlNmJkOTgyM2ZhYmMzNTI3YzBiYzcxNmMwZDRlN2JjNGUwMDqAAn1xAVUKdGVzdGNvb2tp\nZVUGd29ya2VkcQJzLg==\n','2014-04-15 12:13:51'),('2a2aed3dfc47fc464456953e109f1183','NjA2MDg4ZDU2Nzg3ZGY1MDVlZWIzNWE1OGNmNjA0YTk0ZDE4YTViZDqAAn1xAShVBmN1c3RJRIoC\nMQFVCnRlc3Rjb29raWVVBndvcmtlZFUEY2FydIoCAgJ1Lg==\n','2014-04-20 20:10:10'),('2a48fb72a4ddbd5c5f6ba38c2d59e6bf','YmFhMmIxZWU0YTYzYTQ5Y2ZhYWZhZjg5YmY4ZDBmZGE0Njk2YTQ2MDqAAn1xAShVBGNhcnSKAkQB\nVQZjdXN0SUSKAQRVDV9hdXRoX3VzZXJfaWSKAQFVEl9hdXRoX3VzZXJfYmFja2VuZFUpZGphbmdv\nLmNvbnRyaWIuYXV0aC5iYWNrZW5kcy5Nb2RlbEJhY2tlbmR1Lg==\n','2014-03-10 11:43:20'),('2a8d032fe1bcae7f8eb5244e621d5adf','NmU1YzBlZjFlYjAyOWQ5YjNiMjkxMDg0NmQ4OGYzNjc2NzZmNTc3MjqAAn1xAVUKdGVzdGNvb2tp\nZXECVQZ3b3JrZWRxA3Mu\n','2014-02-21 08:14:46'),('2a947fb5a25745ec14a7a1bcfc82460e','NmU1YzBlZjFlYjAyOWQ5YjNiMjkxMDg0NmQ4OGYzNjc2NzZmNTc3MjqAAn1xAVUKdGVzdGNvb2tp\nZXECVQZ3b3JrZWRxA3Mu\n','2014-04-10 18:17:17'),('2a9c8a4cf04ce0cda3cbc16b53790d38','NmU1YzBlZjFlYjAyOWQ5YjNiMjkxMDg0NmQ4OGYzNjc2NzZmNTc3MjqAAn1xAVUKdGVzdGNvb2tp\nZXECVQZ3b3JrZWRxA3Mu\n','2014-04-02 10:28:45'),('2af689b44b16c6c87b499f410ff6ada4','NmU1YzBlZjFlYjAyOWQ5YjNiMjkxMDg0NmQ4OGYzNjc2NzZmNTc3MjqAAn1xAVUKdGVzdGNvb2tp\nZXECVQZ3b3JrZWRxA3Mu\n','2014-04-07 04:01:40'),('2b270f0c475e43ec2de6c6d0aa66ee81','NmU1YzBlZjFlYjAyOWQ5YjNiMjkxMDg0NmQ4OGYzNjc2NzZmNTc3MjqAAn1xAVUKdGVzdGNvb2tp\nZXECVQZ3b3JrZWRxA3Mu\n','2014-02-22 00:21:31'),('2ba4290597ec97684605b937a94075ee','ZjUyNGQ3MmViMTA5M2E3MjM4NTA0MDdhNjJjMTE3NzBmOGI0OTY3MDqAAn1xAShVBmN1c3RJRIoC\n+ABVEl9hdXRoX3VzZXJfYmFja2VuZFUpZGphbmdvLmNvbnRyaWIuYXV0aC5iYWNrZW5kcy5Nb2Rl\nbEJhY2tlbmRVDV9hdXRoX3VzZXJfaWSKAT51Lg==\n','2014-03-26 07:47:46'),('2c23ae8fdee464f6c73ce04dd5d21603','OWEyY2NmMDE3Nzk1ZTIwMzhjNTU5NjRlZjY1MmI2NGYzMDNjNmUxMDqAAn1xAShVBmN1c3RJRHEC\nigKTAFUKdGVzdGNvb2tpZVUGd29ya2VkVQ1fYXV0aF91c2VyX2lkigEMVRJfYXV0aF91c2VyX2Jh\nY2tlbmRVKWRqYW5nby5jb250cmliLmF1dGguYmFja2VuZHMuTW9kZWxCYWNrZW5kdS4=\n','2014-02-22 11:50:47'),('2c3479846e8155159993a565b7beeef1','MGZkODFkMWQ2YWE0N2YyMzZmN2VjY2QyZDA1ODZiZGYwMzcwODkzNzqAAn1xAVUEY2FydHECigLp\nAXMu\n','2014-04-08 14:17:40'),('2ca874a1c3929dfb81b6ddb7dd71bdd0','MTU3MzIyMzllOTM2Yzc1YzIyNDYxM2RmZDI0MDk0ZjQyZTViOWVlOTqAAn1xAShVBmN1c3RJRIoC\nBAFVCnRlc3Rjb29raWVVBndvcmtlZFUEY2FydIoC0wF1Lg==\n','2014-03-31 14:06:03'),('2caeebc09b289d5803cdf67374566640','NmU1YzBlZjFlYjAyOWQ5YjNiMjkxMDg0NmQ4OGYzNjc2NzZmNTc3MjqAAn1xAVUKdGVzdGNvb2tp\nZXECVQZ3b3JrZWRxA3Mu\n','2014-04-02 21:55:13'),('2cf6390dabc4f9feb5c4560a11db95dd','MTRlZWFjY2E5YmVhYWRiYmFhOTBkNTJmYjliNDliOTM0MDNhMGI4NTqAAn1xAVUEY2FydHECigKa\nAXMu\n','2014-03-13 18:48:26'),('2d0a219f7bf59187c0de8f4d0e5e3783','MTRiYTJlNmJkOTgyM2ZhYmMzNTI3YzBiYzcxNmMwZDRlN2JjNGUwMDqAAn1xAVUKdGVzdGNvb2tp\nZVUGd29ya2VkcQJzLg==\n','2014-04-05 05:32:43'),('2d2bd01d417d9a12c69e234963dca294','NmU1YzBlZjFlYjAyOWQ5YjNiMjkxMDg0NmQ4OGYzNjc2NzZmNTc3MjqAAn1xAVUKdGVzdGNvb2tp\nZXECVQZ3b3JrZWRxA3Mu\n','2014-03-24 06:17:30'),('2d733d298b368d0ad0ced5fc2dc70a06','NjM1ZjFiNTk5YzYyZmJjNjc3NWU3MGQ4MmRjM2QzNDBhN2IxODE5OTqAAn1xAShVB29yZGVySUSK\nAk4BVQp0ZXN0Y29va2llVQZ3b3JrZWRVBmN1c3RJRIoCNAFVBGNhcnSKAgcCdS4=\n','2014-04-21 17:25:27'),('2dbf335df1baf3b27e6078b57ebc870a','MTRiYTJlNmJkOTgyM2ZhYmMzNTI3YzBiYzcxNmMwZDRlN2JjNGUwMDqAAn1xAVUKdGVzdGNvb2tp\nZVUGd29ya2VkcQJzLg==\n','2014-03-13 09:18:46'),('2ddca20a97bd0e170204817a6b844a18','MTRiYTJlNmJkOTgyM2ZhYmMzNTI3YzBiYzcxNmMwZDRlN2JjNGUwMDqAAn1xAVUKdGVzdGNvb2tp\nZVUGd29ya2VkcQJzLg==\n','2014-04-21 15:50:41'),('2de297b0b36142355d84a839fdd45b5e','NmU1YzBlZjFlYjAyOWQ5YjNiMjkxMDg0NmQ4OGYzNjc2NzZmNTc3MjqAAn1xAVUKdGVzdGNvb2tp\nZXECVQZ3b3JrZWRxA3Mu\n','2014-03-24 19:59:10'),('2e4863196a90653567ee00de6703de43','NmU1YzBlZjFlYjAyOWQ5YjNiMjkxMDg0NmQ4OGYzNjc2NzZmNTc3MjqAAn1xAVUKdGVzdGNvb2tp\nZXECVQZ3b3JrZWRxA3Mu\n','2014-03-03 14:33:02'),('2e85103282ee10e1d7acf0019c909be8','NmU1YzBlZjFlYjAyOWQ5YjNiMjkxMDg0NmQ4OGYzNjc2NzZmNTc3MjqAAn1xAVUKdGVzdGNvb2tp\nZXECVQZ3b3JrZWRxA3Mu\n','2014-04-21 17:47:54'),('2f0147afc7cd85d20226a8c356d7f26c','YThmYjFmYTU0NTZjYzg2ODNmMGViYmZjYWM1MjUzNmI2MjViZGU2NjqAAn1xAShVBmN1c3RJRIoC\nEQFVEl9hdXRoX3VzZXJfYmFja2VuZFUpZGphbmdvLmNvbnRyaWIuYXV0aC5iYWNrZW5kcy5Nb2Rl\nbEJhY2tlbmRVDV9hdXRoX3VzZXJfaWSKAVF1Lg==\n','2014-04-10 16:04:22'),('2f4e0e4e4713faab86281c421e9f9b13','NmU1YzBlZjFlYjAyOWQ5YjNiMjkxMDg0NmQ4OGYzNjc2NzZmNTc3MjqAAn1xAVUKdGVzdGNvb2tp\nZXECVQZ3b3JrZWRxA3Mu\n','2014-03-21 19:12:25'),('2f7c8debae1320fc46f929668763c15e','NmU1YzBlZjFlYjAyOWQ5YjNiMjkxMDg0NmQ4OGYzNjc2NzZmNTc3MjqAAn1xAVUKdGVzdGNvb2tp\nZXECVQZ3b3JrZWRxA3Mu\n','2014-03-16 19:39:46'),('2fedfd0bbbda0754017256997b7f2258','NDJkNGJiMTg5ZDI2MDYzYTM2ZDRiZTYwYTNkY2MwYWJjNjZmYWYwNzqAAn1xAShVBmN1c3RJRIoC\npgBVEl9hdXRoX3VzZXJfYmFja2VuZFUpZGphbmdvLmNvbnRyaWIuYXV0aC5iYWNrZW5kcy5Nb2Rl\nbEJhY2tlbmRVDV9hdXRoX3VzZXJfaWSKARZ1Lg==\n','2014-02-25 23:46:30'),('3009b12ccb9ecdaf80df9285608b6485','NmU1YzBlZjFlYjAyOWQ5YjNiMjkxMDg0NmQ4OGYzNjc2NzZmNTc3MjqAAn1xAVUKdGVzdGNvb2tp\nZXECVQZ3b3JrZWRxA3Mu\n','2014-04-07 02:34:24'),('3037443638579c6217d7dce28f586ae9','NmU1YzBlZjFlYjAyOWQ5YjNiMjkxMDg0NmQ4OGYzNjc2NzZmNTc3MjqAAn1xAVUKdGVzdGNvb2tp\nZXECVQZ3b3JrZWRxA3Mu\n','2014-03-12 13:18:58'),('304389c7d566c520dab499fd3a642195','NmU1YzBlZjFlYjAyOWQ5YjNiMjkxMDg0NmQ4OGYzNjc2NzZmNTc3MjqAAn1xAVUKdGVzdGNvb2tp\nZXECVQZ3b3JrZWRxA3Mu\n','2014-02-22 05:05:45'),('308c9706a25a163e46bc52d9953a8464','MjdmNWNmNjI4MzgzYTc2MGQ0YTgwZTBkMDY5YTY4Yjk2Mzk3Zjg2MTqAAn1xAS4=\n','2014-02-20 19:08:57'),('30e703b51a0d81c49aa802c3a407ac35','MjdmNWNmNjI4MzgzYTc2MGQ0YTgwZTBkMDY5YTY4Yjk2Mzk3Zjg2MTqAAn1xAS4=\n','2014-03-14 17:16:34'),('3112bd629245af22f44f8cbc09c4375e','NmU1YzBlZjFlYjAyOWQ5YjNiMjkxMDg0NmQ4OGYzNjc2NzZmNTc3MjqAAn1xAVUKdGVzdGNvb2tp\nZXECVQZ3b3JrZWRxA3Mu\n','2014-03-14 22:48:57'),('31706c231026f27250411176effa5f41','MTRiYTJlNmJkOTgyM2ZhYmMzNTI3YzBiYzcxNmMwZDRlN2JjNGUwMDqAAn1xAVUKdGVzdGNvb2tp\nZVUGd29ya2VkcQJzLg==\n','2014-04-17 08:56:09'),('31c271a80a2e3e924788621841372106','NmU1YzBlZjFlYjAyOWQ5YjNiMjkxMDg0NmQ4OGYzNjc2NzZmNTc3MjqAAn1xAVUKdGVzdGNvb2tp\nZXECVQZ3b3JrZWRxA3Mu\n','2014-04-02 09:32:58'),('31d9681a3e7dba8ecd39d434347190c0','YjU4NjFiOWVmY2QyNzdkMTA1YTBkZWUzZjBmMWUzMTM5NTg3YjhhNzqAAn1xAShVCnRlc3Rjb29r\naWVxAlUGd29ya2VkcQNVBGNhcnSKArEBdS4=\n','2014-03-18 09:41:52'),('31f16a6c82994f7f8951eb7ecc44b532','MjdmNWNmNjI4MzgzYTc2MGQ0YTgwZTBkMDY5YTY4Yjk2Mzk3Zjg2MTqAAn1xAS4=\n','2014-04-21 12:05:08'),('3219579a35890849ff06117ee6379a3e','MjdmNWNmNjI4MzgzYTc2MGQ0YTgwZTBkMDY5YTY4Yjk2Mzk3Zjg2MTqAAn1xAS4=\n','2014-04-17 09:23:10'),('323477138e9bded6a9facc84ca6c87ee','MTRiYTJlNmJkOTgyM2ZhYmMzNTI3YzBiYzcxNmMwZDRlN2JjNGUwMDqAAn1xAVUKdGVzdGNvb2tp\nZVUGd29ya2VkcQJzLg==\n','2014-03-24 20:07:36'),('3304877ec3fb9c08b5848c2d53b85632','N2NmMTQ3YjZhYTVmNjBjZTIwMGFjZTEzY2IxODIxNGY3NDUxNzM4ZDqAAn1xAVUEY2FydHECigJL\nAXMu\n','2014-02-24 20:25:59'),('332495b833baa5d1eb57eabd83fd0da8','MTRiYTJlNmJkOTgyM2ZhYmMzNTI3YzBiYzcxNmMwZDRlN2JjNGUwMDqAAn1xAVUKdGVzdGNvb2tp\nZVUGd29ya2VkcQJzLg==\n','2014-02-21 23:56:20'),('335570a1ebb7e3a985f0f0835cb50089','NmU1YzBlZjFlYjAyOWQ5YjNiMjkxMDg0NmQ4OGYzNjc2NzZmNTc3MjqAAn1xAVUKdGVzdGNvb2tp\nZXECVQZ3b3JrZWRxA3Mu\n','2014-03-01 08:53:24'),('33c9f938319aa48e9af92017e174f738','NmU1YzBlZjFlYjAyOWQ5YjNiMjkxMDg0NmQ4OGYzNjc2NzZmNTc3MjqAAn1xAVUKdGVzdGNvb2tp\nZXECVQZ3b3JrZWRxA3Mu\n','2014-03-04 19:04:18'),('341a6ebe8561f01f19aa3d1bc5947757','NmU1YzBlZjFlYjAyOWQ5YjNiMjkxMDg0NmQ4OGYzNjc2NzZmNTc3MjqAAn1xAVUKdGVzdGNvb2tp\nZXECVQZ3b3JrZWRxA3Mu\n','2014-04-06 18:50:40'),('345bb089af47acb4cb1e4c173c76b606','MzIzOWJiMDYyYmQzOTU2MjM2ZDk4OWY3MWYwY2ZlYWE1ZWRmZjhiMTqAAn1xAShVB29yZGVySUSK\nAjsBVQp0ZXN0Y29va2llVQZ3b3JrZWRVBmN1c3RJRIoCEgFVBGNhcnSKAuoBdS4=\n','2014-04-10 17:52:01'),('34acda8be5afceba23bc0b2c8e2013c0','NmU1YzBlZjFlYjAyOWQ5YjNiMjkxMDg0NmQ4OGYzNjc2NzZmNTc3MjqAAn1xAVUKdGVzdGNvb2tp\nZXECVQZ3b3JrZWRxA3Mu\n','2014-03-09 17:23:07'),('34de13d4341da303a51b7469ff1bb053','NDA4MmRmNDFlNGVmOWEwOWMwY2MxZGNkZTUxZTEwZDVkMmI5Njg4ZTqAAn1xAShVCnRlc3Rjb29r\naWVVBndvcmtlZFUEY2FydIoC2wF1Lg==\n','2014-04-04 11:52:23'),('355170cd3a95aa26c1edfda12f13cb01','MjdmNWNmNjI4MzgzYTc2MGQ0YTgwZTBkMDY5YTY4Yjk2Mzk3Zjg2MTqAAn1xAS4=\n','2014-03-30 11:24:08'),('3585c47fd62f67154108068c89a25219','NmU1YzBlZjFlYjAyOWQ5YjNiMjkxMDg0NmQ4OGYzNjc2NzZmNTc3MjqAAn1xAVUKdGVzdGNvb2tp\nZXECVQZ3b3JrZWRxA3Mu\n','2014-03-04 16:59:06'),('35c063dc301c10e264b3548821922e9e','MTE1ZGRiNzFlY2RjMWFmN2YyODRhNDA3MmNhMjM0NThhYjdmZTcwNzqAAn1xAShVB29yZGVySUSK\nAjwBVQp0ZXN0Y29va2llVQZ3b3JrZWRVBmN1c3RJRIoCEwFVBGNhcnSKAusBdS4=\n','2014-04-11 10:51:49'),('3615fbdc6ca24f136ff3e7f42d72c6b8','MzE2MzAyMWQ2OTkxODczNDRhMjI0NGMzMzUxY2UyNzdlOTRhYzgwODqAAn1xAShVB29yZGVySUSK\nAi8BVQp0ZXN0Y29va2llVQZ3b3JrZWRVBmN1c3RJRIoC/QBVBGNhcnSKAskBdS4=\n','2014-03-27 21:05:57'),('3635838f46ddfe3d7bb36ac4eb20376a','NmU1YzBlZjFlYjAyOWQ5YjNiMjkxMDg0NmQ4OGYzNjc2NzZmNTc3MjqAAn1xAVUKdGVzdGNvb2tp\nZXECVQZ3b3JrZWRxA3Mu\n','2014-03-28 17:10:37'),('367407dcde469767792f227b489b8715','ZDgwNWI3ZGFmNTJlYzQwNGMwYmJkNzZmNDBmMmIyMTE5Y2M2Y2JjZDqAAn1xAShVCnRlc3Rjb29r\naWVVBndvcmtlZFUGY3VzdElEigInAVUSX2F1dGhfdXNlcl9iYWNrZW5kVS5zYXRjaG1vX3N0b3Jl\nLmFjY291bnRzLmVtYWlsLWF1dGguRW1haWxCYWNrZW5kVQ1fYXV0aF91c2VyX2lkigFcdS4=\n','2014-04-18 21:09:00'),('3692b56428bb286136f7d39eb4c28d0c','NmU1YzBlZjFlYjAyOWQ5YjNiMjkxMDg0NmQ4OGYzNjc2NzZmNTc3MjqAAn1xAVUKdGVzdGNvb2tp\nZXECVQZ3b3JrZWRxA3Mu\n','2014-04-07 02:46:04'),('36a049746bcb1adb47d1b5ef202ef479','MTg4NDNhOGFkNjk1ZmNiNDRhNWQzNzA4M2E5ZDlhMTVjY2Y0ZGI5MzqAAn1xAShVB29yZGVySUSK\nAukAVQp0ZXN0Y29va2llVQZ3b3JrZWRVBmN1c3RJRIoCrwBVBGNhcnSKAlkBdS4=\n','2014-02-28 13:44:32'),('37a66bf66531169cc5584b9a7c99bfbc','MjdmNWNmNjI4MzgzYTc2MGQ0YTgwZTBkMDY5YTY4Yjk2Mzk3Zjg2MTqAAn1xAS4=\n','2014-03-21 20:56:20'),('37dcfebfe5743855eea28b5584dfafbf','NmU1YzBlZjFlYjAyOWQ5YjNiMjkxMDg0NmQ4OGYzNjc2NzZmNTc3MjqAAn1xAVUKdGVzdGNvb2tp\nZXECVQZ3b3JrZWRxA3Mu\n','2014-03-10 15:52:04'),('386d603c5aaedb502a276c0dec1b15cd','MTRiYTJlNmJkOTgyM2ZhYmMzNTI3YzBiYzcxNmMwZDRlN2JjNGUwMDqAAn1xAVUKdGVzdGNvb2tp\nZVUGd29ya2VkcQJzLg==\n','2014-04-22 07:59:34'),('387ace6b93246802973763fc6ed3978e','OTc2NTA5OWFmZTM0MjBmYTVjYjFmZDFlOWUyM2U0YmM0YTJiYzY4MDqAAn1xAShVDmNtc19hZG1p\nbl9zaXRlcQKKAQFVDV9hdXRoX3VzZXJfaWSKAQFVEl9hdXRoX3VzZXJfYmFja2VuZFUpZGphbmdv\nLmNvbnRyaWIuYXV0aC5iYWNrZW5kcy5Nb2RlbEJhY2tlbmR1Lg==\n','2014-01-31 10:49:28'),('390c800217db50a4876eafd32b6d3362','NmU1YzBlZjFlYjAyOWQ5YjNiMjkxMDg0NmQ4OGYzNjc2NzZmNTc3MjqAAn1xAVUKdGVzdGNvb2tp\nZXECVQZ3b3JrZWRxA3Mu\n','2014-04-05 04:07:53'),('392e3629821b4f9e5988b64eaa1a2a4c','MTRiYTJlNmJkOTgyM2ZhYmMzNTI3YzBiYzcxNmMwZDRlN2JjNGUwMDqAAn1xAVUKdGVzdGNvb2tp\nZVUGd29ya2VkcQJzLg==\n','2014-04-21 22:51:20'),('39670e3f3a754c041f4f87187d231e95','Mzk4ZjUxMzU1MWMxOThjMDc5NmZkZWE0ODFjMzcwYThhODBlZjE2NTqAAn1xAShVCnRlc3Rjb29r\naWVVBndvcmtlZFUGY3VzdElEigEEVRJfYXV0aF91c2VyX2JhY2tlbmRVKWRqYW5nby5jb250cmli\nLmF1dGguYmFja2VuZHMuTW9kZWxCYWNrZW5kVQ1fYXV0aF91c2VyX2lkigEBdS4=\n','2014-02-20 15:07:26'),('397dcdc003b15cae9b8f0a3354dddeb6','NmU1YzBlZjFlYjAyOWQ5YjNiMjkxMDg0NmQ4OGYzNjc2NzZmNTc3MjqAAn1xAVUKdGVzdGNvb2tp\nZXECVQZ3b3JrZWRxA3Mu\n','2014-04-16 10:56:54'),('3a075c1688ff0224df3fd308fdff26cb','NmU1YzBlZjFlYjAyOWQ5YjNiMjkxMDg0NmQ4OGYzNjc2NzZmNTc3MjqAAn1xAVUKdGVzdGNvb2tp\nZXECVQZ3b3JrZWRxA3Mu\n','2014-04-18 15:28:59'),('3a216568ec71a6123ab1747c76ad079a','YjMwOGNkNzFlZWUxNDJjZGEyNDcwNjhhNWVkMThjMjQ0MzRmMjQ4OTqAAn1xAVUEY2FydHECigIN\nAnMu\n','2014-04-22 20:47:30'),('3a5e66ae929d238822f50f46c57db499','MTg1YmY4ZmZkMTZlNmMxZjIwZDcwZGUyN2Q2NjMzMzllNzhhMjMwZDqAAn1xAVUEY2FydHECigLY\nAXMu\n','2014-04-03 12:41:22'),('3a86ef4cf26494cda8ac91d5d90c235a','MjY4OWQ4MDcxZDg2MjQzYTY3OTJmNTAxZTc3ZjUxOGM0MmFhZDkxNjqAAn1xAShVB29yZGVySUSK\nAjcBVQp0ZXN0Y29va2llVQZ3b3JrZWRVBmN1c3RJRIoCDQFVBGNhcnSKAtkBdS4=\n','2014-04-05 09:49:50'),('3aef85e3626812206e68c4b25724a3b5','MTRiYTJlNmJkOTgyM2ZhYmMzNTI3YzBiYzcxNmMwZDRlN2JjNGUwMDqAAn1xAVUKdGVzdGNvb2tp\nZVUGd29ya2VkcQJzLg==\n','2014-02-22 14:44:20'),('3b1a22fd0a79ca3d8f8fc1a131676fdc','NmU1YzBlZjFlYjAyOWQ5YjNiMjkxMDg0NmQ4OGYzNjc2NzZmNTc3MjqAAn1xAVUKdGVzdGNvb2tp\nZXECVQZ3b3JrZWRxA3Mu\n','2014-02-26 11:45:36'),('3b7f398cc2dcd39ed15f98b47c6113df','ZDVlY2U0NzhkZGQ4ODYyMjk5MDgyOGM3M2VjZDVlMDBmMjdhY2I5YTqAAn1xAShVB29yZGVySUSK\nAsgAVQ1fYXV0aF91c2VyX2lkigEGVQp0ZXN0Y29va2llVQZ3b3JrZWRVBGNhcnSKAi0BVRJfYXV0\naF91c2VyX2JhY2tlbmRVKWRqYW5nby5jb250cmliLmF1dGguYmFja2VuZHMuTW9kZWxCYWNrZW5k\nVQZjdXN0SUSKAosAdS4=\n','2014-02-21 15:57:14'),('3bee482c83f12a7e14a2996be61029e2','YmZmMDdhY2E5MWQ4NmYxMzI4YmUxMGZlMTI3M2ExMTcyM2QwNjYxMTqAAn1xAShVB29yZGVySUSK\nAt0AVQp0ZXN0Y29va2llVQZ3b3JrZWRVBmN1c3RJRIoCmQBVBGNhcnSKAkUBdS4=\n','2014-02-24 09:52:56'),('3c0b1bbdd2515d9ab63597b48408d27a','M2FjMGMwNzk5MTJkZWE5MTJmODY5OWE0NDA5NTM1MmRjZGIyZTMzNDqAAn1xAShVBmN1c3RJRHEC\nigK4AFUKdGVzdGNvb2tpZVUGd29ya2VkVQ1fYXV0aF91c2VyX2lkigEgVRJfYXV0aF91c2VyX2Jh\nY2tlbmRVKWRqYW5nby5jb250cmliLmF1dGguYmFja2VuZHMuTW9kZWxCYWNrZW5kdS4=\n','2014-03-03 17:20:56'),('3cefeeb9566ea1aec6760aa217b109ce','MTRiYTJlNmJkOTgyM2ZhYmMzNTI3YzBiYzcxNmMwZDRlN2JjNGUwMDqAAn1xAVUKdGVzdGNvb2tp\nZVUGd29ya2VkcQJzLg==\n','2014-04-17 05:12:34'),('3d0ddebca5deef5805cf444cc86a9aeb','OTJmMjU4MzIzODg2MjM1YjdhMmVkODA0YzExMzE3MTk1ZjBhNDRjZjqAAn1xAShVB29yZGVySUSK\nAhoBVQp0ZXN0Y29va2llVQZ3b3JrZWRVBmN1c3RJRIoC4ABVBGNhcnSKAq0BdS4=\n','2014-03-16 18:35:35'),('3d483de0fd66a7f5ac30980ec8560500','NmU1YzBlZjFlYjAyOWQ5YjNiMjkxMDg0NmQ4OGYzNjc2NzZmNTc3MjqAAn1xAVUKdGVzdGNvb2tp\nZXECVQZ3b3JrZWRxA3Mu\n','2014-03-30 05:49:08'),('3e00196eb96837a9b6e9971b1c3c7b78','MGQ4NDBlYTQ3OTUzZmNiZjgxN2EzNzUzMjYzNzEyZWY2YmYyMzA5MjqAAn1xAVUEY2FydHECigJq\nAXMu\n','2014-03-04 17:11:47'),('3e6df11bdcbae7ab3d17d7a8a62a3a3c','NDVhMzhjYTY2NzdiYTUyMTdhMzgwMTViODI5MTdiYTI3YTg1NzQyNTqAAn1xAShVDmNtc19hZG1p\nbl9zaXRligEBVQZjdXN0SUSKAQRVEl9hdXRoX3VzZXJfYmFja2VuZFUpZGphbmdvLmNvbnRyaWIu\nYXV0aC5iYWNrZW5kcy5Nb2RlbEJhY2tlbmRVDV9hdXRoX3VzZXJfaWSKAQF1Lg==\n','2014-03-04 14:34:52'),('3e7ced2f5dafb298af81b09d8d06d498','MTRiYTJlNmJkOTgyM2ZhYmMzNTI3YzBiYzcxNmMwZDRlN2JjNGUwMDqAAn1xAVUKdGVzdGNvb2tp\nZVUGd29ya2VkcQJzLg==\n','2014-03-19 18:46:32'),('3ed67b3ad561284da87a1ac586fbbcde','MjgwMDgwMDA4NDllYWU3ZWU4YmVmY2Q3MDhlNWRlMmQwMjFmNDI1MzqAAn1xAVURZm9ybV9jb250\nYWN0X2Zvcm2Icy4=\n','2014-03-04 21:17:48'),('3f86232a5544d3db0feefe1821f99dfd','ZWUwMmIxNTE2OTA4NzllMDYzZjgwZGY4MTFiZWVlYTQ0NWVhOGEzYzqAAn1xAShVCnRlc3Rjb29r\naWVxAlUGd29ya2VkcQNVBGNhcnSKAvEBdS4=\n','2014-04-13 20:24:37'),('3fb8f8f0442be51d0900ee28e8ea44b4','MTRiYTJlNmJkOTgyM2ZhYmMzNTI3YzBiYzcxNmMwZDRlN2JjNGUwMDqAAn1xAVUKdGVzdGNvb2tp\nZVUGd29ya2VkcQJzLg==\n','2014-02-27 18:53:03'),('402506da8c392bae7280fc76a4321150','M2VmN2JhMzllYjlkYjZmOTdmMWU1OTU5YjU1YWM2NjVjMzNjZDMwODqAAn1xAShVCnRlc3Rjb29r\naWVVBndvcmtlZHECVQRjYXJ0igLdAXUu\n','2014-04-04 14:37:40'),('403d628d51f5b4b3cb6ba0ba76b83f96','MzM1MWFlMzVhODg4ZDE0ZDY0ODJkZTU1Mzc5YTE0NzNjOTM1YjkwNTqAAn1xAShVCnRlc3Rjb29r\naWVVBndvcmtlZHECVQRjYXJ0igJkAXUu\n','2014-03-03 19:13:32'),('405c50e0b7bc22ca8f2fe90d49d0aa9d','NjA0ZGE0MGE2YzE2OWQ2MTgyYmYyYmQyYWUxNGY1OGY4NDkyZjQyNTqAAn1xAShVCnRlc3Rjb29r\naWVxAlUGd29ya2VkcQNVBGNhcnSKApEBdS4=\n','2014-03-11 19:27:44'),('40635fb0dbd4e31c0c1d6201ae6f3faa','ZjBlMjE4M2JjMWRmNTI3MTVmYzRiY2U4MDIxNjEyY2NiY2QwMTU0ZjqAAn1xAShVBmN1c3RJRIoC\nNgFVEl9hdXRoX3VzZXJfYmFja2VuZFUpZGphbmdvLmNvbnRyaWIuYXV0aC5iYWNrZW5kcy5Nb2Rl\nbEJhY2tlbmRVDV9hdXRoX3VzZXJfaWSKAWV1Lg==\n','2014-04-22 21:14:14'),('407d7556dcb308793a2dc6899e7a144d','NmU1YzBlZjFlYjAyOWQ5YjNiMjkxMDg0NmQ4OGYzNjc2NzZmNTc3MjqAAn1xAVUKdGVzdGNvb2tp\nZXECVQZ3b3JrZWRxA3Mu\n','2014-04-18 06:08:52'),('410d3fe622762f4ed55c546de2160102','NmU1YzBlZjFlYjAyOWQ5YjNiMjkxMDg0NmQ4OGYzNjc2NzZmNTc3MjqAAn1xAVUKdGVzdGNvb2tp\nZXECVQZ3b3JrZWRxA3Mu\n','2014-04-04 08:37:30'),('426699bf48f5fb8d12d63152f84ce9e4','N2QyN2NiZGM1NTAyNmFkMmUwYzQ1MDY0NTdkYjIzMTJhNmEwNmE4NTqAAn1xAShVB29yZGVySUSK\nAuUAVQp0ZXN0Y29va2llVQZ3b3JrZWRVBmN1c3RJRIoCpwBVBGNhcnSKAlEBdS4=\n','2014-02-26 12:38:01'),('4288e196104fd93365c27fd489224ee4','NmU1YzBlZjFlYjAyOWQ5YjNiMjkxMDg0NmQ4OGYzNjc2NzZmNTc3MjqAAn1xAVUKdGVzdGNvb2tp\nZXECVQZ3b3JrZWRxA3Mu\n','2014-04-15 06:54:10'),('428eed895f82d97d01cc6ea87092a6c0','NmU1YzBlZjFlYjAyOWQ5YjNiMjkxMDg0NmQ4OGYzNjc2NzZmNTc3MjqAAn1xAVUKdGVzdGNvb2tp\nZXECVQZ3b3JrZWRxA3Mu\n','2014-04-05 00:17:53'),('429b50f6e0ac8dcf024cec262a549346','MmQ0NDJlMzBkODdmZTc3NzczYTU0ZTQwMzkyMTE5Y2MwNzFiOGU2NjqAAn1xAVUEY2FydHECigI3\nAXMu\n','2014-02-22 09:45:40'),('431efa5814958f1545d88438b4374232','NjM5YjgxOGI5OWRkMjcwODVhNjVmNzMzOWU3YzFmNGZiMTA1MDI0NTqAAn1xAShVBmN1c3RJRIoC\nMgFVEl9hdXRoX3VzZXJfYmFja2VuZFUpZGphbmdvLmNvbnRyaWIuYXV0aC5iYWNrZW5kcy5Nb2Rl\nbEJhY2tlbmRVDV9hdXRoX3VzZXJfaWSKAWR1Lg==\n','2014-04-21 08:37:27'),('4320b9fc445757f7fb45f9b0a039f8a6','NmU1YzBlZjFlYjAyOWQ5YjNiMjkxMDg0NmQ4OGYzNjc2NzZmNTc3MjqAAn1xAVUKdGVzdGNvb2tp\nZXECVQZ3b3JrZWRxA3Mu\n','2014-03-24 20:34:50'),('438e87747ba5efab11fd4fdd092f9429','NmU1YzBlZjFlYjAyOWQ5YjNiMjkxMDg0NmQ4OGYzNjc2NzZmNTc3MjqAAn1xAVUKdGVzdGNvb2tp\nZXECVQZ3b3JrZWRxA3Mu\n','2014-03-19 10:00:20'),('43cb45a2870bbe61e192fc3ab5557cef','MTRiYTJlNmJkOTgyM2ZhYmMzNTI3YzBiYzcxNmMwZDRlN2JjNGUwMDqAAn1xAVUKdGVzdGNvb2tp\nZVUGd29ya2VkcQJzLg==\n','2014-03-06 04:05:49'),('43ea1f2cb75d1a97256d55dc82d0a6b3','NjA0YTRmZjQyMjdlMzhiYTkzMTliY2YzZTRhNGQ0MzZkY2ZjZDUxNzqAAn1xAShVB29yZGVySUSK\nAsQAVQp0ZXN0Y29va2llVQZ3b3JrZWRVBmN1c3RJRIoCiABVBGNhcnSKAikBdS4=\n','2014-02-20 19:01:29'),('4415352df622d7eca1fcddd2bf7e419f','MjdmNWNmNjI4MzgzYTc2MGQ0YTgwZTBkMDY5YTY4Yjk2Mzk3Zjg2MTqAAn1xAS4=\n','2014-03-11 18:36:42'),('4582c9f0fffbea4178e476b19b5d4d7b','MDgwODU2MTZmNjk5NTkwODVhZjBiZGI4NDY1YWM2YzRkYTgyOWI1MDqAAn1xAShVB29yZGVySUSK\nAkkBVQp0ZXN0Y29va2llVQZ3b3JrZWRVBmN1c3RJRIoCKwFVBGNhcnSKAv0BdS4=\n','2014-04-19 08:43:03'),('459e20c4cb2ff18d1f22e3abf559ad67','NmZhYmRiYzdmMjgwODYyYjQwMmFkYmFkMzIwN2JhNjQ0YTllOTQ2MDqAAn1xAShVBmN1c3RJRIoC\nHgFVCnRlc3Rjb29raWVVBndvcmtlZFUEY2FydIoC9gF1Lg==\n','2014-04-15 12:17:30'),('45afb36970d03fd1dcb01d1cb478d222','Mzk1ZTgxMDdmNzllNGE5YjQxZGQ2ZWNiNWFkYTQyNjQ0YThjNWMxZDqAAn1xAShVB29yZGVySUSK\nAhMBVQp0ZXN0Y29va2llVQZ3b3JrZWRVBmN1c3RJRIoC2ABVBGNhcnSKAqMBdS4=\n','2014-03-14 20:35:51'),('45cdcc896e512ca87c183282055a0e63','MTRiYTJlNmJkOTgyM2ZhYmMzNTI3YzBiYzcxNmMwZDRlN2JjNGUwMDqAAn1xAVUKdGVzdGNvb2tp\nZVUGd29ya2VkcQJzLg==\n','2014-04-02 05:57:13'),('461c7dfc79c65db6ca84f986d120ca0e','NmU1YzBlZjFlYjAyOWQ5YjNiMjkxMDg0NmQ4OGYzNjc2NzZmNTc3MjqAAn1xAVUKdGVzdGNvb2tp\nZXECVQZ3b3JrZWRxA3Mu\n','2014-04-07 13:29:37'),('470098c19b69914e6d54157d390d6934','NmU1YzBlZjFlYjAyOWQ5YjNiMjkxMDg0NmQ4OGYzNjc2NzZmNTc3MjqAAn1xAVUKdGVzdGNvb2tp\nZXECVQZ3b3JrZWRxA3Mu\n','2014-02-25 11:28:04'),('47e0e2cf762679eacf65cffeb701b449','NmU1YzBlZjFlYjAyOWQ5YjNiMjkxMDg0NmQ4OGYzNjc2NzZmNTc3MjqAAn1xAVUKdGVzdGNvb2tp\nZXECVQZ3b3JrZWRxA3Mu\n','2014-04-15 16:04:40'),('489c06be507ba3e0b4eede5b459a5797','NmU1YzBlZjFlYjAyOWQ5YjNiMjkxMDg0NmQ4OGYzNjc2NzZmNTc3MjqAAn1xAVUKdGVzdGNvb2tp\nZXECVQZ3b3JrZWRxA3Mu\n','2014-04-07 02:48:23'),('4905bf7743bda94a56ac864b955b97c2','NmU1YzBlZjFlYjAyOWQ5YjNiMjkxMDg0NmQ4OGYzNjc2NzZmNTc3MjqAAn1xAVUKdGVzdGNvb2tp\nZXECVQZ3b3JrZWRxA3Mu\n','2014-03-11 23:03:09'),('4908e8e121c1bc3b7bfb68344e6a4914','NmU1YzBlZjFlYjAyOWQ5YjNiMjkxMDg0NmQ4OGYzNjc2NzZmNTc3MjqAAn1xAVUKdGVzdGNvb2tp\nZXECVQZ3b3JrZWRxA3Mu\n','2014-04-17 17:13:54'),('49b45bd67e63d3c564954675ab615a29','NmU1YzBlZjFlYjAyOWQ5YjNiMjkxMDg0NmQ4OGYzNjc2NzZmNTc3MjqAAn1xAVUKdGVzdGNvb2tp\nZXECVQZ3b3JrZWRxA3Mu\n','2014-03-06 13:37:50'),('4a35ead8f128189eb7dc7fe5044e37f6','MTRiYTJlNmJkOTgyM2ZhYmMzNTI3YzBiYzcxNmMwZDRlN2JjNGUwMDqAAn1xAVUKdGVzdGNvb2tp\nZVUGd29ya2VkcQJzLg==\n','2014-04-01 22:55:05'),('4a7cb09813f0bb092a44799e3ff8617c','MjdmNWNmNjI4MzgzYTc2MGQ0YTgwZTBkMDY5YTY4Yjk2Mzk3Zjg2MTqAAn1xAS4=\n','2014-03-24 22:22:18'),('4aaca443ab6690726932909dceed8931','ZTljYzBmYjIyNWU3NjI0NzM0YWM0ZmFmNjczNGE1M2RjMTNhN2RjZjqAAn1xAShVCnRlc3Rjb29r\naWVVBndvcmtlZHECVQRjYXJ0igIAAnUu\n','2014-04-19 23:37:23'),('4b2814a1e9a6273246c8dbb73e9ec5f8','MTRiYTJlNmJkOTgyM2ZhYmMzNTI3YzBiYzcxNmMwZDRlN2JjNGUwMDqAAn1xAVUKdGVzdGNvb2tp\nZVUGd29ya2VkcQJzLg==\n','2014-04-17 07:01:34'),('4b41b5f413a85cabc90f5e2b38aacd9d','NmU1YzBlZjFlYjAyOWQ5YjNiMjkxMDg0NmQ4OGYzNjc2NzZmNTc3MjqAAn1xAVUKdGVzdGNvb2tp\nZXECVQZ3b3JrZWRxA3Mu\n','2014-04-11 14:49:24'),('4b96e2d15a90aece83bb6b5fd5c50dfc','NTZiNjVmM2JjOWRmYzUzMjYxMmEyZDc2ZTU1MzY5M2QxOTI2ZjJkNTqAAn1xAShVB29yZGVySUSK\nAhYBVQp0ZXN0Y29va2llVQZ3b3JrZWRVBmN1c3RJRIoC2wBVBGNhcnSKAqYBdS4=\n','2014-03-15 17:09:45'),('4c0eace716b752ad7810d9fac525bc5f','NmU1YzBlZjFlYjAyOWQ5YjNiMjkxMDg0NmQ4OGYzNjc2NzZmNTc3MjqAAn1xAVUKdGVzdGNvb2tp\nZXECVQZ3b3JrZWRxA3Mu\n','2014-03-07 13:50:23'),('4c319f0fb5d8e4985904747436c0a213','NmU1YzBlZjFlYjAyOWQ5YjNiMjkxMDg0NmQ4OGYzNjc2NzZmNTc3MjqAAn1xAVUKdGVzdGNvb2tp\nZXECVQZ3b3JrZWRxA3Mu\n','2014-03-19 00:55:58'),('4c7686ead595e96d695968b4b83b9095','NmU1YzBlZjFlYjAyOWQ5YjNiMjkxMDg0NmQ4OGYzNjc2NzZmNTc3MjqAAn1xAVUKdGVzdGNvb2tp\nZXECVQZ3b3JrZWRxA3Mu\n','2014-03-03 06:12:56'),('4c85f71167ed9b303afbafbdf0ab5ce1','NmU1YzBlZjFlYjAyOWQ5YjNiMjkxMDg0NmQ4OGYzNjc2NzZmNTc3MjqAAn1xAVUKdGVzdGNvb2tp\nZXECVQZ3b3JrZWRxA3Mu\n','2014-04-18 07:29:07'),('4c9cb9fff2d3daeb5e615ced68d68a7e','NmU1YzBlZjFlYjAyOWQ5YjNiMjkxMDg0NmQ4OGYzNjc2NzZmNTc3MjqAAn1xAVUKdGVzdGNvb2tp\nZXECVQZ3b3JrZWRxA3Mu\n','2014-03-16 10:32:40'),('4ca1e36a8d73550475b774692dd49689','NmU1YzBlZjFlYjAyOWQ5YjNiMjkxMDg0NmQ4OGYzNjc2NzZmNTc3MjqAAn1xAVUKdGVzdGNvb2tp\nZXECVQZ3b3JrZWRxA3Mu\n','2014-04-15 06:40:31'),('4cbf97c42bf83bd655524c4fb85face5','NDdkMGFkYzk4MzMwZDgxMzVhYzU0NDM5ZWFhMzZmYzA1Mjk1ZmQzNDqAAn1xAShVCnRlc3Rjb29r\naWVxAlUGd29ya2VkcQNVBGNhcnSKAs0BdS4=\n','2014-03-30 19:30:20'),('4cca8869659d0354afcda52d87b4e06a','NmU1YzBlZjFlYjAyOWQ5YjNiMjkxMDg0NmQ4OGYzNjc2NzZmNTc3MjqAAn1xAVUKdGVzdGNvb2tp\nZXECVQZ3b3JrZWRxA3Mu\n','2014-02-24 15:11:43'),('4d0a85fabc33c388ebcb156de0e2e938','NmU1YzBlZjFlYjAyOWQ5YjNiMjkxMDg0NmQ4OGYzNjc2NzZmNTc3MjqAAn1xAVUKdGVzdGNvb2tp\nZXECVQZ3b3JrZWRxA3Mu\n','2014-03-09 19:00:20'),('4d10754d5c63b51394f5417f12d4d0a5','MjdmNWNmNjI4MzgzYTc2MGQ0YTgwZTBkMDY5YTY4Yjk2Mzk3Zjg2MTqAAn1xAS4=\n','2014-04-23 14:48:28'),('4d1d09adb31ac78c47208df37f151e18','NmU1YzBlZjFlYjAyOWQ5YjNiMjkxMDg0NmQ4OGYzNjc2NzZmNTc3MjqAAn1xAVUKdGVzdGNvb2tp\nZXECVQZ3b3JrZWRxA3Mu\n','2014-03-09 16:42:35'),('4d9246144f5496574b8962b9467a78df','MTRiYTJlNmJkOTgyM2ZhYmMzNTI3YzBiYzcxNmMwZDRlN2JjNGUwMDqAAn1xAVUKdGVzdGNvb2tp\nZVUGd29ya2VkcQJzLg==\n','2014-04-17 11:30:40'),('4dd41fa7c5504c247ea429161559dfe3','NmU1YzBlZjFlYjAyOWQ5YjNiMjkxMDg0NmQ4OGYzNjc2NzZmNTc3MjqAAn1xAVUKdGVzdGNvb2tp\nZXECVQZ3b3JrZWRxA3Mu\n','2014-03-27 07:24:36'),('4dd483496f13f6d58a60a2c80dbaedd8','MmNiMDI0NzQ1MDVkMDE5MmJhZDAxMzUzYjU1MmI1YTJlNmEyNzhhNDqAAn1xAShVB29yZGVySUSK\nAh0BVQp0ZXN0Y29va2llVQZ3b3JrZWRVBmN1c3RJRIoC5QBVBGNhcnSKArIBdS4=\n','2014-03-18 11:16:41'),('4ded35dee22a418bd4d3a7e5dd59fcc3','Y2NmYWEwMWEzNDY5MGZmOTBiMDdhMWVjN2YyYjI3YjkyYzM1YjMwMjqAAn1xAShVB29yZGVySUSK\nAuEAVQp0ZXN0Y29va2llVQZ3b3JrZWRVBmN1c3RJRIoCngBVBGNhcnSKAkkBdS4=\n','2014-02-24 15:11:37'),('4df25bf89172d9b551954a167b09bcbc','MTRiYTJlNmJkOTgyM2ZhYmMzNTI3YzBiYzcxNmMwZDRlN2JjNGUwMDqAAn1xAVUKdGVzdGNvb2tp\nZVUGd29ya2VkcQJzLg==\n','2014-04-17 22:49:56'),('4e554c4d069c7194f126e14e50f78ffd','NmU1YzBlZjFlYjAyOWQ5YjNiMjkxMDg0NmQ4OGYzNjc2NzZmNTc3MjqAAn1xAVUKdGVzdGNvb2tp\nZXECVQZ3b3JrZWRxA3Mu\n','2014-03-06 17:24:27'),('4ee2d7dbe2fed9392b4e96a06104758d','MjdmNWNmNjI4MzgzYTc2MGQ0YTgwZTBkMDY5YTY4Yjk2Mzk3Zjg2MTqAAn1xAS4=\n','2014-03-20 12:19:55'),('4f74dc91dcf63cffc3da29539a7ea18e','MjdmNWNmNjI4MzgzYTc2MGQ0YTgwZTBkMDY5YTY4Yjk2Mzk3Zjg2MTqAAn1xAS4=\n','2014-04-11 18:02:36'),('4fc84927b324f432fb80f150736218c6','MjdmNWNmNjI4MzgzYTc2MGQ0YTgwZTBkMDY5YTY4Yjk2Mzk3Zjg2MTqAAn1xAS4=\n','2014-04-02 00:50:03'),('4fe8d7929d3c4ada63ed4dc9591b6807','Y2ZjNThlZDVmOWJjZWZjNDQyODRiYjExNzhjNDcxZDQ5MzY2MTljMDqAAn1xAVUEY2FydIoC4QFz\nLg==\n','2014-04-04 18:42:24'),('5024922058bafac13bc49b8fd49956ba','ZTJjZWI3ODRjMjE1MDQwNjg0MzgxYzQ5MzhkZjc5OGRkMTM5ZTg0YjqAAn1xAShVB29yZGVySUSK\nApsAVRJfYXV0aF91c2VyX2JhY2tlbmRVKWRqYW5nby5jb250cmliLmF1dGguYmFja2VuZHMuTW9k\nZWxCYWNrZW5kVQZjdXN0SUSKAQxVDV9hdXRoX3VzZXJfaWSKAQNVCGNtc19lZGl0iHUu\n','2014-02-23 21:49:33'),('5072eb1cb70f0acd228f578786d5c402','NDE4MTc2N2JjYWVhOWUxYWE5ODU1OWI1MmQ4MWQ1MjRmNDI1ZGUzZDqAAn1xAShVB29yZGVySUSK\nAvUAVRJfYXV0aF91c2VyX2JhY2tlbmRVKWRqYW5nby5jb250cmliLmF1dGguYmFja2VuZHMuTW9k\nZWxCYWNrZW5kVQZjdXN0SUSKAr0AVQ1fYXV0aF91c2VyX2lkigEjVQRjYXJ0igJyAXUu\n','2014-03-06 13:37:19'),('511a6418685d21eb3f532702c9c5b2f0','NTNiZDZkYWFmODI0ZmExNGQ0NDcxYzYyZjAwY2I5MThkODY5NGM5NTqAAn1xAShVCnRlc3Rjb29r\naWVxAlUGd29ya2VkcQNVBGNhcnSKAk4BdS4=\n','2014-02-25 09:22:00'),('5148ab664c2c4f02b7894614f1a9bc2c','NmU1YzBlZjFlYjAyOWQ5YjNiMjkxMDg0NmQ4OGYzNjc2NzZmNTc3MjqAAn1xAVUKdGVzdGNvb2tp\nZXECVQZ3b3JrZWRxA3Mu\n','2014-03-27 04:25:52'),('524eadc94f401a77dff612e244db4249','NmU1YzBlZjFlYjAyOWQ5YjNiMjkxMDg0NmQ4OGYzNjc2NzZmNTc3MjqAAn1xAVUKdGVzdGNvb2tp\nZXECVQZ3b3JrZWRxA3Mu\n','2014-04-04 06:16:57'),('526275ef77db49a5777ea12843e51b92','N2Q4MzliZWZiODEzYWVmNDBjZDhiMjRhODllYzhiODIzODY1MmZhNDqAAn1xAShVCnRlc3Rjb29r\naWVVBndvcmtlZFUEY2FydHECigKdAXUu\n','2014-03-14 03:58:05'),('529c159d2de56a2703b32111d9b8538d','MjdmNWNmNjI4MzgzYTc2MGQ0YTgwZTBkMDY5YTY4Yjk2Mzk3Zjg2MTqAAn1xAS4=\n','2014-02-25 20:19:10'),('531097c59edff7d0973032056e5dec71','NmU1YzBlZjFlYjAyOWQ5YjNiMjkxMDg0NmQ4OGYzNjc2NzZmNTc3MjqAAn1xAVUKdGVzdGNvb2tp\nZXECVQZ3b3JrZWRxA3Mu\n','2014-02-27 17:05:00'),('532c386e4b2e2e3c76387ea4695c2c36','MTRiYTJlNmJkOTgyM2ZhYmMzNTI3YzBiYzcxNmMwZDRlN2JjNGUwMDqAAn1xAVUKdGVzdGNvb2tp\nZVUGd29ya2VkcQJzLg==\n','2014-04-23 14:17:26'),('535c0cf4b817ecd1498220a8210b3110','NmU1YzBlZjFlYjAyOWQ5YjNiMjkxMDg0NmQ4OGYzNjc2NzZmNTc3MjqAAn1xAVUKdGVzdGNvb2tp\nZXECVQZ3b3JrZWRxA3Mu\n','2014-04-05 11:37:12'),('538ab8978b85e133f21f7b6a89f6a68f','NmU1YzBlZjFlYjAyOWQ5YjNiMjkxMDg0NmQ4OGYzNjc2NzZmNTc3MjqAAn1xAVUKdGVzdGNvb2tp\nZXECVQZ3b3JrZWRxA3Mu\n','2014-04-03 20:45:08'),('53a5ba477485df070e09ea693609cb3a','MjdmNWNmNjI4MzgzYTc2MGQ0YTgwZTBkMDY5YTY4Yjk2Mzk3Zjg2MTqAAn1xAS4=\n','2014-04-10 11:18:23'),('53eb4bdf054038a672e36b5f84b49893','NzVmODM1ZjNmYjQ0OGQzMGY3YjAwN2ZmMTgxMzQ1MGVlNWUyODBiNjqAAn1xAShVB29yZGVySUSK\nAj0BVQp0ZXN0Y29va2llVQZ3b3JrZWRVBmN1c3RJRIoCFAFVBGNhcnSKAu0BdS4=\n','2014-04-11 23:20:32'),('5414e18dd0f46b0d95e230e3a857eebb','NmU1YzBlZjFlYjAyOWQ5YjNiMjkxMDg0NmQ4OGYzNjc2NzZmNTc3MjqAAn1xAVUKdGVzdGNvb2tp\nZXECVQZ3b3JrZWRxA3Mu\n','2014-04-17 22:30:04'),('5432d338a6281fc783cdc75a7bdeeb75','NmU1YzBlZjFlYjAyOWQ5YjNiMjkxMDg0NmQ4OGYzNjc2NzZmNTc3MjqAAn1xAVUKdGVzdGNvb2tp\nZXECVQZ3b3JrZWRxA3Mu\n','2014-04-21 17:32:03'),('54985d817081bc9b133aa6ed6501f26a','NmU1YzBlZjFlYjAyOWQ5YjNiMjkxMDg0NmQ4OGYzNjc2NzZmNTc3MjqAAn1xAVUKdGVzdGNvb2tp\nZXECVQZ3b3JrZWRxA3Mu\n','2014-03-07 21:23:16'),('54c8a520bb1756201e095e81d2cc199e','MWZhZmQ1YzFhYjcwYmU2Y2JiNmMzY2ZkNWFiODVhYTg3OTI4MzJjNzqAAn1xAShVCnRlc3Rjb29r\naWVxAlUGd29ya2VkcQNVBGNhcnSKAuYBdS4=\n','2014-04-07 11:39:34'),('55546958249339906617bd96114bb208','MjdmNWNmNjI4MzgzYTc2MGQ0YTgwZTBkMDY5YTY4Yjk2Mzk3Zjg2MTqAAn1xAS4=\n','2014-04-21 15:07:30'),('5555afb774d8e698c0e41bf7ca6db73f','NmU1YzBlZjFlYjAyOWQ5YjNiMjkxMDg0NmQ4OGYzNjc2NzZmNTc3MjqAAn1xAVUKdGVzdGNvb2tp\nZXECVQZ3b3JrZWRxA3Mu\n','2014-04-16 07:35:34'),('57385dd4dd19cc6f1d8ff671459d52e3','MTRiYTJlNmJkOTgyM2ZhYmMzNTI3YzBiYzcxNmMwZDRlN2JjNGUwMDqAAn1xAVUKdGVzdGNvb2tp\nZVUGd29ya2VkcQJzLg==\n','2014-03-09 23:35:19'),('578684e2ad43b89887f1dab3da0c54ef','MjdmNWNmNjI4MzgzYTc2MGQ0YTgwZTBkMDY5YTY4Yjk2Mzk3Zjg2MTqAAn1xAS4=\n','2014-03-26 15:18:09'),('57d6b9a2277fd3041bcbc5654aed1ec9','MjdmNWNmNjI4MzgzYTc2MGQ0YTgwZTBkMDY5YTY4Yjk2Mzk3Zjg2MTqAAn1xAS4=\n','2014-04-17 18:38:06'),('57e0244dabf74408a2d0d4d4cb4a1253','N2QyYmM3NzA2MzBmMTNjZDhlNmNhNjM4OWFlZmFhYTU5NmI5ODhiNjqAAn1xAShVDmNtc19hZG1p\nbl9zaXRligEBVQ1fYXV0aF91c2VyX2lkigEDVRJfYXV0aF91c2VyX2JhY2tlbmRVKWRqYW5nby5j\nb250cmliLmF1dGguYmFja2VuZHMuTW9kZWxCYWNrZW5kVQRjYXJ0igIKAlUIY21zX2VkaXSIVQZj\ndXN0SUSKAQx1Lg==\n','2014-04-23 16:59:01'),('57e72ed1f66e5133f6f96aee1a9d311c','MWRmN2UzZmY2YmM0YmQ4ODQyOTU4YjljMzljYjJkN2E0MGMwNjQ2NzqAAn1xAShVB29yZGVySUSK\nAuwAVQRjYXJ0igJeAVUGY3VzdElEigKzAFUNX2F1dGhfdXNlcl9pZIoBHVUSX2F1dGhfdXNlcl9i\nYWNrZW5kVSlkamFuZ28uY29udHJpYi5hdXRoLmJhY2tlbmRzLk1vZGVsQmFja2VuZHUu\n','2014-03-15 08:42:34'),('580cfb73948d3dbdb1d7a65e7084609b','ZWUwZjhmZDU3OTE3ZWJmMzQxOTMxNzAxYjIzMDQzNWU5ODc2MTQ1MjqAAn1xAVUKdGVzdGNvb2tp\nZVUGd29ya2Vkcy4=\n','2014-03-13 09:28:06'),('585f34e4a5ab6e5a8d2adff917adb67d','NmU1YzBlZjFlYjAyOWQ5YjNiMjkxMDg0NmQ4OGYzNjc2NzZmNTc3MjqAAn1xAVUKdGVzdGNvb2tp\nZXECVQZ3b3JrZWRxA3Mu\n','2014-03-17 02:06:59'),('58947ee705c70d6650a39f30899076a0','Y2Q0ZDRlZjQyZjM0ZmJlYWI0Yjc4NzY4MjkwYTFhNjBjNTA4MzcxNjqAAn1xAShVCnRlc3Rjb29r\naWVxAlUGd29ya2VkcQNVBGNhcnSKAqsBdS4=\n','2014-03-16 17:03:03'),('58b569d0aa925ce42f223651dadb067e','NmU1YzBlZjFlYjAyOWQ5YjNiMjkxMDg0NmQ4OGYzNjc2NzZmNTc3MjqAAn1xAVUKdGVzdGNvb2tp\nZXECVQZ3b3JrZWRxA3Mu\n','2014-03-18 06:44:03'),('59980f7996a03c7bce1d618041bc4d6c','MTJkYjdlMWY0MTA2YmZiNTI2YmEwZjdhNGJiNTU0Y2Y3MzA2ZjA4ZTqAAn1xAShVB29yZGVySUSK\nAigBVQZjdXN0SUSKAvMAVQp0ZXN0Y29va2llVQZ3b3JrZWRVBGNhcnSKAsEBdS4=\n','2014-03-23 11:14:11'),('59f9556f8899b35d3cfc6d4caa4329e9','NmU1YzBlZjFlYjAyOWQ5YjNiMjkxMDg0NmQ4OGYzNjc2NzZmNTc3MjqAAn1xAVUKdGVzdGNvb2tp\nZXECVQZ3b3JrZWRxA3Mu\n','2014-03-27 12:06:47'),('59fbb653bb677900df94c3b1586e99e1','NmU1YzBlZjFlYjAyOWQ5YjNiMjkxMDg0NmQ4OGYzNjc2NzZmNTc3MjqAAn1xAVUKdGVzdGNvb2tp\nZXECVQZ3b3JrZWRxA3Mu\n','2014-04-18 05:53:13'),('5a92025e13a94416fe13cca30ec51573','MjdmNWNmNjI4MzgzYTc2MGQ0YTgwZTBkMDY5YTY4Yjk2Mzk3Zjg2MTqAAn1xAS4=\n','2014-03-10 18:00:30'),('5aad85069213f0d54c784094a1e6ab76','MTRiYTJlNmJkOTgyM2ZhYmMzNTI3YzBiYzcxNmMwZDRlN2JjNGUwMDqAAn1xAVUKdGVzdGNvb2tp\nZVUGd29ya2VkcQJzLg==\n','2014-04-22 00:32:08'),('5b1694315e3de52a7917ce09224dcd6a','N2ZiMDQyNjc3YWUzY2RmOTk4ODZiOTFmMmE1NWY2MWVhYjRjOTQ1NTqAAn1xAShVB29yZGVySUSK\nAkcBVQp0ZXN0Y29va2llVQZ3b3JrZWRVBmN1c3RJRIoCIQFVBGNhcnSKAvkBdS4=\n','2014-04-17 14:01:48'),('5bdda119b12e4cba8c5b2b852dff47ae','NmU1YzBlZjFlYjAyOWQ5YjNiMjkxMDg0NmQ4OGYzNjc2NzZmNTc3MjqAAn1xAVUKdGVzdGNvb2tp\nZXECVQZ3b3JrZWRxA3Mu\n','2014-02-21 23:13:42'),('5c0a8b9aa8a66d90b6842a17b0ad63c8','NTVhZmQyZmRjZjE4NWYwMDliNjc4NTE1ZWMwZDYxZmVhZmMxZDhkNzqAAn1xAVUEY2FydHECigLj\nAXMu\n','2014-04-04 22:54:23'),('5c2f37d879e7c84f72f34cc1d29e4d98','NmU1YzBlZjFlYjAyOWQ5YjNiMjkxMDg0NmQ4OGYzNjc2NzZmNTc3MjqAAn1xAVUKdGVzdGNvb2tp\nZXECVQZ3b3JrZWRxA3Mu\n','2014-03-12 12:51:31'),('5d8a5ed0a399a92d49610dd2649c38e6','ZjgxMDQyNzA0YTAwZGU4MzhhMTU3ODlhOTllNGVjZTU2YWUwMWY5YTqAAn1xAVUEY2FydHECigJ+\nAXMu\n','2014-03-09 10:04:25'),('5dd3225fc425f422b5b2d7b2439f6969','MjBlNDcxMTU0MzA4ZWU4YTAwODQ0YzM5MTU1ZWFjNjhkNzYxNDdhNzqAAn1xAShVB29yZGVySUSK\nAvkAVQp0ZXN0Y29va2llVQZ3b3JrZWRVBmN1c3RJRIoCvwBVBGNhcnSKAnQBdS4=\n','2014-03-07 14:41:50'),('5e3871403e1e488781bdcedc034a9086','NmU1YzBlZjFlYjAyOWQ5YjNiMjkxMDg0NmQ4OGYzNjc2NzZmNTc3MjqAAn1xAVUKdGVzdGNvb2tp\nZXECVQZ3b3JrZWRxA3Mu\n','2014-03-13 07:59:17'),('5e454b9f77e12041dbbd26934be6c676','MDYxZjA5Y2E4YzU2YTliMTMwOWJjYTQ4ZjI3N2ZkZjRjNmFmOTEyOTqAAn1xAShVDmNtc19hZG1p\nbl9zaXRligEBVRJfYXV0aF91c2VyX2JhY2tlbmRVKWRqYW5nby5jb250cmliLmF1dGguYmFja2Vu\nZHMuTW9kZWxCYWNrZW5kVQZjdXN0SUSKAQRVDV9hdXRoX3VzZXJfaWSKAQFVCGNtc19lZGl0iHUu\n','2014-02-20 15:39:20'),('5e506072a11a2dbb2f17365e0518ddfe','NmU1YzBlZjFlYjAyOWQ5YjNiMjkxMDg0NmQ4OGYzNjc2NzZmNTc3MjqAAn1xAVUKdGVzdGNvb2tp\nZXECVQZ3b3JrZWRxA3Mu\n','2014-04-21 14:51:48'),('5e5d9578395750d39fcccaddfe4511cd','YjAyM2Y1Y2YwYzQ1ODRlOWM5MjI3MzA0OTJhZDRlMmM0NjI5NjBlNDqAAn1xAShVBmN1c3RJRIoC\nDgFVDV9hdXRoX3VzZXJfaWSKAU5VEl9hdXRoX3VzZXJfYmFja2VuZFUpZGphbmdvLmNvbnRyaWIu\nYXV0aC5iYWNrZW5kcy5Nb2RlbEJhY2tlbmR1Lg==\n','2014-04-05 10:44:03'),('5efcdc8a357baa0d36a29b7cc74d5f48','NmU1YzBlZjFlYjAyOWQ5YjNiMjkxMDg0NmQ4OGYzNjc2NzZmNTc3MjqAAn1xAVUKdGVzdGNvb2tp\nZXECVQZ3b3JrZWRxA3Mu\n','2014-04-07 22:34:42'),('5f49b8ba0db16928a4e69c6ace192dd3','ZDc3OWVjNDcwNjViZWE2NzY5ZWY4MzAxOGVjNmI2MzJkZGI2MGMwOTqAAn1xAShVB29yZGVySUSK\nAiMBVQp0ZXN0Y29va2llVQZ3b3JrZWRVBmN1c3RJRIoC8ABVBGNhcnSKAsABdS4=\n','2014-03-21 21:15:02'),('5f816fcf005e037f0eed2fbedc1b88e0','NmU1YzBlZjFlYjAyOWQ5YjNiMjkxMDg0NmQ4OGYzNjc2NzZmNTc3MjqAAn1xAVUKdGVzdGNvb2tp\nZXECVQZ3b3JrZWRxA3Mu\n','2014-04-18 16:49:45'),('5fe983c54e84bc8bbe73c2d9e5e74016','MTA0YjJlNmEwNjJjNTBhOTViYzRlOThiNTQwYzNjYTBjMDE5N2JhYTqAAn1xAShVDmNtc19hZG1p\nbl9zaXRligEBVQhjbXNfZWRpdIhVBmN1c3RJRIoBDFUSX2F1dGhfdXNlcl9iYWNrZW5kVSlkamFu\nZ28uY29udHJpYi5hdXRoLmJhY2tlbmRzLk1vZGVsQmFja2VuZFUNX2F1dGhfdXNlcl9pZIoBA3Uu\n','2014-04-04 22:49:25'),('5ff22e9d0437432cfabe81c650c3ba66','NmEwMzY2NDc5NTQ0ODRlYTIwMGY5NzNhYmUwNWU2MGI1YzVmNmIwODqAAn1xAShVB29yZGVySUSK\nAhsBVQ1fYXV0aF91c2VyX2lkigEyVQp0ZXN0Y29va2llVQZ3b3JrZWRVBGNhcnSKAq8BVRJfYXV0\naF91c2VyX2JhY2tlbmRVKWRqYW5nby5jb250cmliLmF1dGguYmFja2VuZHMuTW9kZWxCYWNrZW5k\nVQZjdXN0SUSKAuIAdS4=\n','2014-03-17 20:26:39'),('6034cee724840c9d26de69e3997e7244','ZDM3ZmMyM2NmMWM1ODFkNjgyZDk1Nzg5OWVkMGIxZDljNDgzMTJjZTqAAn1xAShVBmN1c3RJRIoC\nAgFVCnRlc3Rjb29raWVVBndvcmtlZFUNX2F1dGhfdXNlcl9pZIoBRVUSX2F1dGhfdXNlcl9iYWNr\nZW5kVS5zYXRjaG1vX3N0b3JlLmFjY291bnRzLmVtYWlsLWF1dGguRW1haWxCYWNrZW5kdS4=\n','2014-04-02 12:33:40'),('60c557f04d4cf4e23125a873ef21e845','NmU1YzBlZjFlYjAyOWQ5YjNiMjkxMDg0NmQ4OGYzNjc2NzZmNTc3MjqAAn1xAVUKdGVzdGNvb2tp\nZXECVQZ3b3JrZWRxA3Mu\n','2014-04-22 19:15:40'),('60fa1ccb5385ff475d9e3332224a22b2','NmU1YzBlZjFlYjAyOWQ5YjNiMjkxMDg0NmQ4OGYzNjc2NzZmNTc3MjqAAn1xAVUKdGVzdGNvb2tp\nZXECVQZ3b3JrZWRxA3Mu\n','2014-04-16 23:56:03'),('612a21c0d66b28e2a1cf5e11ee983be4','MjdmNWNmNjI4MzgzYTc2MGQ0YTgwZTBkMDY5YTY4Yjk2Mzk3Zjg2MTqAAn1xAS4=\n','2014-04-19 09:29:10'),('612a21dddc7f67124204e3d8b32f04eb','NmU1YzBlZjFlYjAyOWQ5YjNiMjkxMDg0NmQ4OGYzNjc2NzZmNTc3MjqAAn1xAVUKdGVzdGNvb2tp\nZXECVQZ3b3JrZWRxA3Mu\n','2014-04-15 06:40:31'),('618bfee518da748e79a82069daa28db3','NmU1YzBlZjFlYjAyOWQ5YjNiMjkxMDg0NmQ4OGYzNjc2NzZmNTc3MjqAAn1xAVUKdGVzdGNvb2tp\nZXECVQZ3b3JrZWRxA3Mu\n','2014-04-16 17:37:16'),('618f7fcf6d644c97bd7d9f454f571b5f','NGYyYWJjNGYwNmUzNmNlZWQ3Mzc4NzBiMWZiMWU2ZTBlZGRkZWQ3YTqAAn1xAShVBmN1c3RJRIoC\n7ABVDV9hdXRoX3VzZXJfaWSKATlVEl9hdXRoX3VzZXJfYmFja2VuZFUpZGphbmdvLmNvbnRyaWIu\nYXV0aC5iYWNrZW5kcy5Nb2RlbEJhY2tlbmR1Lg==\n','2014-04-16 21:55:22'),('61aaf7b5c2bf39ae287cf6c5b6ccd16a','NmU1YzBlZjFlYjAyOWQ5YjNiMjkxMDg0NmQ4OGYzNjc2NzZmNTc3MjqAAn1xAVUKdGVzdGNvb2tp\nZXECVQZ3b3JrZWRxA3Mu\n','2014-04-01 18:22:56'),('61e87734eae91942ed390560e533c7a4','NmU1YzBlZjFlYjAyOWQ5YjNiMjkxMDg0NmQ4OGYzNjc2NzZmNTc3MjqAAn1xAVUKdGVzdGNvb2tp\nZXECVQZ3b3JrZWRxA3Mu\n','2014-04-23 12:46:50'),('61f5b7e66eed3218d47f1fd0f6e3fbc1','NmU1YzBlZjFlYjAyOWQ5YjNiMjkxMDg0NmQ4OGYzNjc2NzZmNTc3MjqAAn1xAVUKdGVzdGNvb2tp\nZXECVQZ3b3JrZWRxA3Mu\n','2014-04-09 03:55:54'),('61fdc16f863f0c4fa60b0fd46c03954d','MTRiYTJlNmJkOTgyM2ZhYmMzNTI3YzBiYzcxNmMwZDRlN2JjNGUwMDqAAn1xAVUKdGVzdGNvb2tp\nZVUGd29ya2VkcQJzLg==\n','2014-04-05 12:36:36'),('62389586ecb0461b82ce5fb0a51fa11e','NmU1YzBlZjFlYjAyOWQ5YjNiMjkxMDg0NmQ4OGYzNjc2NzZmNTc3MjqAAn1xAVUKdGVzdGNvb2tp\nZXECVQZ3b3JrZWRxA3Mu\n','2014-02-28 14:37:23'),('623be2d1ffa559abe3be62cad3ca59c7','MTRiYTJlNmJkOTgyM2ZhYmMzNTI3YzBiYzcxNmMwZDRlN2JjNGUwMDqAAn1xAVUKdGVzdGNvb2tp\nZVUGd29ya2VkcQJzLg==\n','2014-03-16 14:58:04'),('6272acac944d14942f0bb7a5e35b78c8','ZTM2NmZkNjE0MzRlMDAwZTc1ZDI5NjY0MDFmMTc3MjM5OWMxNTgwYTqAAn1xAShVDmNtc19hZG1p\nbl9zaXRligEBVQ1fYXV0aF91c2VyX2lkigEBVRJfYXV0aF91c2VyX2JhY2tlbmRVKWRqYW5nby5j\nb250cmliLmF1dGguYmFja2VuZHMuTW9kZWxCYWNrZW5kVQRjYXJ0igInAVUIY21zX2VkaXSIVQZj\ndXN0SUSKAQR1Lg==\n','2014-02-20 18:46:05'),('62a6ac42a69fca1726561ef1daa8b14b','NmU1YzBlZjFlYjAyOWQ5YjNiMjkxMDg0NmQ4OGYzNjc2NzZmNTc3MjqAAn1xAVUKdGVzdGNvb2tp\nZXECVQZ3b3JrZWRxA3Mu\n','2014-02-27 15:16:38'),('62ee7111ffcbf6c7b2bc8c1fbb71fc26','MjdmNWNmNjI4MzgzYTc2MGQ0YTgwZTBkMDY5YTY4Yjk2Mzk3Zjg2MTqAAn1xAS4=\n','2014-04-07 13:43:06'),('63b65826f3fce65fe828b2b70a9c5030','NmU1YzBlZjFlYjAyOWQ5YjNiMjkxMDg0NmQ4OGYzNjc2NzZmNTc3MjqAAn1xAVUKdGVzdGNvb2tp\nZXECVQZ3b3JrZWRxA3Mu\n','2014-04-11 22:43:08'),('64fdfdd8b2cef108bb11b50caca1acd5','NmU1YzBlZjFlYjAyOWQ5YjNiMjkxMDg0NmQ4OGYzNjc2NzZmNTc3MjqAAn1xAVUKdGVzdGNvb2tp\nZXECVQZ3b3JrZWRxA3Mu\n','2014-03-13 01:40:20'),('651ff774e72e2b66ee98119509a15975','MjQ5MzYwMWE0ZjhjN2YwNzllZjRhYjQ0NDJjMjgyZmU4MDlkMjY3YTqAAn1xAShVBmN1c3RJRIoC\nLAFVCnRlc3Rjb29raWVVBndvcmtlZFUNX2F1dGhfdXNlcl9pZIoBYFUSX2F1dGhfdXNlcl9iYWNr\nZW5kVS5zYXRjaG1vX3N0b3JlLmFjY291bnRzLmVtYWlsLWF1dGguRW1haWxCYWNrZW5kdS4=\n','2014-04-19 10:12:40'),('657a1838b2ec070023b26003f0bb7ef3','MjdmNWNmNjI4MzgzYTc2MGQ0YTgwZTBkMDY5YTY4Yjk2Mzk3Zjg2MTqAAn1xAS4=\n','2014-03-13 13:41:56'),('65a8368a3b71514e1dec03248dc36ea0','NmU1YzBlZjFlYjAyOWQ5YjNiMjkxMDg0NmQ4OGYzNjc2NzZmNTc3MjqAAn1xAVUKdGVzdGNvb2tp\nZXECVQZ3b3JrZWRxA3Mu\n','2014-02-26 07:29:48'),('665c17f5f47423b11bf985e13a9fdb1d','MTRiYTJlNmJkOTgyM2ZhYmMzNTI3YzBiYzcxNmMwZDRlN2JjNGUwMDqAAn1xAVUKdGVzdGNvb2tp\nZVUGd29ya2VkcQJzLg==\n','2014-04-05 03:24:07'),('6662f0c369edbf1b55c916fed7caad08','MjdmNWNmNjI4MzgzYTc2MGQ0YTgwZTBkMDY5YTY4Yjk2Mzk3Zjg2MTqAAn1xAS4=\n','2014-03-14 09:31:22'),('66f1a36f25c1862b1323c52855ccb403','MjdmNWNmNjI4MzgzYTc2MGQ0YTgwZTBkMDY5YTY4Yjk2Mzk3Zjg2MTqAAn1xAS4=\n','2014-04-22 13:38:53'),('6702adc41804beb0edce0ef59edd79c9','MTRiYTJlNmJkOTgyM2ZhYmMzNTI3YzBiYzcxNmMwZDRlN2JjNGUwMDqAAn1xAVUKdGVzdGNvb2tp\nZVUGd29ya2VkcQJzLg==\n','2014-03-01 22:31:30'),('67bac25e1e27a9a86683f75872a72869','Mjc1ZGQyNzk1NTI5NjgxN2RlNTVmZWE0YTY5MGVmNDYyZTZjZmEzMTqAAn1xAShVCnRlc3Rjb29r\naWVVBndvcmtlZFUGY3VzdElEigIWAVUSX2F1dGhfdXNlcl9iYWNrZW5kVSlkamFuZ28uY29udHJp\nYi5hdXRoLmJhY2tlbmRzLk1vZGVsQmFja2VuZFUNX2F1dGhfdXNlcl9pZIoBU3Uu\n','2014-04-12 08:20:45'),('68079e5046024d6d77a211cd1cfc8af2','NmU1YzBlZjFlYjAyOWQ5YjNiMjkxMDg0NmQ4OGYzNjc2NzZmNTc3MjqAAn1xAVUKdGVzdGNvb2tp\nZXECVQZ3b3JrZWRxA3Mu\n','2014-03-01 18:47:48'),('6867bc4a0f5a6fcfcfea978b170b4f60','NmU1YzBlZjFlYjAyOWQ5YjNiMjkxMDg0NmQ4OGYzNjc2NzZmNTc3MjqAAn1xAVUKdGVzdGNvb2tp\nZXECVQZ3b3JrZWRxA3Mu\n','2014-04-15 06:54:24'),('686f6160cee01f221f821a5e61f450d5','NWMwMzhmMTI0NzQyMTBkNjgwMTQ3OWU3ZmRkODRjMmNjNTNiYzQ5YjqAAn1xAVUEY2FydHECigLD\nAXMu\n','2014-03-24 14:02:25'),('68fef9b53ae26c0c0323f45f80940e9f','ZTlhOGE4NDhhM2UxMTgwMWY4OGNiOWNkZmEyODFmMjRhNDJmMjgwZjqAAn1xAShVCnRlc3Rjb29r\naWVVBndvcmtlZHECVQRjYXJ0igJxAXUu\n','2014-03-09 20:57:52'),('691ec88ccf63771f906a55427408103b','M2E4Y2NlYzM0MzA4MzIzYzFjNDhhNjY1NDI0ZjZiYmIyMDFkMWQ4ZjqAAn1xAShVB29yZGVySUSK\nAlEBVQp0ZXN0Y29va2llVQZ3b3JrZWRVBmN1c3RJRIoCNwFVBGNhcnSKAg4CdS4=\n','2014-04-23 14:20:57'),('69d845cc2fa6d0927afcb60c2ee3a665','NjBlNjY1ZTU0MjIxNjI0NjdjZDg0YzU3MDNmMTU3ZTUyNzRjYWQzNTqAAn1xAShVCnRlc3Rjb29r\naWVxAlUGd29ya2VkcQNVBGNhcnSKAugBdS4=\n','2014-04-08 13:21:06'),('6a0c91b445cf904fbd1d817b3ac0e7aa','NmU1YzBlZjFlYjAyOWQ5YjNiMjkxMDg0NmQ4OGYzNjc2NzZmNTc3MjqAAn1xAVUKdGVzdGNvb2tp\nZXECVQZ3b3JrZWRxA3Mu\n','2014-04-22 04:51:05'),('6b705994f30446dd71db6e372f0d7322','MjdmNWNmNjI4MzgzYTc2MGQ0YTgwZTBkMDY5YTY4Yjk2Mzk3Zjg2MTqAAn1xAS4=\n','2014-04-06 19:55:40'),('6b76f99611c51c376d70f64f1c0ad68a','NmU1YzBlZjFlYjAyOWQ5YjNiMjkxMDg0NmQ4OGYzNjc2NzZmNTc3MjqAAn1xAVUKdGVzdGNvb2tp\nZXECVQZ3b3JrZWRxA3Mu\n','2014-03-10 05:17:26'),('6bb351614b68996b53bcee280f11a8e1','MjdmNWNmNjI4MzgzYTc2MGQ0YTgwZTBkMDY5YTY4Yjk2Mzk3Zjg2MTqAAn1xAS4=\n','2014-03-20 11:03:01'),('6be4b092251ab5d3984827979ff110c0','NmU1YzBlZjFlYjAyOWQ5YjNiMjkxMDg0NmQ4OGYzNjc2NzZmNTc3MjqAAn1xAVUKdGVzdGNvb2tp\nZXECVQZ3b3JrZWRxA3Mu\n','2014-04-12 04:04:51'),('6c01d546840d7fcedc5f1962f8ad4588','MTRiYTJlNmJkOTgyM2ZhYmMzNTI3YzBiYzcxNmMwZDRlN2JjNGUwMDqAAn1xAVUKdGVzdGNvb2tp\nZVUGd29ya2VkcQJzLg==\n','2014-04-02 11:56:30'),('6c1e7d61198f5334047ef247ecf377bc','NmU1YzBlZjFlYjAyOWQ5YjNiMjkxMDg0NmQ4OGYzNjc2NzZmNTc3MjqAAn1xAVUKdGVzdGNvb2tp\nZXECVQZ3b3JrZWRxA3Mu\n','2014-04-06 18:50:39'),('6c9eeb1f50ceba4eaca4e5bd0430582d','MjdmNWNmNjI4MzgzYTc2MGQ0YTgwZTBkMDY5YTY4Yjk2Mzk3Zjg2MTqAAn1xAS4=\n','2014-04-04 14:08:03'),('6d3a47f1e0705a99095aa45f59bdd66e','NmU1YzBlZjFlYjAyOWQ5YjNiMjkxMDg0NmQ4OGYzNjc2NzZmNTc3MjqAAn1xAVUKdGVzdGNvb2tp\nZXECVQZ3b3JrZWRxA3Mu\n','2014-03-29 14:44:17'),('6d63f08c8e91b4d4b7ac9fcb3e2ca662','NmFiYmI4YTJmYzhmYTNmMjQyMzMwODY4ZTdhNjM1OTZiYmFkMjI4NTqAAn1xAShVB29yZGVySUSK\nAsoAVQRjYXJ0igIxAVUGY3VzdElEigKOAFUSX2F1dGhfdXNlcl9iYWNrZW5kVSlkamFuZ28uY29u\ndHJpYi5hdXRoLmJhY2tlbmRzLk1vZGVsQmFja2VuZFUNX2F1dGhfdXNlcl9pZIoBCXUu\n','2014-02-22 15:56:31'),('6d6e56222152e8b6b6e9e6c309b59bf3','NmU1YzBlZjFlYjAyOWQ5YjNiMjkxMDg0NmQ4OGYzNjc2NzZmNTc3MjqAAn1xAVUKdGVzdGNvb2tp\nZXECVQZ3b3JrZWRxA3Mu\n','2014-02-21 08:01:06'),('6d8e2fb49f518eb3cdf17100787a6f9b','MjdmNWNmNjI4MzgzYTc2MGQ0YTgwZTBkMDY5YTY4Yjk2Mzk3Zjg2MTqAAn1xAS4=\n','2014-03-19 14:15:01'),('6ddb910c7b66495b56027ed553e6ec05','MjdmNWNmNjI4MzgzYTc2MGQ0YTgwZTBkMDY5YTY4Yjk2Mzk3Zjg2MTqAAn1xAS4=\n','2014-02-27 11:43:00'),('6deae1a99484e65571f5d2c64c6c736d','NmU1YzBlZjFlYjAyOWQ5YjNiMjkxMDg0NmQ4OGYzNjc2NzZmNTc3MjqAAn1xAVUKdGVzdGNvb2tp\nZXECVQZ3b3JrZWRxA3Mu\n','2014-04-12 16:57:34'),('6df8890415d65f1a51724dd0ee753964','NmU1YzBlZjFlYjAyOWQ5YjNiMjkxMDg0NmQ4OGYzNjc2NzZmNTc3MjqAAn1xAVUKdGVzdGNvb2tp\nZXECVQZ3b3JrZWRxA3Mu\n','2014-04-15 14:09:52'),('6ea5396102299b0f12bd67f392146130','NmU1YzBlZjFlYjAyOWQ5YjNiMjkxMDg0NmQ4OGYzNjc2NzZmNTc3MjqAAn1xAVUKdGVzdGNvb2tp\nZXECVQZ3b3JrZWRxA3Mu\n','2014-02-21 01:31:27'),('6ea6b919ee442f92d34e132d74e2c9f2','NmU1YzBlZjFlYjAyOWQ5YjNiMjkxMDg0NmQ4OGYzNjc2NzZmNTc3MjqAAn1xAVUKdGVzdGNvb2tp\nZXECVQZ3b3JrZWRxA3Mu\n','2014-03-13 18:40:52'),('6ea94eaa636d914acc645f023e918b4e','MTRiYTJlNmJkOTgyM2ZhYmMzNTI3YzBiYzcxNmMwZDRlN2JjNGUwMDqAAn1xAVUKdGVzdGNvb2tp\nZVUGd29ya2VkcQJzLg==\n','2014-03-08 18:49:40'),('6f323c0b09dc89695fb859e5f48e110b','MTRiYTJlNmJkOTgyM2ZhYmMzNTI3YzBiYzcxNmMwZDRlN2JjNGUwMDqAAn1xAVUKdGVzdGNvb2tp\nZVUGd29ya2VkcQJzLg==\n','2014-03-22 00:35:55'),('6f9991e3a533a5695336a3edad3adb3a','NmU1YzBlZjFlYjAyOWQ5YjNiMjkxMDg0NmQ4OGYzNjc2NzZmNTc3MjqAAn1xAVUKdGVzdGNvb2tp\nZXECVQZ3b3JrZWRxA3Mu\n','2014-04-16 17:37:18'),('6ffa46c9d2d37e64f83effe17ab43b82','NmU1YzBlZjFlYjAyOWQ5YjNiMjkxMDg0NmQ4OGYzNjc2NzZmNTc3MjqAAn1xAVUKdGVzdGNvb2tp\nZXECVQZ3b3JrZWRxA3Mu\n','2014-04-14 00:27:29'),('6ffc8da1926feaaf9d3e06b6adbcbf0e','ZTUyNjM0MjJjOWFlYzUwODEzZmViNjE2NGZlMGEzNDdhZDQ4ZmI2ZDqAAn1xAShVB29yZGVySUSK\nAhIBVQp0ZXN0Y29va2llVQZ3b3JrZWRVBmN1c3RJRIoC1wBVBGNhcnSKAqIBdS4=\n','2014-03-14 20:03:56'),('6fff91248969d61e9fc85d3893648af1','NmU1YzBlZjFlYjAyOWQ5YjNiMjkxMDg0NmQ4OGYzNjc2NzZmNTc3MjqAAn1xAVUKdGVzdGNvb2tp\nZXECVQZ3b3JrZWRxA3Mu\n','2014-03-13 12:30:36'),('70300bc0e3bcb3f9e8c52343cbfc703d','MjdmNWNmNjI4MzgzYTc2MGQ0YTgwZTBkMDY5YTY4Yjk2Mzk3Zjg2MTqAAn1xAS4=\n','2014-04-22 12:32:52'),('7068a139ca463b5a2c56052cde1cde3a','NzlhZTA3OGI2OTc2NzA0MTU4NWQ2N2VmMjY3MTBkYWY4NmE2NzNkOTqAAn1xAShVB29yZGVySUSK\nAu4AVQp0ZXN0Y29va2llVQZ3b3JrZWRVBmN1c3RJRIoCtgBVBGNhcnSKAmIBdS4=\n','2014-03-02 20:08:59'),('707b0e580c23c13aa1a113beaee6ec77','NmU1YzBlZjFlYjAyOWQ5YjNiMjkxMDg0NmQ4OGYzNjc2NzZmNTc3MjqAAn1xAVUKdGVzdGNvb2tp\nZXECVQZ3b3JrZWRxA3Mu\n','2014-04-19 05:35:03'),('70b0c18d3698c0635ac20beb8ce9e389','NmU1YzBlZjFlYjAyOWQ5YjNiMjkxMDg0NmQ4OGYzNjc2NzZmNTc3MjqAAn1xAVUKdGVzdGNvb2tp\nZXECVQZ3b3JrZWRxA3Mu\n','2014-03-20 20:31:55'),('71698ce116c6ead51e141ad3ad552251','NmU1YzBlZjFlYjAyOWQ5YjNiMjkxMDg0NmQ4OGYzNjc2NzZmNTc3MjqAAn1xAVUKdGVzdGNvb2tp\nZXECVQZ3b3JrZWRxA3Mu\n','2014-04-03 13:02:27'),('71df930e4d6b715eac779ae7a2235c0d','ZGVmOTM2YmE2MjFlNjI1OGZkYThhNDU3MzAxYzg1OWYzYjY4NWJlYTqAAn1xAShVB29yZGVySUSK\nAk0BVQp0ZXN0Y29va2llVQZ3b3JrZWRVBmN1c3RJRIoCMwFVBGNhcnSKAgQCdS4=\n','2014-04-21 09:11:00'),('721d7fcfc09977356f7ebdf481134720','NmU1YzBlZjFlYjAyOWQ5YjNiMjkxMDg0NmQ4OGYzNjc2NzZmNTc3MjqAAn1xAVUKdGVzdGNvb2tp\nZXECVQZ3b3JrZWRxA3Mu\n','2014-04-21 05:51:27'),('725649c7f898e396cc0423b57408e1d7','MmRkNWVjOTlmYjJhMTE4OTNjNmFmZDAwNDBmYTQ1Nzg1NzJiYTE5NjqAAn1xAShVB29yZGVySUSK\nAgsBVQp0ZXN0Y29va2llVQZ3b3JrZWRVBmN1c3RJRIoCygBVBGNhcnSKApYBdS4=\n','2014-03-13 11:48:00'),('72729122dc9f89114abcd90a89ff91c7','MTRiYTJlNmJkOTgyM2ZhYmMzNTI3YzBiYzcxNmMwZDRlN2JjNGUwMDqAAn1xAVUKdGVzdGNvb2tp\nZVUGd29ya2VkcQJzLg==\n','2014-03-09 13:41:47'),('7275ae084561a2f6da98b9da1dae9476','MjdmNWNmNjI4MzgzYTc2MGQ0YTgwZTBkMDY5YTY4Yjk2Mzk3Zjg2MTqAAn1xAS4=\n','2014-04-03 10:39:02'),('72ad799153954924963902fe3ed2a07b','NmU1YzBlZjFlYjAyOWQ5YjNiMjkxMDg0NmQ4OGYzNjc2NzZmNTc3MjqAAn1xAVUKdGVzdGNvb2tp\nZXECVQZ3b3JrZWRxA3Mu\n','2014-04-08 03:16:54'),('72b36fbeb775ca988074bda64d5ffb01','NmU1YzBlZjFlYjAyOWQ5YjNiMjkxMDg0NmQ4OGYzNjc2NzZmNTc3MjqAAn1xAVUKdGVzdGNvb2tp\nZXECVQZ3b3JrZWRxA3Mu\n','2014-03-03 05:01:52'),('72b3d71e3420a8c622a608487c467d38','NmU1YzBlZjFlYjAyOWQ5YjNiMjkxMDg0NmQ4OGYzNjc2NzZmNTc3MjqAAn1xAVUKdGVzdGNvb2tp\nZXECVQZ3b3JrZWRxA3Mu\n','2014-04-07 02:29:39'),('73239367dbe8641d26e72c13406118ec','ZTNiZTAwYzkwZmJlZGMyYjk1NGVjNGRhYmM2ZjE0MjJjNjkyMmE1NjqAAn1xAShVB29yZGVySUSK\nAiABVQp0ZXN0Y29va2llVQZ3b3JrZWRVBmN1c3RJRIoC6QBVBGNhcnSKArwBdS4=\n','2014-03-19 22:19:08'),('7325f09c3a3129d0d9b13142790e427a','MjdmNWNmNjI4MzgzYTc2MGQ0YTgwZTBkMDY5YTY4Yjk2Mzk3Zjg2MTqAAn1xAS4=\n','2014-03-15 16:04:18'),('733b41fdf2cad296d9f7183a7ec1f71d','NmU1YzBlZjFlYjAyOWQ5YjNiMjkxMDg0NmQ4OGYzNjc2NzZmNTc3MjqAAn1xAVUKdGVzdGNvb2tp\nZXECVQZ3b3JrZWRxA3Mu\n','2014-03-16 19:38:46'),('734dcba80275a077674acadac5c921ed','MjdmNWNmNjI4MzgzYTc2MGQ0YTgwZTBkMDY5YTY4Yjk2Mzk3Zjg2MTqAAn1xAS4=\n','2014-02-23 00:20:17'),('73c3223024c857c9f6c4973bed945e6e','NmU1YzBlZjFlYjAyOWQ5YjNiMjkxMDg0NmQ4OGYzNjc2NzZmNTc3MjqAAn1xAVUKdGVzdGNvb2tp\nZXECVQZ3b3JrZWRxA3Mu\n','2014-03-03 13:49:01'),('73ded997f2bf3b058e77dc62507edc4f','MTRiYTJlNmJkOTgyM2ZhYmMzNTI3YzBiYzcxNmMwZDRlN2JjNGUwMDqAAn1xAVUKdGVzdGNvb2tp\nZVUGd29ya2VkcQJzLg==\n','2014-04-02 01:39:38'),('73e314dd4f8fa2a75b583941d63dd2bf','NmU1YzBlZjFlYjAyOWQ5YjNiMjkxMDg0NmQ4OGYzNjc2NzZmNTc3MjqAAn1xAVUKdGVzdGNvb2tp\nZXECVQZ3b3JrZWRxA3Mu\n','2014-02-21 19:01:42'),('73febafe4ca2a68a9f8c75c638a12acb','NmU1YzBlZjFlYjAyOWQ5YjNiMjkxMDg0NmQ4OGYzNjc2NzZmNTc3MjqAAn1xAVUKdGVzdGNvb2tp\nZXECVQZ3b3JrZWRxA3Mu\n','2014-03-01 07:28:22'),('744a388312b4489d956a92c2deaa3a19','NmU1YzBlZjFlYjAyOWQ5YjNiMjkxMDg0NmQ4OGYzNjc2NzZmNTc3MjqAAn1xAVUKdGVzdGNvb2tp\nZXECVQZ3b3JrZWRxA3Mu\n','2014-03-03 01:27:56'),('74a9621ec5711d431a770024f54335f5','NmU1YzBlZjFlYjAyOWQ5YjNiMjkxMDg0NmQ4OGYzNjc2NzZmNTc3MjqAAn1xAVUKdGVzdGNvb2tp\nZXECVQZ3b3JrZWRxA3Mu\n','2014-03-22 23:38:23'),('755fe4c58adeff4216e978815caddc9d','MjdmNWNmNjI4MzgzYTc2MGQ0YTgwZTBkMDY5YTY4Yjk2Mzk3Zjg2MTqAAn1xAS4=\n','2014-04-04 14:42:40'),('756e5fae6a1926a28d38c1e2ab2c3d71','NmU1YzBlZjFlYjAyOWQ5YjNiMjkxMDg0NmQ4OGYzNjc2NzZmNTc3MjqAAn1xAVUKdGVzdGNvb2tp\nZXECVQZ3b3JrZWRxA3Mu\n','2014-03-21 21:36:34'),('7578d11f72fc615a7342c1e6d268cd2d','NmU1YzBlZjFlYjAyOWQ5YjNiMjkxMDg0NmQ4OGYzNjc2NzZmNTc3MjqAAn1xAVUKdGVzdGNvb2tp\nZXECVQZ3b3JrZWRxA3Mu\n','2014-03-18 09:22:52'),('75a480fd182ba211d1ca4b02f431dd1c','NmU1YzBlZjFlYjAyOWQ5YjNiMjkxMDg0NmQ4OGYzNjc2NzZmNTc3MjqAAn1xAVUKdGVzdGNvb2tp\nZXECVQZ3b3JrZWRxA3Mu\n','2014-02-22 16:46:10'),('75ae2e65843d3c71a29ee53af591ffdb','MjdmNWNmNjI4MzgzYTc2MGQ0YTgwZTBkMDY5YTY4Yjk2Mzk3Zjg2MTqAAn1xAS4=\n','2014-04-18 00:12:54'),('75b44358d7657ac6a716c89e34e9f5fb','MjkxNWExZmI3YmY1MTc3MTg3YjlkODMxNWM3ZGUxNzhmNmIzNmRmYTqAAn1xAShVCnRlc3Rjb29r\naWVVBndvcmtlZFUNX2F1dGhfdXNlcl9pZIoBAVUGY3VzdElEigEEVRJfYXV0aF91c2VyX2JhY2tl\nbmRVKWRqYW5nby5jb250cmliLmF1dGguYmFja2VuZHMuTW9kZWxCYWNrZW5kVQRjYXJ0igJDAXUu\n','2014-02-23 21:49:41'),('764121946df5a520a4ddfe937b95f8c2','NmU1YzBlZjFlYjAyOWQ5YjNiMjkxMDg0NmQ4OGYzNjc2NzZmNTc3MjqAAn1xAVUKdGVzdGNvb2tp\nZXECVQZ3b3JrZWRxA3Mu\n','2014-03-19 13:16:21'),('76e1601c715500b322f00182226e891d','NDY2M2FlZWEzMjFjZWE3OWQ0MjI1MGI4MGFmYTIwNTkzYWJmZTQxYzqAAn1xAShVDmNtc19hZG1p\nbl9zaXRligEBVQ1fYXV0aF91c2VyX2lkigFDVQp0ZXN0Y29va2llVQZ3b3JrZWRVBGNhcnSKAuIB\nVRJfYXV0aF91c2VyX2JhY2tlbmRVKWRqYW5nby5jb250cmliLmF1dGguYmFja2VuZHMuTW9kZWxC\nYWNrZW5kVQZjdXN0SUSKAgwBdS4=\n','2014-04-14 07:28:58'),('76ffe61b7ae7fe0556c9bcc78353d217','ODg2YjhlNjBmNzhiNjA2NGViYTY3OTNlMTc1MmY0MzNiNTA1MGQxYTqAAn1xAShVBGNhcnSKAm8B\nVQZjdXN0SUSKAQRVCnRlc3Rjb29raWVVBndvcmtlZFUNX2F1dGhfdXNlcl9pZIoBAVUSX2F1dGhf\ndXNlcl9iYWNrZW5kVSlkamFuZ28uY29udHJpYi5hdXRoLmJhY2tlbmRzLk1vZGVsQmFja2VuZHUu\n','2014-03-05 07:06:31'),('770deacbe3cfa5cf98669c75156bf6f7','MTRiYTJlNmJkOTgyM2ZhYmMzNTI3YzBiYzcxNmMwZDRlN2JjNGUwMDqAAn1xAVUKdGVzdGNvb2tp\nZVUGd29ya2VkcQJzLg==\n','2014-04-23 11:28:26'),('77a955e3f1c1302ddd387713032f1c52','YWY3NWFhMzA4NDA4MmVhNzAxOGJjMzU1NjRhMjE1MTc1Yjc4OWNiZTqAAn1xAShVCnRlc3Rjb29r\naWVVBndvcmtlZHECVQRjYXJ0igLQAXUu\n','2014-03-31 08:29:41'),('7827d617ac8273643aac3b173ad4b871','MjdmNWNmNjI4MzgzYTc2MGQ0YTgwZTBkMDY5YTY4Yjk2Mzk3Zjg2MTqAAn1xAS4=\n','2014-04-16 15:57:13'),('78927ce57ac0ff89efa3f7cfd3a9bfbe','MjgwMDgwMDA4NDllYWU3ZWU4YmVmY2Q3MDhlNWRlMmQwMjFmNDI1MzqAAn1xAVURZm9ybV9jb250\nYWN0X2Zvcm2Icy4=\n','2014-03-21 04:24:44'),('78cb6c3b0b4453c2cec5aa63b7c9317b','OGM2ZTQyNTdiMDU2YzhlY2E3MTJhM2JkOWQxZmNiNmI0MzIxOTExYzqAAn1xAShVB29yZGVySUSK\nAhABVQp0ZXN0Y29va2llVQZ3b3JrZWRVBmN1c3RJRIoC1QBVBGNhcnSKAqABdS4=\n','2014-03-14 18:59:48'),('78d7f4b67974bcdc7b245603bacec6ed','MjdmNWNmNjI4MzgzYTc2MGQ0YTgwZTBkMDY5YTY4Yjk2Mzk3Zjg2MTqAAn1xAS4=\n','2014-02-27 16:42:59'),('79062203ae6a3c4078e4a3df0ce8f38b','MTRiYTJlNmJkOTgyM2ZhYmMzNTI3YzBiYzcxNmMwZDRlN2JjNGUwMDqAAn1xAVUKdGVzdGNvb2tp\nZVUGd29ya2VkcQJzLg==\n','2014-04-21 17:24:03'),('79af873768fc3c0628df7192f815daf1','N2NkODM2NmVlMDMwZjI0ZTYxYTlkMjJkZDMxNjU5M2E1Yjk2YWI4MzqAAn1xAShVBmN1c3RJRIoC\ntQBVCnRlc3Rjb29raWVVBndvcmtlZFUNX2F1dGhfdXNlcl9pZIoBH1USX2F1dGhfdXNlcl9iYWNr\nZW5kVSlkamFuZ28uY29udHJpYi5hdXRoLmJhY2tlbmRzLk1vZGVsQmFja2VuZHUu\n','2014-03-01 22:19:52'),('79bfed2a2fd241d13680aa71c5691167','NmU1YzBlZjFlYjAyOWQ5YjNiMjkxMDg0NmQ4OGYzNjc2NzZmNTc3MjqAAn1xAVUKdGVzdGNvb2tp\nZXECVQZ3b3JrZWRxA3Mu\n','2014-02-27 12:57:59'),('7a0293c6d8b271bf1ff379a9ab16fa85','MTRiYTJlNmJkOTgyM2ZhYmMzNTI3YzBiYzcxNmMwZDRlN2JjNGUwMDqAAn1xAVUKdGVzdGNvb2tp\nZVUGd29ya2VkcQJzLg==\n','2014-04-07 10:56:12'),('7a27f3ca587db8200cb1d6b5b60b7ae3','NmU1YzBlZjFlYjAyOWQ5YjNiMjkxMDg0NmQ4OGYzNjc2NzZmNTc3MjqAAn1xAVUKdGVzdGNvb2tp\nZXECVQZ3b3JrZWRxA3Mu\n','2014-03-05 16:05:39'),('7aedd84262ddeb771de80ce53e07b3c9','ZWU3ZTBjM2U3NzE0OGU1MzdmOTliOWRlZGE3OGQ4NTE0YWIyMTY1MzqAAn1xAVUEY2FydHECigJ8\nAXMu\n','2014-03-08 18:08:44'),('7b02e84f30687c834ad6ba9aff3dcf20','ZmYzODFhNjkwZDg3NmE1ZGJmZGY5OTQ0MDcwOWEzZjM0NzNiODVlYzqAAn1xAShVBmN1c3RJRIoB\nBFUNX2F1dGhfdXNlcl9pZIoBAVUSX2F1dGhfdXNlcl9iYWNrZW5kVSlkamFuZ28uY29udHJpYi5h\ndXRoLmJhY2tlbmRzLk1vZGVsQmFja2VuZHUu\n','2014-03-15 10:27:06'),('7bbe3d9512ee6954a3c2135200ad6c2f','MjgwMDgwMDA4NDllYWU3ZWU4YmVmY2Q3MDhlNWRlMmQwMjFmNDI1MzqAAn1xAVURZm9ybV9jb250\nYWN0X2Zvcm2Icy4=\n','2014-04-12 09:07:22'),('7c421bbe0c089c9aa147ca347b2a4c06','MjdmNWNmNjI4MzgzYTc2MGQ0YTgwZTBkMDY5YTY4Yjk2Mzk3Zjg2MTqAAn1xAS4=\n','2014-04-03 14:26:03'),('7cc66377cb4f8cb1ee29725a0ca9a8b3','NmU1YzBlZjFlYjAyOWQ5YjNiMjkxMDg0NmQ4OGYzNjc2NzZmNTc3MjqAAn1xAVUKdGVzdGNvb2tp\nZXECVQZ3b3JrZWRxA3Mu\n','2014-04-11 20:56:12'),('7dc654bdd904db245cd7003e0f1d0c72','ZDdlM2QwZjI1Y2U0MTE1NTc5NGM1ZmU3Yzg4ZGIyZGEzZmNlNjY0NDqAAn1xAShVB29yZGVySUSK\nAhQBVQp0ZXN0Y29va2llVQZ3b3JrZWRVBmN1c3RJRIoC2QBVBGNhcnSKAqQBdS4=\n','2014-03-14 23:18:12'),('7ddb3ba62c78f6bb4a0406204d3bd297','YmQ4OTdlNmM5Y2ZkOTAzYmUxYTJiZTg5YzI3MTYyYWVjMzVlN2RiODqAAn1xAShVB29yZGVySUSK\nAjoBVQ1fYXV0aF91c2VyX2lkigFPVQp0ZXN0Y29va2llVQZ3b3JrZWRVEl9hdXRoX3VzZXJfYmFj\na2VuZFUuc2F0Y2htb19zdG9yZS5hY2NvdW50cy5lbWFpbC1hdXRoLkVtYWlsQmFja2VuZFUEY2Fy\ndIoC5QFVBmN1c3RJRIoCDwF1Lg==\n','2014-04-09 21:03:36'),('7e5a751659b78c0c0b484ae676967ee5','NmU1YzBlZjFlYjAyOWQ5YjNiMjkxMDg0NmQ4OGYzNjc2NzZmNTc3MjqAAn1xAVUKdGVzdGNvb2tp\nZXECVQZ3b3JrZWRxA3Mu\n','2014-03-12 15:04:48'),('7ea14e8706ab796c54612cfb596805ab','NGIxNmI3ZjAzMjQwMGRhMTU2NDRjNjM5ZWY5OGMzNTFiYjhjNzk0MTqAAn1xAShVBmN1c3RJRHEC\nigKtAFUNX2F1dGhfdXNlcl9pZIoBGlUSX2F1dGhfdXNlcl9iYWNrZW5kVSlkamFuZ28uY29udHJp\nYi5hdXRoLmJhY2tlbmRzLk1vZGVsQmFja2VuZHUu\n','2014-02-28 10:26:04'),('7ef46d8a7ed3a8a61d5097f4c74c8ff5','MTZmOTQyYWE1MWFkZjg0NmM0OTA5Njk2NjVmNjZkZWRjMWNjNzRhNzqAAn1xAShVBmN1c3RJRIoC\n6wBVDV9hdXRoX3VzZXJfaWSKAThVEl9hdXRoX3VzZXJfYmFja2VuZFUpZGphbmdvLmNvbnRyaWIu\nYXV0aC5iYWNrZW5kcy5Nb2RlbEJhY2tlbmR1Lg==\n','2014-03-20 10:30:08'),('7f9e7ce3ffcf273afbaa138f44388419','NmU1YzBlZjFlYjAyOWQ5YjNiMjkxMDg0NmQ4OGYzNjc2NzZmNTc3MjqAAn1xAVUKdGVzdGNvb2tp\nZXECVQZ3b3JrZWRxA3Mu\n','2014-03-14 17:20:31'),('7fe92ddcd766a40006353716c74de428','NmU1YzBlZjFlYjAyOWQ5YjNiMjkxMDg0NmQ4OGYzNjc2NzZmNTc3MjqAAn1xAVUKdGVzdGNvb2tp\nZXECVQZ3b3JrZWRxA3Mu\n','2014-02-27 16:00:37'),('7fe9db8e2fa6782c7f3d8458f8b3558b','MDE3Y2VlNjgyYzc4OWNjY2JiMzdmZjEwNTc2YWU2MDEzNWVhZWJlZjqAAn1xAShVB29yZGVySUSK\nAisBVQ1fYXV0aF91c2VyX2lkigE/VQp0ZXN0Y29va2llVQZ3b3JrZWRVEl9hdXRoX3VzZXJfYmFj\na2VuZFUpZGphbmdvLmNvbnRyaWIuYXV0aC5iYWNrZW5kcy5Nb2RlbEJhY2tlbmRVBGNhcnSKAsYB\nVQZjdXN0SUSKAvkAdS4=\n','2014-03-26 09:54:38'),('804623b041b7dfcfe37205894d6c3cde','NjZkY2Q4NTNkMGZhZjQ4MDUyNjMzMmM3YjE4MzA4ODU2Y2Q1Nzk2YzqAAn1xAShVB29yZGVySUSK\nAjABVQp0ZXN0Y29va2llVQZ3b3JrZWRVBmN1c3RJRIoC/gBVBGNhcnSKAswBdS4=\n','2014-03-28 18:36:55'),('8048adbb03322fcedbe49f59175c916a','OWUzNDgyOGE0Y2Q1OWQwZTI2YjhiZWY1M2IwZDgxMDMyNzk5MWZjNzqAAn1xAShVCnRlc3Rjb29r\naWVxAlUGd29ya2VkcQNVBGNhcnSKAlQBdS4=\n','2014-02-26 17:11:26'),('808e0f8004caa99d274c9efa6e506858','MjdmNWNmNjI4MzgzYTc2MGQ0YTgwZTBkMDY5YTY4Yjk2Mzk3Zjg2MTqAAn1xAS4=\n','2014-04-07 13:49:34'),('80bf8d94d2b0bf36537ebf85d0967879','NmU1YzBlZjFlYjAyOWQ5YjNiMjkxMDg0NmQ4OGYzNjc2NzZmNTc3MjqAAn1xAVUKdGVzdGNvb2tp\nZXECVQZ3b3JrZWRxA3Mu\n','2014-04-13 20:30:41'),('815db8b21a3cba66dd6d1ebaa214bc59','MTRiYTJlNmJkOTgyM2ZhYmMzNTI3YzBiYzcxNmMwZDRlN2JjNGUwMDqAAn1xAVUKdGVzdGNvb2tp\nZVUGd29ya2VkcQJzLg==\n','2014-04-02 07:58:51'),('81a78b335674a30235a33ada2bc67c88','NmU1YzBlZjFlYjAyOWQ5YjNiMjkxMDg0NmQ4OGYzNjc2NzZmNTc3MjqAAn1xAVUKdGVzdGNvb2tp\nZXECVQZ3b3JrZWRxA3Mu\n','2014-04-14 06:40:30'),('81da7087cd813db0d22e8ed51fe9f0cb','NmU1YzBlZjFlYjAyOWQ5YjNiMjkxMDg0NmQ4OGYzNjc2NzZmNTc3MjqAAn1xAVUKdGVzdGNvb2tp\nZXECVQZ3b3JrZWRxA3Mu\n','2014-03-02 21:14:24'),('81e3140e07aabe01d3cb96b4911318a1','NmU1YzBlZjFlYjAyOWQ5YjNiMjkxMDg0NmQ4OGYzNjc2NzZmNTc3MjqAAn1xAVUKdGVzdGNvb2tp\nZXECVQZ3b3JrZWRxA3Mu\n','2014-04-01 15:54:11'),('822cb01523a994432f6b79d31aed23b8','NmU1YzBlZjFlYjAyOWQ5YjNiMjkxMDg0NmQ4OGYzNjc2NzZmNTc3MjqAAn1xAVUKdGVzdGNvb2tp\nZXECVQZ3b3JrZWRxA3Mu\n','2014-02-26 11:42:58'),('82b0fba2e532e28f2e61c3d6345b226e','YzFlMDc0MDM5YWUxOTE0NjBlMjIyZTE0YWJlZGRiMGExMTViNDM2MzqAAn1xAShVBmN1c3RJRIoC\nEAFVDV9hdXRoX3VzZXJfaWSKAVBVEl9hdXRoX3VzZXJfYmFja2VuZFUpZGphbmdvLmNvbnRyaWIu\nYXV0aC5iYWNrZW5kcy5Nb2RlbEJhY2tlbmR1Lg==\n','2014-04-10 10:57:15'),('82e9e3cc5e13f2b5d9b55d906d2249fb','ZmNkOWI5MjI2NTk3YTgxZmIwYzc1MTg5NGY2M2Y1MGRjNGIyYjNiMjqAAn1xAVUEY2FydHECigK7\nAXMu\n','2014-03-19 16:05:42'),('832592da5db8756629a4212f9008176a','NmU1YzBlZjFlYjAyOWQ5YjNiMjkxMDg0NmQ4OGYzNjc2NzZmNTc3MjqAAn1xAVUKdGVzdGNvb2tp\nZXECVQZ3b3JrZWRxA3Mu\n','2014-04-22 23:28:12'),('83b1ef3fc14c2aea76cc0c0e0720c81f','MjdmNWNmNjI4MzgzYTc2MGQ0YTgwZTBkMDY5YTY4Yjk2Mzk3Zjg2MTqAAn1xAS4=\n','2014-02-27 13:49:01'),('83c207c4d118f8a8d680e915dc7193e8','ZTY3MTk5ZWYxODQyZWI0N2IxYjMzZTBlZTAwZTA3ODE2ZjU1YzU3NDqAAn1xAShVBmN1c3RJRIoC\nmwBVDV9hdXRoX3VzZXJfaWSKAQ9VEl9hdXRoX3VzZXJfYmFja2VuZFUpZGphbmdvLmNvbnRyaWIu\nYXV0aC5iYWNrZW5kcy5Nb2RlbEJhY2tlbmR1Lg==\n','2014-02-25 13:07:41'),('8421a8d5221bd3cecd097854a2c3956b','MTRiYTJlNmJkOTgyM2ZhYmMzNTI3YzBiYzcxNmMwZDRlN2JjNGUwMDqAAn1xAVUKdGVzdGNvb2tp\nZVUGd29ya2VkcQJzLg==\n','2014-04-17 13:34:30'),('849073488554e427de8c29c16dfb8daa','NmZlODBkOTZhODc4ODA2YjllZjFhNWIwMjYyODUzYjA4YjQ2ZWY0NzqAAn1xAVUEY2FydHECigI/\nAXMu\n','2014-02-22 17:15:20'),('84d49f9f01bf5962807f8e5033c9ae79','NmU1YzBlZjFlYjAyOWQ5YjNiMjkxMDg0NmQ4OGYzNjc2NzZmNTc3MjqAAn1xAVUKdGVzdGNvb2tp\nZXECVQZ3b3JrZWRxA3Mu\n','2014-04-09 08:37:14'),('85358abdc56dfebb6d7b936d25a5b19b','NmU1YzBlZjFlYjAyOWQ5YjNiMjkxMDg0NmQ4OGYzNjc2NzZmNTc3MjqAAn1xAVUKdGVzdGNvb2tp\nZXECVQZ3b3JrZWRxA3Mu\n','2014-02-21 08:31:18'),('853e8e46c436c2069fd180c394256d6c','NmU1YzBlZjFlYjAyOWQ5YjNiMjkxMDg0NmQ4OGYzNjc2NzZmNTc3MjqAAn1xAVUKdGVzdGNvb2tp\nZXECVQZ3b3JrZWRxA3Mu\n','2014-04-22 15:18:17'),('8550c8e21ddbd9009983748c04bc6f43','MjdmNWNmNjI4MzgzYTc2MGQ0YTgwZTBkMDY5YTY4Yjk2Mzk3Zjg2MTqAAn1xAS4=\n','2014-02-24 12:39:34'),('855c36aa29bbf71dba8dff28b0d6457b','YTczYzk1ZDc0NTY1MDdiYzY1ZjgxMDg2YzY2YTVkMWQ4ZWE1YmM4ZDqAAn1xAVUEY2FydHECigKI\nAXMu\n','2014-03-10 13:32:43'),('859a85e0a41cf198492f13928e705dc8','ODk1Mjg3NzdhMDNiOTMxOWQ3ZWUwODNhODdiOTEwNjM0MmNjM2Q3ODqAAn1xAVUEY2FydHECigKA\nAXMu\n','2014-03-09 16:08:39'),('86126847f90d8c89c0fbde9fd68f46ef','MjdmNWNmNjI4MzgzYTc2MGQ0YTgwZTBkMDY5YTY4Yjk2Mzk3Zjg2MTqAAn1xAS4=\n','2014-02-21 21:12:46'),('8613afee800f1846e2b0dec23381d1b7','NTQwMDllMjBkMDMyOWI1OWEwYzQ5NjIyOWM5MGViZGNjOTA5YjkyMDqAAn1xAVUEY2FydHECigI0\nAXMu\n','2014-02-21 22:23:31'),('863f72d2225f094795ea0c52d4c306c6','NmU1YzBlZjFlYjAyOWQ5YjNiMjkxMDg0NmQ4OGYzNjc2NzZmNTc3MjqAAn1xAVUKdGVzdGNvb2tp\nZXECVQZ3b3JrZWRxA3Mu\n','2014-03-02 02:37:25'),('868a22553ca6569421e340576721dd63','NmU1YzBlZjFlYjAyOWQ5YjNiMjkxMDg0NmQ4OGYzNjc2NzZmNTc3MjqAAn1xAVUKdGVzdGNvb2tp\nZXECVQZ3b3JrZWRxA3Mu\n','2014-02-26 11:44:53'),('86f768389235b6722592069739686780','NmU1YzBlZjFlYjAyOWQ5YjNiMjkxMDg0NmQ4OGYzNjc2NzZmNTc3MjqAAn1xAVUKdGVzdGNvb2tp\nZXECVQZ3b3JrZWRxA3Mu\n','2014-04-22 23:28:30'),('87311cdcf8e7f13e332e05b45daf5cf0','NmU1YzBlZjFlYjAyOWQ5YjNiMjkxMDg0NmQ4OGYzNjc2NzZmNTc3MjqAAn1xAVUKdGVzdGNvb2tp\nZXECVQZ3b3JrZWRxA3Mu\n','2014-04-11 21:01:44'),('87778f9082b4a2ed276679c8f836b0a7','NmU1YzBlZjFlYjAyOWQ5YjNiMjkxMDg0NmQ4OGYzNjc2NzZmNTc3MjqAAn1xAVUKdGVzdGNvb2tp\nZXECVQZ3b3JrZWRxA3Mu\n','2014-04-19 07:24:17'),('87884d43b45a89eb22015b4f0f5594e0','NmU1YzBlZjFlYjAyOWQ5YjNiMjkxMDg0NmQ4OGYzNjc2NzZmNTc3MjqAAn1xAVUKdGVzdGNvb2tp\nZXECVQZ3b3JrZWRxA3Mu\n','2014-03-22 23:46:31'),('8800b0bed0aa303e62f65bccf4ca8a1e','NmU1YzBlZjFlYjAyOWQ5YjNiMjkxMDg0NmQ4OGYzNjc2NzZmNTc3MjqAAn1xAVUKdGVzdGNvb2tp\nZXECVQZ3b3JrZWRxA3Mu\n','2014-03-06 13:38:21'),('882a32c424412e51a4414f4ece267509','YWEzZWQ2MGZiOGFhMjNkNzhkYzYzYmRhYjEyNTg3ODAzYzRjYjFjMjqAAn1xAShVBmN1c3RJRIoB\nDFUNX2F1dGhfdXNlcl9pZIoBA1USX2F1dGhfdXNlcl9iYWNrZW5kVSlkamFuZ28uY29udHJpYi5h\ndXRoLmJhY2tlbmRzLk1vZGVsQmFja2VuZHUu\n','2014-04-18 22:50:04'),('8837ee8a3569c176d07862b7c91a4460','NmU1YzBlZjFlYjAyOWQ5YjNiMjkxMDg0NmQ4OGYzNjc2NzZmNTc3MjqAAn1xAVUKdGVzdGNvb2tp\nZXECVQZ3b3JrZWRxA3Mu\n','2014-03-23 05:48:27'),('8876d5429a902b4ccaa84dd670eb1041','ZTUyYWM5MzZkNGUxZmNlYWI0N2QxYThmNDhmYjNlNjY1MGYzZWUxZjqAAn1xAShVCnRlc3Rjb29r\naWVxAlUGd29ya2VkcQNVBGNhcnSKAg8CdS4=\n','2014-04-23 15:53:46'),('888c8938b8b97512c1c017ee073e0bdb','MjdmNWNmNjI4MzgzYTc2MGQ0YTgwZTBkMDY5YTY4Yjk2Mzk3Zjg2MTqAAn1xAS4=\n','2014-02-23 10:11:39'),('894e1ed2b3e84031940b225775e1d692','NmU1YzBlZjFlYjAyOWQ5YjNiMjkxMDg0NmQ4OGYzNjc2NzZmNTc3MjqAAn1xAVUKdGVzdGNvb2tp\nZXECVQZ3b3JrZWRxA3Mu\n','2014-04-22 14:11:45'),('89b547ea59729fbe39a9d2026f9c04fc','NmU1YzBlZjFlYjAyOWQ5YjNiMjkxMDg0NmQ4OGYzNjc2NzZmNTc3MjqAAn1xAVUKdGVzdGNvb2tp\nZXECVQZ3b3JrZWRxA3Mu\n','2014-04-10 14:21:21'),('89d84961da70844e53e16a673c811390','ZDYzN2UxN2QyYTBhMjMzY2YxZjRhMzQ2MDZjNjVkZWYzODM3ODczZjqAAn1xAVUEY2FydHECigKS\nAXMu\n','2014-03-11 22:29:48'),('8a0d6f18573a0bebfa1756798e7236e0','NmU1YzBlZjFlYjAyOWQ5YjNiMjkxMDg0NmQ4OGYzNjc2NzZmNTc3MjqAAn1xAVUKdGVzdGNvb2tp\nZXECVQZ3b3JrZWRxA3Mu\n','2014-03-31 02:52:33'),('8a32dbedf8e60144fef278dc4463376b','OTJkNzczMTc4ZDhmMzkxOTQyODkyMGE2ZDg4ZjlkZWY3NTI1ZWExNjqAAn1xAShVCnRlc3Rjb29r\naWVxAlUGd29ya2VkcQNVBGNhcnSKAggCdS4=\n','2014-04-22 10:03:43'),('8a4b609932787004b301089569fb9326','NmU1YzBlZjFlYjAyOWQ5YjNiMjkxMDg0NmQ4OGYzNjc2NzZmNTc3MjqAAn1xAVUKdGVzdGNvb2tp\nZXECVQZ3b3JrZWRxA3Mu\n','2014-03-14 01:32:02'),('8a6bee5d9d290b387420d4a98de624f4','YTNkZDk3MGRlNGNlOWZmMzQyYjlmZjU4YmVjN2ZlYTkyYjk1MTFhNjqAAn1xAShVB29yZGVySUSK\nAtAAVQ1fYXV0aF91c2VyX2lkigELVQp0ZXN0Y29va2llVQZ3b3JrZWRVEl9hdXRoX3VzZXJfYmFj\na2VuZFUuc2F0Y2htb19zdG9yZS5hY2NvdW50cy5lbWFpbC1hdXRoLkVtYWlsQmFja2VuZFUEY2Fy\ndIoCOgFVBmN1c3RJRIoCkgB1Lg==\n','2014-02-22 11:32:48'),('8aaa9d8681e941868b360b06077f8aa3','YzE4YzhlZTRhNTdiNDlkMDJmN2MzMWJlMTE2MDU0Njg5Y2Q1NzE0MzqAAn1xAVUEY2FydHECigKs\nAXMu\n','2014-03-16 17:32:32'),('8ac7100e3205e0953719a8365b9d8be6','NmU1YzBlZjFlYjAyOWQ5YjNiMjkxMDg0NmQ4OGYzNjc2NzZmNTc3MjqAAn1xAVUKdGVzdGNvb2tp\nZXECVQZ3b3JrZWRxA3Mu\n','2014-02-23 09:54:25'),('8aec0d8beea699ba9780e6b2e5e882a8','NmU1YzBlZjFlYjAyOWQ5YjNiMjkxMDg0NmQ4OGYzNjc2NzZmNTc3MjqAAn1xAVUKdGVzdGNvb2tp\nZXECVQZ3b3JrZWRxA3Mu\n','2014-04-05 23:50:06'),('8aedcca2b7aebcfe50ca7b10ab0ab21b','YTdjNWZiYTIzNjZkYzc5N2JhN2ZjZmEwZmEwMzc0YzdkODNjMGM4ZTqAAn1xAShVBmN1c3RJRIoC\nrABVEl9hdXRoX3VzZXJfYmFja2VuZFUpZGphbmdvLmNvbnRyaWIuYXV0aC5iYWNrZW5kcy5Nb2Rl\nbEJhY2tlbmRVDV9hdXRoX3VzZXJfaWSKARl1Lg==\n','2014-02-27 17:26:45'),('8b805784ee166e682b6bc8bfd08093d9','NmU1YzBlZjFlYjAyOWQ5YjNiMjkxMDg0NmQ4OGYzNjc2NzZmNTc3MjqAAn1xAVUKdGVzdGNvb2tp\nZXECVQZ3b3JrZWRxA3Mu\n','2014-04-03 22:01:38'),('8c6e633c8b021d23760948b7154f2703','MjdmNWNmNjI4MzgzYTc2MGQ0YTgwZTBkMDY5YTY4Yjk2Mzk3Zjg2MTqAAn1xAS4=\n','2014-04-01 18:44:17'),('8cc5c99263181a116f9166af7f9b9b3f','NmU1YzBlZjFlYjAyOWQ5YjNiMjkxMDg0NmQ4OGYzNjc2NzZmNTc3MjqAAn1xAVUKdGVzdGNvb2tp\nZXECVQZ3b3JrZWRxA3Mu\n','2014-04-16 07:56:02'),('8ce34d101416d227aa1f93470bd1826b','NmU1YzBlZjFlYjAyOWQ5YjNiMjkxMDg0NmQ4OGYzNjc2NzZmNTc3MjqAAn1xAVUKdGVzdGNvb2tp\nZXECVQZ3b3JrZWRxA3Mu\n','2014-04-03 21:48:01'),('8cff5195e6f70851fab4d2cc1e914932','NmU1YzBlZjFlYjAyOWQ5YjNiMjkxMDg0NmQ4OGYzNjc2NzZmNTc3MjqAAn1xAVUKdGVzdGNvb2tp\nZXECVQZ3b3JrZWRxA3Mu\n','2014-04-15 16:36:41'),('8ed973bacb6c8f4fc6ceba6867199c16','MTRiYTJlNmJkOTgyM2ZhYmMzNTI3YzBiYzcxNmMwZDRlN2JjNGUwMDqAAn1xAVUKdGVzdGNvb2tp\nZVUGd29ya2VkcQJzLg==\n','2014-04-21 19:00:59'),('8f8c922afcf2e549d5a259b5725093f2','NmU1YzBlZjFlYjAyOWQ5YjNiMjkxMDg0NmQ4OGYzNjc2NzZmNTc3MjqAAn1xAVUKdGVzdGNvb2tp\nZXECVQZ3b3JrZWRxA3Mu\n','2014-04-03 20:30:27'),('8fa2e115eb16c04f42d612e09a18e408','NmU1YzBlZjFlYjAyOWQ5YjNiMjkxMDg0NmQ4OGYzNjc2NzZmNTc3MjqAAn1xAVUKdGVzdGNvb2tp\nZXECVQZ3b3JrZWRxA3Mu\n','2014-04-13 09:39:29'),('8fd4a69c52ce439e56ca4cb3d8771811','NmU1YzBlZjFlYjAyOWQ5YjNiMjkxMDg0NmQ4OGYzNjc2NzZmNTc3MjqAAn1xAVUKdGVzdGNvb2tp\nZXECVQZ3b3JrZWRxA3Mu\n','2014-03-21 10:59:05'),('8fd5f84f58767a8da2cf33aca0aaef27','MTRiYTJlNmJkOTgyM2ZhYmMzNTI3YzBiYzcxNmMwZDRlN2JjNGUwMDqAAn1xAVUKdGVzdGNvb2tp\nZVUGd29ya2VkcQJzLg==\n','2014-03-26 06:08:57'),('8fdc14f4e4711d121a96608c80977a34','YmMzNDQwNWNmYzc2ZWI3YTk4NzliNzIzNDk3NjA0YzVlNzE4Mjc5ZDqAAn1xAShVCnRlc3Rjb29r\naWVxAlUGd29ya2VkcQNVBGNhcnSKAssBdS4=\n','2014-03-28 11:56:20'),('8ffed176ffb170ab98cb55a4f4ebf344','MTRiYTJlNmJkOTgyM2ZhYmMzNTI3YzBiYzcxNmMwZDRlN2JjNGUwMDqAAn1xAVUKdGVzdGNvb2tp\nZVUGd29ya2VkcQJzLg==\n','2014-04-15 12:13:46'),('90c73a92ceb60a29edc7032fe3d5424a','MjgwMDgwMDA4NDllYWU3ZWU4YmVmY2Q3MDhlNWRlMmQwMjFmNDI1MzqAAn1xAVURZm9ybV9jb250\nYWN0X2Zvcm2Icy4=\n','2014-02-22 05:45:29'),('90e8ba5ed4aaa6096771ca739e6616f1','NmU1YzBlZjFlYjAyOWQ5YjNiMjkxMDg0NmQ4OGYzNjc2NzZmNTc3MjqAAn1xAVUKdGVzdGNvb2tp\nZXECVQZ3b3JrZWRxA3Mu\n','2014-03-28 10:21:09'),('91ec669892cae0ad27efa976a8bb0c51','MjdmNWNmNjI4MzgzYTc2MGQ0YTgwZTBkMDY5YTY4Yjk2Mzk3Zjg2MTqAAn1xAS4=\n','2014-03-22 15:14:59'),('92456e3ddd037e20eec40a632eee3641','MjdmNWNmNjI4MzgzYTc2MGQ0YTgwZTBkMDY5YTY4Yjk2Mzk3Zjg2MTqAAn1xAS4=\n','2014-03-23 09:40:17'),('92684ce2de3cee4fbc7e95276e65e6d6','NmU1YzBlZjFlYjAyOWQ5YjNiMjkxMDg0NmQ4OGYzNjc2NzZmNTc3MjqAAn1xAVUKdGVzdGNvb2tp\nZXECVQZ3b3JrZWRxA3Mu\n','2014-04-13 22:10:47'),('9274f90ffc239c32a7327c1a2374a6b1','NmU1YzBlZjFlYjAyOWQ5YjNiMjkxMDg0NmQ4OGYzNjc2NzZmNTc3MjqAAn1xAVUKdGVzdGNvb2tp\nZXECVQZ3b3JrZWRxA3Mu\n','2014-04-07 22:34:26'),('92933deb79a3b6f2bb2c7fc4f57b82bd','NzAxNWM1NWVkZDA4NDQ1ZDhlZTMxZGU2ODFkOTQ4ZTY0YzgzNTM4NzqAAn1xAShVB29yZGVySUSK\nAv8AVQp0ZXN0Y29va2llVQZ3b3JrZWRVBmN1c3RJRIoCwgBVBGNhcnSKAoMBdS4=\n','2014-03-09 19:30:50'),('92a94e81f4d26aaf3acc3c5e06b8f0ca','NmU1YzBlZjFlYjAyOWQ5YjNiMjkxMDg0NmQ4OGYzNjc2NzZmNTc3MjqAAn1xAVUKdGVzdGNvb2tp\nZXECVQZ3b3JrZWRxA3Mu\n','2014-03-24 07:31:52'),('931d8d95d39a3b1c85d336866a4f517f','N2MyMzIxNDBlYjZjMGYyZmRjM2E2N2ZjODE1N2M0ZmVjZGJmYmZkZjqAAn1xAShVBmN1c3RJRIoC\nFQFVCnRlc3Rjb29raWVVBndvcmtlZFUNX2F1dGhfdXNlcl9pZIoBUlUSX2F1dGhfdXNlcl9iYWNr\nZW5kVSlkamFuZ28uY29udHJpYi5hdXRoLmJhY2tlbmRzLk1vZGVsQmFja2VuZHUu\n','2014-04-12 01:21:36'),('932536f0fe563df310411e8b51b305fb','Y2MyMjI4NGZhYWE1MmQ0OTA5MGRlMTE3NzA4MDk4M2EyZGM2Y2FiMDqAAn1xAShVCnRlc3Rjb29r\naWVxAlUGd29ya2VkcQNVBGNhcnSKAjUBdS4=\n','2014-02-22 00:49:35'),('93f6b8dd74b5db75245c16a76246c75a','NmU1YzBlZjFlYjAyOWQ5YjNiMjkxMDg0NmQ4OGYzNjc2NzZmNTc3MjqAAn1xAVUKdGVzdGNvb2tp\nZXECVQZ3b3JrZWRxA3Mu\n','2014-04-21 06:22:16'),('946c1e1608d9829d4540ddac9752cc11','NmU1YzBlZjFlYjAyOWQ5YjNiMjkxMDg0NmQ4OGYzNjc2NzZmNTc3MjqAAn1xAVUKdGVzdGNvb2tp\nZXECVQZ3b3JrZWRxA3Mu\n','2014-04-01 05:48:08'),('947f7cf88b78d548055bd7b5cde788b6','NmU1YzBlZjFlYjAyOWQ5YjNiMjkxMDg0NmQ4OGYzNjc2NzZmNTc3MjqAAn1xAVUKdGVzdGNvb2tp\nZXECVQZ3b3JrZWRxA3Mu\n','2014-02-26 11:47:20'),('9485d42cb11ac50c1f7f44851b7850d7','MjdmNWNmNjI4MzgzYTc2MGQ0YTgwZTBkMDY5YTY4Yjk2Mzk3Zjg2MTqAAn1xAS4=\n','2014-04-06 09:17:48'),('94b79ea512ac3bda98fb8cd2f4ae5fda','NjdhM2VmYWYwYmUyN2JjMmY2NTc3YWUwYzg4ZWNkYTNkM2U0N2ZhZTqAAn1xAShVB29yZGVySUSK\nAtEAVQp0ZXN0Y29va2llVQZ3b3JrZWRVBmN1c3RJRIoClABVBGNhcnSKAjsBdS4=\n','2014-02-22 13:15:13'),('94ca4823531f2ea0fc4fc5762ed873cb','NDM0MTJmY2ZiZTgzZThjYmYzZDA4YjI1ZDZhY2Y4NDBiYTY5M2MxMzqAAn1xAShVB29yZGVySUSK\nAuQAVQp0ZXN0Y29va2llVQZ3b3JrZWRVBmN1c3RJRIoCpABVBGNhcnSKAlABdS4=\n','2014-02-25 14:32:01'),('957646c80597da0dd5a374e1204340c9','NmU1YzBlZjFlYjAyOWQ5YjNiMjkxMDg0NmQ4OGYzNjc2NzZmNTc3MjqAAn1xAVUKdGVzdGNvb2tp\nZXECVQZ3b3JrZWRxA3Mu\n','2014-03-27 16:48:40'),('9577fd5ca01ad43f4e6f9d3551f1a1d7','NzBkNmEzOTY3OTM0ZWVmNDA1ODc1NWIwMjg5N2U2NTU4YmQxZjlhYzqAAn1xAShVBmN1c3RJRIoC\n0ABVCnRlc3Rjb29raWVVBndvcmtlZFUNX2F1dGhfdXNlcl9pZIoBKlUSX2F1dGhfdXNlcl9iYWNr\nZW5kVSlkamFuZ28uY29udHJpYi5hdXRoLmJhY2tlbmRzLk1vZGVsQmFja2VuZHUu\n','2014-03-13 20:41:54'),('959fa96a2eadc5762f5fafa61f4bf3b3','MTRiYTJlNmJkOTgyM2ZhYmMzNTI3YzBiYzcxNmMwZDRlN2JjNGUwMDqAAn1xAVUKdGVzdGNvb2tp\nZVUGd29ya2VkcQJzLg==\n','2014-02-24 08:22:28'),('9629e1004d1a4a937a8da3796f09751b','MjdmNWNmNjI4MzgzYTc2MGQ0YTgwZTBkMDY5YTY4Yjk2Mzk3Zjg2MTqAAn1xAS4=\n','2014-02-24 08:58:56'),('965a058c70fcad637a87ae79b0b3141b','Y2Y4YjdkZGQwMDFiOWM0NjEwNWViNDNmM2NmYWE2MzMwNjNiZDQxYjqAAn1xAShVDmNtc19hZG1p\nbl9zaXRligEBVQhjbXNfZWRpdIhVDV9hdXRoX3VzZXJfaWSKAQFVEl9hdXRoX3VzZXJfYmFja2Vu\nZFUpZGphbmdvLmNvbnRyaWIuYXV0aC5iYWNrZW5kcy5Nb2RlbEJhY2tlbmR1Lg==\n','2014-02-03 13:03:08'),('96af59ab3de3eb5a7a72a21736263582','NmU1YzBlZjFlYjAyOWQ5YjNiMjkxMDg0NmQ4OGYzNjc2NzZmNTc3MjqAAn1xAVUKdGVzdGNvb2tp\nZXECVQZ3b3JrZWRxA3Mu\n','2014-03-03 18:34:20'),('96c85148d3be221d386b4d5555f507bb','NmU1YzBlZjFlYjAyOWQ5YjNiMjkxMDg0NmQ4OGYzNjc2NzZmNTc3MjqAAn1xAVUKdGVzdGNvb2tp\nZXECVQZ3b3JrZWRxA3Mu\n','2014-02-23 14:33:35'),('9702ad0a25e512bd8df1e888d9bcd464','MjdmNWNmNjI4MzgzYTc2MGQ0YTgwZTBkMDY5YTY4Yjk2Mzk3Zjg2MTqAAn1xAS4=\n','2014-03-10 11:13:56'),('971184077aa13db1ffdafd973f344f57','ZGZlYjYwZGI2MTgyNjJlNzZkYjVmYWZlZGJkZGFmMThiN2YzMjA1MjqAAn1xAShVB29yZGVySUSK\nAswAVQp0ZXN0Y29va2llVQZ3b3JrZWRVBmN1c3RJRIoCjwBVBGNhcnSKAjMBdS4=\n','2014-02-21 22:01:55'),('9721e7f5d2102e5651ed3916985cc5c6','NmU1YzBlZjFlYjAyOWQ5YjNiMjkxMDg0NmQ4OGYzNjc2NzZmNTc3MjqAAn1xAVUKdGVzdGNvb2tp\nZXECVQZ3b3JrZWRxA3Mu\n','2014-03-03 07:04:51'),('973c9919d5688d7a01515bdba9348833','NmU1YzBlZjFlYjAyOWQ5YjNiMjkxMDg0NmQ4OGYzNjc2NzZmNTc3MjqAAn1xAVUKdGVzdGNvb2tp\nZXECVQZ3b3JrZWRxA3Mu\n','2014-04-10 08:12:08'),('97990573776dd9b654c48f403ac1ce40','OTY1MTFjNzk4MzFlOGEyMmRiNGFlYzUxZjRjZTE1YjNiOTBkMzQ3MDqAAn1xAShVDmNtc19hZG1p\nbl9zaXRligEBVRJfYXV0aF91c2VyX2JhY2tlbmRVKWRqYW5nby5jb250cmliLmF1dGguYmFja2Vu\nZHMuTW9kZWxCYWNrZW5kVQ1fYXV0aF91c2VyX2lkigEBVQhjbXNfZWRpdIh1Lg==\n','2014-02-03 12:42:32'),('97a64e2f12e754870088df7c477fa4b8','MTVlZjZmNTA0NGExOTMzM2VkZDU0YjlhYTNkYWM1ZTJmOTdhYjExMjqAAn1xAShVCnRlc3Rjb29r\naWVVBndvcmtlZFUSX2F1dGhfdXNlcl9iYWNrZW5kVSlkamFuZ28uY29udHJpYi5hdXRoLmJhY2tl\nbmRzLk1vZGVsQmFja2VuZFUGY3VzdElEigL/AFUNX2F1dGhfdXNlcl9pZIoBQlUEY2FydIoCxAF1\nLg==\n','2014-04-07 19:18:23'),('98b905183522a0cd5386d39384f721a3','NmU1YzBlZjFlYjAyOWQ5YjNiMjkxMDg0NmQ4OGYzNjc2NzZmNTc3MjqAAn1xAVUKdGVzdGNvb2tp\nZXECVQZ3b3JrZWRxA3Mu\n','2014-03-29 15:57:59'),('98c74552c734c60e0298f7630de92991','MjdmNWNmNjI4MzgzYTc2MGQ0YTgwZTBkMDY5YTY4Yjk2Mzk3Zjg2MTqAAn1xAS4=\n','2014-03-08 12:03:44'),('98c93c2aaebc542b2c837bd891409f5d','NmU1YzBlZjFlYjAyOWQ5YjNiMjkxMDg0NmQ4OGYzNjc2NzZmNTc3MjqAAn1xAVUKdGVzdGNvb2tp\nZXECVQZ3b3JrZWRxA3Mu\n','2014-03-05 23:21:14'),('98f324c0ab1579234277d24cf6cb81cb','Y2M1Y2VhMjIyOGJjMWNiMmM5N2E0NWEyMDJkYzI4YmU3ODUwZjQ0MzqAAn1xAShVB29yZGVySUSK\nAg0BVQp0ZXN0Y29va2llVQZ3b3JrZWRVBmN1c3RJRIoCzgBVBGNhcnSKApUBdS4=\n','2014-03-13 18:17:59'),('994549ca208e8c1b65c5f0df009bd7e1','MjdmNWNmNjI4MzgzYTc2MGQ0YTgwZTBkMDY5YTY4Yjk2Mzk3Zjg2MTqAAn1xAS4=\n','2014-03-04 09:43:05'),('997005586a5aa9f859cc98ef24bed5fa','NmU1YzBlZjFlYjAyOWQ5YjNiMjkxMDg0NmQ4OGYzNjc2NzZmNTc3MjqAAn1xAVUKdGVzdGNvb2tp\nZXECVQZ3b3JrZWRxA3Mu\n','2014-02-22 22:14:34'),('99b094f27ba4cfddfeb2d36e023c2457','NmU1YzBlZjFlYjAyOWQ5YjNiMjkxMDg0NmQ4OGYzNjc2NzZmNTc3MjqAAn1xAVUKdGVzdGNvb2tp\nZXECVQZ3b3JrZWRxA3Mu\n','2014-03-10 05:19:15'),('99f5e583010e92719f6e21a6122fa7b1','OTEyZGUyZjNkNzAyYjRkYjg0ODFhYWYxNTY5NThlYTA4NjkzZDBiNjqAAn1xAShVBmN1c3RJRIoC\nKgFVEl9hdXRoX3VzZXJfYmFja2VuZFUpZGphbmdvLmNvbnRyaWIuYXV0aC5iYWNrZW5kcy5Nb2Rl\nbEJhY2tlbmRVDV9hdXRoX3VzZXJfaWSKAV91Lg==\n','2014-04-19 08:38:07'),('9ab6d62ac4beed3dbe4d6335967522e9','MmU2MzhiODkyZDg0YTgxOWUxZTU3NTc5YmJiZjJhMTIyYjAxZmMzNzqAAn1xAShVB29yZGVySUSK\nAjMBVQp0ZXN0Y29va2llVQZ3b3JrZWRVBmN1c3RJRIoCBQFVBGNhcnSKAtUBdS4=\n','2014-03-31 20:43:41'),('9ae60a7579eafac433d6a2d3197083e8','NmU1YzBlZjFlYjAyOWQ5YjNiMjkxMDg0NmQ4OGYzNjc2NzZmNTc3MjqAAn1xAVUKdGVzdGNvb2tp\nZXECVQZ3b3JrZWRxA3Mu\n','2014-03-04 14:22:16'),('9b0b6cdc416a4d8d6962dd8811d0c8a1','MTRiYTJlNmJkOTgyM2ZhYmMzNTI3YzBiYzcxNmMwZDRlN2JjNGUwMDqAAn1xAVUKdGVzdGNvb2tp\nZVUGd29ya2VkcQJzLg==\n','2014-04-05 10:49:45'),('9b0c912f92298265d53981df05c40a8e','OTQzODc5NjQ3Y2M2NDNhOTkwZDI2ZThjNzVhOWIwMDc5MTQxNWJmNDqAAn1xAShVB29yZGVySUSK\nAi0BVQ1fYXV0aF91c2VyX2lkigFBVQp0ZXN0Y29va2llVQZ3b3JrZWRVBGNhcnSKAscBVRJfYXV0\naF91c2VyX2JhY2tlbmRVKWRqYW5nby5jb250cmliLmF1dGguYmFja2VuZHMuTW9kZWxCYWNrZW5k\nVQZjdXN0SUSKAvwAdS4=\n','2014-03-30 12:40:17'),('9b18decc6665f7176010dfa256015951','NmU1YzBlZjFlYjAyOWQ5YjNiMjkxMDg0NmQ4OGYzNjc2NzZmNTc3MjqAAn1xAVUKdGVzdGNvb2tp\nZXECVQZ3b3JrZWRxA3Mu\n','2014-02-25 06:34:29'),('9b4ecb3e61288307ff8bfa9bffa75316','NmU1YzBlZjFlYjAyOWQ5YjNiMjkxMDg0NmQ4OGYzNjc2NzZmNTc3MjqAAn1xAVUKdGVzdGNvb2tp\nZXECVQZ3b3JrZWRxA3Mu\n','2014-04-13 22:10:49'),('9b7e6b12164414043f8ce44b726d6693','NmU1YzBlZjFlYjAyOWQ5YjNiMjkxMDg0NmQ4OGYzNjc2NzZmNTc3MjqAAn1xAVUKdGVzdGNvb2tp\nZXECVQZ3b3JrZWRxA3Mu\n','2014-04-15 17:04:09'),('9bfe2637ab884e00a855bb530bd421ee','NmU1YzBlZjFlYjAyOWQ5YjNiMjkxMDg0NmQ4OGYzNjc2NzZmNTc3MjqAAn1xAVUKdGVzdGNvb2tp\nZXECVQZ3b3JrZWRxA3Mu\n','2014-03-24 19:58:53'),('9c16dc38a0442ff7e22232c2324dc757','N2JjMTA2MWMwMmZhNWJmNjU2NDExNmZiNTU1NGY2MDdjZjNmM2QxNDqAAn1xAShVBGNhcnSKAvwB\nVQZjdXN0SUSKAigBVQ1fYXV0aF91c2VyX2lkigFdVRJfYXV0aF91c2VyX2JhY2tlbmRVKWRqYW5n\nby5jb250cmliLmF1dGguYmFja2VuZHMuTW9kZWxCYWNrZW5kdS4=\n','2014-04-18 21:15:00'),('9c59796640258eabc15b61845dd581b0','NmU1YzBlZjFlYjAyOWQ5YjNiMjkxMDg0NmQ4OGYzNjc2NzZmNTc3MjqAAn1xAVUKdGVzdGNvb2tp\nZXECVQZ3b3JrZWRxA3Mu\n','2014-04-13 03:01:27'),('9c8c8401bcee51432dc1684e9030d97d','NmU1YzBlZjFlYjAyOWQ5YjNiMjkxMDg0NmQ4OGYzNjc2NzZmNTc3MjqAAn1xAVUKdGVzdGNvb2tp\nZXECVQZ3b3JrZWRxA3Mu\n','2014-03-23 16:56:55'),('9cbf2945d469ae08be9e669aff103012','NmU1YzBlZjFlYjAyOWQ5YjNiMjkxMDg0NmQ4OGYzNjc2NzZmNTc3MjqAAn1xAVUKdGVzdGNvb2tp\nZXECVQZ3b3JrZWRxA3Mu\n','2014-02-23 16:48:25'),('9d19057164bc8aebdc3b1674faabc162','ZWU3MWFkMjczNGFhYTkwOTQwZDcyMzE0NmI4MGExNmUxMGYzZTA1YzqAAn1xAShVDmNtc19hZG1p\nbl9zaXRligEBVQhjbXNfZWRpdIhVBmN1c3RJRIoBf1USX2F1dGhfdXNlcl9iYWNrZW5kVSlkamFu\nZ28uY29udHJpYi5hdXRoLmJhY2tlbmRzLk1vZGVsQmFja2VuZFUNX2F1dGhfdXNlcl9pZIoBBHUu\n','2014-04-01 14:35:30'),('9db50ddf6ec536858c02d921a2be24c3','NmU1YzBlZjFlYjAyOWQ5YjNiMjkxMDg0NmQ4OGYzNjc2NzZmNTc3MjqAAn1xAVUKdGVzdGNvb2tp\nZXECVQZ3b3JrZWRxA3Mu\n','2014-04-22 14:11:50'),('9e0d6e2d6885e326a0781c05e368e1b3','ZTc2MjMzMTQ4YzBlNWNlY2IyMjI2MDZhZDBhMzcyZTY1ZGZjYmE0YTqAAn1xAShVBmN1c3RJRIoC\nKQFVEl9hdXRoX3VzZXJfYmFja2VuZFUpZGphbmdvLmNvbnRyaWIuYXV0aC5iYWNrZW5kcy5Nb2Rl\nbEJhY2tlbmRVDV9hdXRoX3VzZXJfaWSKAV51Lg==\n','2014-04-19 05:08:13'),('9e0d8cbed0ec19ec55e1d7e1514a582e','MWUxY2EyY2M3OThlNjY3NGI2NmNhZjc5NmIyY2EzNmQzZmQyYjA0MzqAAn1xAShVCnRlc3Rjb29r\naWVxAlUGd29ya2VkcQNVBGNhcnSKAq4BdS4=\n','2014-03-16 18:44:28'),('9e4b798375c533602a4a4c46bbcbe33a','NmU1YzBlZjFlYjAyOWQ5YjNiMjkxMDg0NmQ4OGYzNjc2NzZmNTc3MjqAAn1xAVUKdGVzdGNvb2tp\nZXECVQZ3b3JrZWRxA3Mu\n','2014-03-04 13:53:18'),('9eb07a9b5e34c3dd8cce1c6981b4bd43','MTRiYTJlNmJkOTgyM2ZhYmMzNTI3YzBiYzcxNmMwZDRlN2JjNGUwMDqAAn1xAVUKdGVzdGNvb2tp\nZVUGd29ya2VkcQJzLg==\n','2014-04-23 09:15:51'),('9ec9ea07db263915ba59a42c27991658','NDZlOTNiNzA2MjE0MTQ2NGRjMGI1NjFkZmNiZTc1MGE0MzgyMTM3MjqAAn1xAShVB29yZGVySUSK\nAjEBVQ1fYXV0aF91c2VyX2lkigFEVQp0ZXN0Y29va2llVQZ3b3JrZWRVEl9hdXRoX3VzZXJfYmFj\na2VuZFUpZGphbmdvLmNvbnRyaWIuYXV0aC5iYWNrZW5kcy5Nb2RlbEJhY2tlbmRVBGNhcnSKAs4B\nVQZjdXN0SUSKAgEBdS4=\n','2014-04-01 22:03:31'),('9edd82efd2ddc0b8e96b911156c36544','NmU1YzBlZjFlYjAyOWQ5YjNiMjkxMDg0NmQ4OGYzNjc2NzZmNTc3MjqAAn1xAVUKdGVzdGNvb2tp\nZXECVQZ3b3JrZWRxA3Mu\n','2014-03-01 22:17:13'),('9f0d21d61f27d4b080ce255d480d86d9','NmU1YzBlZjFlYjAyOWQ5YjNiMjkxMDg0NmQ4OGYzNjc2NzZmNTc3MjqAAn1xAVUKdGVzdGNvb2tp\nZXECVQZ3b3JrZWRxA3Mu\n','2014-03-22 14:33:44'),('9f91f27bf79ce4625e0eb7ed8f69f065','NmU1YzBlZjFlYjAyOWQ5YjNiMjkxMDg0NmQ4OGYzNjc2NzZmNTc3MjqAAn1xAVUKdGVzdGNvb2tp\nZXECVQZ3b3JrZWRxA3Mu\n','2014-04-18 20:13:41'),('9fa599c3dea9b2512f964f3181bfbd0a','ZGM5NWQzN2U2Nzc4M2M4ZTNiMzY3OGFiNjViMjgzOWJiZWZmYzBjNTqAAn1xAShVB29yZGVySUSK\nAuAAVQp0ZXN0Y29va2llVQZ3b3JrZWRVBmN1c3RJRIoCnABVBGNhcnSKAkgBdS4=\n','2014-02-24 11:05:52'),('a0079cc1e0e1a86bb6dd8a0bf2b0eb3d','YzcyZTZlNDlkNzc0YjhiZDM4NDc5YTgyNzA5MDA0NTNhMmVkMTZmODqAAn1xAShVCnRlc3Rjb29r\naWVxAlUGd29ya2VkcQNVBGNhcnSKAgsCdS4=\n','2014-04-22 17:31:58'),('a016283b738fc470d74d653400dadaeb','NmU1YzBlZjFlYjAyOWQ5YjNiMjkxMDg0NmQ4OGYzNjc2NzZmNTc3MjqAAn1xAVUKdGVzdGNvb2tp\nZXECVQZ3b3JrZWRxA3Mu\n','2014-02-24 11:47:40'),('a042c279a46fbd45e127b9fc0af8ded0','NmU1YzBlZjFlYjAyOWQ5YjNiMjkxMDg0NmQ4OGYzNjc2NzZmNTc3MjqAAn1xAVUKdGVzdGNvb2tp\nZXECVQZ3b3JrZWRxA3Mu\n','2014-03-06 05:55:36'),('a0e098484bc4a8859ea0356b69ae38ff','NTJmZGIzZmJhOWM0MWE0NDBkMWIwNzE1NGViOTNhZTVlN2Q3YjIyMjqAAn1xAVUEY2FydHECigJK\nAXMu\n','2014-02-24 20:10:25'),('a0f6183b2d28d0480e63914a32c190fb','YjA3MjUzZDdjYWJkOGRjMGJmZWRkMWY0ODJkMjQ0NmM4OTk1ZDRmNzqAAn1xAShVBGNhcnSKAgUC\nVQZjdXN0SUSKAX9VEl9hdXRoX3VzZXJfYmFja2VuZFUpZGphbmdvLmNvbnRyaWIuYXV0aC5iYWNr\nZW5kcy5Nb2RlbEJhY2tlbmRVDV9hdXRoX3VzZXJfaWSKAQR1Lg==\n','2014-04-23 06:34:20'),('a13688ebb5d5f5211c1f510867234673','MTRiYTJlNmJkOTgyM2ZhYmMzNTI3YzBiYzcxNmMwZDRlN2JjNGUwMDqAAn1xAVUKdGVzdGNvb2tp\nZVUGd29ya2VkcQJzLg==\n','2014-03-22 18:25:51'),('a14762ba7392f25fc58666ad3727200d','MTRiYTJlNmJkOTgyM2ZhYmMzNTI3YzBiYzcxNmMwZDRlN2JjNGUwMDqAAn1xAVUKdGVzdGNvb2tp\nZVUGd29ya2VkcQJzLg==\n','2014-04-22 02:02:10'),('a151aea759b91c70fd5254bf2b075207','NmU1YzBlZjFlYjAyOWQ5YjNiMjkxMDg0NmQ4OGYzNjc2NzZmNTc3MjqAAn1xAVUKdGVzdGNvb2tp\nZXECVQZ3b3JrZWRxA3Mu\n','2014-04-09 04:00:44'),('a16ac6100310a82f1e340c5cb0322a5e','M2JhMDYwNDRhZWY1YjYyNDcyZGMzMTYxY2Y5NWUwY2NiZDNkMDJhMzqAAn1xAShVCnRlc3Rjb29r\naWVxAlUGd29ya2VkcQNVBGNhcnSKAi8BdS4=\n','2014-02-21 18:35:28'),('a1d40acf7ba106b6e0667355f9b4fdfd','MTRiYTJlNmJkOTgyM2ZhYmMzNTI3YzBiYzcxNmMwZDRlN2JjNGUwMDqAAn1xAVUKdGVzdGNvb2tp\nZVUGd29ya2VkcQJzLg==\n','2014-04-11 00:17:27'),('a20b15ca081972c3168952e2a362f5c4','NmU1YzBlZjFlYjAyOWQ5YjNiMjkxMDg0NmQ4OGYzNjc2NzZmNTc3MjqAAn1xAVUKdGVzdGNvb2tp\nZXECVQZ3b3JrZWRxA3Mu\n','2014-04-10 11:50:35'),('a236ee43aa069612b9a965bf68ceb680','NmU1YzBlZjFlYjAyOWQ5YjNiMjkxMDg0NmQ4OGYzNjc2NzZmNTc3MjqAAn1xAVUKdGVzdGNvb2tp\nZXECVQZ3b3JrZWRxA3Mu\n','2014-04-23 15:08:20'),('a251021cad4011f4d58e289165eca268','ZmU2NmJhNmU5NjFhZjM5MzlkYTBmMmVkYjQ4ZGMzMWJmNmFlN2IzYjqAAn1xAShVBGNhcnSKAv4B\nVQZjdXN0SUSKAi0BVQ1fYXV0aF91c2VyX2lkigFhVRJfYXV0aF91c2VyX2JhY2tlbmRVKWRqYW5n\nby5jb250cmliLmF1dGguYmFja2VuZHMuTW9kZWxCYWNrZW5kdS4=\n','2014-04-19 10:35:20'),('a297faa40474be4e2d68ca3ff18b26a1','NmU1YzBlZjFlYjAyOWQ5YjNiMjkxMDg0NmQ4OGYzNjc2NzZmNTc3MjqAAn1xAVUKdGVzdGNvb2tp\nZXECVQZ3b3JrZWRxA3Mu\n','2014-03-28 11:22:26'),('a2e7ee92ec4bb813a8492b37db4ff2d4','MjdmNWNmNjI4MzgzYTc2MGQ0YTgwZTBkMDY5YTY4Yjk2Mzk3Zjg2MTqAAn1xAS4=\n','2014-02-26 09:19:51'),('a2ed587f159c424c754655808cad8d6c','NmU1YzBlZjFlYjAyOWQ5YjNiMjkxMDg0NmQ4OGYzNjc2NzZmNTc3MjqAAn1xAVUKdGVzdGNvb2tp\nZXECVQZ3b3JrZWRxA3Mu\n','2014-03-06 01:27:19'),('a33f9325d2f3113dc0c7d90e8c1687dc','MjdmNWNmNjI4MzgzYTc2MGQ0YTgwZTBkMDY5YTY4Yjk2Mzk3Zjg2MTqAAn1xAS4=\n','2014-03-21 21:34:32'),('a3677788d83343451b8520f4575d5a5c','Y2E5NTRkYWY0MTFiZWZjMDlmMmE0M2IyNmMxNDU3YTRkZTlhMmU2ZjqAAn1xAShVB29yZGVySUSK\nAh8BVRJfYXV0aF91c2VyX2JhY2tlbmRVKWRqYW5nby5jb250cmliLmF1dGguYmFja2VuZHMuTW9k\nZWxCYWNrZW5kVQZjdXN0SUSKAugAVQ1fYXV0aF91c2VyX2lkigE2VQRjYXJ0igK3AXUu\n','2014-03-18 23:30:33'),('a3d26944c216d6a29556ba76779027a6','ZDU5MTFmYzhkMzZjNDJmOWY0ODQ3OWUxM2M2ZTMzYWUyOGUwN2MxODqAAn1xAVUEY2FydHECigKH\nAXMu\n','2014-03-10 11:47:24'),('a44bca7be383fc750bf73d59af535a64','NmU1YzBlZjFlYjAyOWQ5YjNiMjkxMDg0NmQ4OGYzNjc2NzZmNTc3MjqAAn1xAVUKdGVzdGNvb2tp\nZXECVQZ3b3JrZWRxA3Mu\n','2014-02-21 08:04:33'),('a4dc48bb4264e4682d93f72b865ad04e','NmU1YzBlZjFlYjAyOWQ5YjNiMjkxMDg0NmQ4OGYzNjc2NzZmNTc3MjqAAn1xAVUKdGVzdGNvb2tp\nZXECVQZ3b3JrZWRxA3Mu\n','2014-03-18 06:44:10'),('a4eaafd4de790520de95c4e24f78e8b2','NmU1YzBlZjFlYjAyOWQ5YjNiMjkxMDg0NmQ4OGYzNjc2NzZmNTc3MjqAAn1xAVUKdGVzdGNvb2tp\nZXECVQZ3b3JrZWRxA3Mu\n','2014-04-07 13:34:38'),('a50f770d72476133857e6c5cd59ef3f4','NmU1YzBlZjFlYjAyOWQ5YjNiMjkxMDg0NmQ4OGYzNjc2NzZmNTc3MjqAAn1xAVUKdGVzdGNvb2tp\nZXECVQZ3b3JrZWRxA3Mu\n','2014-02-20 23:28:44'),('a58d13e659cefaa9f920294498735b45','NmU1YzBlZjFlYjAyOWQ5YjNiMjkxMDg0NmQ4OGYzNjc2NzZmNTc3MjqAAn1xAVUKdGVzdGNvb2tp\nZXECVQZ3b3JrZWRxA3Mu\n','2014-03-22 23:46:06'),('a65ae042b94b7c9ef3a0c60df12f50d9','YWEzZWQ2MGZiOGFhMjNkNzhkYzYzYmRhYjEyNTg3ODAzYzRjYjFjMjqAAn1xAShVBmN1c3RJRIoB\nDFUNX2F1dGhfdXNlcl9pZIoBA1USX2F1dGhfdXNlcl9iYWNrZW5kVSlkamFuZ28uY29udHJpYi5h\ndXRoLmJhY2tlbmRzLk1vZGVsQmFja2VuZHUu\n','2014-04-20 09:28:17'),('a7042854896e3e59ac9ebb6ea7bd9f25','NmU1YzBlZjFlYjAyOWQ5YjNiMjkxMDg0NmQ4OGYzNjc2NzZmNTc3MjqAAn1xAVUKdGVzdGNvb2tp\nZXECVQZ3b3JrZWRxA3Mu\n','2014-02-27 09:43:57'),('a766766eb77bb3a9351c816ea578951a','NmU1YzBlZjFlYjAyOWQ5YjNiMjkxMDg0NmQ4OGYzNjc2NzZmNTc3MjqAAn1xAVUKdGVzdGNvb2tp\nZXECVQZ3b3JrZWRxA3Mu\n','2014-04-01 05:34:17'),('a7a4051dc98a8cfda8773d4ab91f7cf0','NzYwYjYyN2NlYjNkMjI0MjljNzhjNDlmYWQ4NjU0NmIyYWM1YzNlNDqAAn1xAShVBmN1c3RJRIoC\n3ABVDV9hdXRoX3VzZXJfaWSKAS9VEl9hdXRoX3VzZXJfYmFja2VuZFUpZGphbmdvLmNvbnRyaWIu\nYXV0aC5iYWNrZW5kcy5Nb2RlbEJhY2tlbmR1Lg==\n','2014-03-15 19:36:15'),('a7aac8676489a84dbbb4d9b91ccb8594','NmU1YzBlZjFlYjAyOWQ5YjNiMjkxMDg0NmQ4OGYzNjc2NzZmNTc3MjqAAn1xAVUKdGVzdGNvb2tp\nZXECVQZ3b3JrZWRxA3Mu\n','2014-02-24 15:11:42'),('a83f4141340f68f72b9cdd3e3cf9600b','OTI2ZjAzMzVjYzhjZTQ0Zjk3NzE4MTUwMDJmYzdlNzVhOGZlZjEwYjqAAn1xAVUEY2FydHECigJr\nAXMu\n','2014-03-04 20:00:06'),('a8666c15168ca5c00c1b80c03e0d11d1','NDkwMjkxYmIwNDhmMDA1YzkxMmIwMzIwZWE5YTdhYzQzMDYxOGVmZDqAAn1xAShVB29yZGVySUSK\nAt8AVQp0ZXN0Y29va2llVQZ3b3JrZWRVBmN1c3RJRIoCmgBVBGNhcnSKAkcBdS4=\n','2014-02-24 10:54:04'),('a8a45da9652d4d0a3019dfa6e0f2d767','NjdiMDg0YTJhNTM5MjE2ZDI1ODU4M2Q2YWRkNGI4NTkxYmZjM2Y5OTqAAn1xAShVCnRlc3Rjb29r\naWVVBndvcmtlZFUGY3VzdElEigKlAFUSX2F1dGhfdXNlcl9iYWNrZW5kVS5zYXRjaG1vX3N0b3Jl\nLmFjY291bnRzLmVtYWlsLWF1dGguRW1haWxCYWNrZW5kVQ1fYXV0aF91c2VyX2lkigEVdS4=\n','2014-02-25 17:59:56'),('a8ad7ead4ffa7bd632a5a256c31e9d77','NmU1YzBlZjFlYjAyOWQ5YjNiMjkxMDg0NmQ4OGYzNjc2NzZmNTc3MjqAAn1xAVUKdGVzdGNvb2tp\nZXECVQZ3b3JrZWRxA3Mu\n','2014-03-06 07:11:25'),('a8eff13621518552353b7c01cb0df41f','MTRiYTJlNmJkOTgyM2ZhYmMzNTI3YzBiYzcxNmMwZDRlN2JjNGUwMDqAAn1xAVUKdGVzdGNvb2tp\nZVUGd29ya2VkcQJzLg==\n','2014-04-04 22:18:25'),('a9242809db98ad96fc25ec26f5d36f51','NjYyZmVjYzg2ZThmZjE4MjZmNGI3NzJiOTA4NzcwMTIxZGZjYzIyMjqAAn1xAVUEY2FydHECigK4\nAXMu\n','2014-03-19 09:54:44'),('a95ee34114bd8835c6bdbf206ed967f7','NmU1YzBlZjFlYjAyOWQ5YjNiMjkxMDg0NmQ4OGYzNjc2NzZmNTc3MjqAAn1xAVUKdGVzdGNvb2tp\nZXECVQZ3b3JrZWRxA3Mu\n','2014-04-07 14:17:06'),('a9ba13e6362f86164206fb9e6490ba1c','MTRiYTJlNmJkOTgyM2ZhYmMzNTI3YzBiYzcxNmMwZDRlN2JjNGUwMDqAAn1xAVUKdGVzdGNvb2tp\nZVUGd29ya2VkcQJzLg==\n','2014-03-21 20:33:36'),('aa871457d1461a35d816d4d450ec0a49','NmU1YzBlZjFlYjAyOWQ5YjNiMjkxMDg0NmQ4OGYzNjc2NzZmNTc3MjqAAn1xAVUKdGVzdGNvb2tp\nZXECVQZ3b3JrZWRxA3Mu\n','2014-04-16 07:55:34'),('aba6332f1dd10ee52291fd70f5816c21','MWE3NTE4Njc5MzUxODVkNGViNWQ5OWJjNmQ4NjhlNjU5Y2FkZWY3NjqAAn1xAShVB29yZGVySUSK\nAi4BVQRjYXJ0igLIAVUGY3VzdElEigLnAFUSX2F1dGhfdXNlcl9iYWNrZW5kVSlkamFuZ28uY29u\ndHJpYi5hdXRoLmJhY2tlbmRzLk1vZGVsQmFja2VuZFUNX2F1dGhfdXNlcl9pZIoBNXUu\n','2014-03-27 13:29:58'),('abd03abf4dd45264053f8d4111785ace','NmU1YzBlZjFlYjAyOWQ5YjNiMjkxMDg0NmQ4OGYzNjc2NzZmNTc3MjqAAn1xAVUKdGVzdGNvb2tp\nZXECVQZ3b3JrZWRxA3Mu\n','2014-04-22 18:51:10'),('ac278be89202e49b4e0cea5ced988038','YTRiMWNhNWQ3ZDc5NDBiNjdjNDJjYWU0MzlhOTY1MTY1MGE4OGY0NTqAAn1xAVUEY2FydHECigK2\nAXMu\n','2014-03-18 22:05:30'),('ac2dab5270f943ad64872e59fc8d3888','NmU1YzBlZjFlYjAyOWQ5YjNiMjkxMDg0NmQ4OGYzNjc2NzZmNTc3MjqAAn1xAVUKdGVzdGNvb2tp\nZXECVQZ3b3JrZWRxA3Mu\n','2014-03-04 16:21:01'),('ac3525e84cd41c37e7e70703e0971263','NmU1YzBlZjFlYjAyOWQ5YjNiMjkxMDg0NmQ4OGYzNjc2NzZmNTc3MjqAAn1xAVUKdGVzdGNvb2tp\nZXECVQZ3b3JrZWRxA3Mu\n','2014-04-10 04:00:11'),('ac8dfadcd212f4b3048dd3b39bb6b39d','ZTVjNjQwODk5MTk1YTlhZWNiOGMyNmNhYjUwMDcwOWJlZDMzYjk4ODqAAn1xAShVCnRlc3Rjb29r\naWVVBndvcmtlZHECVQRjYXJ0igKcAXUu\n','2014-03-19 20:03:36'),('acf6bcb4ff9563ed8058619506d0bbf8','NmU1YzBlZjFlYjAyOWQ5YjNiMjkxMDg0NmQ4OGYzNjc2NzZmNTc3MjqAAn1xAVUKdGVzdGNvb2tp\nZXECVQZ3b3JrZWRxA3Mu\n','2014-04-01 06:16:25'),('ad3601b7fe8b5d0bab0d50e290f97e40','ODYwNDNmMGMyNWMzNzg5NzQ5NGRkMGI4YTk1ODYwZjQ5ZWY0NzY5YTqAAn1xAShVCnRlc3Rjb29r\naWVxAlUGd29ya2VkcQNVBGNhcnSKAtYBdS4=\n','2014-04-01 16:18:42'),('ad73d45f02cce62de73e59c8f685f2ec','MjdmNWNmNjI4MzgzYTc2MGQ0YTgwZTBkMDY5YTY4Yjk2Mzk3Zjg2MTqAAn1xAS4=\n','2014-04-21 19:53:16'),('adae58f21a461c873e4f8fac22bb71ef','MjdmNWNmNjI4MzgzYTc2MGQ0YTgwZTBkMDY5YTY4Yjk2Mzk3Zjg2MTqAAn1xAS4=\n','2014-04-17 14:58:28'),('adb2b491654a5cda86cb63659e98398a','YzNmZWM0NTYzYjE5MWYyZmQ2ZDc4OTk3ZDFiMDQ1YjFmNmU5ZjkxODqAAn1xAShVBmN1c3RJRIoC\njgBVEl9hdXRoX3VzZXJfYmFja2VuZFUuc2F0Y2htb19zdG9yZS5hY2NvdW50cy5lbWFpbC1hdXRo\nLkVtYWlsQmFja2VuZFUKdGVzdGNvb2tpZVUGd29ya2VkVQRjYXJ0igIyAVUNX2F1dGhfdXNlcl9p\nZIoBCXUu\n','2014-02-21 21:49:26'),('addf62e595037884e33b26f5f4738956','NmU1YzBlZjFlYjAyOWQ5YjNiMjkxMDg0NmQ4OGYzNjc2NzZmNTc3MjqAAn1xAVUKdGVzdGNvb2tp\nZXECVQZ3b3JrZWRxA3Mu\n','2014-03-17 21:27:07'),('aee4f253579d707a40a083b1b62dea59','NmU1YzBlZjFlYjAyOWQ5YjNiMjkxMDg0NmQ4OGYzNjc2NzZmNTc3MjqAAn1xAVUKdGVzdGNvb2tp\nZXECVQZ3b3JrZWRxA3Mu\n','2014-03-05 16:05:37'),('af0b634b1f3d4431249d3b7b36e6355e','NmU1YzBlZjFlYjAyOWQ5YjNiMjkxMDg0NmQ4OGYzNjc2NzZmNTc3MjqAAn1xAVUKdGVzdGNvb2tp\nZXECVQZ3b3JrZWRxA3Mu\n','2014-03-18 02:57:44'),('af827d400421ec161f88d66e7875fea6','OWY3YmM0NmJjNWQ4ZTE3MTAzNzg1ZDA4MmI2MjY0OWQzYjc4YmM1MjqAAn1xAShVBmN1c3RJRIoC\nGAFVEl9hdXRoX3VzZXJfYmFja2VuZFUpZGphbmdvLmNvbnRyaWIuYXV0aC5iYWNrZW5kcy5Nb2Rl\nbEJhY2tlbmRVDV9hdXRoX3VzZXJfaWSKAVV1Lg==\n','2014-04-21 22:51:55'),('aff5af749307b709616c802e55296274','NmU1YzBlZjFlYjAyOWQ5YjNiMjkxMDg0NmQ4OGYzNjc2NzZmNTc3MjqAAn1xAVUKdGVzdGNvb2tp\nZXECVQZ3b3JrZWRxA3Mu\n','2014-04-21 13:50:35'),('b0262d1862228b8c0af24e98d45536d7','NmU1YzBlZjFlYjAyOWQ5YjNiMjkxMDg0NmQ4OGYzNjc2NzZmNTc3MjqAAn1xAVUKdGVzdGNvb2tp\nZXECVQZ3b3JrZWRxA3Mu\n','2014-02-26 11:43:05'),('b050f45f2abfb000ef59cabdcfffe5cd','MTRiYTJlNmJkOTgyM2ZhYmMzNTI3YzBiYzcxNmMwZDRlN2JjNGUwMDqAAn1xAVUKdGVzdGNvb2tp\nZVUGd29ya2VkcQJzLg==\n','2014-04-22 18:20:01'),('b0aa8c2b136f5b360be11579de7e3adf','MDljZjU5NzhhN2Q1NDk5MmMyMTkyNjFjMWVjMDcxZjE5ZTUzNGM0MTqAAn1xAVUIY21zX2VkaXRx\nAohzLg==\n','2014-03-14 14:04:41'),('b10f86e03987245f2299dd77194e05a0','MTRiYTJlNmJkOTgyM2ZhYmMzNTI3YzBiYzcxNmMwZDRlN2JjNGUwMDqAAn1xAVUKdGVzdGNvb2tp\nZVUGd29ya2VkcQJzLg==\n','2014-04-17 15:18:30'),('b11ef93d6e3f9e2529e605de99ed5dc1','NmU1YzBlZjFlYjAyOWQ5YjNiMjkxMDg0NmQ4OGYzNjc2NzZmNTc3MjqAAn1xAVUKdGVzdGNvb2tp\nZXECVQZ3b3JrZWRxA3Mu\n','2014-04-22 16:38:16'),('b14dc3a75b9f07fb493db4a48bd894ce','NmU1YzBlZjFlYjAyOWQ5YjNiMjkxMDg0NmQ4OGYzNjc2NzZmNTc3MjqAAn1xAVUKdGVzdGNvb2tp\nZXECVQZ3b3JrZWRxA3Mu\n','2014-04-09 04:12:25'),('b1643abccfd9751e7df777f685b36c92','NmU1YzBlZjFlYjAyOWQ5YjNiMjkxMDg0NmQ4OGYzNjc2NzZmNTc3MjqAAn1xAVUKdGVzdGNvb2tp\nZXECVQZ3b3JrZWRxA3Mu\n','2014-03-14 04:31:55'),('b185295aefcb6ca7cc3fb1fb78a4d12e','NmU1YzBlZjFlYjAyOWQ5YjNiMjkxMDg0NmQ4OGYzNjc2NzZmNTc3MjqAAn1xAVUKdGVzdGNvb2tp\nZXECVQZ3b3JrZWRxA3Mu\n','2014-03-29 12:30:23'),('b1ab6b270b2f6797faf46c48b53a7072','MWExOTBlMzk5YzI1NTJkODViYWIzMWRjZjA1M2IwOGM2NDJhODM5NjqAAn1xAVUEY2FydHECigJu\nAXMu\n','2014-03-04 22:44:27'),('b1d015bf8003d57269fd1d0629c0fc23','NmU1YzBlZjFlYjAyOWQ5YjNiMjkxMDg0NmQ4OGYzNjc2NzZmNTc3MjqAAn1xAVUKdGVzdGNvb2tp\nZXECVQZ3b3JrZWRxA3Mu\n','2014-04-07 22:34:07'),('b226e0bf4fae518f3bc312597dcd1408','NmI0NmY4MjY1ZTI1M2NjMGQzNTA1M2QwOTkwOTJiYjZhYTg0ZWNhMTqAAn1xAShVCnRlc3Rjb29r\naWVVBndvcmtlZFUGY3VzdElEigIuAVUSX2F1dGhfdXNlcl9iYWNrZW5kVSlkamFuZ28uY29udHJp\nYi5hdXRoLmJhY2tlbmRzLk1vZGVsQmFja2VuZFUNX2F1dGhfdXNlcl9pZIoBYnUu\n','2014-04-19 17:19:26'),('b25de4dd3d0ccd5fbafec5b422102f4d','NmU1YzBlZjFlYjAyOWQ5YjNiMjkxMDg0NmQ4OGYzNjc2NzZmNTc3MjqAAn1xAVUKdGVzdGNvb2tp\nZXECVQZ3b3JrZWRxA3Mu\n','2014-03-19 21:27:01'),('b2b9499d9401895bd7041a663a1712ad','YWMxMGRmYTNmZGJmZDQ4ODdlOTNkMWU2NWU5OTMyNGY3YjFjMWU0YzqAAn1xAShVBmN1c3RJRIoC\ntABVEl9hdXRoX3VzZXJfYmFja2VuZFUpZGphbmdvLmNvbnRyaWIuYXV0aC5iYWNrZW5kcy5Nb2Rl\nbEJhY2tlbmRVDV9hdXRoX3VzZXJfaWSKAR51Lg==\n','2014-03-01 13:46:34'),('b32939555c51b9b581aaed543db4c021','MWRhYTY4ZTdkMmZhYmI4ZWZjYzY0NDZhODhhYThlMGZmOTE1MGU5MTqAAn1xAVUEY2FydHECigJ6\nAXMu\n','2014-03-08 17:22:43'),('b34efd7851d03c4d571c73d958363e8e','NmU1YzBlZjFlYjAyOWQ5YjNiMjkxMDg0NmQ4OGYzNjc2NzZmNTc3MjqAAn1xAVUKdGVzdGNvb2tp\nZXECVQZ3b3JrZWRxA3Mu\n','2014-04-13 18:10:33'),('b3cec430454deab100a7f2db6625742e','MTRiYTJlNmJkOTgyM2ZhYmMzNTI3YzBiYzcxNmMwZDRlN2JjNGUwMDqAAn1xAVUKdGVzdGNvb2tp\nZVUGd29ya2VkcQJzLg==\n','2014-04-21 20:34:48'),('b3d971c0bcc626b8ef7df78fe1f8aa18','NmU1YzBlZjFlYjAyOWQ5YjNiMjkxMDg0NmQ4OGYzNjc2NzZmNTc3MjqAAn1xAVUKdGVzdGNvb2tp\nZXECVQZ3b3JrZWRxA3Mu\n','2014-04-21 22:40:19'),('b47aace5b583b213733ddaf19159ac0b','MTBiY2FhOWQ3M2Y1NjE2MTAxYTQ2YTlkMGE0OTk3Zjg3MmJmNjJhOTqAAn1xAShVB29yZGVySUSK\nAkEBVQp0ZXN0Y29va2llVQZ3b3JrZWRVBmN1c3RJRIoCGgFVBGNhcnSKAvIBdS4=\n','2014-04-14 05:55:40'),('b4f6113b7d9b84176e1e2398328c9c8d','NmY3NTBlNDc3YjM3NmQyZjA4MWUyYzY3YWU1NTUxOTZhYzhhMDQ0MjqAAn1xAShVBmN1c3RJRIoC\nrgBVDV9hdXRoX3VzZXJfaWSKARtVEl9hdXRoX3VzZXJfYmFja2VuZFUpZGphbmdvLmNvbnRyaWIu\nYXV0aC5iYWNrZW5kcy5Nb2RlbEJhY2tlbmR1Lg==\n','2014-02-28 11:18:11'),('b590ec4179d12d33b381933ae581be42','N2M2NDFlNmEwNDBlMWY5YjIzMDY5ZmQ5ZjczNDUxMGVhOTQ4ZjMxZTqAAn1xAVUEY2FydHECigL/\nAXMu\n','2014-04-19 13:52:59'),('b5b6e6a425a73ea610c71e80a3b9bc21','MjdmNWNmNjI4MzgzYTc2MGQ0YTgwZTBkMDY5YTY4Yjk2Mzk3Zjg2MTqAAn1xAS4=\n','2014-04-22 17:01:42'),('b62854d7008cc5cf2d50d61a88780e43','NmU1YzBlZjFlYjAyOWQ5YjNiMjkxMDg0NmQ4OGYzNjc2NzZmNTc3MjqAAn1xAVUKdGVzdGNvb2tp\nZXECVQZ3b3JrZWRxA3Mu\n','2014-04-07 20:22:33'),('b645838f5f068a8c8cbdae98a2245a82','NmU1YzBlZjFlYjAyOWQ5YjNiMjkxMDg0NmQ4OGYzNjc2NzZmNTc3MjqAAn1xAVUKdGVzdGNvb2tp\nZXECVQZ3b3JrZWRxA3Mu\n','2014-02-24 18:59:52'),('b662c28582cbd8815b22b1db2c215635','MTRiYTJlNmJkOTgyM2ZhYmMzNTI3YzBiYzcxNmMwZDRlN2JjNGUwMDqAAn1xAVUKdGVzdGNvb2tp\nZVUGd29ya2VkcQJzLg==\n','2014-04-17 03:12:40'),('b662f9fef0fd6414f836e226e0b09246','MTRiYTJlNmJkOTgyM2ZhYmMzNTI3YzBiYzcxNmMwZDRlN2JjNGUwMDqAAn1xAVUKdGVzdGNvb2tp\nZVUGd29ya2VkcQJzLg==\n','2014-02-21 22:38:59'),('b677ae2103cc7ef88d3def7d8d8ec6ff','NmU1YzBlZjFlYjAyOWQ5YjNiMjkxMDg0NmQ4OGYzNjc2NzZmNTc3MjqAAn1xAVUKdGVzdGNvb2tp\nZXECVQZ3b3JrZWRxA3Mu\n','2014-03-10 02:59:56'),('b689e12f58e74b07672743da34d7ba1d','NmU1YzBlZjFlYjAyOWQ5YjNiMjkxMDg0NmQ4OGYzNjc2NzZmNTc3MjqAAn1xAVUKdGVzdGNvb2tp\nZXECVQZ3b3JrZWRxA3Mu\n','2014-04-17 22:29:15'),('b6c47c343e9b5bb620a17f36e3b16d44','MTRiYTJlNmJkOTgyM2ZhYmMzNTI3YzBiYzcxNmMwZDRlN2JjNGUwMDqAAn1xAVUKdGVzdGNvb2tp\nZVUGd29ya2VkcQJzLg==\n','2014-04-21 14:10:48'),('b6ccea1bc3ad57179db806f772e3c0f1','NmU1YzBlZjFlYjAyOWQ5YjNiMjkxMDg0NmQ4OGYzNjc2NzZmNTc3MjqAAn1xAVUKdGVzdGNvb2tp\nZXECVQZ3b3JrZWRxA3Mu\n','2014-04-19 15:27:20'),('b7a21636ecb47a5feb5fa08c092de474','NmU1YzBlZjFlYjAyOWQ5YjNiMjkxMDg0NmQ4OGYzNjc2NzZmNTc3MjqAAn1xAVUKdGVzdGNvb2tp\nZXECVQZ3b3JrZWRxA3Mu\n','2014-04-04 07:03:34'),('b81a47886af0659e18d9bcb60f421dfc','NmU1YzBlZjFlYjAyOWQ5YjNiMjkxMDg0NmQ4OGYzNjc2NzZmNTc3MjqAAn1xAVUKdGVzdGNvb2tp\nZXECVQZ3b3JrZWRxA3Mu\n','2014-04-13 20:28:21'),('b8d84244d8a6b5a43009d3bad9a47040','NmU1YzBlZjFlYjAyOWQ5YjNiMjkxMDg0NmQ4OGYzNjc2NzZmNTc3MjqAAn1xAVUKdGVzdGNvb2tp\nZXECVQZ3b3JrZWRxA3Mu\n','2014-04-13 23:22:51'),('b94de36aff991bf9e150411cc46c319d','NDY3NTk5YjQxYjQ3YmFmNTU3NjIzZjMxOWYxNWJiOTQ4OTUzYmEzYTqAAn1xAShVB29yZGVySUSK\nAhkBVQp0ZXN0Y29va2llVQZ3b3JrZWRVBmN1c3RJRIoC3wBVBGNhcnSKAqoBdS4=\n','2014-03-16 14:06:11'),('b95acf4b950179328bf92edfc72d33a5','NDUyZWUxNzNmMTBmMzhjMmFlZDI4ZmQwYWJiZDQ0MTEzOTNmMDk4YjqAAn1xAShVBmN1c3RJRIoC\n9ABVDV9hdXRoX3VzZXJfaWSKATxVEl9hdXRoX3VzZXJfYmFja2VuZFUpZGphbmdvLmNvbnRyaWIu\nYXV0aC5iYWNrZW5kcy5Nb2RlbEJhY2tlbmR1Lg==\n','2014-03-25 04:36:38'),('b96fcea639dde51ef52e1e98d9cede0e','NmU1YzBlZjFlYjAyOWQ5YjNiMjkxMDg0NmQ4OGYzNjc2NzZmNTc3MjqAAn1xAVUKdGVzdGNvb2tp\nZXECVQZ3b3JrZWRxA3Mu\n','2014-04-15 06:54:37'),('b99d84da7ddbd012322f73d5ca30ae62','NDYwZDA4ZjFmNDNiYTdmOWQ1YjBhZjA3NzE2ZjYzY2U2YWM5ZjYzNDqAAn1xAShVB29yZGVySUSK\nAsUAVQp0ZXN0Y29va2llVQZ3b3JrZWRVBmN1c3RJRIoCiQBVBGNhcnSKAioBdS4=\n','2014-02-20 22:55:15'),('b9fc7f91b77e9bd7700e0cfb27319a03','MTRiYTJlNmJkOTgyM2ZhYmMzNTI3YzBiYzcxNmMwZDRlN2JjNGUwMDqAAn1xAVUKdGVzdGNvb2tp\nZVUGd29ya2VkcQJzLg==\n','2014-03-31 05:03:13'),('ba602143398ab5584ee4317dd887e8dd','NmU1YzBlZjFlYjAyOWQ5YjNiMjkxMDg0NmQ4OGYzNjc2NzZmNTc3MjqAAn1xAVUKdGVzdGNvb2tp\nZXECVQZ3b3JrZWRxA3Mu\n','2014-04-14 17:16:34'),('baaad2493c100269e76347dfd01c8803','NmU1YzBlZjFlYjAyOWQ5YjNiMjkxMDg0NmQ4OGYzNjc2NzZmNTc3MjqAAn1xAVUKdGVzdGNvb2tp\nZXECVQZ3b3JrZWRxA3Mu\n','2014-03-31 21:38:27'),('bb11733ffdb2a97c6681e4f459ef50f2','NTA4MjczOTRmY2NlOWYwOTM4YzJiOTY0OWU2ZWU1ZWQ1M2NjMDljZTqAAn1xAShVCnRlc3Rjb29r\naWVVBndvcmtlZFUGY3VzdElEigIRAVUSX2F1dGhfdXNlcl9iYWNrZW5kVS5zYXRjaG1vX3N0b3Jl\nLmFjY291bnRzLmVtYWlsLWF1dGguRW1haWxCYWNrZW5kVQ1fYXV0aF91c2VyX2lkigFRdS4=\n','2014-04-10 18:45:37'),('bb1de7ab6e7c3449308ef3d8952a7ccc','NmU1YzBlZjFlYjAyOWQ5YjNiMjkxMDg0NmQ4OGYzNjc2NzZmNTc3MjqAAn1xAVUKdGVzdGNvb2tp\nZXECVQZ3b3JrZWRxA3Mu\n','2014-03-25 11:38:38'),('bb610c2417ade2e57136548438b9f1f2','YWFhYTFmYTQ3ZTQyZWVmZjdiYTY4NzgxYjhiYjk5ZGYxZTg0YjY4MTqAAn1xAShVBmN1c3RJRIoC\nywBVDV9hdXRoX3VzZXJfaWSKASdVEl9hdXRoX3VzZXJfYmFja2VuZFUpZGphbmdvLmNvbnRyaWIu\nYXV0aC5iYWNrZW5kcy5Nb2RlbEJhY2tlbmR1Lg==\n','2014-03-13 11:59:57'),('bba66fcd43833988b166c390e535e234','NmU1YzBlZjFlYjAyOWQ5YjNiMjkxMDg0NmQ4OGYzNjc2NzZmNTc3MjqAAn1xAVUKdGVzdGNvb2tp\nZXECVQZ3b3JrZWRxA3Mu\n','2014-03-15 05:54:38'),('bbb65428ff57fd2f08a11bb605d9b31c','NTVlYjM1NTUwMmMxYTU5MDk4NzcyMTA1YTZiNjZiZWE4NWRmYzkwZTqAAn1xAShVDV9hdXRoX3Vz\nZXJfaWSKAR5VCnRlc3Rjb29raWVVBndvcmtlZFUEY2FydIoCXwFVEl9hdXRoX3VzZXJfYmFja2Vu\nZFUuc2F0Y2htb19zdG9yZS5hY2NvdW50cy5lbWFpbC1hdXRoLkVtYWlsQmFja2VuZFUGY3VzdElE\nigK0AHUu\n','2014-03-01 13:34:24'),('bbd96890c3535e59a9ca3ff6254cc542','MjdmNWNmNjI4MzgzYTc2MGQ0YTgwZTBkMDY5YTY4Yjk2Mzk3Zjg2MTqAAn1xAS4=\n','2014-03-28 16:15:21'),('bbe2de8ff95b627d767b61713045427b','ZTk4ZTM1OTlhOGMwNjhlZWY2MzdkYTIzNjVhYzk3MGM2NWFlZDg0YjqAAn1xAShVDV9hdXRoX3Vz\nZXJfaWSKAShVBmN1c3RJRIoCzABVEl9hdXRoX3VzZXJfYmFja2VuZFUpZGphbmdvLmNvbnRyaWIu\nYXV0aC5iYWNrZW5kcy5Nb2RlbEJhY2tlbmRVBGNhcnSKApgBdS4=\n','2014-03-13 15:38:12'),('bc0535ae6847c9f170a3ee463dd7bc77','NjYwZTJhMGNlNzNiZmZjODhjOTI1ZjY0ODZlZmFlMmNjZTY0OTBiNzqAAn1xAShVB29yZGVySUSK\nAuoAVQp0ZXN0Y29va2llVQZ3b3JrZWRVBmN1c3RJRIoCsQBVBGNhcnSKAlsBdS4=\n','2014-02-28 21:21:49'),('bc21936659fd6f725aac7f8352338808','NmU1YzBlZjFlYjAyOWQ5YjNiMjkxMDg0NmQ4OGYzNjc2NzZmNTc3MjqAAn1xAVUKdGVzdGNvb2tp\nZXECVQZ3b3JrZWRxA3Mu\n','2014-04-15 16:09:10'),('bc28079603666c0ea648d58ea270c7c5','NmU1YzBlZjFlYjAyOWQ5YjNiMjkxMDg0NmQ4OGYzNjc2NzZmNTc3MjqAAn1xAVUKdGVzdGNvb2tp\nZXECVQZ3b3JrZWRxA3Mu\n','2014-04-06 18:16:03'),('bc38682e542d98da45331fcc71e98c8b','NmU1YzBlZjFlYjAyOWQ5YjNiMjkxMDg0NmQ4OGYzNjc2NzZmNTc3MjqAAn1xAVUKdGVzdGNvb2tp\nZXECVQZ3b3JrZWRxA3Mu\n','2014-03-24 19:58:58'),('bc8229b04310b95e80a400dd6e5ac469','NmU1YzBlZjFlYjAyOWQ5YjNiMjkxMDg0NmQ4OGYzNjc2NzZmNTc3MjqAAn1xAVUKdGVzdGNvb2tp\nZXECVQZ3b3JrZWRxA3Mu\n','2014-04-22 23:28:46'),('bd204f8a8cdbdb44101670988f6e542c','NmU1YzBlZjFlYjAyOWQ5YjNiMjkxMDg0NmQ4OGYzNjc2NzZmNTc3MjqAAn1xAVUKdGVzdGNvb2tp\nZXECVQZ3b3JrZWRxA3Mu\n','2014-03-17 21:27:28'),('bd2d59b03f2ec1cb43a33335515eb57c','MmE2ZWU5MTdmNmRjYzQ5MGQ0NTQ3OWQxMTdiYjVlYWRkOWI1NmRmNzqAAn1xAShVCnRlc3Rjb29r\naWVVBndvcmtlZHECVQRjYXJ0igJMAXUu\n','2014-02-24 21:13:04'),('bd480bdd9d611b6898bd5f1299884770','MjgwMDgwMDA4NDllYWU3ZWU4YmVmY2Q3MDhlNWRlMmQwMjFmNDI1MzqAAn1xAVURZm9ybV9jb250\nYWN0X2Zvcm2Icy4=\n','2014-04-05 22:57:52'),('bdd71a3f3f8de20492337e2fd68ca52b','NmU1YzBlZjFlYjAyOWQ5YjNiMjkxMDg0NmQ4OGYzNjc2NzZmNTc3MjqAAn1xAVUKdGVzdGNvb2tp\nZXECVQZ3b3JrZWRxA3Mu\n','2014-03-30 04:40:18'),('bdde3b907b3c8c719d42d129d0595670','NmU1YzBlZjFlYjAyOWQ5YjNiMjkxMDg0NmQ4OGYzNjc2NzZmNTc3MjqAAn1xAVUKdGVzdGNvb2tp\nZXECVQZ3b3JrZWRxA3Mu\n','2014-03-26 23:39:02'),('bdf3fa6f5f150ea47ab03920bd02b308','MzUyODQ5NjljNDNhMDMzOWMwYWJkMTdlYmE4OGVjNGMwYjM1ZTkwNTqAAn1xAShVCnRlc3Rjb29r\naWVVBndvcmtlZFUEY2FydHECigLUAXUu\n','2014-03-31 14:45:10'),('be1f6fe87403aa6a993ebfbd5dbdf907','YjAxZmEyNWIzZTQxNDhkYzU1ZDFlNGIzMDQ1Nzc1NTA2YTZhYjQ0NzqAAn1xAShVCnRlc3Rjb29r\naWVxAlUGd29ya2VkcQNVBGNhcnSKAnsBdS4=\n','2014-03-08 17:25:41'),('be9a66de851922ece07a9c8bcb19ef03','MTAzMTNiNTNkYzMwMmExOTI2YzFkNWFmNjM5MDRkMmY3ZTAyMTM1NDqAAn1xAShVBmN1c3RJRIoC\nqgBVEl9hdXRoX3VzZXJfYmFja2VuZFUpZGphbmdvLmNvbnRyaWIuYXV0aC5iYWNrZW5kcy5Nb2Rl\nbEJhY2tlbmRVDV9hdXRoX3VzZXJfaWSKARd1Lg==\n','2014-02-26 19:37:42'),('bef7a7084e3de8e51ddf74dd675b518c','ZGI0Yjg0MDkzZmNhZTQyOWMxZWI3Y2ZlNzMzY2NiZWE3ZjIxOGM0MTqAAn1xAShVBmN1c3RJRIoC\nLAFVDV9hdXRoX3VzZXJfaWSKAWBVEl9hdXRoX3VzZXJfYmFja2VuZFUpZGphbmdvLmNvbnRyaWIu\nYXV0aC5iYWNrZW5kcy5Nb2RlbEJhY2tlbmR1Lg==\n','2014-04-19 10:08:51'),('bf1ee85fce7d2d108a089888eb27dfb8','MTRiYTJlNmJkOTgyM2ZhYmMzNTI3YzBiYzcxNmMwZDRlN2JjNGUwMDqAAn1xAVUKdGVzdGNvb2tp\nZVUGd29ya2VkcQJzLg==\n','2014-03-16 21:55:21'),('bf5a48cf061258f9d58f6b0780698d76','MDE0ZjY0ODU3YWVkZGE3NmI3Y2VhNzJjZTEyMzRlMGM0Y2YwZjUwYTqAAn1xAShVB29yZGVySUSK\nAkIBVQp0ZXN0Y29va2llVQZ3b3JrZWRVBmN1c3RJRIoCGwFVBGNhcnSKAvMBdS4=\n','2014-04-14 09:17:31'),('bf74e52bf18cc431331ae3840adb9cf8','MTRiYTJlNmJkOTgyM2ZhYmMzNTI3YzBiYzcxNmMwZDRlN2JjNGUwMDqAAn1xAVUKdGVzdGNvb2tp\nZVUGd29ya2VkcQJzLg==\n','2014-04-07 11:53:37'),('bf82c4bfb7e18c6e86ac57e6fda991e9','YWE5ZjY4Zjg2YmYxODJkMDc4ZTJjNTNkYjg4MjQ3NjE0Zjc0NzY5ZTqAAn1xAVUEY2FydHECigK0\nAXMu\n','2014-03-18 16:13:11'),('bf8a802e9df33d092f2afc9edbd6fc18','MjdmNWNmNjI4MzgzYTc2MGQ0YTgwZTBkMDY5YTY4Yjk2Mzk3Zjg2MTqAAn1xAS4=\n','2014-03-13 18:46:03'),('bfe6df8295537aadb9f8d2d0cb9d88e2','NTI0NzNmYTlhZTBhY2I0NzUxZWY0MjEwOWIzNzE2NWIxMjhmMTQ5ZTqAAn1xAShVBGNhcnSKAqkB\nVQZjdXN0SUSKAt4AVRJfYXV0aF91c2VyX2JhY2tlbmRVKWRqYW5nby5jb250cmliLmF1dGguYmFj\na2VuZHMuTW9kZWxCYWNrZW5kVQ1fYXV0aF91c2VyX2lkigEwdS4=\n','2014-03-16 11:09:17'),('c04242710f045012d0b4015df83aa65a','NmU1YzBlZjFlYjAyOWQ5YjNiMjkxMDg0NmQ4OGYzNjc2NzZmNTc3MjqAAn1xAVUKdGVzdGNvb2tp\nZXECVQZ3b3JrZWRxA3Mu\n','2014-04-09 03:58:04'),('c0a8de83552428f4a3721371804e097a','MjdmNWNmNjI4MzgzYTc2MGQ0YTgwZTBkMDY5YTY4Yjk2Mzk3Zjg2MTqAAn1xAS4=\n','2014-03-21 13:12:29'),('c0b3f91f74f6675f2d27090b487c63be','NmU1YzBlZjFlYjAyOWQ5YjNiMjkxMDg0NmQ4OGYzNjc2NzZmNTc3MjqAAn1xAVUKdGVzdGNvb2tp\nZXECVQZ3b3JrZWRxA3Mu\n','2014-03-26 10:17:35'),('c0db2d00e6d6aeff471edbde2531bc5c','MjdmNWNmNjI4MzgzYTc2MGQ0YTgwZTBkMDY5YTY4Yjk2Mzk3Zjg2MTqAAn1xAS4=\n','2014-03-04 11:47:09'),('c15dd9196b6b0688aac4c60edfd21755','MTRiYTJlNmJkOTgyM2ZhYmMzNTI3YzBiYzcxNmMwZDRlN2JjNGUwMDqAAn1xAVUKdGVzdGNvb2tp\nZVUGd29ya2VkcQJzLg==\n','2014-03-13 19:01:50'),('c17ba6a2be449a459c7eb94999f895f7','YzUxNmI1YWEzZWJlYmQ1Y2VlYWMxMDQ0MzIyNDUyMGI3ZGFhZDIzYjqAAn1xAShVBmN1c3RJRIoC\nsABVEl9hdXRoX3VzZXJfYmFja2VuZFUpZGphbmdvLmNvbnRyaWIuYXV0aC5iYWNrZW5kcy5Nb2Rl\nbEJhY2tlbmRVDV9hdXRoX3VzZXJfaWSKARx1Lg==\n','2014-02-28 20:39:11'),('c18715f5c90e5ae7998223219936c377','NmU1YzBlZjFlYjAyOWQ5YjNiMjkxMDg0NmQ4OGYzNjc2NzZmNTc3MjqAAn1xAVUKdGVzdGNvb2tp\nZXECVQZ3b3JrZWRxA3Mu\n','2014-03-01 14:00:43'),('c22bb6910cdbfebc0fc99a5b5721abe2','NmU1YzBlZjFlYjAyOWQ5YjNiMjkxMDg0NmQ4OGYzNjc2NzZmNTc3MjqAAn1xAVUKdGVzdGNvb2tp\nZXECVQZ3b3JrZWRxA3Mu\n','2014-03-04 05:59:24'),('c23751aafca7b58d351a7882e21943fb','NmU1YzBlZjFlYjAyOWQ5YjNiMjkxMDg0NmQ4OGYzNjc2NzZmNTc3MjqAAn1xAVUKdGVzdGNvb2tp\nZXECVQZ3b3JrZWRxA3Mu\n','2014-03-02 12:33:29'),('c25b5d08b3be3eb960955ebac2a01ce5','MjA0YjJjYjk5OTU2MzIxZGJlZDViMzU3YWNiYTFkZjYwMzQ1OThhODqAAn1xAShVBmN1c3RJRIoC\nBwFVEl9hdXRoX3VzZXJfYmFja2VuZFUpZGphbmdvLmNvbnRyaWIuYXV0aC5iYWNrZW5kcy5Nb2Rl\nbEJhY2tlbmRVDV9hdXRoX3VzZXJfaWSKAUh1Lg==\n','2014-04-01 14:36:09'),('c26f6f97eecce0e14b50c002c1dcc21a','ZmY2NTA0ZTc1ZjJiY2Q2M2I1MDJjM2E4YjU3ZTExMmViOTcwZTQ4NjqAAn1xAShVCnRlc3Rjb29r\naWVxAlUGd29ya2VkcQNVBGNhcnSKAmEBdS4=\n','2014-03-02 19:56:55'),('c30ccff071eaa555c6c9402e78c2e9e3','YmMxYTE3M2U3OWYzNDllOWVjNDg3MTVjMDM2NDcwYjlmNDBjNGE4MTqAAn1xAShVB29yZGVySUSK\nAiYBVQZjdXN0SUSKAvIAVQp0ZXN0Y29va2llVQZ3b3JrZWRVBGNhcnSKAr4BdS4=\n','2014-03-22 22:48:44'),('c32fa6458b20e999c68c7c011a864ad3','MjdmNWNmNjI4MzgzYTc2MGQ0YTgwZTBkMDY5YTY4Yjk2Mzk3Zjg2MTqAAn1xAS4=\n','2014-04-07 22:02:35'),('c36423fe376fdfd750da409ee1b54cf9','NmU1YzBlZjFlYjAyOWQ5YjNiMjkxMDg0NmQ4OGYzNjc2NzZmNTc3MjqAAn1xAVUKdGVzdGNvb2tp\nZXECVQZ3b3JrZWRxA3Mu\n','2014-04-05 06:28:09'),('c3922b6767d34c8a3004f60e8e577dfd','NmU1YzBlZjFlYjAyOWQ5YjNiMjkxMDg0NmQ4OGYzNjc2NzZmNTc3MjqAAn1xAVUKdGVzdGNvb2tp\nZXECVQZ3b3JrZWRxA3Mu\n','2014-03-19 21:26:53'),('c3ef4aa6c10eb8e197854c94223b7f59','NmU1YzBlZjFlYjAyOWQ5YjNiMjkxMDg0NmQ4OGYzNjc2NzZmNTc3MjqAAn1xAVUKdGVzdGNvb2tp\nZXECVQZ3b3JrZWRxA3Mu\n','2014-04-01 16:59:06'),('c487387a8953e70cf5d1bfc0151b0685','NmU1YzBlZjFlYjAyOWQ5YjNiMjkxMDg0NmQ4OGYzNjc2NzZmNTc3MjqAAn1xAVUKdGVzdGNvb2tp\nZXECVQZ3b3JrZWRxA3Mu\n','2014-03-10 02:57:56'),('c4fb78bc51621ef644fe519c47ea1dd2','YThmZDdmMWM4ZDg0MmFkYWJmMDUxZWI5ZGNkYjVmZTdmMDFlMzYxNTqAAn1xAShVCnRlc3Rjb29r\naWVxAlUGd29ya2VkcQNVBGNhcnSKAn0BdS4=\n','2014-03-08 19:40:38'),('c567d5c90e0a329f6d0aa3069c02eb2e','MTRiYTJlNmJkOTgyM2ZhYmMzNTI3YzBiYzcxNmMwZDRlN2JjNGUwMDqAAn1xAVUKdGVzdGNvb2tp\nZVUGd29ya2VkcQJzLg==\n','2014-03-07 15:05:36'),('c581e405abb1cc9d6848642c81355974','NmU1YzBlZjFlYjAyOWQ5YjNiMjkxMDg0NmQ4OGYzNjc2NzZmNTc3MjqAAn1xAVUKdGVzdGNvb2tp\nZXECVQZ3b3JrZWRxA3Mu\n','2014-03-18 13:17:30'),('c5af78130c791af37a24f4d038b7a739','MjdmNWNmNjI4MzgzYTc2MGQ0YTgwZTBkMDY5YTY4Yjk2Mzk3Zjg2MTqAAn1xAS4=\n','2014-02-27 11:54:11'),('c65af96f93ed873f2cf5a4713c5cbe6d','MjdmNWNmNjI4MzgzYTc2MGQ0YTgwZTBkMDY5YTY4Yjk2Mzk3Zjg2MTqAAn1xAS4=\n','2014-02-24 04:08:45'),('c67f223eec03b551a1c318375ce67452','ZGE2NzU1NzBlYWU0YjU4ZDE3MTExMzA0ZjE1MzM3NTY0MjI5Yzc1NDqAAn1xAShVCnRlc3Rjb29r\naWVxAlUGd29ya2VkcQNVBGNhcnSKAtIBdS4=\n','2014-03-31 11:54:40'),('c718549b93e2a4117840ebb0a3e337f5','N2I0MTg4MDg4YzlmNDdhNWQzMDA0MjRlZjQ0YmM2Mzg4MDYzZTUzODqAAn1xAVUEY2FydHECigJs\nAXMu\n','2014-03-04 21:22:05'),('c72babd7a3e55cb7721dd150e2d7249e','MTRiYTJlNmJkOTgyM2ZhYmMzNTI3YzBiYzcxNmMwZDRlN2JjNGUwMDqAAn1xAVUKdGVzdGNvb2tp\nZVUGd29ya2VkcQJzLg==\n','2014-04-09 08:18:04'),('c77173fe881cfe20f99b01172b3d9875','MTRiYTJlNmJkOTgyM2ZhYmMzNTI3YzBiYzcxNmMwZDRlN2JjNGUwMDqAAn1xAVUKdGVzdGNvb2tp\nZVUGd29ya2VkcQJzLg==\n','2014-04-05 09:15:57'),('c7794930278ab5c609d4231026662cb0','NmU1YzBlZjFlYjAyOWQ5YjNiMjkxMDg0NmQ4OGYzNjc2NzZmNTc3MjqAAn1xAVUKdGVzdGNvb2tp\nZXECVQZ3b3JrZWRxA3Mu\n','2014-04-22 15:18:05'),('c78ed387f85720e880d59f30a038a1e2','NTY1YWNkOWM2MTZiMmVlNzQ3MzYwYzExNDBmNDYzYWYyMTBhY2RiZTqAAn1xAShVBmN1c3RJRIoC\nIgFVDV9hdXRoX3VzZXJfaWSKAVhVEl9hdXRoX3VzZXJfYmFja2VuZFUpZGphbmdvLmNvbnRyaWIu\nYXV0aC5iYWNrZW5kcy5Nb2RlbEJhY2tlbmR1Lg==\n','2014-04-17 22:12:17'),('c7bbd9782b5db71a4eb8ee6ec548c658','NjFlYzMyNzE2YmQ4MDk0OWU0NTQxY2EzYjEzOWNlMmU0OWNjNTBkMzqAAn1xAShVCnRlc3Rjb29r\naWVxAlUGd29ya2VkcQNVBGNhcnSKAuQBdS4=\n','2014-04-05 18:25:33'),('c7f28dfe3329055f4c26f35c4a79a8fe','NmU1YzBlZjFlYjAyOWQ5YjNiMjkxMDg0NmQ4OGYzNjc2NzZmNTc3MjqAAn1xAVUKdGVzdGNvb2tp\nZXECVQZ3b3JrZWRxA3Mu\n','2014-03-17 09:45:38'),('c83d0f5cccb3f6bfc6e4a4e9bfebfad7','MjdmNWNmNjI4MzgzYTc2MGQ0YTgwZTBkMDY5YTY4Yjk2Mzk3Zjg2MTqAAn1xAS4=\n','2014-03-03 17:01:08'),('c8ad7d77135003feb2fa1d36ad5e2f1a','MjdmNWNmNjI4MzgzYTc2MGQ0YTgwZTBkMDY5YTY4Yjk2Mzk3Zjg2MTqAAn1xAS4=\n','2014-03-28 00:44:30'),('c8ccd6ebb9d6698ef0143bdd0c2e6f26','NmU1YzBlZjFlYjAyOWQ5YjNiMjkxMDg0NmQ4OGYzNjc2NzZmNTc3MjqAAn1xAVUKdGVzdGNvb2tp\nZXECVQZ3b3JrZWRxA3Mu\n','2014-04-22 23:28:19'),('c8e87a2b11346901fceda1276046ad4f','ZGI5YmY4MzQwZDRkMmIzYjdjMzQ2NDIwMmY2OWNkODU1Yjk3MWMyYzqAAn1xAShVB29yZGVySUSK\nAusAVQp0ZXN0Y29va2llVQZ3b3JrZWRVBmN1c3RJRIoCsgBVBGNhcnSKAl0BdS4=\n','2014-02-28 23:21:08'),('c94592eb0b9f67f3f094cfab1047f638','NmU1YzBlZjFlYjAyOWQ5YjNiMjkxMDg0NmQ4OGYzNjc2NzZmNTc3MjqAAn1xAVUKdGVzdGNvb2tp\nZXECVQZ3b3JrZWRxA3Mu\n','2014-03-21 08:14:20'),('c9817ac84e26e2f84f88e6e5a82da2a2','NmU1YzBlZjFlYjAyOWQ5YjNiMjkxMDg0NmQ4OGYzNjc2NzZmNTc3MjqAAn1xAVUKdGVzdGNvb2tp\nZXECVQZ3b3JrZWRxA3Mu\n','2014-04-19 17:03:48'),('ca558c8028ad8ece990260de78f7d95b','MTRiYTJlNmJkOTgyM2ZhYmMzNTI3YzBiYzcxNmMwZDRlN2JjNGUwMDqAAn1xAVUKdGVzdGNvb2tp\nZVUGd29ya2VkcQJzLg==\n','2014-03-19 21:38:04'),('cad4f7f34e4719b9eecab6152983c803','ODBmZDI1Mzc1ZWFjYWZiOGNiOTg3ODdjNDhmNTE2YTlmNTNiYTA0ZTqAAn1xAShVB29yZGVySUSK\nAgYBVQp0ZXN0Y29va2llVQZ3b3JrZWRVBmN1c3RJRIoCyABVBGNhcnSKAo4BdS4=\n','2014-03-11 09:22:36'),('cb31c6db95e5c87c0bb3d07a01fc6f57','MjdmNWNmNjI4MzgzYTc2MGQ0YTgwZTBkMDY5YTY4Yjk2Mzk3Zjg2MTqAAn1xAS4=\n','2014-03-14 18:57:35'),('cb38f2460edb72831d0817e8e6ed967d','MTdiMTI1NTA4MDdlMDk3YTQzN2Y0Njc4OGI1OTM5MTE2MGM1MTEyOTqAAn1xAShVBmN1c3RJRIoC\nGQFVCnRlc3Rjb29raWVVBndvcmtlZFUEY2FydIoC8AF1Lg==\n','2014-04-13 18:10:12'),('cbf4c6c3f2819e273b1b29a6f67b34a0','NmU1YzBlZjFlYjAyOWQ5YjNiMjkxMDg0NmQ4OGYzNjc2NzZmNTc3MjqAAn1xAVUKdGVzdGNvb2tp\nZXECVQZ3b3JrZWRxA3Mu\n','2014-04-11 01:42:50'),('cbfa4c2233bec2fc35d9f249137599a7','NmU1YzBlZjFlYjAyOWQ5YjNiMjkxMDg0NmQ4OGYzNjc2NzZmNTc3MjqAAn1xAVUKdGVzdGNvb2tp\nZXECVQZ3b3JrZWRxA3Mu\n','2014-03-02 20:01:54'),('cc0ad06c058dfff0c6240fcfe5d24e7d','NmU1YzBlZjFlYjAyOWQ5YjNiMjkxMDg0NmQ4OGYzNjc2NzZmNTc3MjqAAn1xAVUKdGVzdGNvb2tp\nZXECVQZ3b3JrZWRxA3Mu\n','2014-04-15 16:05:40'),('cc30b114cf94a6c33c486e475bb2ba95','NmU1YzBlZjFlYjAyOWQ5YjNiMjkxMDg0NmQ4OGYzNjc2NzZmNTc3MjqAAn1xAVUKdGVzdGNvb2tp\nZXECVQZ3b3JrZWRxA3Mu\n','2014-03-29 11:26:52'),('cc506ecc425d7169fb516f9efc98ed68','MjdmNWNmNjI4MzgzYTc2MGQ0YTgwZTBkMDY5YTY4Yjk2Mzk3Zjg2MTqAAn1xAS4=\n','2014-04-20 16:46:39'),('cc70e2f7860c3bcb92112f018a074ec3','NjYzZjRjMDU0YjY5OWNiNDZlN2M1YjBkYjUwNjBlOGJmYWQxMzc4ZjqAAn1xAShVEl9hdXRoX3Vz\nZXJfYmFja2VuZFUpZGphbmdvLmNvbnRyaWIuYXV0aC5iYWNrZW5kcy5Nb2RlbEJhY2tlbmRVBmN1\nc3RJRIoBf1UNX2F1dGhfdXNlcl9pZIoBBFUIY21zX2VkaXSIdS4=\n','2014-04-10 08:12:53'),('cd13afd36ee821db847c071142c2ac98','MTQzNjlkNTZiMDhlMGRjYzNhZTAxNGE5MGI0ZTcwOWMwZTFlZjZiYzqAAn1xAShVB29yZGVySUSK\nAjQBVQp0ZXN0Y29va2llVQZ3b3JrZWRVBmN1c3RJRIoCCAFVBGNhcnSKAtcBdS4=\n','2014-04-01 18:07:15'),('cd14c46b5ebb8c2f90692f5026e982ca','NmU1YzBlZjFlYjAyOWQ5YjNiMjkxMDg0NmQ4OGYzNjc2NzZmNTc3MjqAAn1xAVUKdGVzdGNvb2tp\nZXECVQZ3b3JrZWRxA3Mu\n','2014-03-19 10:00:20'),('cd5d64b9b4d337af5f7a3b293b39880e','YWQ3MDQ3NjJhMjA5YmM4ODczOTc5ZGMwN2ZiMmViYzVmMGIyZDFjNzqAAn1xAVUEY2FydHECigJ/\nAXMu\n','2014-03-09 13:23:25'),('ce650449a99db5ae5d22606151318d0c','MWIyY2RjYzk0MTlkNTQ4YTczYjE3M2U2NjJiNjU3YmVhM2U0YjU1YTqAAn1xAShVBmN1c3RJRIoC\nkQBVDV9hdXRoX3VzZXJfaWSKAQpVEl9hdXRoX3VzZXJfYmFja2VuZFUpZGphbmdvLmNvbnRyaWIu\nYXV0aC5iYWNrZW5kcy5Nb2RlbEJhY2tlbmR1Lg==\n','2014-02-22 02:41:46'),('ce70578bd90af17ead97b7fbce1cfa72','YzI2NzM3YThmODNjZWM0MzI0ZTNhNWFlZmVmZTc3YmY0MTM0NzMxODqAAn1xAVUEY2FydHECigID\nAnMu\n','2014-04-20 16:30:02'),('ce87d41c70c7d33599bf66618051656d','MTRiYTJlNmJkOTgyM2ZhYmMzNTI3YzBiYzcxNmMwZDRlN2JjNGUwMDqAAn1xAVUKdGVzdGNvb2tp\nZVUGd29ya2VkcQJzLg==\n','2014-03-21 11:14:14'),('cebf0e5a02cae753d3582d565cb8c799','M2Y4NGE4YTQyOTI4YmNlMzY2MzJlMjdlODU2Y2Y2YjJkNDMzNGM0ZDqAAn1xAShVB29yZGVySUSK\nAtMAVQp0ZXN0Y29va2llVQZ3b3JrZWRVBmN1c3RJRIoClgBVBGNhcnSKAj4BdS4=\n','2014-02-22 15:52:18'),('cf0ed94bf5dee6cb2c5abe7368fca0cf','N2MxYTdmMTFiZTRkMTUyYWQwMzQ0NTVhMGNhYTIzYTZmNjVmYjgzMzqAAn1xAShVB29yZGVySUSK\nAhEBVQ1fYXV0aF91c2VyX2lkigEuVQp0ZXN0Y29va2llVQZ3b3JrZWRVEl9hdXRoX3VzZXJfYmFj\na2VuZFUpZGphbmdvLmNvbnRyaWIuYXV0aC5iYWNrZW5kcy5Nb2RlbEJhY2tlbmRVBGNhcnSKAqEB\nVQZjdXN0SUSKAtYAdS4=\n','2014-03-14 19:36:44'),('cf29ebd8f9fb8fe3c84cac95a07647ce','NWY2MWU5NjMxMDc0OTA2ZjM1NWUzMWYxNDZmYzg1M2NmZWZjZDA4MTqAAn1xAShVB29yZGVySUSK\nAu8AVQp0ZXN0Y29va2llVQZ3b3JrZWRVBmN1c3RJRIoCtwBVBGNhcnSKAmMBdS4=\n','2014-03-02 22:00:10'),('cf5560c80e5224e4b050e16f93c83260','NmU1YzBlZjFlYjAyOWQ5YjNiMjkxMDg0NmQ4OGYzNjc2NzZmNTc3MjqAAn1xAVUKdGVzdGNvb2tp\nZXECVQZ3b3JrZWRxA3Mu\n','2014-04-17 17:16:57'),('cfb746a8b5c9b62ac63299c942e2e903','NmU1YzBlZjFlYjAyOWQ5YjNiMjkxMDg0NmQ4OGYzNjc2NzZmNTc3MjqAAn1xAVUKdGVzdGNvb2tp\nZXECVQZ3b3JrZWRxA3Mu\n','2014-04-11 19:55:40'),('cfccd22c7f40fcd86f0e9aeafe0373cb','MjdmNWNmNjI4MzgzYTc2MGQ0YTgwZTBkMDY5YTY4Yjk2Mzk3Zjg2MTqAAn1xAS4=\n','2014-04-18 16:47:32'),('d03eb4d96a495e444a9f7bcd0a39236b','NmU1YzBlZjFlYjAyOWQ5YjNiMjkxMDg0NmQ4OGYzNjc2NzZmNTc3MjqAAn1xAVUKdGVzdGNvb2tp\nZXECVQZ3b3JrZWRxA3Mu\n','2014-02-27 03:28:51'),('d080ce841b6c56c2271eae17d4bcde42','MjdmNWNmNjI4MzgzYTc2MGQ0YTgwZTBkMDY5YTY4Yjk2Mzk3Zjg2MTqAAn1xAS4=\n','2014-02-22 11:42:35'),('d08dcefa58166b98c64ac34928a0d10d','MTRiYTJlNmJkOTgyM2ZhYmMzNTI3YzBiYzcxNmMwZDRlN2JjNGUwMDqAAn1xAVUKdGVzdGNvb2tp\nZVUGd29ya2VkcQJzLg==\n','2014-03-03 01:03:28'),('d0aea32430c1cb43f11a1f15804d4ea1','NmU1YzBlZjFlYjAyOWQ5YjNiMjkxMDg0NmQ4OGYzNjc2NzZmNTc3MjqAAn1xAVUKdGVzdGNvb2tp\nZXECVQZ3b3JrZWRxA3Mu\n','2014-04-09 21:11:36'),('d10e54822e09dfe43f4dea195adf2564','NmU1YzBlZjFlYjAyOWQ5YjNiMjkxMDg0NmQ4OGYzNjc2NzZmNTc3MjqAAn1xAVUKdGVzdGNvb2tp\nZXECVQZ3b3JrZWRxA3Mu\n','2014-03-11 11:12:37'),('d12932377c55d9ec1be22d83c68023c5','YmIyOTBmOGMyN2NjZjM5MTYxNDA4MmZjZDhkMzhhOGYyZWJlYTVlMzqAAn1xAShVBmN1c3RJRIoC\n6gBVEl9hdXRoX3VzZXJfYmFja2VuZFUpZGphbmdvLmNvbnRyaWIuYXV0aC5iYWNrZW5kcy5Nb2Rl\nbEJhY2tlbmRVDV9hdXRoX3VzZXJfaWSKATd1Lg==\n','2014-03-20 07:03:51'),('d160fd4dbe910354a94cd126dded90b8','YWEzZWQ2MGZiOGFhMjNkNzhkYzYzYmRhYjEyNTg3ODAzYzRjYjFjMjqAAn1xAShVBmN1c3RJRIoB\nDFUNX2F1dGhfdXNlcl9pZIoBA1USX2F1dGhfdXNlcl9iYWNrZW5kVSlkamFuZ28uY29udHJpYi5h\ndXRoLmJhY2tlbmRzLk1vZGVsQmFja2VuZHUu\n','2014-03-16 15:45:15'),('d19a2e64ae68fc6753a25a19fe0f72ff','NmU1YzBlZjFlYjAyOWQ5YjNiMjkxMDg0NmQ4OGYzNjc2NzZmNTc3MjqAAn1xAVUKdGVzdGNvb2tp\nZXECVQZ3b3JrZWRxA3Mu\n','2014-03-18 06:44:09'),('d1c1d0c7a22ea647eb8e14606d085d4c','MTRiYTJlNmJkOTgyM2ZhYmMzNTI3YzBiYzcxNmMwZDRlN2JjNGUwMDqAAn1xAVUKdGVzdGNvb2tp\nZVUGd29ya2VkcQJzLg==\n','2014-04-22 04:59:12'),('d24311dfdabf1fc9df177315d6fb9f2c','NmU1YzBlZjFlYjAyOWQ5YjNiMjkxMDg0NmQ4OGYzNjc2NzZmNTc3MjqAAn1xAVUKdGVzdGNvb2tp\nZXECVQZ3b3JrZWRxA3Mu\n','2014-04-09 03:55:19'),('d28ae1d903fc0cd81a78bee0213d754f','NmU1YzBlZjFlYjAyOWQ5YjNiMjkxMDg0NmQ4OGYzNjc2NzZmNTc3MjqAAn1xAVUKdGVzdGNvb2tp\nZXECVQZ3b3JrZWRxA3Mu\n','2014-04-21 17:26:10'),('d2a0b231b09ce4c6f65d87105293be0a','NmU1YzBlZjFlYjAyOWQ5YjNiMjkxMDg0NmQ4OGYzNjc2NzZmNTc3MjqAAn1xAVUKdGVzdGNvb2tp\nZXECVQZ3b3JrZWRxA3Mu\n','2014-04-01 15:59:21'),('d32df3c5c3ab7ff201e039fc0ed39d43','MTRiYTJlNmJkOTgyM2ZhYmMzNTI3YzBiYzcxNmMwZDRlN2JjNGUwMDqAAn1xAVUKdGVzdGNvb2tp\nZVUGd29ya2VkcQJzLg==\n','2014-04-04 17:55:36'),('d3b8f0713a05f1684b59b0371c45c41a','MTRiYTJlNmJkOTgyM2ZhYmMzNTI3YzBiYzcxNmMwZDRlN2JjNGUwMDqAAn1xAVUKdGVzdGNvb2tp\nZVUGd29ya2VkcQJzLg==\n','2014-04-17 16:58:51'),('d3fa65f04c8966916c44e9c99fd93db1','Y2Y4YjdkZGQwMDFiOWM0NjEwNWViNDNmM2NmYWE2MzMwNjNiZDQxYjqAAn1xAShVDmNtc19hZG1p\nbl9zaXRligEBVQhjbXNfZWRpdIhVDV9hdXRoX3VzZXJfaWSKAQFVEl9hdXRoX3VzZXJfYmFja2Vu\nZFUpZGphbmdvLmNvbnRyaWIuYXV0aC5iYWNrZW5kcy5Nb2RlbEJhY2tlbmR1Lg==\n','2014-02-03 14:43:52'),('d42e3b97e4e01e3ed2ee4f2a5f2138ed','NmU1YzBlZjFlYjAyOWQ5YjNiMjkxMDg0NmQ4OGYzNjc2NzZmNTc3MjqAAn1xAVUKdGVzdGNvb2tp\nZXECVQZ3b3JrZWRxA3Mu\n','2014-03-27 23:23:30'),('d4dc5feb4f5e5834c350d489e0a2773b','NmU1YzBlZjFlYjAyOWQ5YjNiMjkxMDg0NmQ4OGYzNjc2NzZmNTc3MjqAAn1xAVUKdGVzdGNvb2tp\nZXECVQZ3b3JrZWRxA3Mu\n','2014-03-01 04:57:14'),('d544ef73cd7c04fb2f04efb66bf69577','NmU1YzBlZjFlYjAyOWQ5YjNiMjkxMDg0NmQ4OGYzNjc2NzZmNTc3MjqAAn1xAVUKdGVzdGNvb2tp\nZXECVQZ3b3JrZWRxA3Mu\n','2014-03-15 14:58:10'),('d546a0aee7192f2720c7f7a00e63a3c9','MDI2ZDRiOTYzZjk3ZmVmNzQxZjZjOWIwYmY5YjQ0NGMzNmYzYzdhNTqAAn1xAShVBmN1c3RJRHEC\nigEMVQp0ZXN0Y29va2llVQZ3b3JrZWRVDV9hdXRoX3VzZXJfaWSKAQNVEl9hdXRoX3VzZXJfYmFj\na2VuZFUpZGphbmdvLmNvbnRyaWIuYXV0aC5iYWNrZW5kcy5Nb2RlbEJhY2tlbmR1Lg==\n','2014-03-04 19:55:27'),('d57abce4be559cbddb72dd1102cfe7b9','ZGVkZGU5NTJhMjFiZmU4YTEwYjkxMDBmMGRmYzkxYTdiNGMwYWMwOTqAAn1xAVUEY2FydHECigL4\nAXMu\n','2014-04-16 09:46:07'),('d63f3d93a6631d4d483c0e5dea802b24','NmU1YzBlZjFlYjAyOWQ5YjNiMjkxMDg0NmQ4OGYzNjc2NzZmNTc3MjqAAn1xAVUKdGVzdGNvb2tp\nZXECVQZ3b3JrZWRxA3Mu\n','2014-04-04 08:40:01'),('d6e4605c0029f7ae317ce6285cbbeb2b','ZmU2ZmM5OTQ4ZGFlOGZhOWYzOTZjZmYzN2E2ZDlmMzI0ZWJjZmMzMDqAAn1xAShVBmN1c3RJRIoC\n3QBVCnRlc3Rjb29raWVVBndvcmtlZFUEY2FydIoCqAF1Lg==\n','2014-03-15 20:28:13'),('d73e1a5c6f753efcc9383e1e93b4ff1a','NmU1YzBlZjFlYjAyOWQ5YjNiMjkxMDg0NmQ4OGYzNjc2NzZmNTc3MjqAAn1xAVUKdGVzdGNvb2tp\nZXECVQZ3b3JrZWRxA3Mu\n','2014-03-01 17:21:17'),('d75ade0b20664008b305f24a12da92e9','NGM0NTJhNTAwMjQzNzAxMGJhODI2OTJmNzVmY2U3ODhjYjU4N2I5ODqAAn1xAShVCnRlc3Rjb29r\naWVxAlUGd29ya2VkcQNVBGNhcnSKAucBdS4=\n','2014-04-07 13:29:00'),('d781a73bac541a8075f67a931ab1465f','MTRiYTJlNmJkOTgyM2ZhYmMzNTI3YzBiYzcxNmMwZDRlN2JjNGUwMDqAAn1xAVUKdGVzdGNvb2tp\nZVUGd29ya2VkcQJzLg==\n','2014-02-18 16:22:33'),('d78bdcbf8621350f4dec10d8308b559d','MjdmNWNmNjI4MzgzYTc2MGQ0YTgwZTBkMDY5YTY4Yjk2Mzk3Zjg2MTqAAn1xAS4=\n','2014-02-26 18:39:56'),('d7acee6e05b33e83522fdd94a9849efb','NmU1YzBlZjFlYjAyOWQ5YjNiMjkxMDg0NmQ4OGYzNjc2NzZmNTc3MjqAAn1xAVUKdGVzdGNvb2tp\nZXECVQZ3b3JrZWRxA3Mu\n','2014-03-04 16:59:14'),('d826b5e2efb3f6f330ae89d90949ab0b','MTRiYTJlNmJkOTgyM2ZhYmMzNTI3YzBiYzcxNmMwZDRlN2JjNGUwMDqAAn1xAVUKdGVzdGNvb2tp\nZVUGd29ya2VkcQJzLg==\n','2014-03-10 13:53:34'),('d8c82a7dbc0149ff9b4e8eb02aa6d930','NmU1YzBlZjFlYjAyOWQ5YjNiMjkxMDg0NmQ4OGYzNjc2NzZmNTc3MjqAAn1xAVUKdGVzdGNvb2tp\nZXECVQZ3b3JrZWRxA3Mu\n','2014-04-07 22:34:03'),('d94b10f13b75320f4adb12a494b65037','NmU1YzBlZjFlYjAyOWQ5YjNiMjkxMDg0NmQ4OGYzNjc2NzZmNTc3MjqAAn1xAVUKdGVzdGNvb2tp\nZXECVQZ3b3JrZWRxA3Mu\n','2014-02-24 23:48:31'),('d99bb51c49a9b0e95ecaf5103f93e829','MTRiYTJlNmJkOTgyM2ZhYmMzNTI3YzBiYzcxNmMwZDRlN2JjNGUwMDqAAn1xAVUKdGVzdGNvb2tp\nZVUGd29ya2VkcQJzLg==\n','2014-04-22 19:00:58'),('d9d90ddaf6a1ba7949c7d3a016f688a2','NmU1YzBlZjFlYjAyOWQ5YjNiMjkxMDg0NmQ4OGYzNjc2NzZmNTc3MjqAAn1xAVUKdGVzdGNvb2tp\nZXECVQZ3b3JrZWRxA3Mu\n','2014-04-15 16:06:53'),('da61b81da84ca5994b0b9d29c22100fa','NmU1YzBlZjFlYjAyOWQ5YjNiMjkxMDg0NmQ4OGYzNjc2NzZmNTc3MjqAAn1xAVUKdGVzdGNvb2tp\nZXECVQZ3b3JrZWRxA3Mu\n','2014-04-20 12:44:38'),('db8f1cd994145da6758ea96c4f1b156c','NmU1YzBlZjFlYjAyOWQ5YjNiMjkxMDg0NmQ4OGYzNjc2NzZmNTc3MjqAAn1xAVUKdGVzdGNvb2tp\nZXECVQZ3b3JrZWRxA3Mu\n','2014-04-11 19:41:04'),('dba730742dcc7ec9c66af9df65ea0ebf','YzI2YjcwOWVlYThjYTI0YWI3NWMzNzE0NjlmZWJlMjdmMzFiN2QyNzqAAn1xAShVB29yZGVySUSK\nAuYAVQp0ZXN0Y29va2llVQZ3b3JrZWRVBmN1c3RJRIoCqABVBGNhcnSKAlIBdS4=\n','2014-02-26 13:03:20'),('dbbc46daab2f02a1a7b86a8f6ce1de79','NmU1YzBlZjFlYjAyOWQ5YjNiMjkxMDg0NmQ4OGYzNjc2NzZmNTc3MjqAAn1xAVUKdGVzdGNvb2tp\nZXECVQZ3b3JrZWRxA3Mu\n','2014-04-10 20:29:24'),('dc96c38d31f0bf143c902944c6728f6b','MjdmNWNmNjI4MzgzYTc2MGQ0YTgwZTBkMDY5YTY4Yjk2Mzk3Zjg2MTqAAn1xAS4=\n','2014-04-07 15:33:48'),('dca5527a86aaa1c7f95518cd255ce0d0','Yjg3MDY0MGY2ZTBhNWY4NWVjZGEyZDhhOWNiNGI4NzNlMDIwOGJkMTqAAn1xAShVBmN1c3RJRIoC\nhwBVEl9hdXRoX3VzZXJfYmFja2VuZFUuc2F0Y2htb19zdG9yZS5hY2NvdW50cy5lbWFpbC1hdXRo\nLkVtYWlsQmFja2VuZFUNX2F1dGhfdXNlcl9pZIoBBXUu\n','2014-04-08 10:06:19'),('dcbedafcc72bdd4d0bee32e1943aece9','NmU1YzBlZjFlYjAyOWQ5YjNiMjkxMDg0NmQ4OGYzNjc2NzZmNTc3MjqAAn1xAVUKdGVzdGNvb2tp\nZXECVQZ3b3JrZWRxA3Mu\n','2014-04-13 05:04:45'),('dced1b12840a18fa029a359d33026624','MTRiYTJlNmJkOTgyM2ZhYmMzNTI3YzBiYzcxNmMwZDRlN2JjNGUwMDqAAn1xAVUKdGVzdGNvb2tp\nZVUGd29ya2VkcQJzLg==\n','2014-03-30 11:01:07'),('dcf771eaafd64fb2c1c54d83430a1ca7','NmU1YzBlZjFlYjAyOWQ5YjNiMjkxMDg0NmQ4OGYzNjc2NzZmNTc3MjqAAn1xAVUKdGVzdGNvb2tp\nZXECVQZ3b3JrZWRxA3Mu\n','2014-03-03 09:33:19'),('dd34e79555fb8f57cd51220a23708606','NjFmYTAxM2EwZmQzYzVlMzNiYmFkNDgwZWIyNTczNWEzODQ1ZThhMjqAAn1xAShVCnRlc3Rjb29r\naWVVBndvcmtlZHECVQRjYXJ0igL1AXUu\n','2014-04-14 17:21:02'),('ddcb2baada8ad96ca30e6483f196e884','NmU1YzBlZjFlYjAyOWQ5YjNiMjkxMDg0NmQ4OGYzNjc2NzZmNTc3MjqAAn1xAVUKdGVzdGNvb2tp\nZXECVQZ3b3JrZWRxA3Mu\n','2014-04-21 00:13:14'),('ddcf4bf1edc6427fd2a5fc5bb6f55db3','MWVmYTg0NTBmYjFhYzJmOTFlZjFmOTg4ZWY1NTNmOTU5ZjEyZTE0MjqAAn1xAShVDmNtc19hZG1p\nbl9zaXRlcQKKAQFVEl9hdXRoX3VzZXJfYmFja2VuZFUpZGphbmdvLmNvbnRyaWIuYXV0aC5iYWNr\nZW5kcy5Nb2RlbEJhY2tlbmRVDV9hdXRoX3VzZXJfaWSKAUlVCGNtc19lZGl0iHUu\n','2014-04-02 20:15:05'),('ddfd88185bb1da7a2287158305d822b2','Mjc4NWUyMDdhNjkyN2JiNWY4ODNjNzgyMzNkNzhlZTU1Yjg0N2ZjZjqAAn1xAShVBmN1c3RJRIoC\nzwBVEl9hdXRoX3VzZXJfYmFja2VuZFUpZGphbmdvLmNvbnRyaWIuYXV0aC5iYWNrZW5kcy5Nb2Rl\nbEJhY2tlbmRVDV9hdXRoX3VzZXJfaWSKASl1Lg==\n','2014-03-13 20:10:25'),('de3bc7845407369d8c64a2274b26c8b6','NmU1YzBlZjFlYjAyOWQ5YjNiMjkxMDg0NmQ4OGYzNjc2NzZmNTc3MjqAAn1xAVUKdGVzdGNvb2tp\nZXECVQZ3b3JrZWRxA3Mu\n','2014-04-22 23:28:42'),('de9ab8706e080b3dfb57a1c6bdabff35','MTRiYTJlNmJkOTgyM2ZhYmMzNTI3YzBiYzcxNmMwZDRlN2JjNGUwMDqAAn1xAVUKdGVzdGNvb2tp\nZVUGd29ya2VkcQJzLg==\n','2014-04-02 03:47:29'),('dea29a571c4ca59f9fa5e22e18788b8f','MWY0ZmMyNWM1MDczYTRjOTU5NjliNjdmZmM0ZjU0NDQxMDM1YTAzZTqAAn1xAShVDV9hdXRoX3Vz\nZXJfaWSKAQNVBmN1c3RJRIoBDFUSX2F1dGhfdXNlcl9iYWNrZW5kVSlkamFuZ28uY29udHJpYi5h\ndXRoLmJhY2tlbmRzLk1vZGVsQmFja2VuZFUEY2FydIoCugF1Lg==\n','2014-04-16 16:26:29'),('df4e06201395ae9a913ff609be4b7fa1','MTRiYTJlNmJkOTgyM2ZhYmMzNTI3YzBiYzcxNmMwZDRlN2JjNGUwMDqAAn1xAVUKdGVzdGNvb2tp\nZVUGd29ya2VkcQJzLg==\n','2014-04-04 13:13:49'),('df56ce97e2e01d40b4189eb185355f13','NmU1YzBlZjFlYjAyOWQ5YjNiMjkxMDg0NmQ4OGYzNjc2NzZmNTc3MjqAAn1xAVUKdGVzdGNvb2tp\nZXECVQZ3b3JrZWRxA3Mu\n','2014-03-04 14:32:23'),('df64183565ff352a8dd3d3972b05eebd','MjdmNWNmNjI4MzgzYTc2MGQ0YTgwZTBkMDY5YTY4Yjk2Mzk3Zjg2MTqAAn1xAS4=\n','2014-03-14 22:07:34'),('dfbc7a9481ec1349bc5789ae5cfbba11','MTRiYTJlNmJkOTgyM2ZhYmMzNTI3YzBiYzcxNmMwZDRlN2JjNGUwMDqAAn1xAVUKdGVzdGNvb2tp\nZVUGd29ya2VkcQJzLg==\n','2014-03-19 12:07:15'),('dfe76ec309f7c33a66a6acf5ca88a7c0','NmU1YzBlZjFlYjAyOWQ5YjNiMjkxMDg0NmQ4OGYzNjc2NzZmNTc3MjqAAn1xAVUKdGVzdGNvb2tp\nZXECVQZ3b3JrZWRxA3Mu\n','2014-04-14 08:42:38'),('e05771ed925c303cf6122d826d296c81','ZmJjMmU2OGEzZWI2NjI3YWE2MmM0NWU4YzQ3NjU3MDY3ZTkzOTI2NjqAAn1xAShVB29yZGVySUSK\nAksBVQp0ZXN0Y29va2llVQZ3b3JrZWRVBmN1c3RJRIoCLwFVBGNhcnSKAgECdS4=\n','2014-04-20 12:46:22'),('e0a5cb136d9f0313d5fa68ba25add37e','MjdmNWNmNjI4MzgzYTc2MGQ0YTgwZTBkMDY5YTY4Yjk2Mzk3Zjg2MTqAAn1xAS4=\n','2014-03-18 18:20:33'),('e13c9fc7a7b91757e48429025f25bca6','MTRiYTJlNmJkOTgyM2ZhYmMzNTI3YzBiYzcxNmMwZDRlN2JjNGUwMDqAAn1xAVUKdGVzdGNvb2tp\nZVUGd29ya2VkcQJzLg==\n','2014-04-17 01:03:32'),('e16022d995918da9270cc567d80e7b1d','NmU1YzBlZjFlYjAyOWQ5YjNiMjkxMDg0NmQ4OGYzNjc2NzZmNTc3MjqAAn1xAVUKdGVzdGNvb2tp\nZXECVQZ3b3JrZWRxA3Mu\n','2014-03-09 05:42:07'),('e180f588b29b3d924a9618d77a3ef950','MjdmNWNmNjI4MzgzYTc2MGQ0YTgwZTBkMDY5YTY4Yjk2Mzk3Zjg2MTqAAn1xAS4=\n','2014-03-31 15:51:51'),('e1ca7ae242920e74cabe1b622f6fd373','YzJhYTg3Njk2NzNhYWUxZGI3NzU3ODhhZTdiNjEwM2E2ODY4Mjc3MTqAAn1xAShVDV9hdXRoX3Vz\nZXJfaWSKAQVVCnRlc3Rjb29raWVVBndvcmtlZFUSX2F1dGhfdXNlcl9iYWNrZW5kVS5zYXRjaG1v\nX3N0b3JlLmFjY291bnRzLmVtYWlsLWF1dGguRW1haWxCYWNrZW5kVQRjYXJ0igLfAVUIY21zX2Vk\naXSIVQZjdXN0SUSKAocAdS4=\n','2014-04-23 15:15:37'),('e1ffdc672c8d2a2c325a73331da6651b','NmU1YzBlZjFlYjAyOWQ5YjNiMjkxMDg0NmQ4OGYzNjc2NzZmNTc3MjqAAn1xAVUKdGVzdGNvb2tp\nZXECVQZ3b3JrZWRxA3Mu\n','2014-03-11 16:24:59'),('e234710b93b1f489975e09a01db24b80','MTRiYTJlNmJkOTgyM2ZhYmMzNTI3YzBiYzcxNmMwZDRlN2JjNGUwMDqAAn1xAVUKdGVzdGNvb2tp\nZVUGd29ya2VkcQJzLg==\n','2014-04-04 15:41:55'),('e27059db78d01180450e304968abe2d4','NmU1YzBlZjFlYjAyOWQ5YjNiMjkxMDg0NmQ4OGYzNjc2NzZmNTc3MjqAAn1xAVUKdGVzdGNvb2tp\nZXECVQZ3b3JrZWRxA3Mu\n','2014-03-14 18:51:30'),('e2fe0045ab5fd6ed4f7a218d66964859','NmU1YzBlZjFlYjAyOWQ5YjNiMjkxMDg0NmQ4OGYzNjc2NzZmNTc3MjqAAn1xAVUKdGVzdGNvb2tp\nZXECVQZ3b3JrZWRxA3Mu\n','2014-03-04 19:34:31'),('e53ab0330ae411616a10d685e522b765','MTRiYTJlNmJkOTgyM2ZhYmMzNTI3YzBiYzcxNmMwZDRlN2JjNGUwMDqAAn1xAVUKdGVzdGNvb2tp\nZVUGd29ya2VkcQJzLg==\n','2014-02-26 21:00:18'),('e610add06a10316bb691771459f852e4','MjdmNWNmNjI4MzgzYTc2MGQ0YTgwZTBkMDY5YTY4Yjk2Mzk3Zjg2MTqAAn1xAS4=\n','2014-04-22 16:14:10'),('e683b626f438b67178f51a697580fb6d','MjdmNWNmNjI4MzgzYTc2MGQ0YTgwZTBkMDY5YTY4Yjk2Mzk3Zjg2MTqAAn1xAS4=\n','2014-02-24 04:25:41'),('e68a484c9fc46fb392426dc8f55c1f3f','NmU1YzBlZjFlYjAyOWQ5YjNiMjkxMDg0NmQ4OGYzNjc2NzZmNTc3MjqAAn1xAVUKdGVzdGNvb2tp\nZXECVQZ3b3JrZWRxA3Mu\n','2014-03-09 23:18:04'),('e6f9869c0c4973a45336c3359d86baa4','NmU1YzBlZjFlYjAyOWQ5YjNiMjkxMDg0NmQ4OGYzNjc2NzZmNTc3MjqAAn1xAVUKdGVzdGNvb2tp\nZXECVQZ3b3JrZWRxA3Mu\n','2014-04-07 02:28:54'),('e7236287160c6945697d7073585bc74b','MTRiYTJlNmJkOTgyM2ZhYmMzNTI3YzBiYzcxNmMwZDRlN2JjNGUwMDqAAn1xAVUKdGVzdGNvb2tp\nZVUGd29ya2VkcQJzLg==\n','2014-03-16 16:45:47'),('e73ee59475dae03dd13ad902f41ca116','NmU1YzBlZjFlYjAyOWQ5YjNiMjkxMDg0NmQ4OGYzNjc2NzZmNTc3MjqAAn1xAVUKdGVzdGNvb2tp\nZXECVQZ3b3JrZWRxA3Mu\n','2014-04-04 10:34:47'),('e7a2b88a6a8538b67d62f9a2b1f85b2e','NjBlYjhhMjQ1MjAwOTczMDdkOWRkMGUzOWMzMDg5ZTIwYmY5OWE1ZTqAAn1xAVUEY2FydHECigJa\nAXMu\n','2014-02-28 17:31:09'),('e7a5ba56bc4c6ee9dcf323a8be0f5976','NmU1YzBlZjFlYjAyOWQ5YjNiMjkxMDg0NmQ4OGYzNjc2NzZmNTc3MjqAAn1xAVUKdGVzdGNvb2tp\nZXECVQZ3b3JrZWRxA3Mu\n','2014-03-14 07:43:34'),('e80feaf44e134c75f9d8e1431953d83b','MTRiYTJlNmJkOTgyM2ZhYmMzNTI3YzBiYzcxNmMwZDRlN2JjNGUwMDqAAn1xAVUKdGVzdGNvb2tp\nZVUGd29ya2VkcQJzLg==\n','2014-03-06 13:17:29'),('e82f3841eec821efffafa96c7001ca21','MTRiYTJlNmJkOTgyM2ZhYmMzNTI3YzBiYzcxNmMwZDRlN2JjNGUwMDqAAn1xAVUKdGVzdGNvb2tp\nZVUGd29ya2VkcQJzLg==\n','2014-04-17 18:56:58'),('e8c6370488ee79db013ae2b45852fc8b','MTRiYTJlNmJkOTgyM2ZhYmMzNTI3YzBiYzcxNmMwZDRlN2JjNGUwMDqAAn1xAVUKdGVzdGNvb2tp\nZVUGd29ya2VkcQJzLg==\n','2014-04-16 20:42:35'),('e8e9c2ccd232740f764d9b2842c86da1','OTM0YWE2MjYyODYxYjQxYjhkZTM1NjQzYjZmM2JiYTE1YWE5ZGU0ZTqAAn1xAShVBmN1c3RJRIoB\nDFUSX2F1dGhfdXNlcl9iYWNrZW5kVSlkamFuZ28uY29udHJpYi5hdXRoLmJhY2tlbmRzLk1vZGVs\nQmFja2VuZFUNX2F1dGhfdXNlcl9pZIoBA3Uu\n','2014-04-23 11:13:47'),('ea1918428e71caea7ebb8641e42c51a5','YWRmNTIxNzkxMzk2NDU5ZDVlNjAzOGQ4MGFhN2Y2MzEyYThhOTg0OTqAAn1xAVUEY2FydHECigIM\nAnMu\n','2014-04-22 19:18:46'),('eadbf6e5150b2cd289c208e8e7568900','NDZiZmQ4YjM2Y2U3YmM0YTZhNWI1YjhhMGRkM2E5YTAxOWE5NmU4NDqAAn1xAShVB29yZGVySUSK\nAvcAVQZjdXN0SUSKAr4AVQp0ZXN0Y29va2llVQZ3b3JrZWRVBGNhcnSKAnMBdS4=\n','2014-03-07 07:57:12'),('eb69a261ac77ff0267593d2546aef5bc','NTI5YmE2M2I5YjNlMzBkNDYzMzVjMWU0NWFjNWFhODA3NDQ5Nzc1NTqAAn1xAShVCnRlc3Rjb29r\naWVxAlUGd29ya2VkcQNVBGNhcnSKAtwBdS4=\n','2014-04-04 09:18:28'),('eccb885f8c537d336839f5062c536117','NmU1YzBlZjFlYjAyOWQ5YjNiMjkxMDg0NmQ4OGYzNjc2NzZmNTc3MjqAAn1xAVUKdGVzdGNvb2tp\nZXECVQZ3b3JrZWRxA3Mu\n','2014-03-12 18:01:54'),('ecd3d9cc0ead6a549dc26e1f50ebbdd8','YmIwMzRhNjlmNDAzYmJmOGJlZmRhZTMyZDUxZWM3NmVkNTIzOThjNjqAAn1xAShVCnRlc3Rjb29r\naWVxAlUGd29ya2VkcQNVBGNhcnSKAqcBdS4=\n','2014-03-15 17:06:51'),('ed0475e5b5da3e67bdeb0bc344822994','NmU1YzBlZjFlYjAyOWQ5YjNiMjkxMDg0NmQ4OGYzNjc2NzZmNTc3MjqAAn1xAVUKdGVzdGNvb2tp\nZXECVQZ3b3JrZWRxA3Mu\n','2014-03-17 21:27:08'),('ed217fe4c61869570d2d4af36a45a9fa','ZTNiZWMwM2M3MzYxZGNhYjk3NTIyY2MyYTE5ZmU4N2U5OWVjZDJlZDqAAn1xAVUEY2FydHECigLK\nAXMu\n','2014-03-27 23:08:27'),('ed2dd74efb70af4dea1734b3dd7e0ce5','OWViYjczMzljOTZkYzA0NTc3NjkxMTMxMTQ0Nzk2Y2NmMzdjMTE1YzqAAn1xAShVCnRlc3Rjb29r\naWVVBndvcmtlZFUGY3VzdElEigLjAFUSX2F1dGhfdXNlcl9iYWNrZW5kVSlkamFuZ28uY29udHJp\nYi5hdXRoLmJhY2tlbmRzLk1vZGVsQmFja2VuZFUNX2F1dGhfdXNlcl9pZIoBM3Uu\n','2014-03-20 07:02:38'),('ed8758f1be1c6792e6e10ddb11b25db0','NmU1YzBlZjFlYjAyOWQ5YjNiMjkxMDg0NmQ4OGYzNjc2NzZmNTc3MjqAAn1xAVUKdGVzdGNvb2tp\nZXECVQZ3b3JrZWRxA3Mu\n','2014-03-29 16:15:15'),('ed94b74a90be50735204c70f42fdf6a9','NmU1YzBlZjFlYjAyOWQ5YjNiMjkxMDg0NmQ4OGYzNjc2NzZmNTc3MjqAAn1xAVUKdGVzdGNvb2tp\nZXECVQZ3b3JrZWRxA3Mu\n','2014-04-01 01:14:37'),('edadfbea46436330d4a9c8df8c6c21bf','MTRiYTJlNmJkOTgyM2ZhYmMzNTI3YzBiYzcxNmMwZDRlN2JjNGUwMDqAAn1xAVUKdGVzdGNvb2tp\nZVUGd29ya2VkcQJzLg==\n','2014-04-23 06:10:16'),('edb344181bf1648a243e5f3a870dd203','MTRiYTJlNmJkOTgyM2ZhYmMzNTI3YzBiYzcxNmMwZDRlN2JjNGUwMDqAAn1xAVUKdGVzdGNvb2tp\nZVUGd29ya2VkcQJzLg==\n','2014-04-04 20:12:44'),('ee75ca39461a8c35a9da6237a205ef1b','NDRmZjI3NThiYzJiZTVjMzMyNzQ0MjhhZjE0NGJmZjVlNjcxNmExMzqAAn1xAShVBmN1c3RJRIoC\nuABVEl9hdXRoX3VzZXJfYmFja2VuZFUpZGphbmdvLmNvbnRyaWIuYXV0aC5iYWNrZW5kcy5Nb2Rl\nbEJhY2tlbmRVDV9hdXRoX3VzZXJfaWSKASB1Lg==\n','2014-03-03 00:20:14'),('ee8f24ae9d4c5284b06ae7a8c6514ecf','YWQ3MjJkODg3MmMzY2ZiNmIyZWY0ZDlmN2Q1NzM2NWRmMzQ5NzkyYjqAAn1xAShVBmN1c3RJRIoB\ncFUNX2F1dGhfdXNlcl9pZIoBDVUSX2F1dGhfdXNlcl9iYWNrZW5kVS5zYXRjaG1vX3N0b3JlLmFj\nY291bnRzLmVtYWlsLWF1dGguRW1haWxCYWNrZW5kdS4=\n','2014-02-20 11:22:07'),('eec95c92ae0b992c3ecbc49f0eca1477','MTRiYTJlNmJkOTgyM2ZhYmMzNTI3YzBiYzcxNmMwZDRlN2JjNGUwMDqAAn1xAVUKdGVzdGNvb2tp\nZVUGd29ya2VkcQJzLg==\n','2014-04-05 07:32:55'),('eeda6980b96f533d49b3399876f4ed7a','MGI1NDUyMmVkMTk3Y2QyNzBhMGZkMzFiOGQxNWE0MDEyMWZjMmY3OTqAAn1xAShVCnRlc3Rjb29r\naWVxAlUGd29ya2VkcQNVBGNhcnSKAoIBdS4=\n','2014-03-09 17:50:47'),('eee29e3c4513a4c383b58c94b518b948','NmU1YzBlZjFlYjAyOWQ5YjNiMjkxMDg0NmQ4OGYzNjc2NzZmNTc3MjqAAn1xAVUKdGVzdGNvb2tp\nZXECVQZ3b3JrZWRxA3Mu\n','2014-02-24 18:59:39'),('ef1874446b37bb9c12fd374ccaed46c2','MzRkNmY4MTgwYzFjZGE0MmI1YjEzMjAwZDg4MWM4ZDY0OTQ1ZDc0NDqAAn1xAShVB29yZGVySUSK\nAv4AVQp0ZXN0Y29va2llVQZ3b3JrZWRVBmN1c3RJRIoCwQBVBGNhcnSKAoEBdS4=\n','2014-03-09 17:26:43'),('efd23a42d3e6d4853e11949ae4f70e96','NmU1YzBlZjFlYjAyOWQ5YjNiMjkxMDg0NmQ4OGYzNjc2NzZmNTc3MjqAAn1xAVUKdGVzdGNvb2tp\nZXECVQZ3b3JrZWRxA3Mu\n','2014-02-21 07:59:10'),('f06962c66e7a9ec16ee6ed23a396fedb','NmU1YzBlZjFlYjAyOWQ5YjNiMjkxMDg0NmQ4OGYzNjc2NzZmNTc3MjqAAn1xAVUKdGVzdGNvb2tp\nZXECVQZ3b3JrZWRxA3Mu\n','2014-03-14 06:10:22'),('f07c6326425d6257997c47b4683d4b89','Y2E5ZWRmOGJmYTVkM2UyYmIxODQ3ZDFlZGUxNDNmYWZlOTQ2NmRkYTqAAn1xAShVBmN1c3RJRIoC\n4QBVCnRlc3Rjb29raWVVBndvcmtlZFUNX2F1dGhfdXNlcl9pZIoBMVUSX2F1dGhfdXNlcl9iYWNr\nZW5kVSlkamFuZ28uY29udHJpYi5hdXRoLmJhY2tlbmRzLk1vZGVsQmFja2VuZHUu\n','2014-03-17 17:20:19'),('f199eb9e8054bf4a2a2c619e275b395b','NmU1YzBlZjFlYjAyOWQ5YjNiMjkxMDg0NmQ4OGYzNjc2NzZmNTc3MjqAAn1xAVUKdGVzdGNvb2tp\nZXECVQZ3b3JrZWRxA3Mu\n','2014-04-15 06:54:22'),('f1a305e06bcf738cb3e5e94c850f27a2','N2UyMzc1M2RkOGQyMTFhZDE0N2FhZjY0ZjVmNGQyYzQxYjgwNGMyYTqAAn1xAVUEY2FydHECigI8\nAXMu\n','2014-02-22 13:43:29'),('f1b0578b33849b18b3fd9760789d7dc5','MTRiYTJlNmJkOTgyM2ZhYmMzNTI3YzBiYzcxNmMwZDRlN2JjNGUwMDqAAn1xAVUKdGVzdGNvb2tp\nZVUGd29ya2VkcQJzLg==\n','2014-03-26 09:10:49'),('f25da279848f9ac543203174237a437c','NmU1YzBlZjFlYjAyOWQ5YjNiMjkxMDg0NmQ4OGYzNjc2NzZmNTc3MjqAAn1xAVUKdGVzdGNvb2tp\nZXECVQZ3b3JrZWRxA3Mu\n','2014-04-13 22:10:49'),('f2bed3c138690bb36ffbc21f2d68c303','MTRiYTJlNmJkOTgyM2ZhYmMzNTI3YzBiYzcxNmMwZDRlN2JjNGUwMDqAAn1xAVUKdGVzdGNvb2tp\nZVUGd29ya2VkcQJzLg==\n','2014-03-01 22:35:25'),('f2d0172880fb3f47022ff3bd700d8790','NmU1YzBlZjFlYjAyOWQ5YjNiMjkxMDg0NmQ4OGYzNjc2NzZmNTc3MjqAAn1xAVUKdGVzdGNvb2tp\nZXECVQZ3b3JrZWRxA3Mu\n','2014-03-03 01:27:24'),('f2d832118a068d3453cbba8e8a57e561','MTRiYTJlNmJkOTgyM2ZhYmMzNTI3YzBiYzcxNmMwZDRlN2JjNGUwMDqAAn1xAVUKdGVzdGNvb2tp\nZVUGd29ya2VkcQJzLg==\n','2014-04-17 20:52:42'),('f3682b3720b9dbee22af596155e5b135','ZDBlZjJmODk5YWMyNDBhYTRlNTg3MWM1YjIyNDBhZWMxMGI2MzFkMTqAAn1xAShVEl9hdXRoX3Vz\nZXJfYmFja2VuZFUpZGphbmdvLmNvbnRyaWIuYXV0aC5iYWNrZW5kcy5Nb2RlbEJhY2tlbmRVBmN1\nc3RJRIoC0QBVDV9hdXRoX3VzZXJfaWSKAStVBGNhcnSKApsBdS4=\n','2014-03-13 21:37:41'),('f3dfe22b7bf107cf8aa079b398027500','MTk2NmYyMTNlODc3ZDljZTAzOGI4M2QwYjVlZGQyNTg3MmE2NjkzNjqAAn1xAShVB29yZGVySUSK\nAhUBVQp0ZXN0Y29va2llVQZ3b3JrZWRVBmN1c3RJRIoC2gBVBGNhcnSKAqUBdS4=\n','2014-03-15 14:28:25'),('f3e28619054fa964018a589b9f272fa0','YzE0MDNiMjMzYTZhZGRmYmFkMTY0MGE2OTMxMGFkMzA1ZGIyMjhmZjqAAn1xAShVB29yZGVySUSK\nAuMAVQ1fYXV0aF91c2VyX2lkigESVRJfYXV0aF91c2VyX2JhY2tlbmRVKWRqYW5nby5jb250cmli\nLmF1dGguYmFja2VuZHMuTW9kZWxCYWNrZW5kVQRjYXJ0igJPAVUGY3VzdElEigKhAHUu\n','2014-02-27 16:25:42'),('f3ee84860f159698e05409cbab41d3d2','NmU1YzBlZjFlYjAyOWQ5YjNiMjkxMDg0NmQ4OGYzNjc2NzZmNTc3MjqAAn1xAVUKdGVzdGNvb2tp\nZXECVQZ3b3JrZWRxA3Mu\n','2014-04-05 06:47:06'),('f423c1d7f09b7e6747c7dbf95e8c0eba','NmU1YzBlZjFlYjAyOWQ5YjNiMjkxMDg0NmQ4OGYzNjc2NzZmNTc3MjqAAn1xAVUKdGVzdGNvb2tp\nZXECVQZ3b3JrZWRxA3Mu\n','2014-04-12 01:11:11'),('f44ea5c178636898aae3be96fdf9442c','NmU1YzBlZjFlYjAyOWQ5YjNiMjkxMDg0NmQ4OGYzNjc2NzZmNTc3MjqAAn1xAVUKdGVzdGNvb2tp\nZXECVQZ3b3JrZWRxA3Mu\n','2014-03-17 15:56:45'),('f4b3abfa5b706abb93cc2d33c15a86c8','MjdmNWNmNjI4MzgzYTc2MGQ0YTgwZTBkMDY5YTY4Yjk2Mzk3Zjg2MTqAAn1xAS4=\n','2014-02-24 15:19:40'),('f4e4497489736cca712a91500fb0e319','MTRiYTJlNmJkOTgyM2ZhYmMzNTI3YzBiYzcxNmMwZDRlN2JjNGUwMDqAAn1xAVUKdGVzdGNvb2tp\nZVUGd29ya2VkcQJzLg==\n','2014-03-09 11:10:53'),('f50268c675d5971d5c85a27394836106','MjdmNWNmNjI4MzgzYTc2MGQ0YTgwZTBkMDY5YTY4Yjk2Mzk3Zjg2MTqAAn1xAS4=\n','2014-04-15 18:54:58'),('f526dc3235b129e4a560838dea20b9ff','YjBmN2NjYmVlMjY1NWQ4NTM2MTY0NmE5MjM2OWE5NjM4ODVlMmNhMjqAAn1xAShVBmN1c3RJRIoC\nqwBVEl9hdXRoX3VzZXJfYmFja2VuZFUpZGphbmdvLmNvbnRyaWIuYXV0aC5iYWNrZW5kcy5Nb2Rl\nbEJhY2tlbmRVDV9hdXRoX3VzZXJfaWSKARh1Lg==\n','2014-02-27 12:58:07'),('f5bd4ab2fc535c0d49835dbe94f65585','OTk4NWM5MDRmZmZlNzU2MjcxNjdjMWZkZGQ2ZWZmYzdmYjM4ODVmNTqAAn1xAShVCnRlc3Rjb29r\naWVxAlUGd29ya2VkcQNVBmN1c3RJRIoCIwFVDV9hdXRoX3VzZXJfaWSKAVlVEl9hdXRoX3VzZXJf\nYmFja2VuZFUpZGphbmdvLmNvbnRyaWIuYXV0aC5iYWNrZW5kcy5Nb2RlbEJhY2tlbmR1Lg==\n','2014-04-18 16:18:39'),('f5cc040c0c6e3f3bcbb61eb8b35eaf24','MjdmNWNmNjI4MzgzYTc2MGQ0YTgwZTBkMDY5YTY4Yjk2Mzk3Zjg2MTqAAn1xAS4=\n','2014-03-23 19:26:27'),('f63169e9e40d05421bf2b7caea11517e','YTczZDY0ZWQ3NmFhNjRkM2NjMjRlZGFhNDAxYzJkOWQzM2NkOWE0ZTqAAn1xAShVCnRlc3Rjb29r\naWVxAlUGd29ya2VkcQNVBGNhcnSKAo8BdS4=\n','2014-03-11 12:42:40'),('f6528e8524c47fa498cfe1f49b5ea456','MjdmNWNmNjI4MzgzYTc2MGQ0YTgwZTBkMDY5YTY4Yjk2Mzk3Zjg2MTqAAn1xAS4=\n','2014-03-26 10:28:28'),('f683c1afadd9334d43611de14126379a','YjM1NzMxM2EyZGNmMDk2MjliZmI0ODc3Y2ZlODA5NTdmN2Q1NDI0ZTqAAn1xAShVBmN1c3RJRIoC\nvABVEl9hdXRoX3VzZXJfYmFja2VuZFUpZGphbmdvLmNvbnRyaWIuYXV0aC5iYWNrZW5kcy5Nb2Rl\nbEJhY2tlbmRVDV9hdXRoX3VzZXJfaWSKASJ1Lg==\n','2014-03-06 01:57:08'),('f6a874da6ca8f12f4aa015876c76445d','NmU1YzBlZjFlYjAyOWQ5YjNiMjkxMDg0NmQ4OGYzNjc2NzZmNTc3MjqAAn1xAVUKdGVzdGNvb2tp\nZXECVQZ3b3JrZWRxA3Mu\n','2014-03-21 10:57:14'),('f7266d67169ead08f713a05e71089bcf','YTljNTI2ZGM5M2I4NjM2MzIyYjcyMWZhNmU0YjEzYzkzMzJjOTZkMjqAAn1xAShVB29yZGVySUSK\nAgUBVQp0ZXN0Y29va2llVQZ3b3JrZWRVBmN1c3RJRIoCxwBVBGNhcnSKAo0BdS4=\n','2014-03-10 20:48:41'),('f735b37170dbede73189991548d5c27e','NmU1YzBlZjFlYjAyOWQ5YjNiMjkxMDg0NmQ4OGYzNjc2NzZmNTc3MjqAAn1xAVUKdGVzdGNvb2tp\nZXECVQZ3b3JrZWRxA3Mu\n','2014-02-23 04:22:51'),('f7707856d0bb34b22deb7dbb1cadb40c','NGZlMzA3YzVlZjRiNzI1ODk2NmYyZjk1YWQ4YTI0NDVkYTdiY2MxNjqAAn1xAShVB29yZGVySUSK\nAgwBVQp0ZXN0Y29va2llVQZ3b3JrZWRVBmN1c3RJRIoCzQBVBGNhcnSKApkBdS4=\n','2014-03-13 17:33:12'),('f79907eb724a08aded5dd42ccd0404b8','OTM0YWE2MjYyODYxYjQxYjhkZTM1NjQzYjZmM2JiYTE1YWE5ZGU0ZTqAAn1xAShVBmN1c3RJRIoB\nDFUSX2F1dGhfdXNlcl9iYWNrZW5kVSlkamFuZ28uY29udHJpYi5hdXRoLmJhY2tlbmRzLk1vZGVs\nQmFja2VuZFUNX2F1dGhfdXNlcl9pZIoBA3Uu\n','2014-03-26 11:41:25'),('f8eb35c5cf95806e742bbf04d6e908ce','NmU1YzBlZjFlYjAyOWQ5YjNiMjkxMDg0NmQ4OGYzNjc2NzZmNTc3MjqAAn1xAVUKdGVzdGNvb2tp\nZXECVQZ3b3JrZWRxA3Mu\n','2014-04-22 14:29:27'),('f9204f799a5fb76e4e6f2214bd29cdae','YmU3YzhjMDQyNmI2ZjcwYTIwYzk5Zjc3ZjBlYjQ0N2IzM2ZhMGQ1MzqAAn1xAShVBmN1c3RJRIoC\nsABVCnRlc3Rjb29raWVVBndvcmtlZFUNX2F1dGhfdXNlcl9pZIoBHFUSX2F1dGhfdXNlcl9iYWNr\nZW5kVS5zYXRjaG1vX3N0b3JlLmFjY291bnRzLmVtYWlsLWF1dGguRW1haWxCYWNrZW5kdS4=\n','2014-04-18 20:16:48'),('f98a7c5e076babb4fa2284d222850312','MTRiYTJlNmJkOTgyM2ZhYmMzNTI3YzBiYzcxNmMwZDRlN2JjNGUwMDqAAn1xAVUKdGVzdGNvb2tp\nZVUGd29ya2VkcQJzLg==\n','2014-03-16 17:04:09'),('f9979d70a6dd0beaf153781f474c17ca','MjdmNWNmNjI4MzgzYTc2MGQ0YTgwZTBkMDY5YTY4Yjk2Mzk3Zjg2MTqAAn1xAS4=\n','2014-03-14 16:54:43'),('fa84b490455abb650f6c9942f82bab54','NmU1YzBlZjFlYjAyOWQ5YjNiMjkxMDg0NmQ4OGYzNjc2NzZmNTc3MjqAAn1xAVUKdGVzdGNvb2tp\nZXECVQZ3b3JrZWRxA3Mu\n','2014-04-17 22:30:03'),('fa89d9c6e38c987929ee2c59e86fe9f0','NmU1YzBlZjFlYjAyOWQ5YjNiMjkxMDg0NmQ4OGYzNjc2NzZmNTc3MjqAAn1xAVUKdGVzdGNvb2tp\nZXECVQZ3b3JrZWRxA3Mu\n','2014-02-26 18:42:42'),('fad341ff9d0ca50ba6a571c09a6a9487','NmU1YzBlZjFlYjAyOWQ5YjNiMjkxMDg0NmQ4OGYzNjc2NzZmNTc3MjqAAn1xAVUKdGVzdGNvb2tp\nZXECVQZ3b3JrZWRxA3Mu\n','2014-03-14 23:28:00'),('fb275ad319f5fe4868080062435c0e4f','NmU1YzBlZjFlYjAyOWQ5YjNiMjkxMDg0NmQ4OGYzNjc2NzZmNTc3MjqAAn1xAVUKdGVzdGNvb2tp\nZXECVQZ3b3JrZWRxA3Mu\n','2014-04-15 18:14:33'),('fb37d735cb1d28416c67aece8c03e75c','NmU1YzBlZjFlYjAyOWQ5YjNiMjkxMDg0NmQ4OGYzNjc2NzZmNTc3MjqAAn1xAVUKdGVzdGNvb2tp\nZXECVQZ3b3JrZWRxA3Mu\n','2014-04-18 17:28:18'),('fb519011e708dcfa2ce2c7d3441b6383','NmU1YzBlZjFlYjAyOWQ5YjNiMjkxMDg0NmQ4OGYzNjc2NzZmNTc3MjqAAn1xAVUKdGVzdGNvb2tp\nZXECVQZ3b3JrZWRxA3Mu\n','2014-02-20 19:01:29'),('fb96db5439967b90697e03b131da564b','NmU1YzBlZjFlYjAyOWQ5YjNiMjkxMDg0NmQ4OGYzNjc2NzZmNTc3MjqAAn1xAVUKdGVzdGNvb2tp\nZXECVQZ3b3JrZWRxA3Mu\n','2014-03-17 02:15:02'),('fba083167a1441ce6fb1074402512c84','NmU1YzBlZjFlYjAyOWQ5YjNiMjkxMDg0NmQ4OGYzNjc2NzZmNTc3MjqAAn1xAVUKdGVzdGNvb2tp\nZXECVQZ3b3JrZWRxA3Mu\n','2014-04-03 13:09:35'),('fbab04cf172e8bec4e07723fd32fd330','NTg3ZDYzODg4YTRlYWYxOGU0ODZmMWJlNzY1OGNjNGJjYjFmYmViODqAAn1xAShVDmNtc19hZG1p\nbl9zaXRligEBVQ1fYXV0aF91c2VyX2lkigEBVRJfYXV0aF91c2VyX2JhY2tlbmRVKWRqYW5nby5j\nb250cmliLmF1dGguYmFja2VuZHMuTW9kZWxCYWNrZW5kdS4=\n','2014-01-29 12:55:15'),('fbb552482725e7e3e7db4d96549bf37d','NmU1YzBlZjFlYjAyOWQ5YjNiMjkxMDg0NmQ4OGYzNjc2NzZmNTc3MjqAAn1xAVUKdGVzdGNvb2tp\nZXECVQZ3b3JrZWRxA3Mu\n','2014-04-22 14:11:57'),('fbd129d0ab9b93cb291d07a6091ee2e3','NmU1YzBlZjFlYjAyOWQ5YjNiMjkxMDg0NmQ4OGYzNjc2NzZmNTc3MjqAAn1xAVUKdGVzdGNvb2tp\nZXECVQZ3b3JrZWRxA3Mu\n','2014-04-13 14:18:28'),('fc5aee52439397adb5f3faf753e67665','NmU1YzBlZjFlYjAyOWQ5YjNiMjkxMDg0NmQ4OGYzNjc2NzZmNTc3MjqAAn1xAVUKdGVzdGNvb2tp\nZXECVQZ3b3JrZWRxA3Mu\n','2014-03-20 23:27:29'),('fc719dbb56021e705a2f8b3749736235','NWU5ZDE5MzE4ZmI5NmViNGVhMWE4MTIyODdhNzI2MzA1NTRhMmQyZTqAAn1xAShVCnRlc3Rjb29r\naWVxAlUGd29ya2VkcQNVBGNhcnSKAmUBdS4=\n','2014-03-03 20:32:05'),('fcba12e833398cd4cedabcd2066c6a8a','YzNiODAyZmJhMjcyNDAyNDNlZDExYWFjNzMyYTM4ZTJiNjE3ZWRlZTqAAn1xAVUEY2FydHECigLs\nAXMu\n','2014-04-11 18:21:22'),('fd5337f5c2744831cbb59480c725b4e2','Nzg1MGFjNTIwMWNhMTNiZDBkYTI3MWIyYzVhMjM5MjVmZTY1ZTgwYzqAAn1xAShVDV9hdXRoX3Vz\nZXJfaWSKAQNVBmN1c3RJRIoBDFUSX2F1dGhfdXNlcl9iYWNrZW5kVSlkamFuZ28uY29udHJpYi5h\ndXRoLmJhY2tlbmRzLk1vZGVsQmFja2VuZFUEY2FydIoCaAF1Lg==\n','2014-03-11 15:55:35'),('fdc6664e24bb0ac2a34f23896279e500','NzNmNTg1NWRiOWI2NGNjNDUyNGQ0Y2RmODViNDYzYWQyZmIzMDc0MzqAAn1xAShVB29yZGVySUSK\nAikBVQp0ZXN0Y29va2llVQZ3b3JrZWRVBmN1c3RJRIoC9QBVBGNhcnSKAsUBdS4=\n','2014-03-25 10:03:42'),('fe285cdcb096754b29208ab6b5e2fe76','YWEzZWQ2MGZiOGFhMjNkNzhkYzYzYmRhYjEyNTg3ODAzYzRjYjFjMjqAAn1xAShVBmN1c3RJRIoB\nDFUNX2F1dGhfdXNlcl9pZIoBA1USX2F1dGhfdXNlcl9iYWNrZW5kVSlkamFuZ28uY29udHJpYi5h\ndXRoLmJhY2tlbmRzLk1vZGVsQmFja2VuZHUu\n','2014-04-23 11:03:26'),('fe4a309b9e2f43efd7a0535f5bf0addc','MTRiYTJlNmJkOTgyM2ZhYmMzNTI3YzBiYzcxNmMwZDRlN2JjNGUwMDqAAn1xAVUKdGVzdGNvb2tp\nZVUGd29ya2VkcQJzLg==\n','2014-04-05 01:02:09'),('fee237e40ffc697a873dd0f290d54d54','MjdmNWNmNjI4MzgzYTc2MGQ0YTgwZTBkMDY5YTY4Yjk2Mzk3Zjg2MTqAAn1xAS4=\n','2014-02-20 22:58:24'),('fee6fc2996b53494d10935f2c307853a','MjdmNWNmNjI4MzgzYTc2MGQ0YTgwZTBkMDY5YTY4Yjk2Mzk3Zjg2MTqAAn1xAS4=\n','2014-03-15 15:12:28'),('ff4cfe6c4079f1ae9b4d136d6e368c40','NDQ0ZTI0ODY2YWI5YzhmYzZhMzk0ZjE4MDk3ODBkN2JlYmFkMThlZTqAAn1xAShVBmN1c3RJRIoC\nlwBVEl9hdXRoX3VzZXJfYmFja2VuZFUpZGphbmdvLmNvbnRyaWIuYXV0aC5iYWNrZW5kcy5Nb2Rl\nbEJhY2tlbmRVDV9hdXRoX3VzZXJfaWSKAQ51Lg==\n','2014-03-08 17:24:20'),('ffb08b17b276735e3b472609ffccd56c','M2E1YzQ1N2QzMDhjOTk1MDBlZGQ4MTgzMjljN2RhMTZkOGY0OGE5YzqAAn1xAShVB29yZGVySUSK\nAg8BVQp0ZXN0Y29va2llVQZ3b3JrZWRVBmN1c3RJRIoC0gBVBGNhcnSKAp8BdS4=\n','2014-03-14 11:41:24'),('ffd98bb6ce6e9e8163bf4c9ad4d53ed7','NmU1YzBlZjFlYjAyOWQ5YjNiMjkxMDg0NmQ4OGYzNjc2NzZmNTc3MjqAAn1xAVUKdGVzdGNvb2tp\nZXECVQZ3b3JrZWRxA3Mu\n','2014-03-31 11:57:50');
/*!40000 ALTER TABLE `django_session` ENABLE KEYS */;
UNLOCK TABLES;

--
-- Table structure for table `django_site`
--

DROP TABLE IF EXISTS `django_site`;
/*!40101 SET @saved_cs_client     = @@character_set_client */;
/*!40101 SET character_set_client = utf8 */;
CREATE TABLE `django_site` (
  `id` int(11) NOT NULL AUTO_INCREMENT,
  `domain` varchar(100) NOT NULL,
  `name` varchar(50) NOT NULL,
  PRIMARY KEY (`id`)
) ENGINE=InnoDB AUTO_INCREMENT=2 DEFAULT CHARSET=utf8;
/*!40101 SET character_set_client = @saved_cs_client */;

--
-- Dumping data for table `django_site`
--

LOCK TABLES `django_site` WRITE;
/*!40000 ALTER TABLE `django_site` DISABLE KEYS */;
INSERT INTO `django_site` VALUES (1,'www.lakesdistillery.com','Lakes Distillery');
/*!40000 ALTER TABLE `django_site` ENABLE KEYS */;
UNLOCK TABLES;

--
-- Table structure for table `easy_thumbnails_source`
--

DROP TABLE IF EXISTS `easy_thumbnails_source`;
/*!40101 SET @saved_cs_client     = @@character_set_client */;
/*!40101 SET character_set_client = utf8 */;
CREATE TABLE `easy_thumbnails_source` (
  `id` int(11) NOT NULL AUTO_INCREMENT,
  `storage_hash` varchar(40) NOT NULL,
  `name` varchar(255) NOT NULL,
  `modified` datetime NOT NULL,
  PRIMARY KEY (`id`),
  UNIQUE KEY `storage_hash` (`storage_hash`,`name`),
  KEY `easy_thumbnails_source_3a997c55` (`storage_hash`),
  KEY `easy_thumbnails_source_52094d6e` (`name`)
) ENGINE=InnoDB AUTO_INCREMENT=13 DEFAULT CHARSET=utf8;
/*!40101 SET character_set_client = @saved_cs_client */;

--
-- Dumping data for table `easy_thumbnails_source`
--

LOCK TABLES `easy_thumbnails_source` WRITE;
/*!40000 ALTER TABLE `easy_thumbnails_source` DISABLE KEYS */;
INSERT INTO `easy_thumbnails_source` VALUES (1,'f9bde26a1556cd667f742bd34ec7c55e','jcslider/home_3.jpg','2014-01-09 14:33:02'),(2,'f9bde26a1556cd667f742bd34ec7c55e','jcslider/home_1.jpg','2014-01-09 14:32:54'),(3,'f9bde26a1556cd667f742bd34ec7c55e','jcslider/Founders-Club-Login.gif','2014-01-21 14:59:58'),(4,'f9bde26a1556cd667f742bd34ec7c55e','jcslider/Free_Delivery_in_February.jpg','2014-01-31 16:17:48'),(5,'f9bde26a1556cd667f742bd34ec7c55e','jcslider/Free_Delivery_in_February_2.jpg','2014-01-31 16:27:41'),(6,'f9bde26a1556cd667f742bd34ec7c55e','jcslider/Free_Delivery_in_February_Final.jpg','2014-01-31 17:39:35'),(7,'f9bde26a1556cd667f742bd34ec7c55e','jcslider/Free_Delivery_in_February_3.jpg','2014-01-31 17:39:36'),(8,'f9bde26a1556cd667f742bd34ec7c55e','jcslider/Free_Delivery_in_February_Final_1.jpg','2014-01-31 17:43:08'),(9,'f9bde26a1556cd667f742bd34ec7c55e','jcslider/Free_Delivery_in_February_Final_2.jpg','2014-02-06 18:23:18'),(10,'f9bde26a1556cd667f742bd34ec7c55e','jcslider/Work_has_started_on_site_-_webcams.jpg','2014-03-10 16:38:20'),(11,'f9bde26a1556cd667f742bd34ec7c55e','jcslider/Ad_Campaign_-_Couple.JPG','2014-03-19 15:40:29'),(12,'f9bde26a1556cd667f742bd34ec7c55e','jcslider/Ad_Campaign_-_Male.JPG','2014-03-26 16:29:00');
/*!40000 ALTER TABLE `easy_thumbnails_source` ENABLE KEYS */;
UNLOCK TABLES;

--
-- Table structure for table `easy_thumbnails_thumbnail`
--

DROP TABLE IF EXISTS `easy_thumbnails_thumbnail`;
/*!40101 SET @saved_cs_client     = @@character_set_client */;
/*!40101 SET character_set_client = utf8 */;
CREATE TABLE `easy_thumbnails_thumbnail` (
  `id` int(11) NOT NULL AUTO_INCREMENT,
  `storage_hash` varchar(40) NOT NULL,
  `name` varchar(255) NOT NULL,
  `modified` datetime NOT NULL,
  `source_id` int(11) NOT NULL,
  PRIMARY KEY (`id`),
  UNIQUE KEY `storage_hash` (`storage_hash`,`name`,`source_id`),
  KEY `easy_thumbnails_thumbnail_3a997c55` (`storage_hash`),
  KEY `easy_thumbnails_thumbnail_52094d6e` (`name`),
  KEY `easy_thumbnails_thumbnail_7607617b` (`source_id`),
  CONSTRAINT `source_id_refs_id_5bffe8f5` FOREIGN KEY (`source_id`) REFERENCES `easy_thumbnails_source` (`id`)
) ENGINE=InnoDB AUTO_INCREMENT=13 DEFAULT CHARSET=utf8;
/*!40101 SET character_set_client = @saved_cs_client */;

--
-- Dumping data for table `easy_thumbnails_thumbnail`
--

LOCK TABLES `easy_thumbnails_thumbnail` WRITE;
/*!40000 ALTER TABLE `easy_thumbnails_thumbnail` DISABLE KEYS */;
INSERT INTO `easy_thumbnails_thumbnail` VALUES (1,'d26becbf46ac48eda79c7a39a13a02dd','jcslider/home_3.jpg.92x37_q85_crop.jpg','2014-01-09 14:40:22',1),(2,'d26becbf46ac48eda79c7a39a13a02dd','jcslider/home_1.jpg.92x37_q85_crop.jpg','2014-01-09 14:40:22',2),(3,'d26becbf46ac48eda79c7a39a13a02dd','jcslider/Founders-Club-Login.gif.92x37_q85_crop.jpg','2014-01-21 14:59:58',3),(4,'d26becbf46ac48eda79c7a39a13a02dd','jcslider/Free_Delivery_in_February.jpg.92x37_q85_crop.jpg','2014-01-31 16:17:48',4),(5,'d26becbf46ac48eda79c7a39a13a02dd','jcslider/Free_Delivery_in_February_2.jpg.92x37_q85_crop.jpg','2014-01-31 16:27:41',5),(6,'d26becbf46ac48eda79c7a39a13a02dd','jcslider/Free_Delivery_in_February_Final.jpg.92x37_q85_crop.jpg','2014-01-31 17:39:35',6),(7,'d26becbf46ac48eda79c7a39a13a02dd','jcslider/Free_Delivery_in_February_3.jpg.92x37_q85_crop.jpg','2014-01-31 17:39:36',7),(8,'d26becbf46ac48eda79c7a39a13a02dd','jcslider/Free_Delivery_in_February_Final_1.jpg.92x37_q85_crop.jpg','2014-01-31 17:43:08',8),(9,'d26becbf46ac48eda79c7a39a13a02dd','jcslider/Free_Delivery_in_February_Final_2.jpg.92x37_q85_crop.jpg','2014-02-06 18:23:18',9),(10,'d26becbf46ac48eda79c7a39a13a02dd','jcslider/Work_has_started_on_site_-_webcams.jpg.92x37_q85_crop.jpg','2014-03-10 16:38:20',10),(11,'d26becbf46ac48eda79c7a39a13a02dd','jcslider/Ad_Campaign_-_Couple.JPG.92x37_q85_crop.jpg','2014-03-19 15:40:29',11),(12,'d26becbf46ac48eda79c7a39a13a02dd','jcslider/Ad_Campaign_-_Male.JPG.92x37_q85_crop.jpg','2014-03-26 16:29:00',12);
/*!40000 ALTER TABLE `easy_thumbnails_thumbnail` ENABLE KEYS */;
UNLOCK TABLES;

--
-- Table structure for table `l10n_adminarea`
--

DROP TABLE IF EXISTS `l10n_adminarea`;
/*!40101 SET @saved_cs_client     = @@character_set_client */;
/*!40101 SET character_set_client = utf8 */;
CREATE TABLE `l10n_adminarea` (
  `id` int(11) NOT NULL AUTO_INCREMENT,
  `country_id` int(11) NOT NULL,
  `name` varchar(60) NOT NULL,
  `abbrev` varchar(3) DEFAULT NULL,
  `active` tinyint(1) NOT NULL,
  PRIMARY KEY (`id`),
  KEY `l10n_adminarea_534dd89` (`country_id`),
  CONSTRAINT `country_id_refs_id_2f8bf3ef` FOREIGN KEY (`country_id`) REFERENCES `l10n_country` (`id`)
) ENGINE=InnoDB AUTO_INCREMENT=4914 DEFAULT CHARSET=utf8;
/*!40101 SET character_set_client = @saved_cs_client */;

--
-- Dumping data for table `l10n_adminarea`
--

LOCK TABLES `l10n_adminarea` WRITE;
/*!40000 ALTER TABLE `l10n_adminarea` DISABLE KEYS */;
INSERT INTO `l10n_adminarea` VALUES (1,231,'Alabama','AL',1),(2,231,'Alaska','AK',1),(3,231,'American Samoa','AS',1),(4,231,'Arizona','AZ',1),(5,231,'Arkansas','AR',1),(6,231,'Armed Forces Africa','AE',1),(7,231,'Armed Forces Americas (except Canada)','AA',1),(8,231,'Armed Forces Canada','AE',1),(9,231,'Armed Forces Europe','AE',1),(10,231,'Armed Forces Middle East','AE',1),(11,231,'Armed Forces Pacific','AP',1),(12,231,'California','CA',1),(13,231,'Colorado','CO',1),(14,231,'Connecticut','CT',1),(15,231,'Delaware','DE',1),(16,231,'District of Columbia','DC',1),(17,231,'Federated States of Micronesia','FM',1),(18,231,'Florida','FL',1),(19,231,'Georgia','GA',1),(20,231,'Guam','GU',1),(21,231,'Hawaii','HI',1),(22,231,'Idaho','ID',1),(23,231,'Illinois','IL',1),(24,231,'Indiana','IN',1),(25,231,'Iowa','IA',1),(26,231,'Kansas','KS',1),(27,231,'Kentucky','KY',1),(28,231,'Louisiana','LA',1),(29,231,'Maine','ME',1),(30,231,'Marshall Islands','MH',1),(31,231,'Maryland','MD',1),(32,231,'Massachusetts','MA',1),(33,231,'Michigan','MI',1),(34,231,'Minnesota','MN',1),(35,231,'Mississippi','MS',1),(36,231,'Missouri','MO',1),(37,231,'Montana','MT',1),(38,231,'Nebraska','NE',1),(39,231,'Nevada','NV',1),(40,231,'New Hampshire','NH',1),(41,231,'New Jersey','NJ',1),(42,231,'New Mexico','NM',1),(43,231,'New York','NY',1),(44,231,'North Carolina','NC',1),(45,231,'North Dakota','ND',1),(46,231,'Northern Mariana Islands','MP',1),(47,231,'Ohio','OH',1),(48,231,'Oklahoma','OK',1),(49,231,'Oregon','OR',1),(50,231,'Palau','PW',1),(51,231,'Pennsylvania','PA',1),(52,231,'Puerto Rico','PR',1),(53,231,'Rhode Island','RI',1),(54,231,'South Carolina','SC',1),(55,231,'South Dakota','SD',1),(56,231,'Tennessee','TN',1),(57,231,'Texas','TX',1),(58,231,'Utah','UT',1),(59,231,'Vermont','VT',1),(60,231,'Virgin Islands','VI',1),(61,231,'Virginia','VA',1),(62,231,'Washington','WA',1),(63,231,'West Virginia','WV',1),(64,231,'Wisconsin','WI',1),(65,231,'Wyoming','WY',1),(66,6,'Andorra (general)','',1),(67,6,'Andorra','',1),(68,6,'Canillo','',1),(69,6,'Encamp','',1),(70,6,'La Massana','',1),(71,6,'Ordino','',1),(72,6,'Sant Juli de Lria','',1),(73,6,'Andorra la Vella','',1),(74,6,'Escaldes-Engordany','',1),(75,229,'United Arab Emirates (general)','',1),(76,229,'Ab? ?aby','',1),(77,229,'?Ajm?n','',1),(78,229,'Dubayy','',1),(79,229,'Al Fujayrah','',1),(80,229,'Ra?s al Khaymah','',1),(81,229,'Ash Sh?riqah','',1),(82,229,'Umm al Qaywayn','',1),(83,1,'Afghanistan (general)','',1),(84,1,'Badakhsh?n','',1),(85,1,'Badghis Province','',1),(86,1,'Baghl?n','',1),(87,1,'B?m??n','',1),(88,1,'Far?h','',1),(89,1,'Faryab Province','',1),(90,1,'Ghazn?','',1),(91,1,'Ghowr','',1),(92,1,'Helmand','',1),(93,1,'Herat Province','',1),(94,1,'Kabul Province','',1),(95,1,'K?p?s?','',1),(96,1,'Konarha','',1),(97,1,'Laghman','',1),(98,1,'Lowgar','',1),(99,1,'Nangarh?r','',1),(100,1,'N?mr?z','',1),(101,1,'Or?zg?n','',1),(102,1,'Paktika','',1),(103,1,'Parv?n','',1),(104,1,'Kandah?r','',1),(105,1,'Kunduz Province','',1),(106,1,'Takh?r','',1),(107,1,'Vardak','',1),(108,1,'Zabul Province','',1),(109,1,'Pakt?k?','',1),(110,1,'Balkh','',1),(111,1,'Jowzj?n','',1),(112,1,'Samang?n','',1),(113,1,'Sar-e Pol','',1),(114,1,'Konar','',1),(115,1,'Laghm?n','',1),(116,1,'Paktia Province','',1),(117,1,'Khowst','',1),(118,1,'N?rest?n','',1),(119,1,'Or?zg?n Province','',1),(120,1,'Parv?n','',1),(121,1,'D?ykond?','',1),(122,1,'Panjsh?r','',1),(123,10,'Antigua and Barbuda (general)','',1),(124,10,'Barbuda','',1),(125,10,'Saint George','',1),(126,10,'Saint John','',1),(127,10,'Saint Mary','',1),(128,10,'Saint Paul','',1),(129,10,'Saint Peter','',1),(130,10,'Saint Philip','',1),(131,8,'Anguilla (general)','',1),(132,3,'Albania (general)','',1),(133,3,'Berat','',1),(134,3,'Dibr','',1),(135,3,'Durrs','',1),(136,3,'Elbasan','',1),(137,3,'Fier','',1),(138,3,'Gjirokastr','',1),(139,3,'Kor','',1),(140,3,'Kuks','',1),(141,3,'Lezh','',1),(142,3,'Shkodr','',1),(143,3,'Tiran','',1),(144,3,'Vlor','',1),(145,12,'Armenia (general)','',1),(146,12,'Aragatsotn','',1),(147,12,'Ararat','',1),(148,12,'Armavir','',1),(149,12,'Geghark?unik?','',1),(150,12,'Kotayk?','',1),(151,12,'Lorri','',1),(152,12,'Shirak','',1),(153,12,'Syunik?','',1),(154,12,'Tavush','',1),(155,12,'Vayots? Dzor','',1),(156,12,'Yerevan','',1),(157,156,'Netherlands Antilles (general)','',1),(158,7,'Angola (general)','',1),(159,7,'Benguela','',1),(160,7,'Bi','',1),(161,7,'Cabinda','',1),(162,7,'Cuando Cubango','',1),(163,7,'Cuanza Norte','',1),(164,7,'Cuanza Sul','',1),(165,7,'Cunene','',1),(166,7,'Huambo','',1),(167,7,'Hula','',1),(168,7,'Luanda','',1),(169,7,'Malanje','',1),(170,7,'Namibe','',1),(171,7,'Moxico','',1),(172,7,'Uge','',1),(173,7,'Zaire','',1),(174,7,'Lunda Norte','',1),(175,7,'Lunda Sul','',1),(176,7,'Bengo','',1),(177,9,'Antarctica (general)','',1),(178,11,'Argentina (general)','',1),(179,11,'Buenos Aires','',1),(180,11,'Catamarca','',1),(181,11,'Chaco','',1),(182,11,'Chubut','',1),(183,11,'Crdoba','',1),(184,11,'Corrientes','',1),(185,11,'Distrito Federal','',1),(186,11,'Entre Ros','',1),(187,11,'Formosa','',1),(188,11,'Jujuy','',1),(189,11,'La Pampa','',1),(190,11,'La Rioja','',1),(191,11,'Mendoza','',1),(192,11,'Misiones','',1),(193,11,'Neuqun','',1),(194,11,'Ro Negro','',1),(195,11,'Salta','',1),(196,11,'San Juan','',1),(197,11,'San Luis','',1),(198,11,'Santa Cruz','',1),(199,11,'Santa Fe','',1),(200,11,'Santiago del Estero','',1),(201,11,'Tierra del Fuego, Antrtida e Islas del Atlntico Sur','',1),(202,11,'Tucumn','',1),(203,15,'Austria (general)','',1),(204,15,'Burgenland','',1),(205,15,'Carinthia','',1),(206,15,'Lower Austria','',1),(207,15,'Obersterreich','',1),(208,15,'Salzburg','',1),(209,15,'Steiermark','',1),(210,15,'Tirol','',1),(211,15,'Vorarlberg','',1),(212,15,'Wien','',1),(213,14,'Heard Island and McDonald Islands (general)','',1),(214,14,'Australian Capital Territory','ACT',1),(215,14,'New South Wales','NSW',1),(216,14,'Northern Territory','NT',1),(217,14,'Queensland','QLD',1),(218,14,'South Australia','SA',1),(219,14,'Tasmania','TAS',1),(220,14,'Victoria','VIC',1),(221,14,'Western Australia','WA',1),(222,16,'Azerbaijan (general)','',1),(223,16,'Ab?eron','',1),(224,16,'A?cab?di','',1),(225,16,'A?dam','',1),(226,16,'A?da?','',1),(227,16,'A?stafa','',1),(228,16,'A?su','',1),(229,16,'?li Bayramli','',1),(230,16,'Astara','',1),(231,16,'Baki','',1),(232,16,'Balak?n','',1),(233,16,'B?rd?','',1),(234,16,'Beyl?qan','',1),(235,16,'Bil?suvar','',1),(236,16,'C?bray?l','',1),(237,16,'C?lilabad','',1),(238,16,'Da?k?s?n','',1),(239,16,'D?v?i','',1),(240,16,'Fzuli','',1),(241,16,'G?d?b?y','',1),(242,16,'G?nc?','',1),(243,16,'Goranboy','',1),(244,16,'Gyay','',1),(245,16,'Hac?qabul','',1),(246,16,'?mi?li','',1),(247,16,'?smay?ll?','',1),(248,16,'K?lb?c?r','',1),(249,16,'Krd?mir','',1),(250,16,'La?n','',1),(251,16,'L?nk?ran','',1),(252,16,'L?nk?ran','',1),(253,16,'Lerik','',1),(254,16,'Masall?','',1),(255,16,'Ming?cevir','',1),(256,16,'Naftalan','',1),(257,16,'Nakhichevan','',1),(258,16,'Neftala','',1),(259,16,'O?uz','',1),(260,16,'Q?b?l?','',1),(261,16,'Q?x','',1),(262,16,'Qazax','',1),(263,16,'Qobustan','',1),(264,16,'Quba','',1),(265,16,'Qubadl?','',1),(266,16,'Qusar','',1),(267,16,'Saatl?','',1),(268,16,'Sabirabad','',1),(269,16,'??ki','',1),(270,16,'??ki','',1),(271,16,'Salyan','',1),(272,16,'?amax?','',1),(273,16,'??mkir','',1),(274,16,'Samux','',1),(275,16,'Siy?z?n','',1),(276,16,'Sumqayit','',1),(277,16,'?u?a','',1),(278,16,'?u?a','',1),(279,16,'T?rt?r','',1),(280,16,'Tovuz','',1),(281,16,'Ucar','',1),(282,16,'Xamaz','',1),(283,16,'Xank?ndi','',1),(284,16,'Xanlar','',1),(285,16,'X?z?','',1),(286,16,'Xocal?','',1),(287,16,'Xocav?nd','',1),(288,16,'Yard?ml?','',1),(289,16,'Yevlax','',1),(290,16,'Yevlax','',1),(291,16,'Z?ngilan','',1),(292,16,'Zaqatala','',1),(293,16,'Z?rdab','',1),(294,28,'Bosnia and Herzegovina (general)','',1),(295,28,'Federation of Bosnia and Herzegovina','',1),(296,28,'Republika Srpska','',1),(297,28,'Br?ko Distrikt','',1),(298,20,'Barbados (general)','',1),(299,20,'Christ Church','',1),(300,20,'Saint Andrew','',1),(301,20,'Saint George','',1),(302,20,'Saint James','',1),(303,20,'Saint John','',1),(304,20,'Saint Joseph','',1),(305,20,'Saint Lucy','',1),(306,20,'Saint Michael','',1),(307,20,'Saint Peter','',1),(308,20,'Saint Philip','',1),(309,20,'Saint Thomas','',1),(310,19,'Bangladesh (general)','',1),(311,19,'BG80','',1),(312,19,'Dhaka','',1),(313,19,'Khulna','',1),(314,19,'R?jsh?hi','',1),(315,19,'Chittagong','',1),(316,19,'Baris?l','',1),(317,19,'Sylhet','',1),(318,22,'Belgium (general)','',1),(319,22,'Antwerpen','',1),(320,22,'Brabant Provincie','',1),(321,22,'Hainaut','',1),(322,22,'Lige','',1),(323,22,'Limburg','',1),(324,22,'Luxembourg','',1),(325,22,'Namur','',1),(326,22,'Oost-Vlaanderen','',1),(327,22,'West-Vlaanderen','',1),(328,22,'Brabant Wallon','',1),(329,22,'Bruxelles-Capitale','',1),(330,22,'Vlaams-Brabant','',1),(331,35,'Burkina Faso (general)','',1),(332,35,'Bam','',1),(333,35,'Mayaguana District','',1),(334,35,'New Providence','',1),(335,35,'Ragged Island District','',1),(336,35,'Boulkiemd','',1),(337,35,'Ganzourgou','',1),(338,35,'Gnagna','',1),(339,35,'Harbour Island District','',1),(340,35,'New Providence District','',1),(341,35,'Acklins and Crooked Islands District','',1),(342,35,'Freeport District','',1),(343,35,'Fresh Creek District','',1),(344,35,'Governor?s Harbour District','',1),(345,35,'Kouritenga','',1),(346,35,'High Rock District','',1),(347,35,'Kemps Bay District','',1),(348,35,'Marsh Harbour District','',1),(349,35,'Nichollstown and Berry Islands District','',1),(350,35,'Oudalan','',1),(351,35,'Passore','',1),(352,35,'San Salvador and Rum Cay District','',1),(353,35,'Sangui','',1),(354,35,'(UV37)','',1),(355,35,'(UV38)','',1),(356,35,'(UV39)','',1),(357,35,'Soum','',1),(358,35,'(UV41)','',1),(359,35,'Tapoa','',1),(360,35,'(UV43)','',1),(361,35,'Zoundwogo','',1),(362,35,'Bal','',1),(363,35,'Banwa','',1),(364,35,'Bazga','',1),(365,35,'Bougouriba','',1),(366,35,'Boulgou','',1),(367,35,'Gourma','',1),(368,35,'Houet','',1),(369,35,'Ioba','',1),(370,35,'Kadiogo','',1),(371,35,'Kndougou','',1),(372,35,'Como','',1),(373,35,'Komondjari','',1),(374,35,'Kompienga','',1),(375,35,'Kossi','',1),(376,35,'Koulplogo','',1),(377,35,'Kourwogo','',1),(378,35,'Lraba','',1),(379,35,'Loroum','',1),(380,35,'Mouhoun','',1),(381,35,'Namentenga','',1),(382,35,'Nahouri','',1),(383,35,'Nayala','',1),(384,35,'Noumbiel','',1),(385,35,'Oubritenga','',1),(386,35,'Poni','',1),(387,35,'Sanmatenga','',1),(388,35,'Sno','',1),(389,35,'Sissili','',1),(390,35,'Sourou','',1),(391,35,'Tuy','',1),(392,35,'Yagha','',1),(393,35,'Yatenga','',1),(394,35,'Ziro','',1),(395,35,'Zondoma','',1),(396,34,'Bulgaria (general)','',1),(397,34,'Chattagram','',1),(398,34,'Chuadanga','',1),(399,34,'Cox?s Bazar','',1),(400,34,'Dhaka','',1),(401,34,'Mikhaylovgrad','',1),(402,34,'Dinajpur','',1),(403,34,'Feni','',1),(404,34,'Gaibandha','',1),(405,34,'Gazipur','',1),(406,34,'Blagoevgrad','',1),(407,34,'Burgas','',1),(408,34,'Dobrich','',1),(409,34,'Gabrovo','',1),(410,34,'Sofiya-Grad','',1),(411,34,'Khaskovo','',1),(412,34,'K?rdzhali','',1),(413,34,'Kyustendil','',1),(414,34,'Lovech','',1),(415,34,'Montana','',1),(416,34,'Pazardzhit','',1),(417,34,'Pernik','',1),(418,34,'Pleven','',1),(419,34,'Plovdiv','',1),(420,34,'Razgrad','',1),(421,34,'Ruse','',1),(422,34,'Shumen','',1),(423,34,'Silistra','',1),(424,34,'Sliven','',1),(425,34,'Smolyan','',1),(426,34,'Sofiya','',1),(427,34,'Stara Zagora','',1),(428,34,'T?rgovishte','',1),(429,34,'Varna','',1),(430,34,'Veliko T?rnovo','',1),(431,34,'Vidin','',1),(432,34,'Vratsa','',1),(433,34,'Yambol','',1),(434,18,'Bahrain (general)','',1),(435,18,'Al ?add','',1),(436,18,'Al Man?mah','',1),(437,18,'Al Mu?arraq','',1),(438,18,'Jidd ?af?','',1),(439,18,'Sitrah','',1),(440,18,'(BA07)','',1),(441,18,'Al Min?aqah al Gharb?yah','',1),(442,18,'Min?aqat Juzur ?aw?r','',1),(443,18,'Al Min?aqah ash Sham?l?yah','',1),(444,18,'Al Min?aqah al Wus?','',1),(445,18,'Mad?nat ??s','',1),(446,18,'Ar Rif?? wa al Min?aqah al Jan?b?yah','',1),(447,18,'Mad?nat ?amad','',1),(448,36,'Burundi (general)','',1),(449,36,'Bujumbura','',1),(450,36,'(BY05)','',1),(451,36,'Bubanza','',1),(452,36,'Bururi','',1),(453,36,'Cankuzo','',1),(454,36,'Cibitoke','',1),(455,36,'Gitega','',1),(456,36,'Karuzi','',1),(457,36,'Kayanza','',1),(458,36,'Kirundo','',1),(459,36,'Makamba','',1),(460,36,'Muyinga','',1),(461,36,'Ngozi','',1),(462,36,'Rutana','',1),(463,36,'Ruyigi','',1),(464,36,'Muramvya','',1),(465,36,'Mwaro','',1),(466,24,'Benin (general)','',1),(467,24,'Atakora','',1),(468,24,'Atlantique','',1),(469,24,'Borgou','',1),(470,24,'Mono','',1),(471,24,'Oueme','',1),(472,24,'Zou','',1),(473,24,'Alibori','',1),(474,24,'Atakora','',1),(475,24,'Atlantique','',1),(476,24,'Borgou','',1),(477,24,'Collines','',1),(478,24,'Kouffo','',1),(479,24,'Donga','',1),(480,24,'Littoral','',1),(481,24,'Mono','',1),(482,24,'Qum','',1),(483,24,'Plateau','',1),(484,24,'Zou','',1),(485,25,'Bermuda (general)','',1),(486,25,'Devonshire','',1),(487,25,'Hamilton','',1),(488,25,'Hamilton','',1),(489,25,'Paget','',1),(490,25,'Pembroke','',1),(491,25,'Saint George','',1),(492,25,'Saint George\'s','',1),(493,25,'Sandys','',1),(494,25,'Smith\'s','',1),(495,25,'Southampton','',1),(496,25,'Warwick','',1),(497,33,'Brunei (general)','',1),(498,33,'Belait','',1),(499,33,'Brunei and Muara','',1),(500,33,'Temburong','',1),(501,33,'Tutong','',1),(502,27,'Bolivia (general)','',1),(503,27,'Chuquisaca','',1),(504,27,'Cochabamba','',1),(505,27,'El Beni','',1),(506,27,'La Paz','',1),(507,27,'Oruro','',1),(508,27,'Pando','',1),(509,27,'Potos','',1),(510,27,'Santa Cruz','',1),(511,27,'Tarija','',1),(512,31,'Brazil (general)','',1),(513,31,'Acre','AC',1),(514,31,'Alagoas','AL',1),(515,31,'Amap','AM',1),(516,31,'Amazonas','AM',1),(517,31,'Bahia','BA',1),(518,31,'Cear','CE',1),(519,31,'Distrito Federal','DF',1),(520,31,'Esprito Santo','ES',1),(521,31,'Fernando de Noronha','',1),(523,31,'Mato Grosso do Sul','MS',1),(524,31,'Maranho','MA',1),(525,31,'Mato Grosso','MT',1),(526,31,'Minas Gerais','MG',1),(527,31,'Par','PA',1),(528,31,'Paraba','PB',1),(529,31,'Paran','PR',1),(530,31,'Pernambuco','PE',1),(531,31,'Piau','PI',1),(532,31,'Rio de Janeiro','RJ',1),(533,31,'Rio Grande do Norte','RN',1),(534,31,'Rio Grande do Sul','RS',1),(535,31,'Rondnia','RO',1),(536,31,'Roraima','RR',1),(537,31,'Santa Catarina','SC',1),(538,31,'So Paulo','SP',1),(539,31,'Sergipe','SE',1),(540,31,'Gois','GO',1),(542,31,'Tocantins','TO',1),(543,17,'Bahamas, The (general)','',1),(544,17,'Bimini','',1),(545,17,'Cat Island','',1),(546,17,'Exuma','',1),(547,17,'Inagua','',1),(548,17,'Long Island','',1),(549,17,'Mayaguana','',1),(550,17,'Ragged Island','',1),(551,17,'Harbour Island','',1),(552,17,'New Providence','',1),(553,17,'Acklins and Crooked Islands','',1),(554,17,'Freeport','',1),(555,17,'Fresh Creek','',1),(556,17,'Governor\'s Harbour','',1),(557,17,'Green Turtle Cay','',1),(558,17,'High Rock','',1),(559,17,'Kemps Bay','',1),(560,17,'Marsh Harbour','',1),(561,17,'Nichollstown and Berry Islands','',1),(562,17,'Rock Sound','',1),(563,17,'Sandy Point','',1),(564,17,'San Salvador and Rum Cay','',1),(565,26,'Bhutan (general)','',1),(566,26,'Bumthang','',1),(567,26,'Chhukha','',1),(568,26,'Chirang','',1),(569,26,'Daga','',1),(570,26,'Geylegphug','',1),(571,26,'Ha','',1),(572,26,'Lhuntshi','',1),(573,26,'Mongar','',1),(574,26,'Paro District','',1),(575,26,'Pemagatsel','',1),(576,26,'Punakha','',1),(577,26,'Samchi','',1),(578,26,'Samdrup Jongkhar District','',1),(579,26,'Shemgang','',1),(580,26,'Tashigang','',1),(581,26,'Thimphu','',1),(582,26,'Tongsa','',1),(583,26,'Wangdi Phodrang','',1),(584,29,'Botswana (general)','',1),(585,29,'Central','',1),(586,29,'Chobe','',1),(587,29,'Ghanzi','',1),(588,29,'Kgalagadi','',1),(589,29,'Kgatleng','',1),(590,29,'Kweneng','',1),(591,29,'Ngamiland','',1),(592,29,'North East','',1),(593,29,'South East','',1),(594,29,'Southern','',1),(595,29,'North West','',1),(596,21,'Belarus (general)','',1),(597,21,'Brestskaya Voblasts?','',1),(598,21,'Homyel?skaya Voblasts?','',1),(599,21,'Hrodzyenskaya Voblasts?','',1),(600,21,'Mahilyowskaya Voblasts?','',1),(601,21,'Horad Minsk','',1),(602,21,'Minskaya Voblasts?','',1),(603,21,'Vitsyebskaya Voblasts?','',1),(604,23,'Belize (general)','',1),(605,23,'Belize','',1),(606,23,'Cayo','',1),(607,23,'Corozal','',1),(608,23,'Orange Walk','',1),(609,23,'Stann Creek','',1),(610,23,'Toledo','',1),(611,39,'Canada (general)','',1),(612,39,'Alberta','AB',1),(613,39,'British Columbia','BC',1),(614,39,'Manitoba','MB',1),(615,39,'New Brunswick','NB',1),(616,39,'Newfoundland and Labrador','NL',1),(617,39,'Nova Scotia','NS',1),(618,39,'Ontario','ON',1),(619,39,'Prince Edward Island','PE',1),(620,39,'Quebec','QC',1),(621,39,'Saskatchewan','SK',1),(622,39,'Yukon Territory','YT',1),(623,39,'Northwest Territories','NT',1),(624,39,'Nunavut','NU',1),(625,47,'Cocos (Keeling) Islands (general)','',1),(626,51,'Congo, Democratic Republic of The (general)','',1),(627,51,'Bandundu','',1),(628,51,'quateur','',1),(629,51,'Kasa-Occidental','',1),(630,51,'Kasa-Oriental','',1),(631,51,'Katanga','',1),(632,51,'Kinshasa','',1),(633,51,'Kivu Rgion du','',1),(634,51,'Bas-Congo','',1),(635,51,'Orientale','',1),(636,51,'Maniema','',1),(637,51,'Nord-Kivu','',1),(638,51,'Sud-Kivu','',1),(639,42,'Central African Republic (general)','',1),(640,42,'Bamingui-Bangoran','',1),(641,42,'Basse-Kotto','',1),(642,42,'Haute-Kotto','',1),(643,42,'Mambr-Kad','',1),(644,42,'Haut-Mbomou','',1),(645,42,'Kmo','',1),(646,42,'Lobaye','',1),(647,42,'Mbomou','',1),(648,42,'Nana-Mambr','',1),(649,42,'Ouaka','',1),(650,42,'Ouham','',1),(651,42,'Ouham-Pend','',1),(652,42,'Vakaga','',1),(653,42,'Nana-Grbizi','',1),(654,42,'Sangha-Mbar','',1),(655,42,'Ombella-Mpoko','',1),(656,42,'Bangui','',1),(657,50,'Congo (general)','',1),(658,50,'Bouenza','',1),(659,50,'CF03','',1),(660,50,'Kouilou','',1),(661,50,'Lkoumou','',1),(662,50,'Likouala','',1),(663,50,'Niari','',1),(664,50,'Plateaux','',1),(665,50,'Sangha','',1),(666,50,'Pool','',1),(667,50,'Brazzaville','',1),(668,50,'Cuvette','',1),(669,50,'Cuvette-Ouest','',1),(670,211,'Switzerland (general)','',1),(671,211,'Aargau','',1),(672,211,'Appenzell Innerrhoden','',1),(673,211,'Appenzell Ausserrhoden','',1),(674,211,'Bern','',1),(675,211,'Basel-Landschaft','',1),(676,211,'Basel-Stadt','',1),(677,211,'Fribourg','',1),(678,211,'Genve','',1),(679,211,'Glarus','',1),(680,211,'Graubnden','',1),(681,211,'Jura','',1),(682,211,'Luzern','',1),(683,211,'Neuchtel','',1),(684,211,'Nidwalden','',1),(685,211,'Obwalden','',1),(686,211,'Sankt Gallen','',1),(687,211,'Schaffhausen','',1),(688,211,'Solothurn','',1),(689,211,'Schwyz','',1),(690,211,'Thurgau','',1),(691,211,'Ticino','',1),(692,211,'Uri','',1),(693,211,'Vaud','',1),(694,211,'Valais','',1),(695,211,'Zug','',1),(696,211,'Zrich','',1),(697,54,'Cte d\'Ivoire (general)','',1),(698,54,'Valparaso Region','',1),(699,54,'Antofagasta Region','',1),(700,54,'Araucana Region','',1),(701,54,'Atacama Region','',1),(702,54,'Biobo Region','',1),(703,54,'Coquimbo Region','',1),(704,54,'Maule Region','',1),(705,54,'Santiago Metropolitan Region','',1),(706,54,'Danane','',1),(707,54,'Divo','',1),(708,54,'Ferkessedougou','',1),(709,54,'Gagnoa','',1),(710,54,'Katiola','',1),(711,54,'Korhogo','',1),(712,54,'Odienne','',1),(713,54,'Seguela','',1),(714,54,'Touba','',1),(715,54,'Bongouanou','',1),(716,54,'Issia','',1),(717,54,'Lakota','',1),(718,54,'Mankono','',1),(719,54,'Oume','',1),(720,54,'Soubre','',1),(721,54,'Tingrela','',1),(722,54,'Zuenoula','',1),(723,54,'(IV35)','',1),(724,54,'Bangolo','',1),(725,54,'Beoumi','',1),(726,54,'Bondoukou','',1),(727,54,'Bouafle','',1),(728,54,'Bouake','',1),(729,54,'Daloa','',1),(730,54,'Daoukro','',1),(731,54,'(IV43)','',1),(732,54,'Duekoue','',1),(733,54,'Grand-Lahou','',1),(734,54,'(IV46)','',1),(735,54,'Man','',1),(736,54,'Mbahiakro','',1),(737,54,'Sakassou','',1),(738,54,'San Pedro','',1),(739,54,'Sassandra','',1),(740,54,'Sinfra','',1),(741,54,'Tabou','',1),(742,54,'Tanda','',1),(743,54,'Tiassale','',1),(744,54,'Toumodi','',1),(745,54,'Vavoua','',1),(746,54,'(IV58)','',1),(747,54,'(IV59)','',1),(748,54,'(IV60)','',1),(749,54,'Abidjan','',1),(750,54,'Aboisso','',1),(751,54,'Adiake','',1),(752,54,'Alepe','',1),(753,54,'Bocanda','',1),(754,54,'Dabou','',1),(755,54,'Dimbokro','',1),(756,54,'Grand-Bassam','',1),(757,54,'Guiglo','',1),(758,54,'Jacqueville','',1),(759,54,'Tiebissou','',1),(760,54,'Toulepleu','',1),(761,54,'Yamoussoukro','',1),(762,54,'Agnby','',1),(763,54,'Bafing','',1),(764,54,'Bas-Sassandra','',1),(765,54,'Dengul','',1),(766,54,'Dix-Huit Montagnes','',1),(767,54,'Fromager','',1),(768,54,'Haut-Sassandra','',1),(769,54,'Lacs','',1),(770,54,'Lagunes','',1),(771,54,'Marahou','',1),(772,54,'Moyen-Cavally','',1),(773,54,'Moyen-Como','',1),(774,54,'N?zi-Como','',1),(775,54,'Savanes','',1),(776,54,'Sud-Bandama','',1),(777,54,'Sud-Como','',1),(778,54,'Valle du Bandama','',1),(779,54,'Worodougou','',1),(780,54,'Zanzan','',1),(781,52,'Cook Islands (general)','',1),(782,44,'Chile (general)','',1),(783,44,'Valparaso','',1),(784,44,'Aisn del General Carlos Ibez del Campo','',1),(785,44,'Antofagasta','',1),(786,44,'Araucana','',1),(787,44,'Atacama','',1),(788,44,'Bo-Bo','',1),(789,44,'Coquimbo','',1),(790,44,'Libertador General Bernardo O\'Higgins','',1),(791,44,'Los Lagos','',1),(792,44,'Magallanes y Antrtica Chilena','',1),(793,44,'Maule','',1),(794,44,'Regin Metropolitana','',1),(795,44,'Tarapac','',1),(796,38,'Cameroon (general)','',1),(797,38,'Est','',1),(798,38,'Littoral','',1),(799,38,'North-West Province','',1),(800,38,'Ouest','',1),(801,38,'South-West Province','',1),(802,38,'Adamaoua','',1),(803,38,'Centre','',1),(804,38,'Extreme-Nord','',1),(805,38,'North Province','',1),(806,38,'South Province','',1),(807,45,'Paracel Islands (general)','',1),(808,45,'Anhui','',1),(809,45,'Zhejiang','',1),(810,45,'Jiangxi','',1),(811,45,'Nanjing','',1),(812,45,'Jilin','',1),(813,45,'Qinghai','',1),(814,45,'Fujian','',1),(815,45,'Heilongjiang','',1),(816,45,'Henan','',1),(817,45,'disputed','',1),(818,45,'Hebei','',1),(819,45,'Hunan Province','',1),(820,45,'Hubei','',1),(821,45,'Xinjiang','',1),(822,45,'Xizang','',1),(823,45,'Gansu','',1),(824,45,'Guangxi','',1),(825,45,'Guizhou','',1),(826,45,'Liaoning Province','',1),(827,45,'Nei Mongol','',1),(828,45,'Ningxia','',1),(829,45,'Beijing','',1),(830,45,'Shanghai','',1),(831,45,'Shanxi','',1),(832,45,'Shandong','',1),(833,45,'Shaanxi','',1),(834,45,'Tianjin','',1),(835,45,'Yunnan Province','',1),(836,45,'Guangdong','',1),(837,45,'Hainan Province','',1),(838,45,'Sichuan','',1),(839,45,'Chongqing','',1),(840,45,'PF99','',1),(841,48,'Colombia (general)','',1),(842,48,'Amazonas','',1),(843,48,'Antioquia','',1),(844,48,'Arauca','',1),(845,48,'Atlntico','',1),(846,48,'Bolvar','',1),(847,48,'Boyac','',1),(848,48,'Caldas','',1),(849,48,'Caquet','',1),(850,48,'Cauca','',1),(851,48,'Cesar','',1),(852,48,'Choc','',1),(853,48,'Crdoba','',1),(854,48,'Guaviare','',1),(855,48,'Guaina','',1),(856,48,'Huila','',1),(857,48,'La Guajira','',1),(858,48,'Magdalena','',1),(859,48,'Meta','',1),(860,48,'Nario','',1),(861,48,'Norte de Santander','',1),(862,48,'Putumayo','',1),(863,48,'Quindo','',1),(864,48,'Risaralda','',1),(865,48,'Archipilago de San Andrs, Providencia y Santa Catalina','',1),(866,48,'Santander','',1),(867,48,'Sucre','',1),(868,48,'Tolima','',1),(869,48,'Valle del Cauca','',1),(870,48,'Vaups','',1),(871,48,'Vichada','',1),(872,48,'Casanare','',1),(873,48,'Cundinamarca','',1),(874,48,'Distrito Capital','',1),(875,48,'Bolvar','',1),(876,48,'Boyac','',1),(877,48,'Caldas','',1),(878,48,'Magdalena','',1),(879,53,'Costa Rica (general)','',1),(880,53,'Alajuela','',1),(881,53,'Cartago','',1),(882,53,'Guanacaste','',1),(883,53,'Heredia','',1),(884,53,'Limn','',1),(885,53,'Puntarenas','',1),(886,53,'San Jos','',1),(887,53,'Serbia and Montenegro (general)','',1),(888,53,'Crna Gora (Montenegro)','',1),(889,53,'Srbija (Serbia)','',1),(890,56,'Cuba (general)','',1),(891,56,'Pinar del Ro','',1),(892,56,'Ciudad de La Habana','',1),(893,56,'Matanzas','',1),(894,56,'Isla de la Juventud','',1),(895,56,'Camagey','',1),(896,56,'Ciego de vila','',1),(897,56,'Cienfuegos','',1),(898,56,'Granma','',1),(899,56,'Guantnamo','',1),(900,56,'La Habana','',1),(901,56,'Holgun','',1),(902,56,'Las Tunas','',1),(903,56,'Sancti Spritus','',1),(904,56,'Santiago de Cuba','',1),(905,56,'Villa Clara','',1),(906,40,'Cape Verde (general)','',1),(907,40,'Boa Vista','',1),(908,40,'Brava','',1),(909,40,'Fogo Concelho do','',1),(910,40,'Maio','',1),(911,40,'Paul','',1),(912,40,'Praia','',1),(913,40,'Ribeira Grande','',1),(914,40,'Sal','',1),(915,40,'Santa Catarina','',1),(916,40,'So Nicolau','',1),(917,40,'So Vicente','',1),(918,40,'Tarrafal','',1),(919,40,'Mosteiros','',1),(920,40,'Praia','',1),(921,40,'Santa Catarina','',1),(922,40,'Santa Cruz','',1),(923,40,'So Domingos','',1),(924,40,'So Filipe','',1),(925,40,'So Miguel','',1),(926,40,'Tarrafal','',1),(927,46,'Christmas Island (general)','',1),(928,57,'Cyprus (general)','',1),(929,57,'Famagusta','',1),(930,57,'Kyrenia','',1),(931,57,'Larnaca','',1),(932,57,'Nicosia','',1),(933,57,'Limassol','',1),(934,57,'Paphos','',1),(935,58,'Czech Republic (general)','',1),(936,58,'Hradec Kralove','',1),(937,58,'Jablonec nad Nisou','',1),(938,58,'Jiein','',1),(939,58,'Jihlava','',1),(940,58,'Kolin','',1),(941,58,'Liberec','',1),(942,58,'Melnik','',1),(943,58,'Mlada Boleslav','',1),(944,58,'Nachod','',1),(945,58,'Nymburk','',1),(946,58,'Pardubice','',1),(947,58,'Hlavn Mesto Praha','',1),(948,58,'Semily','',1),(949,58,'Trutnov','',1),(950,58,'(EZ73)','',1),(951,58,'South Moravian Region','',1),(952,58,'Jiho?esk Kraj','',1),(953,58,'Vyso?ina','',1),(954,58,'Karlovarsk Kraj','',1),(955,58,'Krlovhradeck Kraj','',1),(956,58,'Libereck Kraj','',1),(957,58,'Olomouck Kraj','',1),(958,58,'Moravskoslezsk Kraj','',1),(959,58,'Pardubick Kraj','',1),(960,58,'Plze?sk Kraj','',1),(961,58,'St?edo?esk Kraj','',1),(962,58,'steck Kraj','',1),(963,58,'Zlnsk Kraj','',1),(964,81,'Germany (general)','',1),(965,81,'Baden-Wrttemberg','',1),(966,81,'Bavaria','',1),(967,81,'Bremen','',1),(968,81,'Hamburg','',1),(969,81,'Hessen','',1),(970,81,'Niedersachsen','',1),(971,81,'Nordrhein-Westfalen','',1),(972,81,'Rheinland-Pfalz','',1),(973,81,'Saarland','',1),(974,81,'Schleswig-Holstein','',1),(975,81,'Brandenburg','',1),(976,81,'Mecklenburg-Vorpommern','',1),(977,81,'Sachsen','',1),(978,81,'Sachsen-Anhalt','',1),(979,81,'Thringen','',1),(980,81,'Berlin','',1),(981,60,'Djibouti (general)','',1),(982,60,'Ali Sabieh','',1),(983,60,'Dikhil','',1),(984,60,'Djibouti','',1),(985,60,'Obock','',1),(986,60,'Tadjourah','',1),(987,60,'Dikhil','',1),(988,60,'Djibouti','',1),(989,60,'Arta','',1),(990,59,'rhus','',1),(991,59,'Bornholm','',1),(992,59,'Frederiksborg','',1),(993,59,'Fyn','',1),(994,59,'Copenhagen city','',1),(995,59,'Kbenhavn','',1),(996,59,'Nordjylland','',1),(997,59,'Ribe','',1),(998,59,'Ringkbing','',1),(999,59,'Roskilde','',1),(1000,59,'Snderjylland','',1),(1001,59,'Storstrm','',1),(1002,59,'Vejle','',1),(1003,59,'Vestsjlland','',1),(1004,59,'Viborg','',1),(1005,59,'Fredriksberg','',1),(1006,59,'Region Hovedstaden','',1),(1007,59,'Region Midtjylland','',1),(1008,59,'Region Nordjylland','',1),(1009,59,'Region Sjland','',1),(1010,59,'Region Syddanmark','',1),(1011,61,'Dominica (general)','',1),(1012,61,'Saint Andrew','',1),(1013,61,'Saint David','',1),(1014,61,'Saint George','',1),(1015,61,'Saint John','',1),(1016,61,'Saint Joseph','',1),(1017,61,'Saint Luke','',1),(1018,61,'Saint Mark','',1),(1019,61,'Saint Patrick','',1),(1020,61,'Saint Paul','',1),(1021,61,'Saint Peter','',1),(1022,62,'Dominican Republic (general)','',1),(1023,62,'Azua','',1),(1024,62,'Baoruco','',1),(1025,62,'Barahona','',1),(1026,62,'Dajabn','',1),(1027,62,'Duarte','',1),(1028,62,'Espaillat','',1),(1029,62,'Independencia','',1),(1030,62,'La Altagracia','',1),(1031,62,'Elas Pia','',1),(1032,62,'La Romana','',1),(1033,62,'Mara Trinidad Snchez','',1),(1034,62,'Monte Cristi','',1),(1035,62,'Pedernales','',1),(1036,62,'Puerto Plata','',1),(1037,62,'Salcedo','',1),(1038,62,'Saman','',1),(1039,62,'Snchez Ramrez','',1),(1040,62,'San Juan','',1),(1041,62,'San Pedro de Macors','',1),(1042,62,'Santiago','',1),(1043,62,'Santiago Rodrguez','',1),(1044,62,'Valverde','',1),(1045,62,'El Sebo','',1),(1046,62,'Hato Mayor','',1),(1047,62,'La Vega','',1),(1048,62,'Monseor Nouel','',1),(1049,62,'Monte Plata','',1),(1050,62,'San Cristbal','',1),(1051,62,'Distrito Nacional','',1),(1052,62,'Peravia','',1),(1053,62,'Provincia de San Jos de Ocoa','',1),(1054,62,'Provincia de Santo Domingo','',1),(1055,4,'Algeria (general)','',1),(1056,4,'Alger','',1),(1057,4,'Batna','',1),(1058,4,'Constantine','',1),(1059,4,'Mda','',1),(1060,4,'Mostaganem','',1),(1061,4,'Oran','',1),(1062,4,'Sada','',1),(1063,4,'Stif','',1),(1064,4,'Tiaret','',1),(1065,4,'Tizi Ouzou','',1),(1066,4,'Tlemcen','',1),(1067,4,'Bejaa','',1),(1068,4,'Biskra','',1),(1069,4,'Blida','',1),(1070,4,'Bouira','',1),(1071,4,'Djelfa','',1),(1072,4,'Guelma','',1),(1073,4,'Jijel','',1),(1074,4,'Laghouat','',1),(1075,4,'Mascara','',1),(1076,4,'M?sila','',1),(1077,4,'Oum el Bouaghi','',1),(1078,4,'Sidi Bel Abbs','',1),(1079,4,'Skikda','',1),(1080,4,'Tbessa','',1),(1081,4,'Adrar','',1),(1082,4,'An Defla','',1),(1083,4,'An Temouchent','',1),(1084,4,'Annaba','',1),(1085,4,'Bchar','',1),(1086,4,'Bordj Bou Arrridj','',1),(1087,4,'Boumerdes','',1),(1088,4,'Chlef','',1),(1089,4,'El Bayadh','',1),(1090,4,'El Oued','',1),(1091,4,'El Tarf','',1),(1092,4,'Ghardaa','',1),(1093,4,'Illizi','',1),(1094,4,'Khenchela','',1),(1095,4,'Mila','',1),(1096,4,'Naama','',1),(1097,4,'Ouargla','',1),(1098,4,'Relizane','',1),(1099,4,'Souk Ahras','',1),(1100,4,'Tamanghasset','',1),(1101,4,'Tindouf','',1),(1102,4,'Tipaza','',1),(1103,4,'Tissemsilt','',1),(1104,63,'Ecuador (general)','',1),(1105,63,'Galpagos','',1),(1106,63,'Azuay','',1),(1107,63,'Bolvar','',1),(1108,63,'Caar','',1),(1109,63,'Carchi','',1),(1110,63,'Chimborazo','',1),(1111,63,'Cotopaxi','',1),(1112,63,'El Oro','',1),(1113,63,'Esmeraldas','',1),(1114,63,'Guayas','',1),(1115,63,'Imbabura','',1),(1116,63,'Loja','',1),(1117,63,'Los Ros','',1),(1118,63,'Manab','',1),(1119,63,'Morona-Santiago','',1),(1120,63,'Napo','',1),(1121,63,'Pastaza','',1),(1122,63,'Pichincha','',1),(1123,63,'Tungurahua','',1),(1124,63,'Zamora-Chinchipe','',1),(1125,63,'Sucumbios','',1),(1126,63,'Napo','',1),(1127,63,'Orellana','',1),(1128,68,'Estonia (general)','',1),(1129,68,'Harjumaa','',1),(1130,68,'Hiiumaa','',1),(1131,68,'Ida-Virumaa','',1),(1132,68,'Jrvamaa','',1),(1133,68,'Jgevamaa','',1),(1134,68,'Lnemaa','',1),(1135,68,'Lne-Virumaa','',1),(1136,68,'Prnumaa','',1),(1137,68,'Plvamaa','',1),(1138,68,'Raplamaa','',1),(1139,68,'Saaremaa','',1),(1140,68,'Tartumaa','',1),(1141,68,'Valgamaa','',1),(1142,68,'Viljandimaa','',1),(1143,68,'Vrumaa','',1),(1144,64,'Egypt (general)','',1),(1145,64,'Ad Daqahl?yah','',1),(1146,64,'Al Ba?r al A?mar','',1),(1147,64,'Al Bu?ayrah','',1),(1148,64,'Al Fayy?m','',1),(1149,64,'Al Gharb?yah','',1),(1150,64,'Alexandria','',1),(1151,64,'Al Ism???l?yah','',1),(1152,64,'Al J?zah','',1),(1153,64,'Al Min?f?yah','',1),(1154,64,'Al Miny?','',1),(1155,64,'Al Q?hirah','',1),(1156,64,'Al Qaly?b?yah','',1),(1157,64,'Al W?d? al Jad?d','',1),(1158,64,'Ash Sharq?yah','',1),(1159,64,'As Suways','',1),(1160,64,'Asw?n','',1),(1161,64,'Asy??','',1),(1162,64,'Ban? Suwayf','',1),(1163,64,'B?r Sa??d','',1),(1164,64,'Dumy??','',1),(1165,64,'Kafr ash Shaykh','',1),(1166,64,'Ma?r??','',1),(1167,64,'Qin?','',1),(1168,64,'S?h?j','',1),(1169,64,'Jan?b S?n??','',1),(1170,64,'Sham?l S?n??','',1),(1171,241,'Western Sahara (general)','',1),(1172,67,'Eritrea (general)','',1),(1173,67,'?nseba','',1),(1174,67,'Debub','',1),(1175,67,'Debubaw? K?eyih Bahr?','',1),(1176,67,'Gash Barka','',1),(1177,67,'Ma??kel','',1),(1178,67,'Sem?naw? K?eyih Bahr?','',1),(1179,204,'Spain (general)','',1),(1180,204,'Balearic Islands','',1),(1181,204,'La Rioja','',1),(1182,204,'(SP28)','',1),(1183,204,'Autonomous Region of Madrid','',1),(1184,204,'Murcia','',1),(1185,204,'Autonomous Region of Navarre','',1),(1186,204,'Principality of Asturias','',1),(1187,204,'Cantabria','',1),(1188,204,'Andalusia','',1),(1189,204,'Aragon','',1),(1190,204,'Canary Islands','',1),(1191,204,'Castille-La Mancha','',1),(1192,204,'Castille and Len','',1),(1193,204,'Catalonia','',1),(1194,204,'Estremadura','',1),(1195,204,'Galicia','',1),(1196,204,'Basque Country','',1),(1197,204,'Valencian Community','',1),(1198,69,'Ethiopia (general)','',1),(1199,69,'Arsi','',1),(1200,69,'Gonder','',1),(1201,69,'Bale','',1),(1202,69,'Eritrea','',1),(1203,69,'Gamo Gofa','',1),(1204,69,'Gojam','',1),(1205,69,'Harerge','',1),(1206,69,'Ilubabor','',1),(1207,69,'Kefa','',1),(1208,69,'Addis Abeba','',1),(1209,69,'Sidamo','',1),(1210,69,'Tigray','',1),(1211,69,'Welega Kifle H?ger','',1),(1212,69,'Welo','',1),(1213,69,'Adis Abeba','',1),(1214,69,'Asosa','',1),(1215,69,'Borena','',1),(1216,69,'Debub Gonder','',1),(1217,69,'Debub Shewa','',1),(1218,69,'Debub Welo','',1),(1219,69,'Dire Dawa','',1),(1220,69,'Gambela','',1),(1221,69,'Metekel','',1),(1222,69,'Mirab Gojam','',1),(1223,69,'Mirab Harerge','',1),(1224,69,'Mirab Shewa','',1),(1225,69,'Misrak Gojam','',1),(1226,69,'Misrak Harerge','',1),(1227,69,'Nazret','',1),(1228,69,'Ogaden','',1),(1229,69,'Omo','',1),(1230,69,'Semen Gonder','',1),(1231,69,'Semen Shewa','',1),(1232,69,'Semen Welo','',1),(1233,69,'Tigray','',1),(1234,69,'Bale','',1),(1235,69,'Gamo Gofa','',1),(1236,69,'Ilubabor','',1),(1237,69,'Kefa','',1),(1238,69,'Sidamo','',1),(1239,69,'Welega','',1),(1240,69,'?d?s ?beba','',1),(1241,69,'?far','',1),(1242,69,'?mara','',1),(1243,69,'B?nshangul Gumuz','',1),(1244,69,'Dir? Dawa','',1),(1245,69,'Gamb?la Hizboch','',1),(1246,69,'H?rer? Hizb','',1),(1247,69,'Orom?ya','',1),(1248,69,'Sumal?','',1),(1249,69,'Tigray','',1),(1250,69,'YeDebub Bih?roch Bih?reseboch na Hizboch','',1),(1251,73,'Finland (general)','',1),(1252,73,'Province of land','',1),(1253,73,'Hame','',1),(1254,73,'Keski-Suomi','',1),(1255,73,'Kuopio','',1),(1256,73,'Kymi','',1),(1257,73,'Lappi','',1),(1258,73,'Mikkeli','',1),(1259,73,'Province of Oulu','',1),(1260,73,'Pohjois-Karjala','',1),(1261,73,'Turku ja Pori','',1),(1262,73,'Uusimaa','',1),(1263,73,'Vaasa','',1),(1264,73,'Etel-Suomen Lni','',1),(1265,73,'It-Suomen Lni','',1),(1266,73,'Lnsi-Suomen Lni','',1),(1267,72,'Fiji (general)','',1),(1268,72,'Central','',1),(1269,72,'Eastern','',1),(1270,72,'Northern','',1),(1271,72,'Rotuma','',1),(1272,72,'Western','',1),(1273,70,'Falkland Islands (Islas Malvinas) (general)','',1),(1274,143,'Micronesia, Federated States of (general)','',1),(1275,143,'Kosrae','',1),(1276,143,'Pohnpei','',1),(1277,143,'Chuuk','',1),(1278,143,'Yap','',1),(1279,143,'','',1),(1280,71,'Faroe Islands','',1),(1281,74,'France (general)','',1),(1282,74,'Aquitaine','',1),(1283,74,'Auvergne','',1),(1284,74,'Basse-Normandie','',1),(1285,74,'Bourgogne','',1),(1286,74,'Brittany','',1),(1287,74,'Centre','',1),(1288,74,'Champagne-Ardenne','',1),(1289,74,'Corsica','',1),(1290,74,'Franche-Comt','',1),(1291,74,'Haute-Normandie','',1),(1292,74,'le-de-France','',1),(1293,74,'Languedoc-Roussillon','',1),(1294,74,'Limousin','',1),(1295,74,'Lorraine','',1),(1296,74,'Midi-Pyrnes','',1),(1297,74,'Nord-Pas-de-Calais','',1),(1298,74,'Pays de la Loire','',1),(1299,74,'Picardie','',1),(1300,74,'Poitou-Charentes','',1),(1301,74,'Provence-Alpes-Cte d\'Azur','',1),(1302,74,'Rhne-Alpes','',1),(1303,74,'Alsace','',1),(1304,78,'Gabon (general)','',1),(1305,78,'Estuaire','',1),(1306,78,'Haut-Ogoou','',1),(1307,78,'Moyen-Ogoou','',1),(1308,78,'Ngouni','',1),(1309,78,'Nyanga','',1),(1310,78,'Ogoou-Ivindo','',1),(1311,78,'Ogoou-Lolo','',1),(1312,78,'Ogoou-Maritime','',1),(1313,78,'Woleu-Ntem','',1),(1314,230,'Estuaire Province','',1),(1315,230,'Ogoou-Maritime Province','',1),(1316,230,'(UK11)','',1),(1317,230,'(UK12)','',1),(1318,230,'(UK13)','',1),(1319,230,'Greater London','',1),(1320,230,'(UK19)','',1),(1321,230,'(UK29)','',1),(1322,230,'(UK32)','',1),(1323,230,'(UK36)','',1),(1324,230,'(UK52)','',1),(1325,230,'(UK64)','',1),(1326,230,'(UK80)','',1),(1327,230,'(UK81)','',1),(1328,230,'Grampian','',1),(1329,230,'(UK83)','',1),(1330,230,'Lothian','',1),(1331,230,'(UK85)','',1),(1332,230,'(UK86)','',1),(1333,230,'Strathclyde','',1),(1334,230,'Tayside','',1),(1335,230,'(UK89)','',1),(1336,230,'Clwyd','',1),(1337,230,'Dyfed','',1),(1338,230,'Gwent','',1),(1339,230,'(UK93)','',1),(1340,230,'South Glamorgan','',1),(1341,230,'London Borough of Barking and Dagenham','',1),(1342,230,'London Borough of Barnet','',1),(1343,230,'Barnsley','',1),(1344,230,'Bath and North East Somerset','',1),(1345,230,'Bedfordshire','',1),(1346,230,'Bexley','',1),(1347,230,'Birmingham','',1),(1348,230,'Blackburn with Darwen','',1),(1349,230,'Blackpool','',1),(1350,230,'Bolton','',1),(1351,230,'Bournemouth','',1),(1352,230,'Bracknell Forest','',1),(1353,230,'Bradford','',1),(1354,230,'Brent','',1),(1355,230,'Brighton and Hove','',1),(1356,230,'City of Bristol','',1),(1357,230,'Bromley','',1),(1358,230,'Buckinghamshire','',1),(1359,230,'Bury','',1),(1360,230,'Calderdale','',1),(1361,230,'Cambridgeshire','',1),(1362,230,'London Borough of Camden','',1),(1363,230,'Cheshire','',1),(1364,230,'Cornwall','',1),(1365,230,'Coventry','',1),(1366,230,'London Borough of Croydon','',1),(1367,230,'Cumbria','',1),(1368,230,'Darlington','',1),(1369,230,'Derby','',1),(1370,230,'Derbyshire','',1),(1371,230,'Devon','',1),(1372,230,'Doncaster','',1),(1373,230,'Dorset','',1),(1374,230,'Dudley','',1),(1375,230,'Durham','',1),(1376,230,'Ealing','',1),(1377,230,'East Riding of Yorkshire','',1),(1378,230,'East Sussex','',1),(1379,230,'London Borough of Enfield','',1),(1380,230,'Essex','',1),(1381,230,'Gateshead','',1),(1382,230,'Gloucestershire','',1),(1383,230,'London Borough of Greenwich','',1),(1384,230,'London Borough of Hackney','',1),(1385,230,'Halton','',1),(1386,230,'London Borough of Hammersmith and Fulham','',1),(1387,230,'Hampshire','',1),(1388,230,'Haringey','',1),(1389,230,'Harrow','',1),(1390,230,'Hartlepool','',1),(1391,230,'London Borough of Havering','',1),(1392,230,'Herefordshire','',1),(1393,230,'Hertfordshire','',1),(1394,230,'Hillingdon','',1),(1395,230,'Hounslow','',1),(1396,230,'Isle of Wight','',1),(1397,230,'London Borough of Islington','',1),(1398,230,'Kensington and Chelsea','',1),(1399,230,'Kent','',1),(1400,230,'City of Kingston upon Hull','',1),(1401,230,'Kingston upon Thames','',1),(1402,230,'Kirklees','',1),(1403,230,'Knowsley','',1),(1404,230,'London Borough of Lambeth','',1),(1405,230,'Lancashire','',1),(1406,230,'Leeds','',1),(1407,230,'Leicester','',1),(1408,230,'Leicestershire','',1),(1409,230,'London Borough of Lewisham','',1),(1410,230,'Lincolnshire','',1),(1411,230,'Liverpool','',1),(1412,230,'City of London','',1),(1413,230,'Luton','',1),(1414,230,'Manchester','',1),(1415,230,'Medway','',1),(1416,230,'London Borough of Merton','',1),(1417,230,'Middlesbrough','',1),(1418,230,'Milton Keynes','',1),(1419,230,'Newcastle upon Tyne','',1),(1420,230,'Newham','',1),(1421,230,'Norfolk','',1),(1422,230,'Isles of Scilly','',1),(1423,230,'Northamptonshire','',1),(1424,230,'North East Lincolnshire','',1),(1425,230,'North Lincolnshire','',1),(1426,230,'North Somerset','',1),(1427,230,'North Tyneside','',1),(1428,230,'Northumberland','',1),(1429,230,'North Yorkshire','',1),(1430,230,'Nottingham','',1),(1431,230,'Nottinghamshire','',1),(1432,230,'Oldham','',1),(1433,230,'Oxfordshire','',1),(1434,230,'Peterborough','',1),(1435,230,'Plymouth','',1),(1436,230,'Poole','',1),(1437,230,'Portsmouth','',1),(1438,230,'Reading','',1),(1439,230,'London Borough of Redbridge','',1),(1440,230,'Redcar and Cleveland','',1),(1441,230,'London Borough of Richmond upon Thames','',1),(1442,230,'Rochdale','',1),(1443,230,'Rotherham','',1),(1444,230,'Rutland','',1),(1445,230,'Salford','',1),(1446,230,'Shropshire','',1),(1447,230,'Sandwell','',1),(1448,230,'Sefton','',1),(1449,230,'Sheffield','',1),(1450,230,'Slough','',1),(1451,230,'Solihull','',1),(1452,230,'Somerset','',1),(1453,230,'Southampton','',1),(1454,230,'Southend-on-Sea','',1),(1455,230,'South Gloucestershire','',1),(1456,230,'South Tyneside','',1),(1457,230,'Southwark','',1),(1458,230,'Staffordshire','',1),(1460,230,'Stockport','',1),(1461,230,'Stockton-on-Tees','',1),(1462,230,'Stoke-on-Trent','',1),(1463,230,'Suffolk','',1),(1464,230,'Sunderland','',1),(1465,230,'Surrey','',1),(1466,230,'Sutton','',1),(1467,230,'Swindon','',1),(1468,230,'Tameside','',1),(1469,230,'Telford and Wrekin','',1),(1470,230,'Thurrock','',1),(1471,230,'Torbay','',1),(1472,230,'Tower Hamlets','',1),(1473,230,'Trafford','',1),(1474,230,'Wakefield','',1),(1475,230,'Walsall','',1),(1476,230,'London Borough of Waltham Forest','',1),(1477,230,'Wandsworth','',1),(1478,230,'Warrington','',1),(1479,230,'Warwickshire','',1),(1480,230,'West Berkshire','',1),(1481,230,'Westminster','',1),(1482,230,'West Sussex','',1),(1483,230,'Wigan','',1),(1484,230,'Wiltshire','',1),(1485,230,'Windsor and Maidenhead','',1),(1486,230,'Wirral','',1),(1487,230,'Wokingham','',1),(1488,230,'Wolverhampton','',1),(1489,230,'Worcestershire','',1),(1490,230,'York City','',1),(1491,230,'Antrim','',1),(1492,230,'Ards','',1),(1493,230,'Armagh','',1),(1494,230,'Ballymena','',1),(1495,230,'Ballymoney','',1),(1496,230,'Banbridge','',1),(1497,230,'Belfast','',1),(1498,230,'Carrickfergus','',1),(1499,230,'Castlereagh','',1),(1500,230,'Coleraine','',1),(1501,230,'Cookstown','',1),(1502,230,'Craigavon','',1),(1503,230,'Down','',1),(1504,230,'Dungannon','',1),(1505,230,'Fermanagh','',1),(1506,230,'Larne','',1),(1507,230,'Limavady','',1),(1508,230,'Lisburn','',1),(1509,230,'Londonderry','',1),(1510,230,'Magherafelt','',1),(1511,230,'Moyle','',1),(1512,230,'Newry and Mourne','',1),(1513,230,'Newtownabbey','',1),(1514,230,'North Down','',1),(1515,230,'Omagh','',1),(1516,230,'Strabane','',1),(1517,230,'Aberdeen City','',1),(1518,230,'Aberdeenshire','',1),(1519,230,'Angus','',1),(1520,230,'Argyll and Bute','',1),(1521,230,'The Scottish Borders','',1),(1522,230,'Clackmannanshire','',1),(1523,230,'Dumfries and Galloway','',1),(1524,230,'Dundee City','',1),(1525,230,'East Ayrshire','',1),(1526,230,'East Dunbartonshire','',1),(1527,230,'East Lothian','',1),(1528,230,'East Renfrewshire','',1),(1529,230,'City of Edinburgh','',1),(1530,230,'Falkirk','',1),(1531,230,'Fife','',1),(1532,230,'Glasgow City','',1),(1533,230,'Highland','',1),(1534,230,'Inverclyde','',1),(1535,230,'Midlothian','',1),(1536,230,'Moray','',1),(1537,230,'North Ayrshire','',1),(1538,230,'North Lanarkshire','',1),(1539,230,'Orkney','',1),(1540,230,'Perth and Kinross','',1),(1541,230,'Renfrewshire','',1),(1542,230,'Shetland','',1),(1543,230,'South Ayrshire','',1),(1544,230,'South Lanarkshire','',1),(1545,230,'Stirling','',1),(1546,230,'West Dunbartonshire','',1),(1547,230,'Western Isles','',1),(1548,230,'West Lothian','',1),(1549,230,'Isle of Anglesey','',1),(1550,230,'County Borough of Blaenau Gwent','',1),(1551,230,'County Borough of Bridgend','',1),(1552,230,'Caerphilly','',1),(1553,230,'City and County of Cardiff','',1),(1554,230,'Cardiganshire','',1),(1555,230,'Carmarthenshire','',1),(1556,230,'County Borough of Conwy','',1),(1557,230,'Denbighshire','',1),(1558,230,'Flintshire','',1),(1559,230,'Gwynedd','',1),(1560,230,'Merthyr Tydfil','',1),(1561,230,'County of Monmouthshire','',1),(1562,230,'County Borough of Neath Port Talbot','',1),(1563,230,'County Borough of Newport','',1),(1564,230,'County of Pembrokeshire','',1),(1565,230,'Powys','',1),(1566,230,'County Borough of Rhondda Cynon Taff','',1),(1567,230,'Swansea','',1),(1568,230,'Torfaen','',1),(1569,230,'Vale of Glamorgan','',1),(1570,230,'Wrexham','',1),(1571,86,'Grenada (general)','',1),(1572,86,'Saint Andrew','',1),(1573,86,'Saint David','',1),(1574,86,'Saint George','',1),(1575,86,'Saint John','',1),(1576,86,'Saint Mark','',1),(1577,86,'Saint Patrick','',1),(1578,80,'Georgia (general)','',1),(1579,80,'Abashis Raioni','',1),(1580,80,'Abkhazia [provisional]','',1),(1581,80,'Adigenis Raioni','',1),(1582,80,'Ajaria','',1),(1583,80,'Akhalgoris Raioni','',1),(1584,80,'Akhalk?alak?is Raioni','',1),(1585,80,'Akhalts?ikhis Raioni','',1),(1586,80,'Akhmetis Raioni','',1),(1587,80,'Ambrolauris Raioni','',1),(1588,80,'Aspindzis Raioni','',1),(1589,80,'Baghdat?is Raioni','',1),(1590,80,'Bolnisis Raioni','',1),(1591,80,'Borjomis Raioni','',1),(1592,80,'Chiat\'ura','',1),(1593,80,'Ch?khorotsqus Raioni','',1),(1594,80,'Ch?okhatauris Raioni','',1),(1595,80,'Dedop?listsqaros Raioni','',1),(1596,80,'Dmanisis Raioni','',1),(1597,80,'Dushet?is Raioni','',1),(1598,80,'Gardabanis Raioni','',1),(1599,80,'Gori','',1),(1600,80,'Goris Raioni','',1),(1601,80,'Gurjaanis Raioni','',1),(1602,80,'Javis Raioni','',1),(1603,80,'K?arelis Raioni','',1),(1604,80,'Kaspis Raioni','',1),(1605,80,'Kharagaulis Raioni','',1),(1606,80,'Khashuris Raioni','',1),(1607,80,'Khobis Raioni','',1),(1608,80,'Khonis Raioni','',1),(1609,80,'K\'ut\'aisi','',1),(1610,80,'Lagodekhis Raioni','',1),(1611,80,'Lanch?khut?is Raioni','',1),(1612,80,'Lentekhis Raioni','',1),(1613,80,'Marneulis Raioni','',1),(1614,80,'Martvilis Raioni','',1),(1615,80,'Mestiis Raioni','',1),(1616,80,'Mts?khet?is Raioni','',1),(1617,80,'Ninotsmindis Raioni','',1),(1618,80,'Onis Raioni','',1),(1619,80,'Ozurget?is Raioni','',1),(1620,80,'P\'ot\'i','',1),(1621,80,'Qazbegis Raioni','',1),(1622,80,'Qvarlis Raioni','',1),(1623,80,'Rust\'avi','',1),(1624,80,'Sach?kheris Raioni','',1),(1625,80,'Sagarejos Raioni','',1),(1626,80,'Samtrediis Raioni','',1),(1627,80,'Senakis Raioni','',1),(1628,80,'Sighnaghis Raioni','',1),(1629,80,'T\'bilisi','',1),(1630,80,'T?elavis Raioni','',1),(1631,80,'T?erjolis Raioni','',1),(1632,80,'T?et?ritsqaros Raioni','',1),(1633,80,'T?ianet?is Raioni','',1),(1634,80,'Tqibuli','',1),(1635,80,'Ts?ageris Raioni','',1),(1636,80,'Tsalenjikhis Raioni','',1),(1637,80,'Tsalkis Raioni','',1),(1638,80,'Tsqaltubo','',1),(1639,80,'Vanis Raioni','',1),(1640,80,'Zestap?onis Raioni','',1),(1641,80,'Zugdidi','',1),(1642,80,'Zugdidis Raioni','',1),(1643,75,'French Guiana','',1),(1644,82,'Ghana (general)','',1),(1645,82,'Greater Accra','',1),(1646,82,'Ashanti','',1),(1647,82,'Brong-Ahafo Region','',1),(1648,82,'Central','',1),(1649,82,'Eastern','',1),(1650,82,'Northern','',1),(1651,82,'Volta','',1),(1652,82,'Western','',1),(1653,82,'Upper East','',1),(1654,82,'Upper West','',1),(1655,83,'Gibraltar (general)','',1),(1656,85,'Greenland (general)','',1),(1657,85,'Nordgrnland','',1),(1658,85,'stgrnland','',1),(1659,85,'Vestgrnland','',1),(1660,79,'Gambia, The (general)','',1),(1661,79,'Banjul','',1),(1662,79,'Lower River','',1),(1663,79,'Central River','',1),(1664,79,'Upper River','',1),(1665,79,'Western','',1),(1666,79,'North Bank','',1),(1667,91,'Guinea (general)','',1),(1668,91,'Beyla','',1),(1669,91,'Boffa','',1),(1670,91,'Bok','',1),(1671,91,'Conakry','',1),(1672,91,'Dabola','',1),(1673,91,'Dalaba','',1),(1674,91,'Dinguiraye','',1),(1675,91,'(GV08)','',1),(1676,91,'Faranah','',1),(1677,91,'Forcariah','',1),(1678,91,'Fria','',1),(1679,91,'Gaoual','',1),(1680,91,'Guckdou','',1),(1681,91,'(GV14)','',1),(1682,91,'Krouan','',1),(1683,91,'Kindia','',1),(1684,91,'Kissidougou','',1),(1685,91,'Koundara','',1),(1686,91,'Kouroussa','',1),(1687,91,'(GV20)','',1),(1688,91,'Macenta','',1),(1689,91,'Mali','',1),(1690,91,'Mamou','',1),(1691,91,'(GV24)','',1),(1692,91,'Pita','',1),(1693,91,'(GV26)','',1),(1694,91,'Tliml','',1),(1695,91,'Tougu','',1),(1696,91,'Yomou','',1),(1697,91,'Coyah','',1),(1698,91,'Dubrka','',1),(1699,91,'Kankan','',1),(1700,91,'Koubia','',1),(1701,91,'Lab','',1),(1702,91,'Llouma','',1),(1703,91,'Lola','',1),(1704,91,'Mandiana','',1),(1705,91,'Nzrkor','',1),(1706,91,'Siguiri','',1),(1707,87,'Department of Guadeloupe','',1),(1708,66,'Equatorial Guinea (general)','',1),(1709,66,'Annobn','',1),(1710,66,'Bioko Norte','',1),(1711,66,'Bioko Sur','',1),(1712,66,'Centro Sur','',1),(1713,66,'Ki-Ntem','',1),(1714,66,'Litoral','',1),(1715,66,'Wele-Nzas','',1),(1716,84,'Pirais Noms','',1),(1717,84,'vros','',1),(1718,84,'Rodpi','',1),(1719,84,'Xnthi','',1),(1720,84,'Drma','',1),(1721,84,'Srrai','',1),(1722,84,'Kilks','',1),(1723,84,'Plla','',1),(1724,84,'Flrina','',1),(1725,84,'Kastori','',1),(1726,84,'Greven','',1),(1727,84,'Kozni','',1),(1728,84,'Imatha','',1),(1729,84,'Thessalonki','',1),(1730,84,'Kavla','',1),(1731,84,'Chalcidice','',1),(1732,84,'Piera','',1),(1733,84,'Ionnina','',1),(1734,84,'Thesprotia','',1),(1735,84,'Prveza','',1),(1736,84,'rta','',1),(1737,84,'Lrisa','',1),(1738,84,'Trkala','',1),(1739,84,'Kardtsa','',1),(1740,84,'Magnisa','',1),(1741,84,'Krkyra','',1),(1742,84,'Lefks','',1),(1743,84,'Kefallina','',1),(1744,84,'Zkynthos','',1),(1745,84,'Phthiotis','',1),(1746,84,'Evrytana','',1),(1747,84,'Aitola kai Akarnana','',1),(1748,84,'Phocis','',1),(1749,84,'Voiota','',1),(1750,84,'vvoia','',1),(1751,84,'Attik','',1),(1752,84,'Argols','',1),(1753,84,'Korintha','',1),(1754,84,'Acha?a','',1),(1755,84,'Ilea','',1),(1756,84,'Messenia','',1),(1757,84,'Arcadia','',1),(1758,84,'Laconia','',1),(1759,84,'Chanon','',1),(1760,84,'Rethmnis','',1),(1761,84,'Irkleion','',1),(1762,84,'Lasthi','',1),(1763,84,'Dodeknisos','',1),(1764,84,'Smos','',1),(1765,84,'Kykldes','',1),(1766,84,'Chos','',1),(1767,84,'Lsvos','',1),(1768,203,'South Georgia and The South Sandwich Islands (general)','',1),(1769,89,'Guatemala (general)','',1),(1770,89,'Alta Verapaz','',1),(1771,89,'Baja Verapaz','',1),(1772,89,'Chimaltenango','',1),(1773,89,'Chiquimula','',1),(1774,89,'El Progreso','',1),(1775,89,'Escuintla','',1),(1776,89,'Guatemala','',1),(1777,89,'Huehuetenango','',1),(1778,89,'Izabal','',1),(1779,89,'Jalapa','',1),(1780,89,'Jutiapa','',1),(1781,89,'Petn','',1),(1782,89,'Quetzaltenango','',1),(1783,89,'Quich','',1),(1784,89,'Retalhuleu','',1),(1785,89,'Sacatepquez','',1),(1786,89,'San Marcos','',1),(1787,89,'Santa Rosa','',1),(1788,89,'Solol','',1),(1789,89,'Suchitepquez','',1),(1790,89,'Totonicapn','',1),(1791,89,'Zacapa','',1),(1792,92,'Guinea-Bissau (general)','',1),(1793,92,'Bafat','',1),(1794,92,'Quinara','',1),(1795,92,'Oio','',1),(1796,92,'Bolama','',1),(1797,92,'Cacheu','',1),(1798,92,'Tombali','',1),(1799,92,'Gab','',1),(1800,92,'Bissau','',1),(1801,92,'Biombo','',1),(1802,93,'Guyana (general)','',1),(1803,93,'Barima-Waini','',1),(1804,93,'Cuyuni-Mazaruni','',1),(1805,93,'Demerara-Mahaica','',1),(1806,93,'East Berbice-Corentyne','',1),(1807,93,'Essequibo Islands-West Demerara','',1),(1808,93,'Mahaica-Berbice','',1),(1809,93,'Pomeroon-Supenaam','',1),(1810,93,'Potaro-Siparuni','',1),(1811,93,'Upper Demerara-Berbice','',1),(1812,93,'Upper Takutu-Upper Essequibo','',1),(1813,98,'Hong Kong (general)','',1),(1814,97,'Honduras (general)','',1),(1815,97,'Atlntida','',1),(1816,97,'Choluteca','',1),(1817,97,'Coln','',1),(1818,97,'Comayagua','',1),(1819,97,'Copn','',1),(1820,97,'Corts','',1),(1821,97,'El Paraso','',1),(1822,97,'Francisco Morazn','',1),(1823,97,'Gracias a Dios','',1),(1824,97,'Intibuc','',1),(1825,97,'Islas de la Baha','',1),(1826,97,'La Paz','',1),(1827,97,'Lempira','',1),(1828,97,'Ocotepeque','',1),(1829,97,'Olancho','',1),(1830,97,'Santa Brbara','',1),(1831,97,'Valle','',1),(1832,97,'Yoro','',1),(1833,55,'Croatia (general)','',1),(1834,55,'Bjelovarsko-Bilogorska','',1),(1835,55,'Brodsko-Posavska','',1),(1836,55,'Dubrova?ko-Neretvanska','',1),(1837,55,'Istarska','',1),(1838,55,'Karlova?ka','',1),(1839,55,'Koprivni?ko-Kri?eva?ka','',1),(1840,55,'Krapinsko-Zagorska','',1),(1841,55,'Li?ko-Senjska','',1),(1842,55,'Me?imurska','',1),(1843,55,'Osje?ko-Baranjska','',1),(1844,55,'Po?e?ko-Slavonska','',1),(1845,55,'Primorsko-Goranska','',1),(1846,55,'?ibensko-Kniniska','',1),(1847,55,'Sisa?ko-Moslava?ka','',1),(1848,55,'Splitsko-Dalmatinska','',1),(1849,55,'Vara?dinska','',1),(1850,55,'Viroviti?k-Podravska','',1),(1851,55,'Vukovarsko-Srijemska','',1),(1852,55,'Zadarska','',1),(1853,55,'Zagreba?ka','',1),(1854,55,'Grad Zagreb','',1),(1855,94,'Haiti (general)','',1),(1856,94,'Nord-Ouest','',1),(1857,94,'Artibonite','',1),(1858,94,'Centre','',1),(1859,94,'Nord','',1),(1860,94,'Nord-Est','',1),(1861,94,'Ouest','',1),(1862,94,'Sud','',1),(1863,94,'Sud-Est','',1),(1864,94,'Grand\'Anse','',1),(1865,99,'Hungary (general)','',1),(1866,99,'Bcs-Kiskun','',1),(1867,99,'Baranya','',1),(1868,99,'Bks','',1),(1869,99,'Borsod-Abaj-Zempln','',1),(1870,99,'Budapest','',1),(1871,99,'Csongrd','',1),(1872,99,'Debrecen','',1),(1873,99,'Fejr','',1),(1874,99,'Gy?r-Moson-Sopron','',1),(1875,99,'Hajd-Bihar','',1),(1876,99,'Heves','',1),(1877,99,'Komrom-Esztergom','',1),(1878,99,'Miskolc','',1),(1879,99,'Ngrd','',1),(1880,99,'Pcs','',1),(1881,99,'Pest','',1),(1882,99,'Somogy','',1),(1883,99,'Szabolcs-Szatmr-Bereg','',1),(1884,99,'Szeged','',1),(1885,99,'Jsz-Nagykun-Szolnok','',1),(1886,99,'Tolna','',1),(1887,99,'Vas','',1),(1888,99,'Veszprm','',1),(1889,99,'Zala','',1),(1890,99,'Gy?r','',1),(1891,99,'Bkscsaba','',1),(1892,99,'Dunajvros','',1),(1893,99,'Eger','',1),(1894,99,'Hdmez?vsrhely','',1),(1895,99,'Kaposvr','',1),(1896,99,'Kecskemt','',1),(1897,99,'Nagykanizsa','',1),(1898,99,'Nyregyhza','',1),(1899,99,'Sopron','',1),(1900,99,'Szkesfehrvr','',1),(1901,99,'Szolnok','',1),(1902,99,'Szombathely','',1),(1903,99,'Tatabnya','',1),(1904,99,'Veszprm','',1),(1905,99,'Zalaegerszeg','',1),(1906,99,'SalgtarjnMegyei Vros','',1),(1907,99,'SzekszrdMegyei Vros','',1),(1908,102,'Indonesia (general)','',1),(1909,102,'Aceh','',1),(1910,102,'Bali','',1),(1911,102,'Bengkulu','',1),(1912,102,'Jakarta Raya','',1),(1913,102,'Jambi','',1),(1914,102,'Jawa Barat','',1),(1915,102,'Central Java','',1),(1916,102,'East Java','',1),(1917,102,'(ID09)','',1),(1918,102,'Yogyakarta','',1),(1919,102,'West Kalimantan','',1),(1920,102,'South Kalimantan','',1),(1921,102,'Kalimantan Tengah','',1),(1922,102,'East Kalimantan','',1),(1923,102,'Lampung','',1),(1924,102,'Maluku Province','',1),(1925,102,'Nusa Tenggara Barat','',1),(1926,102,'Nusa Tenggara Timur','',1),(1927,102,'(ID19)','',1),(1928,102,'(ID20)','',1),(1929,102,'Central Sulawesi','',1),(1930,102,'Sulawesi Tenggara','',1),(1931,102,'Sulawesi Utara','',1),(1932,102,'West Sumatra','',1),(1933,102,'Sumatera Selatan','',1),(1934,102,'North Sumatra','',1),(1935,102,'Maluku','',1),(1936,102,'Maluku Utara','',1),(1937,102,'West Java','',1),(1938,102,'North Sulawesi','',1),(1939,102,'South Sumatra','',1),(1940,102,'Banten','',1),(1941,102,'Gorontalo','',1),(1942,102,'Bangka-Belitung','',1),(1943,102,'Papua','',1),(1944,102,'Riau','',1),(1945,102,'South Sulawesi','',1),(1946,102,'Irian Jaya Barat','',1),(1947,102,'Kepulauan Riau','',1),(1948,102,'Sulawesi Barat','',1),(1949,105,'Ireland (general)','',1),(1950,105,'Carlow','',1),(1951,105,'County Cavan','',1),(1952,105,'County Clare','',1),(1953,105,'Cork','',1),(1954,105,'Donegal','',1),(1955,105,'County Dublin','',1),(1956,105,'Galway','',1),(1957,105,'County Kerry','',1),(1958,105,'County Kildare','',1),(1959,105,'County Kilkenny','',1),(1960,105,'Leitrim','',1),(1961,105,'County Laois','',1),(1962,105,'Limerick','',1),(1963,105,'County Longford','',1),(1964,105,'County Louth','',1),(1965,105,'County Mayo','',1),(1966,105,'County Meath','',1),(1967,105,'Monaghan','',1),(1968,105,'County Offaly','',1),(1969,105,'County Roscommon','',1),(1970,105,'County Sligo','',1),(1971,105,'Tipperary','',1),(1972,105,'County Waterford','',1),(1973,105,'County Westmeath','',1),(1974,105,'County Wexford','',1),(1975,105,'County Wicklow','',1),(1976,107,'Israel (general)','',1),(1977,107,'HaDarom','',1),(1978,107,'HaMerkaz','',1),(1979,107,'Northern District','',1),(1980,107,'H?efa','',1),(1981,107,'Tel Aviv','',1),(1982,107,'Yerushalayim','',1),(1983,101,'India (general)','',1),(1984,101,'Andaman and Nicobar Islands','',1),(1985,101,'Andhra Pradesh','',1),(1986,101,'Assam','',1),(1987,101,'Bihar','',1),(1988,101,'Chand?garh','',1),(1989,101,'D?dra and Nagar Haveli','',1),(1990,101,'Delhi','',1),(1991,101,'Gujar?t','',1),(1992,101,'Hary?na','',1),(1993,101,'Him?chal Pradesh','',1),(1994,101,'Jammu and Kashm?r','',1),(1995,101,'Kerala','',1),(1996,101,'Lakshadweep','',1),(1997,101,'Madhya Pradesh','',1),(1998,101,'Mah?r?shtra','',1),(1999,101,'Manipur','',1),(2000,101,'Megh?laya','',1),(2001,101,'Karn?taka','',1),(2002,101,'N?g?land','',1),(2003,101,'Orissa','',1),(2004,101,'Puducherry','',1),(2005,101,'Punjab','',1),(2006,101,'R?jasth?n','',1),(2007,101,'Tamil N?du','',1),(2008,101,'Tripura','',1),(2009,101,'Uttar Pradesh','',1),(2010,101,'Bengal','',1),(2011,101,'Sikkim','',1),(2012,101,'Arun?chal Pradesh','',1),(2013,101,'Mizoram','',1),(2014,101,'Daman and Diu','',1),(2015,101,'Goa','',1),(2016,101,'Bih?r','',1),(2017,101,'Madhya Pradesh','',1),(2018,101,'Uttar Pradesh','',1),(2019,101,'Chhattisgarh','',1),(2020,101,'Jharkhand','',1),(2021,101,'State of Uttarakhand','',1),(2022,104,'Iraq (general)','',1),(2023,104,'Al Anb?r','',1),(2024,104,'Al Ba?rah','',1),(2025,104,'Al Muthann','',1),(2026,104,'Al Q?dis?yah','',1),(2027,104,'As Sulaym?n?yah','',1),(2028,104,'B?bil','',1),(2029,104,'Baghd?d','',1),(2030,104,'Dah?k','',1),(2031,104,'Dh? Q?r','',1),(2032,104,'Diy?l','',1),(2033,104,'Arb?l','',1),(2034,104,'Karbal??','',1),(2035,104,'At Ta?m?m','',1),(2036,104,'Mays?n','',1),(2037,104,'N?naw','',1),(2038,104,'W?si?','',1),(2039,104,'An Najaf','',1),(2040,104,'?al?? ad D?n','',1),(2041,103,'Iran (general)','',1),(2042,103,'???rb?yj?n-e Gharb?','',1),(2043,103,'Ost?n-e ??arb?yj?n-e Sharq?','',1),(2044,103,'Chah?r Ma??ll va Bakht??r?','',1),(2045,103,'S?st?n va Bal?chest?n','',1),(2046,103,'Kohg?l?yeh va B?yer A?mad','',1),(2047,103,'F?rs Province','',1),(2048,103,'G?l?n','',1),(2049,103,'Hamad?n','',1),(2050,103,'?l?m','',1),(2051,103,'Hormozg?n Province','',1),(2052,103,'Kerman','',1),(2053,103,'Kerm?nsh?h','',1),(2054,103,'Kh?zest?n','',1),(2055,103,'Kordest?n','',1),(2056,103,'Mazandaran','',1),(2057,103,'Semn?n Province','',1),(2058,103,'Markazi','',1),(2059,103,'Zanjan','',1),(2060,103,'Bushehr Province','',1),(2061,103,'Lorest?n','',1),(2062,103,'Markazi','',1),(2063,103,'Semn?n','',1),(2064,103,'Tehr?n','',1),(2065,103,'Zanjan','',1),(2066,103,'E?fah?n','',1),(2067,103,'Kerm?n','',1),(2068,103,'Khorasan Ostan-e','',1),(2069,103,'Yazd','',1),(2070,103,'Ardab?l','',1),(2071,103,'???rb?yj?n-e Sharq?','',1),(2072,103,'Markazi Province','',1),(2073,103,'M?zandar?n Province','',1),(2074,103,'Zanjan Province','',1),(2075,103,'Golest?n','',1),(2076,103,'Qazv?n','',1),(2077,103,'Qom','',1),(2078,103,'Yazd','',1),(2079,103,'Khor?s?n-e Jon?b?','',1),(2080,103,'Razavi Khorasan Province','',1),(2081,103,'Khor?s?n-e Shom?l?','',1),(2082,100,'Iceland (general)','',1),(2083,100,'Borgarfjardarsysla','',1),(2084,100,'Dalasysla','',1),(2085,100,'Eyjafjardarsysla','',1),(2086,100,'Gullbringusysla','',1),(2087,100,'Hafnarfjrdur','',1),(2088,100,'Husavik','',1),(2089,100,'Isafjrdur','',1),(2090,100,'Keflavik','',1),(2091,100,'Kjosarsysla','',1),(2092,100,'Kopavogur','',1),(2093,100,'Myrasysla','',1),(2094,100,'Neskaupstadur','',1),(2095,100,'Nordur-Isafjardarsysla','',1),(2096,100,'Nordur-Mulasysla','',1),(2097,100,'Nordur-Tingeyjarsysla','',1),(2098,100,'Olafsfjrdur','',1),(2099,100,'Rangarvallasysla','',1),(2100,100,'Reykjavk','',1),(2101,100,'Saudarkrokur','',1),(2102,100,'Seydisfjordur','',1),(2103,100,'Siglufjordur','',1),(2104,100,'Skagafjardarsysla','',1),(2105,100,'Snafellsnes- og Hnappadalssysla','',1),(2106,100,'Strandasysla','',1),(2107,100,'Sudur-Mulasysla','',1),(2108,100,'Sudur-Tingeyjarsysla','',1),(2109,100,'Vestmannaeyjar','',1),(2110,100,'Vestur-Bardastrandarsysla','',1),(2111,100,'Vestur-Hunavatnssysla','',1),(2112,100,'Vestur-Isafjardarsysla','',1),(2113,100,'Vestur-Skaftafellssysla','',1),(2114,100,'East','',1),(2115,100,'Capital Region','',1),(2116,100,'Northeast','',1),(2117,100,'Northwest','',1),(2118,100,'South','',1),(2119,100,'Southern Peninsula','',1),(2120,100,'Westfjords','',1),(2121,100,'West','',1),(2122,108,'Italy (general)','',1),(2123,108,'Abruzzo','',1),(2124,108,'Regione Basilicata','',1),(2125,108,'Calabria','',1),(2126,108,'Campania','',1),(2127,108,'Emilia-Romagna','',1),(2128,108,'Friuli','',1),(2129,108,'Lazio','',1),(2130,108,'Liguria','',1),(2131,108,'Lombardia','',1),(2132,108,'The Marches','',1),(2133,108,'Regione Molise','',1),(2134,108,'Piemonte','',1),(2135,108,'Apulia','',1),(2136,108,'Sardinia','',1),(2137,108,'Sicily','',1),(2138,108,'Tuscany','',1),(2139,108,'Trentino','',1),(2140,108,'Umbria','',1),(2141,108,'Regione Autonoma Valle d\'Aosta','',1),(2142,108,'Veneto','',1),(2143,109,'Jamaica (general)','',1),(2144,109,'Clarendon','',1),(2145,109,'Hanover Parish','',1),(2146,109,'Manchester','',1),(2147,109,'Portland','',1),(2148,109,'Saint Andrew','',1),(2149,109,'Saint Ann','',1),(2150,109,'Saint Catherine','',1),(2151,109,'Saint Elizabeth','',1),(2152,109,'Saint James','',1),(2153,109,'Saint Mary','',1),(2154,109,'Saint Thomas','',1),(2155,109,'Trelawny','',1),(2156,109,'Westmoreland','',1),(2157,109,'Kingston','',1),(2158,112,'Jordan (general)','',1),(2159,112,'Al Balq??','',1),(2160,112,'Ma?an','',1),(2161,112,'Al Karak','',1),(2162,112,'Al Mafraq','',1),(2163,112,'Mu??fa?at `Amm?n','',1),(2164,112,'A? ?af?lah','',1),(2165,112,'Az Zarqa','',1),(2166,112,'Irbid','',1),(2167,112,'Al Mafraq','',1),(2168,112,'?Amm?n','',1),(2169,112,'A? ?af?lah','',1),(2170,112,'Irbid','',1),(2171,112,'Ma??n','',1),(2172,112,'?Ajl?n','',1),(2173,112,'Al ?Aqabah','',1),(2174,112,'Jarash','',1),(2175,112,'M?dab?','',1),(2176,110,'Japan (general)','',1),(2177,110,'Aichi','',1),(2178,110,'Akita','',1),(2179,110,'Aomori','',1),(2180,110,'Chiba','',1),(2181,110,'Ehime','',1),(2182,110,'Fukui','',1),(2183,110,'Fukuoka','',1),(2184,110,'Fukushima','',1),(2185,110,'Gifu','',1),(2186,110,'Gumma','',1),(2187,110,'Hiroshima','',1),(2188,110,'Hokkaid?','',1),(2189,110,'Hy?go','',1),(2190,110,'Ibaraki','',1),(2191,110,'Ishikawa','',1),(2192,110,'Iwate','',1),(2193,110,'Kagawa','',1),(2194,110,'Kagoshima','',1),(2195,110,'Kanagawa','',1),(2196,110,'K?chi','',1),(2197,110,'Kumamoto','',1),(2198,110,'Ky?to','',1),(2199,110,'Mie','',1),(2200,110,'Miyagi','',1),(2201,110,'Miyazaki','',1),(2202,110,'Nagano','',1),(2203,110,'Nagasaki','',1),(2204,110,'Nara','',1),(2205,110,'Niigata','',1),(2206,110,'?ita','',1),(2207,110,'Okayama','',1),(2208,110,'?saka','',1),(2209,110,'Saga','',1),(2210,110,'Saitama','',1),(2211,110,'Shiga','',1),(2212,110,'Shimane','',1),(2213,110,'Shizuoka','',1),(2214,110,'Tochigi','',1),(2215,110,'Tokushima','',1),(2216,110,'T?ky?','',1),(2217,110,'Tottori','',1),(2218,110,'Toyama','',1),(2219,110,'Wakayama','',1),(2220,110,'Yamagata','',1),(2221,110,'Yamaguchi','',1),(2222,110,'Yamanashi','',1),(2223,110,'Okinawa','',1),(2224,114,'Kenya (general)','',1),(2225,114,'Central','',1),(2226,114,'Coast','',1),(2227,114,'Eastern','',1),(2228,114,'Nairobi Area','',1),(2229,114,'North-Eastern','',1),(2230,114,'Nyanza','',1),(2231,114,'Rift Valley','',1),(2232,114,'Western','',1),(2233,119,'Kyrgyzstan (general)','',1),(2234,119,'Bishkek','',1),(2235,119,'Chy','',1),(2236,119,'Jalal-Abad','',1),(2237,119,'Naryn','',1),(2238,119,'(KG05)','',1),(2239,119,'Talas','',1),(2240,119,'Ysyk-Kl','',1),(2241,119,'Osh','',1),(2242,119,'Batken','',1),(2243,37,'Khtt Bntay Man Che?y','',1),(2244,37,'Khtt B?tdmbng','',1),(2245,37,'Kmpng Cham','',1),(2246,37,'Kmpng Chhn?ng','',1),(2247,37,'Khtt Kmpng Sp?','',1),(2248,37,'Kmpng Thum','',1),(2249,37,'Khtt Kmpt','',1),(2250,37,'Kndal','',1),(2251,37,'Kah K?ng','',1),(2252,37,'Krchh','',1),(2253,37,'Mndl Kiri','',1),(2254,37,'Phnum Penh','',1),(2255,37,'Po?th?s?t','',1),(2256,37,'Pre?h Vihar','',1),(2257,37,'Prey Vng','',1),(2258,37,'Khtt Rtn?h Kiri','',1),(2259,37,'Khtt Si?m Rab','',1),(2260,37,'St?ng Trng','',1),(2261,37,'Svay Ri?ng','',1),(2262,37,'Takv','',1),(2263,37,'(CB20)','',1),(2264,37,'Kmpt','',1),(2265,37,'Phnum Pnh','',1),(2266,37,'Rtn?h Kiri','',1),(2267,37,'Si?m Rab','',1),(2268,37,'Bantay Man Che?y','',1),(2269,37,'Kb','',1),(2270,37,'?tdr Man Che?y','',1),(2271,37,'Pre?h Seihn?','',1),(2272,37,'B?tdmbng','',1),(2273,37,'Pal?n','',1),(2274,115,'Kiribati (general)','',1),(2275,115,'Gilbert Islands','',1),(2276,115,'Line Islands','',1),(2277,115,'Phoenix Islands','',1),(2278,49,'Comoros (general)','',1),(2279,49,'Anjouan','',1),(2280,49,'Grande Comore','',1),(2281,49,'Mohli','',1),(2282,185,'Saint Kitts and Nevis (general)','',1),(2283,185,'Christ Church Nichola Town','',1),(2284,185,'Saint Anne Sandy Point','',1),(2285,185,'Saint George Basseterre','',1),(2286,185,'Saint George Gingerland','',1),(2287,185,'Saint James Windwa','',1),(2288,185,'Saint John Capesterre','',1),(2289,185,'Saint John Figtree','',1),(2290,185,'Saint Mary Cayon','',1),(2291,185,'Saint Paul Capesterre','',1),(2292,185,'Saint Paul Charlestown','',1),(2293,185,'Saint Peter Basseterre','',1),(2294,185,'Saint Thomas Lowland','',1),(2295,185,'Saint Thomas Middle Island','',1),(2296,185,'Trinity Palmetto Point','',1),(2297,116,'North Korea (general)','',1),(2298,116,'Chagang-do','',1),(2299,116,'Hamgy?ng-namdo','',1),(2300,116,'Hwanghae-namdo','',1),(2301,116,'Hwanghae-bukto','',1),(2302,116,'Kaes?ng-si','',1),(2303,116,'Kangw?n-do','',1),(2304,116,'P\'y?ngan-bukto','',1),(2305,116,'P\'y?ngyang-si','',1),(2306,116,'Yanggang-do','',1),(2307,116,'Namp\'o-si','',1),(2308,116,'P\'y?ngan-namdo','',1),(2309,116,'(KN16)','',1),(2310,116,'Hamgy?ng-bukto','',1),(2311,116,'Najin S?nbong-si','',1),(2312,117,'South Korea (general)','',1),(2313,117,'Cheju-do','',1),(2314,117,'Ch?lla-bukto','',1),(2315,117,'Ch\'ungch\'?ng-bukto','',1),(2316,117,'Kangw?n-do','',1),(2317,117,'Pusan-gwangy?ksi','',1),(2318,117,'S?ul-t\'?kpy?lsi','',1),(2319,117,'Inch\'?n-gwangy?ksi','',1),(2320,117,'Ky?nggi-do','',1),(2321,117,'Ky?ngsang-bukto','',1),(2322,117,'Taegu-gwangy?ksi','',1),(2323,117,'Ch?lla-namdo','',1),(2324,117,'Ch\'ungch\'?ng-namdo','',1),(2325,117,'Kwangju-gwangy?ksi','',1),(2326,117,'Taej?n-gwangy?ksi','',1),(2327,117,'Ky?ngsang-namdo','',1),(2328,117,'Ulsan-gwangy?ksi','',1),(2329,118,'Mu??fa?atalWafrah','',1),(2330,118,'Al ???imah','',1),(2331,118,'?awall?','',1),(2332,118,'Al A?mad?','',1),(2333,118,'Al Jahr??','',1),(2334,118,'Al Farwaniyah','',1),(2335,41,'Cayman Islands (general)','',1),(2336,41,'Creek','',1),(2337,41,'Eastern','',1),(2338,41,'Midland','',1),(2339,41,'South Town','',1),(2340,41,'Spot Bay','',1),(2341,41,'Stake Bay','',1),(2342,41,'West End','',1),(2343,41,'Western','',1),(2344,113,'Zhezqazghan Oblysy','',1),(2345,113,'Almaty','',1),(2346,113,'Almaty Qalasy','',1),(2347,113,'Aqmola','',1),(2348,113,'Aqtbe','',1),(2349,113,'Astana Qalasy','',1),(2350,113,'Atyra?','',1),(2351,113,'Batys Qazaqstan','',1),(2352,113,'Bayqongyr Qalasy','',1),(2353,113,'Mangghysta?','',1),(2354,113,'Ongtstik Qazaqstan','',1),(2355,113,'Pavlodar','',1),(2356,113,'Qaraghandy','',1),(2357,113,'Qostanay','',1),(2358,113,'Qyzylorda','',1),(2359,113,'Shyghys Qazaqstan','',1),(2360,113,'Soltstik Qazaqstan','',1),(2361,113,'Zhambyl','',1),(2362,120,'Laos (general)','',1),(2363,120,'Attapu','',1),(2364,120,'Champasak','',1),(2365,120,'Houaphan','',1),(2366,120,'Khammouan','',1),(2367,120,'Louang Namtha','',1),(2368,120,'Louangphrabang','',1),(2369,120,'Oudmxai','',1),(2370,120,'Phongsali','',1),(2371,120,'Saravan','',1),(2372,120,'Savannakhet','',1),(2373,120,'Vientiane','',1),(2374,120,'Xiagnabouli','',1),(2375,120,'Xiangkhoang','',1),(2376,120,'Khammouan','',1),(2377,120,'Loungnamtha','',1),(2378,120,'Louangphabang','',1),(2379,120,'Phngsali','',1),(2380,120,'Salavan','',1),(2381,120,'Savannahkht','',1),(2382,120,'Khoung Viangchan','',1),(2383,120,'Boko','',1),(2384,120,'Bolikhamxai','',1),(2385,120,'Viangchan','',1),(2386,120,'Xaismboun','',1),(2387,120,'Xkong','',1),(2388,120,'Viangchan','',1),(2389,122,'Lebanon (general)','',1),(2390,122,'Bqaa','',1),(2391,122,'(LE02)','',1),(2392,122,'Liban-Nord','',1),(2393,122,'Beyrouth','',1),(2394,122,'Mont-Liban','',1),(2395,122,'Liban-Sud','',1),(2396,122,'Nabaty','',1),(2397,122,'Bqaa','',1),(2398,122,'Liban-Nord','',1),(2399,122,'Aakkr','',1),(2400,122,'Baalbek-Hermel','',1),(2401,186,'Saint Lucia (general)','',1),(2402,186,'Anse-la-Raye','',1),(2403,186,'Dauphin','',1),(2404,186,'Castries','',1),(2405,186,'Choiseul','',1),(2406,186,'Dennery','',1),(2407,186,'Gros-Islet','',1),(2408,186,'Laborie','',1),(2409,186,'Micoud','',1),(2410,186,'Soufrire','',1),(2411,186,'Vieux-Fort','',1),(2412,186,'Praslin','',1),(2413,126,'Liechtenstein (general)','',1),(2414,126,'Balzers','',1),(2415,126,'Eschen','',1),(2416,126,'Gamprin','',1),(2417,126,'Mauren','',1),(2418,126,'Planken','',1),(2419,126,'Ruggell','',1),(2420,126,'Schaan','',1),(2421,126,'Schellenberg','',1),(2422,126,'Triesen','',1),(2423,126,'Triesenberg','',1),(2424,126,'Vaduz','',1),(2425,205,'Sri Lanka (general)','',1),(2426,205,'Central','',1),(2427,205,'North Central','',1),(2428,205,'North Eastern','',1),(2429,205,'North Western','',1),(2430,205,'Sabaragamuwa','',1),(2431,205,'Southern','',1),(2432,205,'Uva','',1),(2433,205,'Western','',1),(2434,124,'Liberia (general)','',1),(2435,124,'Bong','',1),(2436,124,'Grand Jide','',1),(2437,124,'Grand Cape Mount','',1),(2438,124,'Lofa','',1),(2439,124,'(LI08)','',1),(2440,124,'Nimba','',1),(2441,124,'Sinoe','',1),(2442,124,'Grand Bassa County','',1),(2443,124,'Grand Cape Mount','',1),(2444,124,'Maryland','',1),(2445,124,'Montserrado','',1),(2446,124,'Bomi','',1),(2447,124,'Grand Kru','',1),(2448,124,'Margibi','',1),(2449,124,'River Cess','',1),(2450,124,'Grand Gedeh','',1),(2451,124,'Lofa','',1),(2452,124,'Gbarpolu','',1),(2453,124,'River Gee','',1),(2454,123,'Lesotho (general)','',1),(2455,123,'Balzers Commune','',1),(2456,123,'Eschen Commune','',1),(2457,123,'Gamprin Commune','',1),(2458,123,'Mauren Commune','',1),(2459,123,'Planken Commune','',1),(2460,123,'Ruggell Commune','',1),(2461,123,'Berea District','',1),(2462,123,'Butha-Buthe District','',1),(2463,123,'Leribe District','',1),(2464,123,'Mafeteng','',1),(2465,123,'Maseru','',1),(2466,123,'Mohale\'s Hoek','',1),(2467,123,'Mokhotlong','',1),(2468,123,'Qacha?s Nek','',1),(2469,123,'Quthing District','',1),(2470,123,'Thaba-Tseka District','',1),(2471,127,'Lithuania (general)','',1),(2472,127,'(LH40)','',1),(2473,127,'Alytaus Apskritis','',1),(2474,127,'Kauno Apskritis','',1),(2475,127,'Klaip?dos Apskritis','',1),(2476,127,'Marijampol?s Apskritis','',1),(2477,127,'Panev??io Apskritis','',1),(2478,127,'?iauli? Apskritis','',1),(2479,127,'Taurag?s Apskritis','',1),(2480,127,'Tel?i? Apskritis','',1),(2481,127,'Utenos Apskritis','',1),(2482,127,'Vilniaus Apskritis','',1),(2483,128,'Luxembourg (general)','',1),(2484,128,'Diekirch','',1),(2485,128,'Grevenmacher','',1),(2486,128,'Luxembourg','',1),(2487,121,'Dobeles Rajons','',1),(2488,121,'Aizkraukles Rajons','',1),(2489,121,'Al?ksnes Rajons','',1),(2490,121,'Balvu Rajons','',1),(2491,121,'Bauskas Rajons','',1),(2492,121,'C?su Rajons','',1),(2493,121,'Daugavpils','',1),(2494,121,'Daugavpils Rajons','',1),(2495,121,'Dobeles Rajons','',1),(2496,121,'Gulbenes Rajons','',1),(2497,121,'J?kabpils Rajons','',1),(2498,121,'Jelgava','',1),(2499,121,'Jelgavas Rajons','',1),(2500,121,'J?rmala','',1),(2501,121,'Kr?slavas Rajons','',1),(2502,121,'Kuld?gas Rajons','',1),(2503,121,'Liep?ja','',1),(2504,121,'Liep?jas Rajons','',1),(2505,121,'Limba?u Rajons','',1),(2506,121,'Ludzas Rajons','',1),(2507,121,'Madonas Rajons','',1),(2508,121,'Ogres Rajons','',1),(2509,121,'Prei?u Rajons','',1),(2510,121,'R?zekne','',1),(2511,121,'R?zeknes Rajons','',1),(2512,121,'R?ga','',1),(2513,121,'R?gas Rajons','',1),(2514,121,'Saldus Rajons','',1),(2515,121,'Talsu Rajons','',1),(2516,121,'Tukuma Rajons','',1),(2517,121,'Valkas Rajons','',1),(2518,121,'Valmieras Rajons','',1),(2519,121,'Ventspils','',1),(2520,121,'Ventspils Rajons','',1),(2521,125,'Libya (general)','',1),(2522,125,'Balad?yat al Aby?r','',1),(2523,125,'Al ?Az?z?yah','',1),(2524,125,'Balad?yat al Bay??\'','',1),(2525,125,'Al Jufrah','',1),(2526,125,'Balad?yat al Jumayl','',1),(2527,125,'Al Kufrah','',1),(2528,125,'Balad?yat al Marj','',1),(2529,125,'Balad?yat al Qar?b?ll','',1),(2530,125,'Balad?yat al Qubbah','',1),(2531,125,'Balad?yat al `Ujayl?t','',1),(2532,125,'Ash Sh??i?','',1),(2533,125,'Balad?yat az Zahr?\'','',1),(2534,125,'Balad?yat Ban? Wal?d','',1),(2535,125,'Balad?yat Bin Jaww?d','',1),(2536,125,'Balad?yat Gh?t','',1),(2537,125,'Balad?yat J?d?','',1),(2538,125,'Balad?yat J?l?','',1),(2539,125,'Balad?yat Janz?r','',1),(2540,125,'Masallatah','',1),(2541,125,'Balad?yat Mizdah','',1),(2542,125,'Murzuq','',1),(2543,125,'Balad?yat N?l?t','',1),(2544,125,'Balad?yat Qam?nis','',1),(2545,125,'Balad?yat Qa?r Bin Ghash?r','',1),(2546,125,'Sabh?','',1),(2547,125,'Balad?yat ?abr?tah','',1),(2548,125,'Balad?yat Sha???t','',1),(2549,125,'Balad?yat ?urm?n','',1),(2550,125,'Tajura?','',1),(2551,125,'Tarh?nah','',1),(2552,125,'?ubruq','',1),(2553,125,'Balad?yat T?krah','',1),(2554,125,'Zl??an','',1),(2555,125,'Balad?yat Zuw?rah','',1),(2556,125,'Ajd?biy?','',1),(2557,125,'Al F?ti?','',1),(2558,125,'Al Jabal al Akh?ar','',1),(2559,125,'Al Khums','',1),(2560,125,'An Nuq?? al Khams','',1),(2561,125,'Awb?r?','',1),(2562,125,'Az Z?wiyah','',1),(2563,125,'Bangh?z?','',1),(2564,125,'Darnah','',1),(2565,125,'Ghad?mis','',1),(2566,125,'Ghary?n','',1),(2567,125,'Mi?r?tah','',1),(2568,125,'Sawfajj?n','',1),(2569,125,'Surt','',1),(2570,125,'?ar?bulus','',1),(2571,125,'Yafran','',1),(2572,149,'Antsiranana Province','',1),(2573,149,'Fianarantsoa Province','',1),(2574,149,'Mahajanga Province','',1),(2575,149,'Toamasina Province','',1),(2576,149,'Antananarivo Province','',1),(2577,149,'Toliara Province','',1),(2578,149,'Casablanca','',1),(2579,149,'Chaouen','',1),(2580,149,'El Jadida','',1),(2581,149,'El Kelaa des Srarhna','',1),(2582,149,'Er Rachidia','',1),(2583,149,'Essaouira','',1),(2584,149,'Fes','',1),(2585,149,'Figuig','',1),(2586,149,'Kenitra','',1),(2587,149,'Khemisset','',1),(2588,149,'Khenifra','',1),(2589,149,'Khouribga','',1),(2590,149,'Marrakech','',1),(2591,149,'Meknes','',1),(2592,149,'Nador','',1),(2593,149,'Ouarzazate','',1),(2594,149,'Oujda','',1),(2595,149,'Rabat-Sale','',1),(2596,149,'Safi','',1),(2597,149,'Settat','',1),(2598,149,'Tanger','',1),(2599,149,'Tata','',1),(2600,149,'Taza','',1),(2601,149,'Tiznit','',1),(2602,149,'Guelmim','',1),(2603,149,'Ifrane','',1),(2604,149,'Laayoune','',1),(2605,149,'Tan-Tan','',1),(2606,149,'Taounate','',1),(2607,149,'Sidi Kacem','',1),(2608,149,'Taroudannt','',1),(2609,149,'Tetouan','',1),(2610,149,'Larache','',1),(2611,149,'(MO42)','',1),(2612,149,'(MO43)','',1),(2613,149,'(MO44)','',1),(2614,149,'Grand Casablanca','',1),(2615,149,'Fs-Boulemane','',1),(2616,149,'Marrakech-Tensift-Al Haouz','',1),(2617,149,'Mekns-Tafilalet','',1),(2618,149,'Rabat-Sal-Zemmour-Zar','',1),(2619,149,'Chaouia-Ouardigha','',1),(2620,149,'Doukkala-Abda','',1),(2621,149,'Gharb-Chrarda-Beni Hssen','',1),(2622,149,'Guelmim-Es Smara','',1),(2623,149,'Oriental','',1),(2624,149,'Souss-Massa-Dra','',1),(2625,149,'Tadla-Azilal','',1),(2626,149,'Tanger-Ttouan','',1),(2627,149,'Taza-Al Hoceima-Taounate','',1),(2628,149,'Layoune-Boujdour-Sakia El Hamra','',1),(2629,145,'Monaco (general)','',1),(2630,144,'Ungheni Judetul','',1),(2631,144,'(MD13)','',1),(2632,144,'Balti','',1),(2633,144,'Cahul','',1),(2634,144,'Chisinau Judetul','',1),(2635,144,'Stinga Nistrului','',1),(2636,144,'Edinet','',1),(2637,144,'G?g?uzia','',1),(2638,144,'Lapusna','',1),(2639,144,'Orhei','',1),(2640,144,'Soroca','',1),(2641,144,'Tighina','',1),(2642,144,'Ungheni','',1),(2643,144,'Chi?in?u','',1),(2644,144,'Stnga Nistrului','',1),(2645,144,'Raionul Anenii Noi','',1),(2646,144,'B?l?i','',1),(2647,144,'Raionul Basarabeasca','',1),(2648,144,'Bender','',1),(2649,144,'Raionul Briceni','',1),(2650,144,'Raionul Cahul','',1),(2651,144,'Raionul Cantemir','',1),(2652,144,'C?l?ra?i','',1),(2653,144,'C?u?eni','',1),(2654,144,'Raionul Cimi?lia','',1),(2655,144,'Raionul Criuleni','',1),(2656,144,'Raionul Dondu?eni','',1),(2657,144,'Raionul Drochia','',1),(2658,144,'Dub?sari','',1),(2659,144,'Raionul Edine?','',1),(2660,144,'Raionul F?le?ti','',1),(2661,144,'Raionul Flore?ti','',1),(2662,144,'Raionul Glodeni','',1),(2663,144,'Raionul Hnce?ti','',1),(2664,144,'Raionul Ialoveni','',1),(2665,144,'Raionul Leova','',1),(2666,144,'Raionul Nisporeni','',1),(2667,144,'Raionul Ocni?a','',1),(2668,144,'Raionul Orhei','',1),(2669,144,'Raionul Rezina','',1),(2670,144,'Raionul R?cani','',1),(2671,144,'Raionul Sngerei','',1),(2672,144,'Raionul ?old?ne?ti','',1),(2673,144,'Raionul Soroca','',1),(2674,144,'?tefan-Vod?','',1),(2675,144,'Raionul Str??eni','',1),(2676,144,'Raionul Taraclia','',1),(2677,144,'Raionul Telene?ti','',1),(2678,144,'Raionul Ungheni','',1),(2679,147,'Montenegro (general)','',1),(2680,131,'Madagascar (general)','',1),(2681,131,'Antsiranana','',1),(2682,131,'Fianarantsoa','',1),(2683,131,'Mahajanga','',1),(2684,131,'Toamasina','',1),(2685,131,'Antananarivo','',1),(2686,131,'Toliara','',1),(2687,137,'Marshall Islands (general)','',1),(2688,130,'Macedonia, The Former Yugoslav Republic of (general)','',1),(2689,130,'Ara?inovo','',1),(2690,130,'Ba?','',1),(2691,130,'Bel?i?ta','',1),(2692,130,'Berovo','',1),(2693,130,'Bistrica','',1),(2694,130,'Bitola','',1),(2695,130,'Blatec','',1),(2696,130,'Bogdanci','',1),(2697,130,'Bogomila','',1),(2698,130,'Bogovinje','',1),(2699,130,'Bosilovo','',1),(2700,130,'Brvenica','',1),(2701,130,'?air','',1),(2702,130,'Capari','',1),(2703,130,'?a?ka','',1),(2704,130,'?egrana','',1),(2705,130,'Centar','',1),(2706,130,'Centar ?upa','',1),(2707,130,'?e?inovo','',1),(2708,130,'?u?er-Sandevo','',1),(2709,130,'Debar','',1),(2710,130,'Del?evo','',1),(2711,130,'Delogo?di','',1),(2712,130,'Demir Hisar','',1),(2713,130,'Demir Kapija','',1),(2714,130,'Dobru?evo','',1),(2715,130,'Dolna Banjica','',1),(2716,130,'Dolneni','',1),(2717,130,'or?e Petrov','',1),(2718,130,'Drugovo','',1),(2719,130,'D?ep?i?te','',1),(2720,130,'Gazi Baba','',1),(2721,130,'Gevgelija','',1),(2722,130,'Gostivar','',1),(2723,130,'Gradsko','',1),(2724,130,'Ilinden','',1),(2725,130,'Izvor','',1),(2726,130,'Jegunovce','',1),(2727,130,'Kamenjane','',1),(2728,130,'Karbinci','',1),(2729,130,'Karpo?','',1),(2730,130,'Kavadarci','',1),(2731,130,'Ki?evo','',1),(2732,130,'Kisela Voda','',1),(2733,130,'Kle?evce','',1),(2734,130,'Ko?ani','',1),(2735,130,'Kon?e','',1),(2736,130,'Kondovo','',1),(2737,130,'Konopi?te','',1),(2738,130,'Kosel','',1),(2739,130,'Kratovo','',1),(2740,130,'Kriva Palanka','',1),(2741,130,'Krivoga?tani','',1),(2742,130,'Kru?evo','',1),(2743,130,'Kukli?','',1),(2744,130,'Kukure?ani','',1),(2745,130,'Kumanovo','',1),(2746,130,'Labuni?ta','',1),(2747,130,'Lipkovo','',1),(2748,130,'Lozovo','',1),(2749,130,'Lukovo','',1),(2750,130,'Makedonska Kamenica','',1),(2751,130,'Makedonski Brod','',1),(2752,130,'Mavrovi Anovi','',1),(2753,130,'Me?ei?ta','',1),(2754,130,'Miravci','',1),(2755,130,'Mogila','',1),(2756,130,'Murtino','',1),(2757,130,'Negotino','',1),(2758,130,'Negotino-Polo?ko','',1),(2759,130,'Novaci','',1),(2760,130,'Novo Selo','',1),(2761,130,'Oble?evo','',1),(2762,130,'Ohrid','',1),(2763,130,'Ora?ac','',1),(2764,130,'Orizari','',1),(2765,130,'Oslomej','',1),(2766,130,'Peh?evo','',1),(2767,130,'Petrovec','',1),(2768,130,'Plasnica','',1),(2769,130,'Podare?','',1),(2770,130,'Prilep','',1),(2771,130,'Probi?tip','',1),(2772,130,'Radovi?','',1),(2773,130,'Rankovce','',1),(2774,130,'Resen','',1),(2775,130,'Rosoman','',1),(2776,130,'Rostu?a','',1),(2777,130,'Samokov','',1),(2778,130,'Saraj','',1),(2779,130,'?ipkovica','',1),(2780,130,'Sopi?te','',1),(2781,130,'Sopotnica','',1),(2782,130,'Srbinovo','',1),(2783,130,'Staravina','',1),(2784,130,'Star Dojran','',1),(2785,130,'Staro Nagori?ane','',1),(2786,130,'?tip','',1),(2787,130,'Struga','',1),(2788,130,'Strumica','',1),(2789,130,'Studeni?ani','',1),(2790,130,'?uto Orizari','',1),(2791,130,'Sveti Nikole','',1),(2792,130,'Tearce','',1),(2793,130,'Tetovo','',1),(2794,130,'Topol?ani','',1),(2795,130,'Valandovo','',1),(2796,130,'Vasilevo','',1),(2797,130,'Veles','',1),(2798,130,'Vele?ta','',1),(2799,130,'Vev?ani','',1),(2800,130,'Vinica','',1),(2801,130,'Vitoli?te','',1),(2802,130,'Vrane?tica','',1),(2803,130,'Vrap?i?te','',1),(2804,130,'Vratnica','',1),(2805,130,'Vrutok','',1),(2806,130,'Zajas','',1),(2807,130,'Zelenikovo','',1),(2808,130,'?elino','',1),(2809,130,'?ito?e','',1),(2810,130,'Zletovo','',1),(2811,130,'Zrnovci','',1),(2812,135,'Mali (general)','',1),(2813,135,'Bamako','',1),(2814,135,'Gao','',1),(2815,135,'Kayes','',1),(2816,135,'Mopti','',1),(2817,135,'Sgou','',1),(2818,135,'Sikasso','',1),(2819,135,'Koulikoro','',1),(2820,135,'Tombouctou','',1),(2821,135,'Gao','',1),(2822,135,'Kidal','',1),(2823,151,'Burma (general)','',1),(2824,151,'Rakhine State','',1),(2825,151,'Chin State','',1),(2826,151,'Ayeyarwady','',1),(2827,151,'Kachin State','',1),(2828,151,'Kayin State','',1),(2829,151,'Kayah State','',1),(2830,151,'Magwe','',1),(2831,151,'Mandalay','',1),(2832,151,'Pegu','',1),(2833,151,'Sagain','',1),(2834,151,'Shan State','',1),(2835,151,'Tanintharyi','',1),(2836,151,'Mon State','',1),(2837,151,'Rangoon','',1),(2838,151,'Magway','',1),(2839,151,'Bago','',1),(2840,151,'Yangon','',1),(2841,151,'(BM22)','',1),(2842,146,'Erdenet Hot (historical)','',1),(2843,146,'Arhangay','',1),(2844,146,'Bayanhongor','',1),(2845,146,'Bayan-lgiy','',1),(2846,146,'East Aimak','',1),(2847,146,'East Gobi Aymag','',1),(2848,146,'Middle Gov?','',1),(2849,146,'Dzavhan','',1),(2850,146,'Gov?-Altay','',1),(2851,146,'Hentiy','',1),(2852,146,'Hovd','',1),(2853,146,'Hvsgl','',1),(2854,146,'South Gobi Aimak','',1),(2855,146,'South Hangay','',1),(2856,146,'Selenge','',1),(2857,146,'Shbaatar','',1),(2858,146,'Central Aimak','',1),(2859,146,'Uvs','',1),(2860,146,'Ulaanbaatar','',1),(2861,146,'Bulgan','',1),(2862,146,'Darhan Uul','',1),(2863,146,'Gov?-Sumber','',1),(2864,146,'Orhon','',1),(2865,129,'Macau (general)','',1),(2866,129,'Ilhas','',1),(2867,129,'Macau','',1),(2868,138,'Department of Martinique','',1),(2869,139,'Nouakchott District de','',1),(2870,139,'Hodh Ech Chargui','',1),(2871,139,'Hodh El Gharbi','',1),(2872,139,'Assaba','',1),(2873,139,'Gorgol','',1),(2874,139,'Brakna','',1),(2875,139,'Trarza','',1),(2876,139,'Adrar','',1),(2877,139,'Dakhlet Nouadhibou','',1),(2878,139,'Tagant','',1),(2879,139,'Guidimaka','',1),(2880,139,'Tiris Zemmour','',1),(2881,139,'Inchiri','',1),(2882,148,'Montserrat (general)','',1),(2883,148,'Saint Anthony','',1),(2884,148,'Saint Georges','',1),(2885,148,'Saint Peter','',1),(2886,136,'Malta (general)','',1),(2887,140,'Mauritius (general)','',1),(2888,140,'Black River','',1),(2889,140,'Flacq','',1),(2890,140,'Grand Port','',1),(2891,140,'Moka','',1),(2892,140,'Pamplemousses','',1),(2893,140,'Plaines Wilhems','',1),(2894,140,'Port Louis','',1),(2895,140,'Rivire du Rempart','',1),(2896,140,'Savanne','',1),(2897,140,'Agalega Islands','',1),(2898,140,'Cargados Carajos','',1),(2899,140,'Rodrigues','',1),(2900,134,'Maale','',1),(2901,134,'Seenu','',1),(2902,134,'Alifu Atholhu','',1),(2903,134,'Lhaviyani Atholhu','',1),(2904,134,'Vaavu Atholhu','',1),(2905,134,'Laamu','',1),(2906,134,'Haa Alifu Atholhu','',1),(2907,134,'Thaa Atholhu','',1),(2908,134,'Meemu Atholhu','',1),(2909,134,'Raa Atholhu','',1),(2910,134,'Faafu Atholhu','',1),(2911,134,'Dhaalu Atholhu','',1),(2912,134,'Baa Atholhu','',1),(2913,134,'Haa Dhaalu Atholhu','',1),(2914,134,'Shaviyani Atholhu','',1),(2915,134,'Noonu Atholhu','',1),(2916,134,'Kaafu Atholhu','',1),(2917,134,'Gaafu Alifu Atholhu','',1),(2918,134,'Gaafu Dhaalu Atholhu','',1),(2919,134,'Gnaviyani Atholhu','',1),(2920,134,'Alifu','',1),(2921,134,'Baa','',1),(2922,134,'Dhaalu','',1),(2923,134,'Faafu','',1),(2924,134,'Gaafu Alifu','',1),(2925,134,'Gaafu Dhaalu','',1),(2926,134,'Haa Alifu','',1),(2927,134,'Haa Dhaalu','',1),(2928,134,'Kaafu','',1),(2929,134,'Lhaviyani','',1),(2930,134,'Maale','',1),(2931,134,'Meemu','',1),(2932,134,'Gnaviyani','',1),(2933,134,'Noonu','',1),(2934,134,'Raa','',1),(2935,134,'Shaviyani','',1),(2936,134,'Thaa','',1),(2937,134,'Vaavu','',1),(2938,132,'Malawi (general)','',1),(2939,132,'Chikwawa','',1),(2940,132,'Chiradzulu','',1),(2941,132,'Chitipa','',1),(2942,132,'Thyolo','',1),(2943,132,'Dedza','',1),(2944,132,'Dowa','',1),(2945,132,'Karonga','',1),(2946,132,'Kasungu','',1),(2947,132,'(MI10)','',1),(2948,132,'Lilongwe','',1),(2949,132,'Mangochi','',1),(2950,132,'Mchinji','',1),(2951,132,'(MI14)','',1),(2952,132,'Mzimba','',1),(2953,132,'Ntcheu','',1),(2954,132,'Nkhata Bay','',1),(2955,132,'Nkhotakota','',1),(2956,132,'Nsanje','',1),(2957,132,'Ntchisi','',1),(2958,132,'Rumphi','',1),(2959,132,'Salima','',1),(2960,132,'Zomba','',1),(2961,132,'Blantyre','',1),(2962,132,'Mwanza','',1),(2963,132,'Balaka','',1),(2964,132,'Likoma','',1),(2965,132,'Machinga','',1),(2966,132,'Mulanje','',1),(2967,132,'Phalombe','',1),(2968,142,'Mexico (general)','',1),(2969,142,'Aguascalientes','',1),(2970,142,'Baja California','',1),(2971,142,'Baja California Sur','',1),(2972,142,'Campeche','',1),(2973,142,'Chiapas','',1),(2974,142,'Chihuahua','',1),(2975,142,'Coahuila','',1),(2976,142,'Colima','',1),(2977,142,'The Federal District','',1),(2978,142,'Durango','',1),(2979,142,'Guanajuato','',1),(2980,142,'Guerrero','',1),(2981,142,'Hidalgo','',1),(2982,142,'Jalisco','',1),(2983,142,'Mxico','',1),(2984,142,'Michoacn','',1),(2985,142,'Morelos','',1),(2986,142,'Nayarit','',1),(2987,142,'Nuevo Len','',1),(2988,142,'Oaxaca','',1),(2989,142,'Puebla','',1),(2990,142,'Quertaro','',1),(2991,142,'Quintana Roo','',1),(2992,142,'San Luis Potos','',1),(2993,142,'Sinaloa','',1),(2994,142,'Sonora','',1),(2995,142,'Tabasco','',1),(2996,142,'Tamaulipas','',1),(2997,142,'Tlaxcala','',1),(2998,142,'Veracruz-Llave','',1),(2999,142,'Yucatn','',1),(3000,142,'Zacatecas','',1),(3001,133,'Malaysia (general)','',1),(3002,133,'Johor','',1),(3003,133,'Kedah','',1),(3004,133,'Kelantan','',1),(3005,133,'Melaka','',1),(3006,133,'Negeri Sembilan','',1),(3007,133,'Pahang','',1),(3008,133,'Perak','',1),(3009,133,'Perlis','',1),(3010,133,'Pulau Pinang','',1),(3011,133,'Sarawak','',1),(3012,133,'Selangor','',1),(3013,133,'Terengganu','',1),(3014,133,'Kuala Lumpur','',1),(3015,133,'Federal Territory of Labuan','',1),(3016,133,'Sabah','',1),(3017,133,'Putrajaya','',1),(3018,150,'Mozambique (general)','',1),(3019,150,'Cabo Delgado','',1),(3020,150,'Gaza','',1),(3021,150,'Inhambane','',1),(3022,150,'Maputo Province','',1),(3023,150,'Sofala','',1),(3024,150,'Nampula','',1),(3025,150,'Niassa','',1),(3026,150,'Tete','',1),(3027,150,'Zambzia','',1),(3028,150,'Manica','',1),(3029,150,'Maputo','',1),(3030,152,'Namibia (general)','',1),(3031,152,'Bethanien','',1),(3032,152,'Caprivi Oos','',1),(3033,152,'Boesmanland','',1),(3034,152,'Gobabis','',1),(3035,152,'Grootfontein','',1),(3036,152,'Kaokoland','',1),(3037,152,'Karibib','',1),(3038,152,'Keetmanshoop','',1),(3039,152,'Lderitz','',1),(3040,152,'Maltahhe','',1),(3041,152,'Okahandja','',1),(3042,152,'Omaruru','',1),(3043,152,'Otjiwarongo','',1),(3044,152,'Outjo','',1),(3045,152,'Owambo','',1),(3046,152,'Rehoboth','',1),(3047,152,'Swakopmund','',1),(3048,152,'Tsumeb','',1),(3049,152,'Karasburg','',1),(3050,152,'Khomas','',1),(3051,152,'Damaraland','',1),(3052,152,'Hereroland Oos','',1),(3053,152,'Hereroland Wes','',1),(3054,152,'Kavango','',1),(3055,152,'Mariental','',1),(3056,152,'Namaland','',1),(3057,152,'Caprivi','',1),(3058,152,'Erongo','',1),(3059,152,'Hardap','',1),(3060,152,'Karas','',1),(3061,152,'Kunene','',1),(3062,152,'Ohangwena','',1),(3063,152,'Okavango','',1),(3064,152,'Omaheke','',1),(3065,152,'Omusati','',1),(3066,152,'Oshana','',1),(3067,152,'Oshikoto','',1),(3068,152,'Otjozondjupa','',1),(3069,152,'Khomas','',1),(3070,157,'Territory of New Caledonia and Dependencies','',1),(3071,160,'Niger (general)','',1),(3072,160,'Agadez','',1),(3073,160,'Diffa','',1),(3074,160,'Dosso','',1),(3075,160,'Maradi','',1),(3076,160,'Niamey Dpartement de','',1),(3077,160,'Tahoua','',1),(3078,160,'Zinder','',1),(3079,160,'Niamey','',1),(3080,160,'Tillabri','',1),(3081,163,'Norfolk Island (general)','',1),(3082,161,'Bendel State','',1),(3083,161,'Lagos','',1),(3084,161,'(NI10)','',1),(3085,161,'Abuja Federal Capital Territory','',1),(3086,161,'(NI12)','',1),(3087,161,'Ogun','',1),(3088,161,'(NI17)','',1),(3089,161,'(NI18)','',1),(3090,161,'(NI20)','',1),(3091,161,'Akwa Ibom','',1),(3092,161,'Cross River','',1),(3093,161,'Kaduna','',1),(3094,161,'Katsina','',1),(3095,161,'Anambra','',1),(3096,161,'Benue','',1),(3097,161,'Borno','',1),(3098,161,'Imo','',1),(3099,161,'Kano','',1),(3100,161,'Kwara','',1),(3101,161,'Niger','',1),(3102,161,'Oyo','',1),(3103,161,'(NI34)','',1),(3104,161,'Adamawa','',1),(3105,161,'Delta','',1),(3106,161,'Edo','',1),(3107,161,'Jigawa','',1),(3108,161,'Kebbi','',1),(3109,161,'Kogi','',1),(3110,161,'Osun','',1),(3111,161,'Taraba','',1),(3112,161,'Yobe','',1),(3113,161,'Abia','',1),(3114,161,'Bauchi','',1),(3115,161,'Enugu','',1),(3116,161,'Ondo','',1),(3117,161,'Plateau','',1),(3118,161,'Rivers','',1),(3119,161,'Sokoto','',1),(3120,161,'Bayelsa','',1),(3121,161,'Ebonyi','',1),(3122,161,'Ekiti','',1),(3123,161,'Gombe','',1),(3124,161,'Nassarawa','',1),(3125,161,'Zamfara','',1),(3126,159,'Nicaragua (general)','',1),(3127,159,'Boaco','',1),(3128,159,'Carazo','',1),(3129,159,'Chinandega','',1),(3130,159,'Chontales','',1),(3131,159,'Estel','',1),(3132,159,'Granada','',1),(3133,159,'Jinotega','',1),(3134,159,'Len','',1),(3135,159,'Madriz','',1),(3136,159,'Managua','',1),(3137,159,'Masaya','',1),(3138,159,'Matagalpa','',1),(3139,159,'Nueva Segovia','',1),(3140,159,'Ro San Juan','',1),(3141,159,'Rivas','',1),(3142,159,'Ogun State','',1),(3143,159,'Atlntico Norte','',1),(3144,159,'Regin Autnoma Atlntico Sur','',1),(3145,155,'Netherlands (general)','',1),(3146,155,'Drenthe','',1),(3147,155,'Friesland','',1),(3148,155,'Gelderland','',1),(3149,155,'Groningen','',1),(3150,155,'Limburg','',1),(3151,155,'North Brabant','',1),(3152,155,'Noord-Holland','',1),(3153,155,'Utrecht','',1),(3154,155,'Zeeland','',1),(3155,155,'South Holland','',1),(3156,155,'Overijssel','',1),(3157,155,'Flevoland','',1),(3158,165,'Jan Mayen','',1),(3159,165,'Akershus','',1),(3160,165,'Aust-Agder','',1),(3161,165,'Buskerud','',1),(3162,165,'Finnmark','',1),(3163,165,'Hedmark','',1),(3164,165,'Hordaland','',1),(3165,165,'Mre og Romsdal','',1),(3166,165,'Nordland','',1),(3167,165,'Nord-Trndelag','',1),(3168,165,'Oppland','',1),(3169,165,'Oslo','',1),(3170,165,'stfold','',1),(3171,165,'Rogaland','',1),(3172,165,'Sogn og Fjordane','',1),(3173,165,'Sr-Trndelag','',1),(3174,165,'Telemark','',1),(3175,165,'Troms','',1),(3176,165,'Vest-Agder','',1),(3177,165,'Vestfold','',1),(3178,154,'B?gmat? Zone','',1),(3179,154,'B?gmat?','',1),(3180,154,'Bher?','',1),(3181,154,'Dhawal?giri','',1),(3182,154,'Gandak?','',1),(3183,154,'Janakpur','',1),(3184,154,'Karn?l?','',1),(3185,154,'Kos?','',1),(3186,154,'Lumbin?','',1),(3187,154,'Mah?k?l?','',1),(3188,154,'Mech?','',1),(3189,154,'N?r?yan?','',1),(3190,154,'R?pt?','',1),(3191,154,'Sagarm?th?','',1),(3192,154,'Set?','',1),(3193,153,'Nauru (general)','',1),(3194,153,'Aiwo','',1),(3195,153,'Anabar','',1),(3196,153,'Anetan','',1),(3197,153,'Anibare','',1),(3198,153,'Baiti','',1),(3199,153,'Boe','',1),(3200,153,'Buada','',1),(3201,153,'Denigomodu','',1),(3202,153,'Ewa','',1),(3203,153,'Ijuw','',1),(3204,153,'Meneng','',1),(3205,153,'Nibok','',1),(3206,153,'Uaboe','',1),(3207,153,'Yaren','',1),(3208,162,'Niue (general)','',1),(3215,158,'Chatham Islands','',1),(3247,158,'Manawatu','',1),(3291,158,'Wairarapa','',1),(3300,158,'Northland','',1),(3318,158,'Auckland','',1),(3319,158,'Bay of Plenty','',1),(3320,158,'Canterbury','',1),(3323,158,'Wanganui','',1),(3324,158,'Marlborough','',1),(3327,158,'Otago','',1),(3328,158,'Southland','',1),(3329,158,'Taranaki','',1),(3330,158,'Waikato','',1),(3331,158,'Wellington','',1),(3332,158,'West Coast','',1),(3337,158,'Hawke\'s Bay','',1),(3338,158,'Nelson','',1),(3341,166,'Oman (general)','',1),(3342,166,'Ad D?khil?yah','',1),(3343,166,'Al B??inah','',1),(3344,166,'Al Wus?','',1),(3345,166,'Ash Sharq?yah','',1),(3346,166,'A? ??hirah','',1),(3347,166,'Masqa?','',1),(3348,166,'Musandam','',1),(3349,166,'?uf?r','',1),(3350,170,'Panama (general)','',1),(3351,170,'Bocas del Toro','',1),(3352,170,'Chiriqu','',1),(3353,170,'Cocl','',1),(3354,170,'Coln','',1),(3355,170,'Darin','',1),(3356,170,'Herrera','',1),(3357,170,'Los Santos','',1),(3358,170,'Panam','',1),(3359,170,'San Blas','',1),(3360,170,'Veraguas','',1),(3361,173,'Peru (general)','',1),(3362,173,'Amazonas','',1),(3363,173,'Ancash','',1),(3364,173,'Apurmac','',1),(3365,173,'Arequipa','',1),(3366,173,'Ayacucho','',1),(3367,173,'Cajamarca','',1),(3368,173,'Callao','',1),(3369,173,'Cusco','',1),(3370,173,'Huancavelica','',1),(3371,173,'Huanuco','',1),(3372,173,'Ica','',1),(3373,173,'Junn','',1),(3374,173,'La Libertad','',1),(3375,173,'Lambayeque','',1),(3376,173,'Lima','',1),(3377,173,'Loreto','',1),(3378,173,'Madre de Dios','',1),(3379,173,'Moquegua','',1),(3380,173,'Pasco','',1),(3381,173,'Piura','',1),(3382,173,'Puno','',1),(3383,173,'San Martn','',1),(3384,173,'Tacna','',1),(3385,173,'Tumbes','',1),(3386,173,'Ucayali','',1),(3387,76,'Territory of French Polynesia','',1),(3388,171,'Papua New Guinea (general)','',1),(3389,171,'Central','',1),(3390,171,'Gulf','',1),(3391,171,'Milne Bay','',1),(3392,171,'Northern','',1),(3393,171,'Southern Highlands','',1),(3394,171,'Western','',1),(3395,171,'Bougainville','',1),(3396,171,'Chimbu','',1),(3397,171,'Eastern Highlands','',1),(3398,171,'East New Britain','',1),(3399,171,'East Sepik','',1),(3400,171,'Madang','',1),(3401,171,'Manus','',1),(3402,171,'Morobe','',1),(3403,171,'New Ireland','',1),(3404,171,'Western Highlands','',1),(3405,171,'West New Britain','',1),(3406,171,'Sandaun','',1),(3407,171,'Enga','',1),(3408,171,'National Capital','',1),(3409,174,'Philippines (general)','',1),(3410,174,'Abra','',1),(3411,174,'Agusan del Norte','',1),(3412,174,'Agusan del Sur','',1),(3413,174,'Aklan','',1),(3414,174,'Albay','',1),(3415,174,'Antique','',1),(3416,174,'Bataan','',1),(3417,174,'Batanes','',1),(3418,174,'Batangas','',1),(3419,174,'Benguet','',1),(3420,174,'Bohol','',1),(3421,174,'Bukidnon','',1),(3422,174,'Bulacan','',1),(3423,174,'Cagayan','',1),(3424,174,'Camarines Norte','',1),(3425,174,'Camarines Sur','',1),(3426,174,'Camiguin','',1),(3427,174,'Capiz','',1),(3428,174,'Catanduanes','',1),(3429,174,'Cavite','',1),(3430,174,'Cebu','',1),(3431,174,'Basilan','',1),(3432,174,'Eastern Samar','',1),(3433,174,'Davao','',1),(3434,174,'Davao del Sur','',1),(3435,174,'Davao Oriental','',1),(3436,174,'Ifugao','',1),(3437,174,'Ilocos Norte','',1),(3438,174,'Ilocos Sur','',1),(3439,174,'Iloilo','',1),(3440,174,'Isabela','',1),(3441,174,'Kalinga-Apayao','',1),(3442,174,'Laguna','',1),(3443,174,'Lanao del Norte','',1),(3444,174,'Lanao del Sur','',1),(3445,174,'La Union','',1),(3446,174,'Leyte','',1),(3447,174,'Marinduque','',1),(3448,174,'Masbate','',1),(3449,174,'Mindoro Occidental','',1),(3450,174,'Mindoro Oriental','',1),(3451,174,'Misamis Occidental','',1),(3452,174,'Misamis Oriental','',1),(3453,174,'Mountain Province','',1),(3454,174,'(RP45)','',1),(3455,174,'Negros Oriental','',1),(3456,174,'Nueva Ecija','',1),(3457,174,'Nueva Vizcaya','',1),(3458,174,'Palawan','',1),(3459,174,'Pampanga','',1),(3460,174,'Pangasinan','',1),(3461,174,'Rizal','',1),(3462,174,'Romblon','',1),(3463,174,'Samar','',1),(3464,174,'Maguindanao','',1),(3465,174,'North Cotabato','',1),(3466,174,'Sorsogon','',1),(3467,174,'Southern Leyte','',1),(3468,174,'Sulu','',1),(3469,174,'Surigao del Norte','',1),(3470,174,'Surigao del Sur','',1),(3471,174,'Tarlac','',1),(3472,174,'Zambales','',1),(3473,174,'Zamboanga del Norte','',1),(3474,174,'Zamboanga del Sur','',1),(3475,174,'Northern Samar','',1),(3476,174,'Quirino','',1),(3477,174,'Siquijor','',1),(3478,174,'South Cotabato','',1),(3479,174,'Sultan Kudarat','',1),(3480,174,'Tawi-Tawi','',1),(3481,174,'Angeles','',1),(3482,174,'Bacolod City','',1),(3483,174,'Bago','',1),(3484,174,'Baguio','',1),(3485,174,'Bais','',1),(3486,174,'Basilan','',1),(3487,174,'Batangas','',1),(3488,174,'Butuan','',1),(3489,174,'Cabanatuan','',1),(3490,174,'Cadiz','',1),(3491,174,'Chartered City of Cagayan de Oro','',1),(3492,174,'Calbayog','',1),(3493,174,'Caloocan','',1),(3494,174,'Canlaon','',1),(3495,174,'Cavite','',1),(3496,174,'Cebu City','',1),(3497,174,'Cotabato','',1),(3498,174,'Dagupan','',1),(3499,174,'Danao','',1),(3500,174,'Dapitan','',1),(3501,174,'Davao','',1),(3502,174,'Dipolog','',1),(3503,174,'Dumaguete','',1),(3504,174,'General Santos','',1),(3505,174,'Gingoog','',1),(3506,174,'Chartered City of Iligan','',1),(3507,174,'Iloilo','',1),(3508,174,'Iriga','',1),(3509,174,'La Carlota','',1),(3510,174,'Laoag','',1),(3511,174,'Lapu-Lapu','',1),(3512,174,'Legaspi','',1),(3513,174,'Lipa','',1),(3514,174,'Lucena','',1),(3515,174,'Mandaue','',1),(3516,174,'Manila','',1),(3517,174,'Chartered City of Marawi','',1),(3518,174,'Naga','',1),(3519,174,'Olongapo','',1),(3520,174,'Ormoc','',1),(3521,174,'Oroquieta','',1),(3522,174,'Ozamis','',1),(3523,174,'Pagadian','',1),(3524,174,'Palayan','',1),(3525,174,'Pasay','',1),(3526,174,'Puerto Princesa','',1),(3527,174,'Quezon','',1),(3528,174,'Roxas','',1),(3529,174,'San Carlos, Negros Occidental','',1),(3530,174,'San Carlos, Pangasinan','',1),(3531,174,'San Jose','',1),(3532,174,'San Pablo','',1),(3533,174,'Silay','',1),(3534,174,'Surigao','',1),(3535,174,'Tacloban','',1),(3536,174,'Tagaytay','',1),(3537,174,'Tagbilaran','',1),(3538,174,'Tangub','',1),(3539,174,'Toledo','',1),(3540,174,'Trece Martires','',1),(3541,174,'Zamboanga City','',1),(3542,174,'Aurora','',1),(3543,174,'Quezon','',1),(3544,174,'Negros Occidental','',1),(3545,167,'Pakistan (general)','',1),(3546,167,'Federally Administered Tribal Areas','',1),(3547,167,'Balochist?n','',1),(3548,167,'North-West Frontier','',1),(3549,167,'Punjab','',1),(3550,167,'Sindh','',1),(3551,167,'Azad Kashmir','',1),(3552,167,'Northern Areas','',1),(3553,167,'Isl?m?b?d','',1),(3554,176,'Bielskie Wojewdztwo','',1),(3555,176,'Biala Podlaska','',1),(3556,176,'Bialystok','',1),(3557,176,'Bielsko','',1),(3558,176,'Bydgoszcz','',1),(3559,176,'Chelm','',1),(3560,176,'Ciechanow','',1),(3561,176,'Czestochowa','',1),(3562,176,'Elblag','',1),(3563,176,'Gdansk','',1),(3564,176,'Gorzow','',1),(3565,176,'Jelenia Gora','',1),(3566,176,'Kalisz','',1),(3567,176,'Katowice','',1),(3568,176,'Kielce','',1),(3569,176,'Konin','',1),(3570,176,'Koszalin','',1),(3571,176,'Krakow','',1),(3572,176,'Krosno','',1),(3573,176,'Legnica','',1),(3574,176,'Leszno','',1),(3575,176,'Lodz','',1),(3576,176,'Lomza','',1),(3577,176,'Lublin','',1),(3578,176,'Nowy Sacz','',1),(3579,176,'Olsztyn','',1),(3580,176,'Opole','',1),(3581,176,'Ostroleka','',1),(3582,176,'Pita','',1),(3583,176,'Piotrkow','',1),(3584,176,'Plock','',1),(3585,176,'Poznan','',1),(3586,176,'Przemysl','',1),(3587,176,'Radom','',1),(3588,176,'Rzeszow','',1),(3589,176,'Siedlce','',1),(3590,176,'Sieradz','',1),(3591,176,'Skierniewice','',1),(3592,176,'Slupsk','',1),(3593,176,'Suwalki','',1),(3594,176,'Szczecin','',1),(3595,176,'Tarnobrzeg','',1),(3596,176,'Tarnow','',1),(3597,176,'Torufi','',1),(3598,176,'Walbrzych','',1),(3599,176,'Warszawa','',1),(3600,176,'Wloclawek','',1),(3601,176,'Wroclaw','',1),(3602,176,'Zamosc','',1),(3603,176,'Zielona Gora','',1),(3604,176,'Lower Silesian Voivodeship','',1),(3605,176,'Kujawsko-Pomorskie Voivodship','',1),(3606,176,'?d? Voivodeship','',1),(3607,176,'Lublin Voivodeship','',1),(3608,176,'Lubusz Voivodship','',1),(3609,176,'Lesser Poland Voivodeship','',1),(3610,176,'Masovian Voivodeship','',1),(3611,176,'Opole Voivodeship','',1),(3612,176,'Subcarpathian Voivodeship','',1),(3613,176,'Podlasie Voivodship','',1),(3614,176,'Pomeranian Voivodeship','',1),(3615,176,'Silesian Voivodship','',1),(3616,176,'?wi?tokrzyskie Voivodship','',1),(3617,176,'Warmian-Masurian Voivodeship','',1),(3618,176,'Greater Poland Voivodeship','',1),(3619,176,'West Pomeranian Voivodeship','',1),(3620,187,'Territorial Collectivity of Saint Pierre and Miquelon','',1),(3621,175,'Pitcairn Islands (general)','',1),(3622,169,'Palestine (general)','',1),(3623,169,'Gaza Strip','',1),(3624,169,'West Bank','',1),(3625,177,'Portugal (general)','',1),(3626,177,'Aveiro','',1),(3627,177,'Beja','',1),(3628,177,'Braga','',1),(3629,177,'Bragana','',1),(3630,177,'Castelo Branco','',1),(3631,177,'Coimbra','',1),(3632,177,'vora','',1),(3633,177,'Faro','',1),(3634,177,'Madeira','',1),(3635,177,'Guarda','',1),(3636,177,'Leiria','',1),(3637,177,'Lisboa','',1),(3638,177,'Portalegre','',1),(3639,177,'Porto','',1),(3640,177,'Santarm','',1),(3641,177,'Setbal','',1),(3642,177,'Viana do Castelo','',1),(3643,177,'Vila Real','',1),(3644,177,'Viseu','',1),(3645,177,'Azores','',1),(3646,168,'Palau (general)','',1),(3647,172,'Paraguay (general)','',1),(3648,172,'Alto Paran','',1),(3649,172,'Amambay','',1),(3650,172,'Departamento de Alto Paraguay','',1),(3651,172,'Caaguaz','',1),(3652,172,'Caazap','',1),(3653,172,'Central','',1),(3654,172,'Concepcin','',1),(3655,172,'Cordillera','',1),(3656,172,'Guair','',1),(3657,172,'Itapa','',1),(3658,172,'Misiones','',1),(3659,172,'eembuc','',1),(3660,172,'Paraguar','',1),(3661,172,'Presidente Hayes','',1),(3662,172,'San Pedro','',1),(3663,172,'Canindey','',1),(3664,172,'Asuncin','',1),(3665,172,'Asuncin','',1),(3666,172,'Boquern','',1),(3667,179,'Qatar (general)','',1),(3668,179,'Ad Daw?ah','',1),(3669,179,'Al Ghuwayr?yah','',1),(3670,179,'Al Jumayl?yah','',1),(3671,179,'Al Khawr','',1),(3672,179,'Al Wakrah Municipality','',1),(3673,179,'Ar Rayy?n','',1),(3674,179,'Jarayan al Batinah','',1),(3675,179,'Mad?nat ash Sham?l','',1),(3676,179,'Umm ?al?l','',1),(3677,179,'Al Wakrah','',1),(3678,179,'Jaray?n al B??inah','',1),(3679,179,'Umm Sa??d','',1),(3680,180,'Department of Reunion','',1),(3681,181,'Jude?ul Covurlui','',1),(3682,181,'Alba','',1),(3683,181,'Arad','',1),(3684,181,'Arge?','',1),(3685,181,'Bac?u','',1),(3686,181,'Bihor','',1),(3687,181,'Bistri?a-N?s?ud','',1),(3688,181,'Boto?ani','',1),(3689,181,'Br?ila','',1),(3690,181,'Bra?ov','',1),(3691,181,'Bucure?ti','',1),(3692,181,'Buz?u','',1),(3693,181,'Cara?-Severin','',1),(3694,181,'Cluj','',1),(3695,181,'Constan?a','',1),(3696,181,'Covasna','',1),(3697,181,'Dmbovi?a','',1),(3698,181,'Dolj','',1),(3699,181,'Gala?i','',1),(3700,181,'Gorj','',1),(3701,181,'Harghita','',1),(3702,181,'Hunedoara','',1),(3703,181,'Ialomi?a','',1),(3704,181,'Ia?i','',1),(3705,181,'Maramure?','',1),(3706,181,'Mehedin?i','',1),(3707,181,'Mure?','',1),(3708,181,'Neam?','',1),(3709,181,'Olt','',1),(3710,181,'Prahova','',1),(3711,181,'S?laj','',1),(3712,181,'Satu Mare','',1),(3713,181,'Sibiu','',1),(3714,181,'Suceava','',1),(3715,181,'Teleorman','',1),(3716,181,'Timi?','',1),(3717,181,'Tulcea','',1),(3718,181,'Vaslui','',1),(3719,181,'Vlcea','',1),(3720,181,'Vrancea','',1),(3721,181,'C?l?ra?i','',1),(3722,181,'Giurgiu','',1),(3723,181,'Ilfov','',1),(3724,194,'Serbia (general)','',1),(3725,194,'Kosovo','',1),(3726,194,'Autonomna Pokrajina Vojvodina','',1),(3727,182,'Russia (general)','',1),(3728,182,'Adygeya','',1),(3729,182,'Aginskiy Buryatskiy Avtonomnyy Okrug','',1),(3730,182,'Altay','',1),(3731,182,'Altayskiy Kray','',1),(3732,182,'Amur','',1),(3733,182,'Arkhangelsk','',1),(3734,182,'Astrakhan','',1),(3735,182,'Bashkortostan','',1),(3736,182,'Belgorod','',1),(3737,182,'Brjansk','',1),(3738,182,'Buryatiya','',1),(3739,182,'Tsjeljabinsk','',1),(3740,182,'Tsjita','',1),(3741,182,'Chukotskiy Avtonomnyy Okrug','',1),(3742,182,'Chuvashia','',1),(3743,182,'Dagestan','',1),(3744,182,'Evenkiyskiy Avtonomnyy Okrug','',1),(3745,182,'Ingushetiya','',1),(3746,182,'Irkutsk','',1),(3747,182,'Ivanovo','',1),(3748,182,'Kabardino-Balkariya','',1),(3749,182,'Kaliningrad','',1),(3750,182,'Kalmykiya','',1),(3751,182,'Kaluga','',1),(3752,182,'Kamtsjatka','',1),(3753,182,'Karachayevo-Cherkesiya','',1),(3754,182,'Kareliya','',1),(3755,182,'Kemerovo','',1),(3756,182,'Khabarovsk Krai','',1),(3757,182,'Khakasiya','',1),(3758,182,'Khanty-Mansiyskiy Avtonomnyy Okrug','',1),(3759,182,'Kirov','',1),(3760,182,'Komi','',1),(3761,182,'Komi-Permyatskiy Avtonomnyy Okrug','',1),(3762,182,'Koryakskiy Avtonomnyy Okrug','',1),(3763,182,'Kostroma','',1),(3764,182,'Krasnodarskiy Kray','',1),(3765,182,'Krasnoyarskiy Kray','',1),(3766,182,'Kurgan','',1),(3767,182,'Kursk','',1),(3768,182,'Leningrad','',1),(3769,182,'Lipetsk','',1),(3770,182,'Magadan','',1),(3771,182,'Mariy-El','',1),(3772,182,'Mordoviya','',1),(3773,182,'Moskva fylke','',1),(3774,182,'Moskva','',1),(3775,182,'Murmansk Oblast','',1),(3776,182,'Nenetskiy Avtonomnyy Okrug','',1),(3777,182,'Nizjnij Novgorod','',1),(3778,182,'Novgorod','',1),(3779,182,'Novosibirsk','',1),(3780,182,'Omsk','',1),(3781,182,'Orenburg','',1),(3782,182,'Orjol','',1),(3783,182,'Penza','',1),(3784,182,'Primorskiy Kray','',1),(3785,182,'Pskov','',1),(3786,182,'Rostov','',1),(3787,182,'Rjazan','',1),(3788,182,'Sakha','',1),(3789,182,'Sakhalin','',1),(3790,182,'Samara','',1),(3791,182,'Sankt-Peterburg','',1),(3792,182,'Saratov','',1),(3793,182,'Severnaya Osetiya-Alaniya','',1),(3794,182,'Smolensk','',1),(3795,182,'Stavropol\'skiy Kray','',1),(3796,182,'Sverdlovsk','',1),(3797,182,'Tambov','',1),(3798,182,'Tatarstan','',1),(3799,182,'Taymyrskiy (Dolgano-Nenetskiy) Avtonomnyy Okrug','',1),(3800,182,'Tomsk','',1),(3801,182,'Tula','',1),(3802,182,'Tver','',1),(3803,182,'Tjumen','',1),(3804,182,'Tyva','',1),(3805,182,'Udmurtiya','',1),(3806,182,'Uljanovsk','',1),(3807,182,'Ust\'-Ordynskiy Buryatskiy Avtonomnyy Okrug','',1),(3808,182,'Vladimir','',1),(3809,182,'Volgograd','',1),(3810,182,'Vologda','',1),(3811,182,'Voronezj','',1),(3812,182,'Yamalo-Nenetskiy Avtonomnyy Okrug','',1),(3813,182,'Jaroslavl','',1),(3814,182,'Jewish Autonomous Oblast','',1),(3815,182,'Permskiy Kray','',1),(3816,182,'Chechnya','',1),(3817,182,'RSJA','',1),(3818,183,'Rwanda (general)','',1),(3819,183,'Butare','',1),(3820,183,'Byumba','',1),(3821,183,'Cyangugu','',1),(3822,183,'Gikongoro','',1),(3823,183,'Gisenyi','',1),(3824,183,'Gitarama','',1),(3825,183,'Kibungo','',1),(3826,183,'Kibuye','',1),(3827,183,'Kigali','',1),(3828,183,'Ruhengeri','',1),(3829,183,'Eastern Province','',1),(3830,183,'Kigali City','',1),(3831,183,'Northern Province','',1),(3832,183,'Western Province','',1),(3833,183,'Southern Province','',1),(3834,192,'Saudi Arabia (general)','',1),(3835,192,'Al B??ah','',1),(3836,192,'Al Mad?nah','',1),(3837,192,'Ash Sharq?yah','',1),(3838,192,'Al Qa??m','',1),(3839,192,'Ar Riy??','',1),(3840,192,'?As?r','',1),(3841,192,'???il','',1),(3842,192,'Makkah','',1),(3843,192,'Al ?ud?d ash Sham?l?yah','',1),(3844,192,'Najr?n','',1),(3845,192,'J?z?n','',1),(3846,192,'Tab?k','',1),(3847,192,'Al Jawf','',1),(3848,200,'Makira Province','',1),(3849,200,'Malaita','',1),(3850,200,'Western','',1),(3851,200,'Central','',1),(3852,200,'Guadalcanal','',1),(3853,200,'Isabel','',1),(3854,200,'Makira','',1),(3855,200,'Temotu','',1),(3856,200,'Choiseul','',1),(3857,200,'Rennell and Bellona','',1),(3858,195,'Seychelles (general)','',1),(3859,195,'Anse aux Pins','',1),(3860,195,'Anse Boileau','',1),(3861,195,'Anse Etoile','',1),(3862,195,'Anse Louis','',1),(3863,195,'Anse Royale','',1),(3864,195,'Baie Lazare','',1),(3865,195,'Baie Sainte Anne','',1),(3866,195,'Beau Vallon','',1),(3867,195,'Bel Air','',1),(3868,195,'Bel Ombre','',1),(3869,195,'Cascade','',1),(3870,195,'Glacis','',1),(3871,195,'Saint Thomas Middle Island Parish','',1),(3872,195,'Grand Anse Praslin','',1),(3873,195,'Trinity Palmetto Point Parish','',1),(3874,195,'La Riviere Anglaise','',1),(3875,195,'Mont Buxton','',1),(3876,195,'Mont Fleuri','',1),(3877,195,'Plaisance','',1),(3878,195,'Pointe Larue','',1),(3879,195,'Port Glaud','',1),(3880,195,'Saint Louis','',1),(3881,195,'Takamaka','',1),(3882,195,'Anse aux Pins','',1),(3883,195,'Anse Boileau','',1),(3884,195,'Anse Etoile','',1),(3885,195,'Anse Royale','',1),(3886,195,'Baie Lazare','',1),(3887,195,'Beau Vallon','',1),(3888,195,'Bel Ombre','',1),(3889,195,'Glacis','',1),(3890,195,'Grand Anse Mahe','',1),(3891,195,'Grand Anse Praslin','',1),(3892,195,'Inner Islands','',1),(3893,195,'English River','',1),(3894,195,'Mont Fleuri','',1),(3895,195,'Plaisance','',1),(3896,195,'Pointe Larue','',1),(3897,195,'Port Glaud','',1),(3898,195,'Takamaka','',1),(3899,195,'Au Cap','',1),(3900,195,'Les Mamelles','',1),(3901,195,'Roche Caiman','',1),(3902,206,'Sudan (general)','',1),(3903,206,'(SU26)','',1),(3904,206,'Al Wil?yah al Wus?','',1),(3905,206,'Al Wil?yah al Istiw?\'?yah','',1),(3906,206,'Al Khar??m','',1),(3907,206,'Ash Shamaliyah','',1),(3908,206,'Al Wil?yah ash Sharq?yah','',1),(3909,206,'Ba?r al Ghazal Wilayat','',1),(3910,206,'Darfur Wilayat','',1),(3911,206,'Kurdufan Wilayat','',1),(3912,206,'A?al? an N?l','',1),(3913,206,'Al Ba?r al A?mar','',1),(3914,206,'Al Bu?ayr?t','',1),(3915,206,'Al Jaz?rah','',1),(3916,206,'Al Qa??rif','',1),(3917,206,'Al Wa?dah','',1),(3918,206,'An N?l al Abya?','',1),(3919,206,'An N?l al Azraq','',1),(3920,206,'Ash Sham?l?yah','',1),(3921,206,'Ba?r al Jabal','',1),(3922,206,'Gharb al Istiw???yah','',1),(3923,206,'Gharb Ba?r al Ghaz?l','',1),(3924,206,'Gharb D?rf?r','',1),(3925,206,'Gharb Kurduf?n','',1),(3926,206,'Jan?b D?rf?r','',1),(3927,206,'Jan?b Kurduf?n','',1),(3928,206,'Junqal?','',1),(3929,206,'Kassal?','',1),(3930,206,'Nahr an N?l','',1),(3931,206,'Sham?l Ba?r al Ghaz?l','',1),(3932,206,'Sham?l D?rf?r','',1),(3933,206,'Sham?l Kurduf?n','',1),(3934,206,'Sharq al Istiw???yah','',1),(3935,206,'Sinn?r','',1),(3936,206,'Warab','',1),(3937,210,'Sweden (general)','',1),(3938,210,'Blekinge Ln','',1),(3939,210,'Gvleborgs Ln','',1),(3940,210,'Goteborgs Och Bohus','',1),(3941,210,'Gotlands Ln','',1),(3942,210,'Hallands Ln','',1),(3943,210,'Jmtlands Ln','',1),(3944,210,'Jnkpings Ln','',1),(3945,210,'Kalmar Ln','',1),(3946,210,'Dalarnas Ln','',1),(3947,210,'Kronobergs Ln','',1),(3948,210,'Malmohus','',1),(3949,210,'Norrbottens Ln','',1),(3950,210,'rebro Ln','',1),(3951,210,'stergtlands Ln','',1),(3952,210,'Sdermanlands Ln','',1),(3953,210,'Uppsala Ln','',1),(3954,210,'Vrmlands Ln','',1),(3955,210,'Vsterbottens Ln','',1),(3956,210,'Vsternorrlands Ln','',1),(3957,210,'Vstmanlands Ln','',1),(3958,210,'Stockholms Ln','',1),(3959,210,'Skne Ln','',1),(3960,210,'Vstra Gtaland','',1),(3961,197,'Singapore (general)','',1),(3962,184,'Saint Helena (general)','',1),(3963,184,'Ascension','',1),(3964,184,'Saint Helena','',1),(3965,184,'Tristan da Cunha','',1),(3966,199,'Ob?ina [historical] Hodo? ?alovci','',1),(3967,199,'Ajdov??ina','',1),(3968,199,'Beltinci','',1),(3969,199,'Bled','',1),(3970,199,'Bohinj','',1),(3971,199,'Borovnica','',1),(3972,199,'Bovec','',1),(3973,199,'Brda','',1),(3974,199,'Bre?ice','',1),(3975,199,'Brezovica','',1),(3976,199,'Celje','',1),(3977,199,'Ob?ina Cerklje na Gorenjskem','',1),(3978,199,'Cerknica','',1),(3979,199,'Cerkno','',1),(3980,199,'?ren?ovci','',1),(3981,199,'?rna na Koro?kem','',1),(3982,199,'?rnomelj','',1),(3983,199,'Diva?a','',1),(3984,199,'Dobrepolje','',1),(3985,199,'Ob?ina Dol pri Ljubljani','',1),(3986,199,'Dornava','',1),(3987,199,'Dravograd','',1),(3988,199,'Duplek','',1),(3989,199,'Gorenja Vas-Poljane','',1),(3990,199,'Gori?nica','',1),(3991,199,'Gornja Radgona','',1),(3992,199,'Gornji Grad','',1),(3993,199,'Gornji Petrovci','',1),(3994,199,'Grosuplje','',1),(3995,199,'Hrastnik','',1),(3996,199,'Hrpelje-Kozina','',1),(3997,199,'Idrija','',1),(3998,199,'Ig','',1),(3999,199,'Ilirska Bistrica','',1),(4000,199,'Ivan?na Gorica','',1),(4001,199,'Izola-Isola','',1),(4002,199,'Jur?inci','',1),(4003,199,'Kanal','',1),(4004,199,'Kidri?evo','',1),(4005,199,'Kobarid','',1),(4006,199,'Kobilje','',1),(4007,199,'Komen','',1),(4008,199,'Koper-Capodistria','',1),(4009,199,'Kozje','',1),(4010,199,'Kranj','',1),(4011,199,'Kranjska Gora','',1),(4012,199,'Kr?ko','',1),(4013,199,'Kungota','',1),(4014,199,'La?ko','',1),(4015,199,'Ljubljana','',1),(4016,199,'Ljubno','',1),(4017,199,'Logatec','',1),(4018,199,'Lo?ki Potok','',1),(4019,199,'Lukovica','',1),(4020,199,'Medvode','',1),(4021,199,'Menge?','',1),(4022,199,'Metlika','',1),(4023,199,'Me?ica','',1),(4024,199,'Mislinja','',1),(4025,199,'Morav?e','',1),(4026,199,'Moravske Toplice','',1),(4027,199,'Mozirje','',1),(4028,199,'Murska Sobota','',1),(4029,199,'Muta','',1),(4030,199,'Naklo','',1),(4031,199,'Nazarje','',1),(4032,199,'Nova Gorica','',1),(4033,199,'Odranci','',1),(4034,199,'Ormo?','',1),(4035,199,'Osilnica','',1),(4036,199,'Pesnica','',1),(4037,199,'Pivka','',1),(4038,199,'Pod?etrtek','',1),(4039,199,'Postojna','',1),(4040,199,'Puconci','',1),(4041,199,'Ra?e-Fram','',1),(4042,199,'Rade?e','',1),(4043,199,'Radenci','',1),(4044,199,'Radlje ob Dravi','',1),(4045,199,'Radovljica','',1),(4046,199,'Roga?ovci','',1),(4047,199,'Roga?ka Slatina','',1),(4048,199,'Rogatec','',1),(4049,199,'Semi?','',1),(4050,199,'?en?ur','',1),(4051,199,'?entilj','',1),(4052,199,'?entjernej','',1),(4053,199,'Sevnica','',1),(4054,199,'Se?ana','',1),(4055,199,'?kocjan','',1),(4056,199,'?kofja Loka','',1),(4057,199,'?kofljica','',1),(4058,199,'Slovenj Gradec','',1),(4059,199,'Slovenska Konjice','',1),(4060,199,'?marje pri Jel?ah','',1),(4061,199,'?martno ob Paki','',1),(4062,199,'?o?tanj','',1),(4063,199,'Star?e','',1),(4064,199,'?tore','',1),(4065,199,'Sveti Jurij','',1),(4066,199,'Tolmin','',1),(4067,199,'Trbovlje','',1),(4068,199,'Trebnje','',1),(4069,199,'Tr?i?','',1),(4070,199,'Turni??e','',1),(4071,199,'Velenje','',1),(4072,199,'Velike La??e','',1),(4073,199,'Vipava','',1),(4074,199,'Vitanje','',1),(4075,199,'Vodice','',1),(4076,199,'Vrhnika','',1),(4077,199,'Vuzenica','',1),(4078,199,'Zagorje ob Savi','',1),(4079,199,'Zavr?','',1),(4080,199,'?elezniki','',1),(4081,199,'?iri','',1),(4082,199,'Zre?e','',1),(4083,199,'Benedikt','',1),(4084,199,'Bistrica ob Sotli','',1),(4085,199,'Bloke','',1),(4086,199,'Braslov?e','',1),(4087,199,'Cankova','',1),(4088,199,'Cerkvenjak','',1),(4089,199,'Destrnik','',1),(4090,199,'Dobje','',1),(4091,199,'Dobrna','',1),(4092,199,'Dobrova-Horjul-Polhov Gradec','',1),(4093,199,'Dobrovnik-Dobronak','',1),(4094,199,'Dolenjske Toplice','',1),(4095,199,'Dom?ale','',1),(4096,199,'Grad','',1),(4097,199,'Hajdina','',1),(4098,199,'Ho?e-Slivnica','',1),(4099,199,'Hodo?-Hodos','',1),(4100,199,'Horjul','',1),(4101,199,'Jesenice','',1),(4102,199,'Jezersko','',1),(4103,199,'Kamnik','',1),(4104,199,'Ko?evje','',1),(4105,199,'Komenda','',1),(4106,199,'Kostel','',1),(4107,199,'Kri?evci','',1),(4108,199,'Kuzma','',1),(4109,199,'Lenart','',1),(4110,199,'Lendava-Lendva','',1),(4111,199,'Litija','',1),(4112,199,'Ljutomer','',1),(4113,199,'Lo?ka Dolina','',1),(4114,199,'Lovrenc na Pohorju','',1),(4115,199,'Lu?e','',1),(4116,199,'Maj?perk','',1),(4117,199,'Maribor','',1),(4118,199,'Markovci','',1),(4119,199,'Miklav? na Dravskem Polju','',1),(4120,199,'Miren-Kostanjevica','',1),(4121,199,'Mirna Pe?','',1),(4122,199,'Novo Mesto','',1),(4123,199,'Oplotnica','',1),(4124,199,'Piran-Pirano','',1),(4125,199,'Podlehnik','',1),(4126,199,'Podvelka','',1),(4127,199,'Polzela','',1),(4128,199,'Prebold','',1),(4129,199,'Preddvor','',1),(4130,199,'Prevalje','',1),(4131,199,'Ptuj','',1),(4132,199,'Ravne na Koro?kem','',1),(4133,199,'Razkri?je','',1),(4134,199,'Ribnica','',1),(4135,199,'Ribnica na Pohorju','',1),(4136,199,'Ru?e','',1),(4137,199,'?alovci','',1),(4138,199,'Selnica ob Dravi','',1),(4139,199,'?empeter-Vrtojba','',1),(4140,199,'?entjur pri Celju','',1),(4141,199,'Slovenska Bistrica','',1),(4142,199,'?martno pri Litiji','',1),(4143,199,'Sodra?ica','',1),(4144,199,'Sol?ava','',1),(4145,199,'Sveta Ana','',1),(4146,199,'Sveti Andra? v Slovenskih Goricah','',1),(4147,199,'Tabor','',1),(4148,199,'Ti?ina','',1),(4149,199,'Trnovska Vas','',1),(4150,199,'Trzin','',1),(4151,199,'Velika Polana','',1),(4152,199,'Ver?ej','',1),(4153,199,'Videm','',1),(4154,199,'Vojnik','',1),(4155,199,'Vransko','',1),(4156,199,'?alec','',1),(4157,199,'?etale','',1),(4158,199,'?irovnica','',1),(4159,199,'?u?emberk','',1),(4160,208,'Svalbard','',1),(4161,198,'Slovakia (general)','',1),(4162,198,'Banskobystrick','',1),(4163,198,'Bratislavsk','',1),(4164,198,'Ko?ick','',1),(4165,198,'Nitriansky','',1),(4166,198,'Pre?ovsk','',1),(4167,198,'Tren?iansky','',1),(4168,198,'Trnavsk','',1),(4169,198,'?ilinsk','',1),(4170,196,'Sierra Leone (general)','',1),(4171,196,'Eastern','',1),(4172,196,'Northern','',1),(4173,196,'Southern','',1),(4174,196,'Western Area','',1),(4175,190,'San Marino (general)','',1),(4176,190,'Acquaviva','',1),(4177,190,'Chiesanuova','',1),(4178,190,'Domagnano','',1),(4179,190,'Faetano','',1),(4180,190,'Fiorentino','',1),(4181,190,'Borgo Maggiore','',1),(4182,190,'San Marino','',1),(4183,190,'Montegiardino','',1),(4184,190,'Serravalle','',1),(4185,193,'Senegal (general)','',1),(4186,193,'Dakar','',1),(4187,193,'Diourbel','',1),(4188,193,'Saint-Louis','',1),(4189,193,'Tambacounda','',1),(4190,193,'This','',1),(4191,193,'Louga','',1),(4192,193,'Fatick','',1),(4193,193,'Kaolack','',1),(4194,193,'Kolda Region','',1),(4195,193,'Ziguinchor','',1),(4196,193,'Louga','',1),(4197,193,'Saint-Louis','',1),(4198,193,'Matam','',1),(4199,201,'Somalia (general)','',1),(4200,201,'Bakool','',1),(4201,201,'Banaadir','',1),(4202,201,'Bari','',1),(4203,201,'Bay','',1),(4204,201,'Galguduud','',1),(4205,201,'Gedo','',1),(4206,201,'Hiiraan','',1),(4207,201,'Jubbada Dhexe','',1),(4208,201,'Jubbada Hoose','',1),(4209,201,'Mudug','',1),(4210,201,'Sanaag','',1),(4211,201,'Shabeellaha Dhexe','',1),(4212,201,'Shabeellaha Hoose','',1),(4213,201,'(SO17)','',1),(4214,201,'Nugaal','',1),(4215,201,'Togdheer','',1),(4216,201,'Woqooyi Galbeed','',1),(4217,201,'Awdal','',1),(4218,201,'Sool','',1),(4219,207,'Suriname (general)','',1),(4220,207,'Brokopondo','',1),(4221,207,'Commewijne','',1),(4222,207,'Coronie','',1),(4223,207,'Marowijne','',1),(4224,207,'Nickerie','',1),(4225,207,'Para','',1),(4226,207,'Paramaribo','',1),(4227,207,'Saramacca','',1),(4228,207,'Sipaliwini','',1),(4229,207,'Wanica','',1),(4230,191,'Prncipe','',1),(4231,191,'Prncipe','',1),(4232,191,'So Tom','',1),(4233,65,'El Salvador (general)','',1),(4234,65,'Ahuachapn','',1),(4235,65,'Cabaas','',1),(4236,65,'Chalatenango','',1),(4237,65,'Cuscatln','',1),(4238,65,'La Libertad','',1),(4239,65,'La Paz','',1),(4240,65,'La Unin','',1),(4241,65,'Morazn','',1),(4242,65,'San Miguel','',1),(4243,65,'San Salvador','',1),(4244,65,'Santa Ana','',1),(4245,65,'San Vicente','',1),(4246,65,'Sonsonate','',1),(4247,65,'Usulutn','',1),(4248,212,'Syria (general)','',1),(4249,212,'Al ?asakah','',1),(4250,212,'Al L?dhiq?yah','',1),(4251,212,'Al Qunay?irah','',1),(4252,212,'Ar Raqqah','',1),(4253,212,'As Suwayd??','',1),(4254,212,'Dar??','',1),(4255,212,'Dayr az Zawr','',1),(4256,212,'R?f Dimashq','',1),(4257,212,'?alab','',1),(4258,212,'?am?h','',1),(4259,212,'?im?','',1),(4260,212,'Idlib','',1),(4261,212,'Dimashq','',1),(4262,212,'?ar??s','',1),(4263,209,'Swaziland (general)','',1),(4264,209,'Hhohho','',1),(4265,209,'Lubombo','',1),(4266,209,'Manzini','',1),(4267,209,'Shiselweni','',1),(4268,225,'Turks and Caicos Islands (general)','',1),(4269,43,'Chad (general)','',1),(4270,43,'Batha','',1),(4271,43,'Biltine','',1),(4272,43,'Borkou-Ennedi-Tibesti','',1),(4273,43,'Chari-Baguirmi','',1),(4274,43,'Gura','',1),(4275,43,'Kanem','',1),(4276,43,'Lac','',1),(4277,43,'Logone Occidental','',1),(4278,43,'Logone Oriental','',1),(4279,43,'Mayo-Kbbi','',1),(4280,43,'Moyen-Chari','',1),(4281,43,'Ouadda','',1),(4282,43,'Salamat','',1),(4283,43,'Tandjil','',1),(4284,77,'Territory of the French Southern and Antarctic Lands','',1),(4285,218,'Togo (general)','',1),(4286,218,'Amlame','',1),(4287,218,'Aneho','',1),(4288,218,'Atakpame','',1),(4289,218,'Bafilo','',1),(4290,218,'Bassar','',1),(4291,218,'Dapaong','',1),(4292,218,'Kante','',1),(4293,218,'Klouto','',1),(4294,218,'Lama-Kara','',1),(4295,218,'Lome','',1),(4296,218,'Mango','',1),(4297,218,'Niamtougou','',1),(4298,218,'Notse','',1),(4299,218,'Kpagouda','',1),(4300,218,'Badou','',1),(4301,218,'Sotouboua','',1),(4302,218,'Tabligbo','',1),(4303,218,'Tsevie','',1),(4304,218,'Tchamba','',1),(4305,218,'Tchaoudjo','',1),(4306,218,'Vogan','',1),(4307,218,'Centrale','',1),(4308,218,'Kara','',1),(4309,218,'Maritime','',1),(4310,218,'Plateaux','',1),(4311,218,'Savanes','',1),(4312,216,'Thailand (general)','',1),(4313,216,'Mae Hong Son','',1),(4314,216,'Chiang Mai','',1),(4315,216,'Chiang Rai','',1),(4316,216,'Nan','',1),(4317,216,'Lamphun','',1),(4318,216,'Lampang','',1),(4319,216,'Phrae','',1),(4320,216,'Tak','',1),(4321,216,'Sukhothai','',1),(4322,216,'Uttaradit','',1),(4323,216,'Kamphaeng Phet','',1),(4324,216,'Phitsanulok','',1),(4325,216,'Phichit','',1),(4326,216,'Phetchabun','',1),(4327,216,'Uthai Thani','',1),(4328,216,'Nakhon Sawan','',1),(4329,216,'Nong Khai','',1),(4330,216,'Loei','',1),(4331,216,'Udon Thani Changwat','',1),(4332,216,'Sakon Nakhon','',1),(4333,216,'Nakhon Phanom','',1),(4334,216,'Khon Kaen','',1),(4335,216,'Kalasin','',1),(4336,216,'Maha Sarakham','',1),(4337,216,'Roi Et','',1),(4338,216,'Chaiyaphum','',1),(4339,216,'Nakhon Ratchasima','',1),(4340,216,'Buriram','',1),(4341,216,'Surin','',1),(4342,216,'Sisaket','',1),(4343,216,'Narathiwat','',1),(4344,216,'Chai Nat','',1),(4345,216,'Sing Buri','',1),(4346,216,'Lop Buri','',1),(4347,216,'Ang Thong','',1),(4348,216,'Phra Nakhon Si Ayutthaya','',1),(4349,216,'Sara Buri','',1),(4350,216,'Nonthaburi','',1),(4351,216,'Pathum Thani','',1),(4352,216,'Krung Thep Mahanakhon','',1),(4353,216,'Phayao','',1),(4354,216,'Samut Prakan','',1),(4355,216,'Nakhon Nayok','',1),(4356,216,'Chachoengsao','',1),(4357,216,'Prachin Buri Changwat','',1),(4358,216,'Chon Buri','',1),(4359,216,'Rayong','',1),(4360,216,'Chanthaburi','',1),(4361,216,'Trat','',1),(4362,216,'Kanchanaburi','',1),(4363,216,'Suphan Buri','',1),(4364,216,'Ratchaburi','',1),(4365,216,'Nakhon Pathom','',1),(4366,216,'Samut Songkhram','',1),(4367,216,'Samut Sakhon','',1),(4368,216,'Phetchaburi','',1),(4369,216,'Prachuap Khiri Khan','',1),(4370,216,'Chumphon','',1),(4371,216,'Ranong','',1),(4372,216,'Surat Thani','',1),(4373,216,'Phangnga','',1),(4374,216,'Phuket','',1),(4375,216,'Krabi','',1),(4376,216,'Nakhon Si Thammarat','',1),(4377,216,'Trang','',1),(4378,216,'Phatthalung','',1),(4379,216,'Satun','',1),(4380,216,'Songkhla','',1),(4381,216,'Pattani','',1),(4382,216,'Yala','',1),(4383,216,'Ubon Ratchathani Changwat','',1),(4384,216,'Yasothon','',1),(4385,216,'Nakhon Phanom','',1),(4386,216,'Prachin Buri','',1),(4387,216,'Ubon Ratchathani','',1),(4388,216,'Udon Thani','',1),(4389,216,'Amnat Charoen','',1),(4390,216,'Mukdahan','',1),(4391,216,'Nong Bua Lamphu','',1),(4392,216,'Sa Kaeo','',1),(4393,214,'Kulyabskaya Oblast\'','',1),(4394,214,'K?histoni Badakhshon','',1),(4395,214,'Khatlon','',1),(4396,214,'Leninobod','',1),(4397,214,'Region of Republican Subordination','',1),(4398,219,'Tokelau (general)','',1),(4399,217,'Bobonaro','',1),(4400,224,'Turkmenistan (general)','',1),(4401,224,'Ahal','',1),(4402,224,'Balkan','',1),(4403,224,'Da?oguz','',1),(4404,224,'Lebap','',1),(4405,224,'Mary','',1),(4406,222,'Tunis al Janubiyah Wilayat','',1),(4407,222,'Al Qa?rayn','',1),(4408,222,'Al Qayraw?n','',1),(4409,222,'Jund?bah','',1),(4410,222,'Kef','',1),(4411,222,'Al Mahd?yah','',1),(4412,222,'Al Munast?r','',1),(4413,222,'B?jah','',1),(4414,222,'Banzart','',1),(4415,222,'N?bul','',1),(4416,222,'Sily?nah','',1),(4417,222,'S?sah','',1),(4418,222,'(TS26)','',1),(4419,222,'Bin ?Ar?s','',1),(4420,222,'Madan?n','',1),(4421,222,'Q?bis','',1),(4422,222,'Qaf?ah','',1),(4423,222,'Qibil?','',1),(4424,222,'?af?qis','',1),(4425,222,'S?d? B? Zayd','',1),(4426,222,'Ta??w?n','',1),(4427,222,'Tawzar','',1),(4428,222,'T?nis','',1),(4429,222,'Zaghw?n','',1),(4430,222,'Ariana','',1),(4431,222,'Manouba','',1),(4432,220,'Tonga (general)','',1),(4433,220,'Ha?apai','',1),(4434,220,'Tongatapu','',1),(4435,220,'Vava?u','',1),(4436,223,'Turkey (general)','',1),(4437,223,'Ad?yaman','',1),(4438,223,'Afyonkarahisar','',1),(4439,223,'A?r? Province','',1),(4440,223,'Amasya Province','',1),(4441,223,'Antalya Province','',1),(4442,223,'Artvin Province','',1),(4443,223,'Ayd?n Province','',1),(4444,223,'Bal?kesir Province','',1),(4445,223,'Bilecik Province','',1),(4446,223,'Bingl Province','',1),(4447,223,'Bitlis Province','',1),(4448,223,'Bolu Province','',1),(4449,223,'Burdur Province','',1),(4450,223,'Bursa','',1),(4451,223,'anakkale Province','',1),(4452,223,'orum Province','',1),(4453,223,'Denizli Province','',1),(4454,223,'Diyarbak?r','',1),(4455,223,'Edirne Province','',1),(4456,223,'Elaz??','',1),(4457,223,'Erzincan Province','',1),(4458,223,'Erzurum Province','',1),(4459,223,'Eski?ehir Province','',1),(4460,223,'Giresun Province','',1),(4461,223,'Hatay Province','',1),(4462,223,'Mersin Province','',1),(4463,223,'Isparta Province','',1),(4464,223,'?stanbul','',1),(4465,223,'?zmir','',1),(4466,223,'Kastamonu Province','',1),(4467,223,'Kayseri Province','',1),(4468,223,'K?rklareli Province','',1),(4469,223,'K?r?ehir Province','',1),(4470,223,'Kocaeli Province','',1),(4471,223,'Ktahya Province','',1),(4472,223,'Malatya Province','',1),(4473,223,'Manisa Province','',1),(4474,223,'Kahramanmara? Province','',1),(4475,223,'Mu?la Province','',1),(4476,223,'Mu? Province','',1),(4477,223,'Nev?ehir','',1),(4478,223,'Ordu Province','',1),(4479,223,'Rize','',1),(4480,223,'Sakarya Province','',1),(4481,223,'Samsun Province','',1),(4482,223,'Sinop Province','',1),(4483,223,'Sivas Province','',1),(4484,223,'Tekirda? Province','',1),(4485,223,'Tokat','',1),(4486,223,'Trabzon Province','',1),(4487,223,'Tunceli Province','',1),(4488,223,'?anl?urfa Province','',1),(4489,223,'U?ak Province','',1),(4490,223,'Van Province','',1),(4491,223,'Yozgat Province','',1),(4492,223,'Ankara Province','',1),(4493,223,'Gm?hane','',1),(4494,223,'Hakkri Province','',1),(4495,223,'Konya Province','',1),(4496,223,'Mardin Province','',1),(4497,223,'Ni?de','',1),(4498,223,'Siirt Province','',1),(4499,223,'Aksaray Province','',1),(4500,223,'Batman Province','',1),(4501,223,'Bayburt','',1),(4502,223,'Karaman Province','',1),(4503,223,'K?r?kkale Province','',1),(4504,223,'??rnak Province','',1),(4505,223,'Adana Province','',1),(4506,223,'ank?r? Province','',1),(4507,223,'Gaziantep Province','',1),(4508,223,'Kars','',1),(4509,223,'Zonguldak','',1),(4510,223,'Ardahan Province','',1),(4511,223,'Bart?n Province','',1),(4512,223,'I?d?r Province','',1),(4513,223,'Karabk','',1),(4514,223,'Kilis Province','',1),(4515,223,'Osmaniye Province','',1),(4516,223,'Yalova Province','',1),(4517,223,'Dzce','',1),(4518,221,'Trinidad and Tobago (general)','',1),(4519,221,'Arima','',1),(4520,221,'Caroni','',1),(4521,221,'Mayaro','',1),(4522,221,'Nariva','',1),(4523,221,'Port-of-Spain','',1),(4524,221,'Saint Andrew','',1),(4525,221,'Saint David','',1),(4526,221,'Saint George','',1),(4527,221,'Saint Patrick','',1),(4528,221,'San Fernando','',1),(4529,221,'Tobago','',1),(4530,221,'Victoria','',1),(4531,226,'Tuvalu (general)','',1),(4532,213,'Taiwan (general)','',1),(4533,213,'Fu-chien','',1),(4534,213,'Kao-hsiung','',1),(4535,213,'T\'ai-pei','',1),(4536,213,'T\'ai-wan','',1),(4537,215,'Tanzania (general)','',1),(4538,215,'Arusha','',1),(4539,215,'Pwani','',1),(4540,215,'Dodoma','',1),(4541,215,'Iringa','',1),(4542,215,'Kigoma','',1),(4543,215,'Kilimanjaro','',1),(4544,215,'Lindi','',1),(4545,215,'Mara','',1),(4546,215,'Mbeya','',1),(4547,215,'Morogoro','',1),(4548,215,'Mtwara','',1),(4549,215,'Mwanza','',1),(4550,215,'Pemba North','',1),(4551,215,'Ruvuma','',1),(4552,215,'Shinyanga','',1),(4553,215,'Singida','',1),(4554,215,'Tabora','',1),(4555,215,'Tanga','',1),(4556,215,'Kagera','',1),(4557,215,'Pemba South','',1),(4558,215,'Zanzibar Central/South','',1),(4559,215,'Zanzibar North','',1),(4560,215,'Dar es Salaam','',1),(4561,215,'Rukwa','',1),(4562,215,'Zanzibar Urban/West','',1),(4563,215,'Arusha','',1),(4564,215,'Manyara','',1),(4565,228,'Ukraine (general)','',1),(4566,228,'Cherkas\'ka Oblast\'','',1),(4567,228,'Chernihivs\'ka Oblast\'','',1),(4568,228,'Chernivets\'ka Oblast\'','',1),(4569,228,'Dnipropetrovs\'ka Oblast\'','',1),(4570,228,'Donets\'ka Oblast\'','',1),(4571,228,'Ivano-Frankivs\'ka Oblast\'','',1),(4572,228,'Kharkivs\'ka Oblast\'','',1),(4573,228,'Kherson Oblast','',1),(4574,228,'Khmel\'nyts\'ka Oblast\'','',1),(4575,228,'Kirovohrads\'ka Oblast\'','',1),(4576,228,'Avtonomna Respublika Krym','',1),(4577,228,'Misto Kyyiv','',1),(4578,228,'Kiev Oblast','',1),(4579,228,'Luhans\'ka Oblast\'','',1),(4580,228,'L\'vivs\'ka Oblast\'','',1),(4581,228,'Mykolayivs\'ka Oblast\'','',1),(4582,228,'Odessa Oblast','',1),(4583,228,'Poltava Oblast','',1),(4584,228,'Rivnens\'ka Oblast\'','',1),(4585,228,'Misto Sevastopol','',1),(4586,228,'Sumy Oblast','',1),(4587,228,'Ternopil\'s\'ka Oblast\'','',1),(4588,228,'Vinnyts\'ka Oblast\'','',1),(4589,228,'Volyns\'ka Oblast\'','',1),(4590,228,'Zakarpats\'ka Oblast\'','',1),(4591,228,'Zaporiz\'ka Oblast\'','',1),(4592,228,'Zhytomyrs\'ka Oblast\'','',1),(4593,227,'Busoga Province','',1),(4594,227,'Kampala District','',1),(4595,227,'Apac','',1),(4596,227,'Arua','',1),(4597,227,'Bundibugyo','',1),(4598,227,'Bushenyi','',1),(4599,227,'Gulu','',1),(4600,227,'Hoima','',1),(4601,227,'Iganga','',1),(4602,227,'Jinja','',1),(4603,227,'Kabale','',1),(4604,227,'Kabarole','',1),(4605,227,'Kalangala','',1),(4606,227,'Kampala','',1),(4607,227,'Kamuli','',1),(4608,227,'Kapchorwa','',1),(4609,227,'Kasese','',1),(4610,227,'Kibale','',1),(4611,227,'Kiboga','',1),(4612,227,'Kisoro','',1),(4613,227,'Kitgum','',1),(4614,227,'Kotido','',1),(4615,227,'Kumi','',1),(4616,227,'Lira','',1),(4617,227,'Luwero','',1),(4618,227,'Masaka','',1),(4619,227,'Masindi','',1),(4620,227,'Mbale','',1),(4621,227,'Mbarara','',1),(4622,227,'Moroto','',1),(4623,227,'Moyo','',1),(4624,227,'Mpigi','',1),(4625,227,'Mubende','',1),(4626,227,'Mukuno','',1),(4627,227,'Nebbi','',1),(4628,227,'Ntungamo','',1),(4629,227,'Pallisa','',1),(4630,227,'Rakai','',1),(4631,227,'Rukungiri','',1),(4632,227,'Soroti','',1),(4633,227,'Tororo','',1),(4634,227,'Adjumani','',1),(4635,227,'Bugiri','',1),(4636,227,'Busia','',1),(4637,227,'Iganga','',1),(4638,227,'Katakwi','',1),(4639,227,'Luwero','',1),(4640,227,'Masaka','',1),(4641,227,'Moyo','',1),(4642,227,'Nakasongola','',1),(4643,227,'Sembabule','',1),(4644,227,'Soroti','',1),(4645,227,'Tororo','',1),(4646,227,'Arua','',1),(4647,227,'Iganga','',1),(4648,227,'Kabarole','',1),(4649,227,'Kaberamaido','',1),(4650,227,'Kamwenge','',1),(4651,227,'Kanungu','',1),(4652,227,'Kayunga','',1),(4653,227,'Kitgum','',1),(4654,227,'Kyenjojo','',1),(4655,227,'Mayuge','',1),(4656,227,'Mbale','',1),(4657,227,'Moroto','',1),(4658,227,'Mpigi','',1),(4659,227,'Mukono','',1),(4660,227,'Nakapiripirit','',1),(4661,227,'Pader','',1),(4662,227,'Rukungiri','',1),(4663,227,'Sironko','',1),(4664,227,'Soroti','',1),(4665,227,'Wakiso','',1),(4666,227,'Yumbe','',1),(4667,233,'Uruguay (general)','',1),(4668,233,'Artigas Department','',1),(4669,233,'Canelones Department','',1),(4670,233,'Cerro Largo Department','',1),(4671,233,'Colonia Department','',1),(4672,233,'Durazno','',1),(4673,233,'Flores','',1),(4674,233,'Florida Department','',1),(4675,233,'Lavalleja Department','',1),(4676,233,'Maldonado Department','',1),(4677,233,'Montevideo','',1),(4678,233,'Paysand','',1),(4679,233,'Ro Negro','',1),(4680,233,'Rivera','',1),(4681,233,'Rocha','',1),(4682,233,'Salto','',1),(4683,233,'San Jos','',1),(4684,233,'Soriano Department','',1),(4685,233,'Tacuaremb','',1),(4686,233,'Treinta y Tres','',1),(4687,234,'Uzbekistan (general)','',1),(4688,234,'Andijon','',1),(4689,234,'Buxoro','',1),(4690,234,'Farg ona','',1),(4691,234,'Xorazm','',1),(4692,234,'Namangan','',1),(4693,234,'Navoiy','',1),(4694,234,'Qashqadaryo','',1),(4695,234,'Qoraqalpog iston','',1),(4696,234,'Samarqand','',1),(4697,234,'Surxondaryo','',1),(4698,234,'Toshkent Shahri','',1),(4699,234,'Toshkent','',1),(4700,234,'Jizzax','',1),(4701,234,'Sirdaryo','',1),(4702,96,'Vatican City (general)','',1),(4703,188,'Saint Vincent and The Grenadines (general)','',1),(4704,188,'Charlotte','',1),(4705,188,'Saint Andrew','',1),(4706,188,'Saint David','',1),(4707,188,'Saint George','',1),(4708,188,'Saint Patrick','',1),(4709,188,'Grenadines','',1),(4710,236,'Venezuela (general)','',1),(4711,236,'Amazonas','',1),(4712,236,'Anzotegui','',1),(4713,236,'Apure','',1),(4714,236,'Aragua','',1),(4715,236,'Barinas','',1),(4716,236,'Bolvar','',1),(4717,236,'Carabobo','',1),(4718,236,'Cojedes','',1),(4719,236,'Delta Amacuro','',1),(4720,236,'Distrito Federal','',1),(4721,236,'Falcn','',1),(4722,236,'Gurico','',1),(4723,236,'Lara','',1),(4724,236,'Mrida','',1),(4725,236,'Miranda','',1),(4726,236,'Monagas','',1),(4727,236,'Isla Margarita','',1),(4728,236,'Portuguesa','',1),(4729,236,'Sucre','',1),(4730,236,'Tchira','',1),(4731,236,'Trujillo','',1),(4732,236,'Yaracuy','',1),(4733,236,'Zulia','',1),(4734,236,'Dependencias Federales','',1),(4735,236,'Distrito Federal','',1),(4736,236,'Vargas','',1),(4737,236,'(VE99)','',1),(4738,238,'British Virgin Islands (general)','',1),(4739,239,'Virgin Islands (general)','',1),(4740,237,'Vietnam (general)','',1),(4741,237,'An Giang','',1),(4742,237,'B?c Thi T?nh','',1),(4743,237,'B?n Tre','',1),(4744,237,'Cao Bang','',1),(4745,237,'Cao B?ng','',1),(4746,237,'Ten Bai','',1),(4747,237,'?c L?k','',1),(4748,237,'?ng Thp','',1),(4749,237,'(VM10)','',1),(4750,237,'H B?c T?nh','',1),(4751,237,'H?i Hung T?nh','',1),(4752,237,'H?i Phng','',1),(4753,237,'Hoa Binh','',1),(4754,237,'Ha Tay','',1),(4755,237,'(VM16)','',1),(4756,237,'(VM17)','',1),(4757,237,'(VM19)','',1),(4758,237,'H? Ch Minh','',1),(4759,237,'Ki?n Giang','',1),(4760,237,'Lai Chu','',1),(4761,237,'Lm ?ng','',1),(4762,237,'Long An','',1),(4763,237,'Minh H?i T?nh','',1),(4764,237,'Thua Thien-Hue','',1),(4765,237,'Quang Nam','',1),(4766,237,'Kon Tum','',1),(4767,237,'Qu?ng Nam- N?ng T?nh','',1),(4768,237,'Qu?ng Ninh','',1),(4769,237,'Sng B T?nh','',1),(4770,237,'S?n La','',1),(4771,237,'Ty Ninh','',1),(4772,237,'Thanh Ha','',1),(4773,237,'Thi Bnh','',1),(4774,237,'Nin Thuan','',1),(4775,237,'Ti?n Giang','',1),(4776,237,'Vinh Ph T?nh','',1),(4777,237,'L?ng S?n','',1),(4778,237,'Binh Thuan','',1),(4779,237,'Long An','',1),(4780,237,'?ng Nai','',1),(4781,237,'Ha N?i','',1),(4782,237,'B R?a-V?ng Tu','',1),(4783,237,'Bnh ?nh','',1),(4784,237,'Bnh Thu?n','',1),(4785,237,'C?n Th?','',1),(4786,237,'Gia Lai','',1),(4787,237,'H Giang','',1),(4788,237,'H Ty','',1),(4789,237,'H T?nh','',1),(4790,237,'Ha Bnh','',1),(4791,237,'Khnh Ha','',1),(4792,237,'Kon Tum','',1),(4793,237,'Lo Cai','',1),(4794,237,'Nam H T?nh','',1),(4795,237,'Ngh? An','',1),(4796,237,'Ninh Bnh','',1),(4797,237,'Ninh Thu?n','',1),(4798,237,'Ph Yn','',1),(4799,237,'Qu?ng Bnh','',1),(4800,237,'Qu?ng Ngi','',1),(4801,237,'Qu?ng Tr?','',1),(4802,237,'Sc Tr?ng','',1),(4803,237,'Th?a Thin-Hu?','',1),(4804,237,'Tr Vinh','',1),(4805,237,'Tuyn Quang','',1),(4806,237,'V?nh Long','',1),(4807,237,'Yn Bi','',1),(4808,237,'B?c Giang','',1),(4809,237,'B?c K?n','',1),(4810,237,'B?c Liu','',1),(4811,237,'B?c Ninh','',1),(4812,237,'Bnh D??ng','',1),(4813,237,'Bnh Ph??c','',1),(4814,237,'C Mau','',1),(4815,237,' N?ng','',1),(4816,237,'H?i D??ng','',1),(4817,237,'H Nam','',1),(4818,237,'H?ng Yn','',1),(4819,237,'Nam ?nh','',1),(4820,237,'Ph Th?','',1),(4821,237,'Qu?ng Nam','',1),(4822,237,'Thi Nguyn','',1),(4823,237,'V?nh Phc','',1),(4824,235,'Vanuatu (general)','',1),(4825,235,'Ambrym','',1),(4826,235,'Aoba/Mawo','',1),(4827,235,'Torba','',1),(4828,235,'fat','',1),(4829,235,'pi','',1),(4830,235,'Malakula','',1),(4831,235,'Paama','',1),(4832,235,'Pentecte','',1),(4833,235,'Sanma','',1),(4834,235,'Shepherd','',1),(4835,235,'Tafea','',1),(4836,235,'Malampa','',1),(4837,235,'Penama','',1),(4838,235,'Shefa','',1),(4839,240,'Wallis and Futuna','',1),(4840,189,'Samoa (general)','',1),(4841,189,'A?ana','',1),(4842,189,'Aiga-i-le-Tai','',1),(4843,189,'Atua','',1),(4844,189,'Fa?asaleleaga','',1),(4845,189,'Gaga?emauga','',1),(4846,189,'Va?a-o-Fonoti','',1),(4847,189,'Gagaifomauga','',1),(4848,189,'Palauli','',1),(4849,189,'Satupa?itea','',1),(4850,189,'Tuamasaga','',1),(4851,189,'Vaisigano','',1),(4852,242,'Aden Municipality','',1),(4853,242,'Abyan','',1),(4854,242,'?Adan','',1),(4855,242,'Al Mahrah','',1),(4856,242,'?a?ramawt','',1),(4857,242,'Shabwah','',1),(4858,242,'San?a?','',1),(4859,242,'Ta?izz','',1),(4860,242,'Al ?udaydah','',1),(4861,242,'Dhamar','',1),(4862,242,'Al Ma?w?t','',1),(4863,242,'Dham?r','',1),(4864,242,'(YM12)','',1),(4865,242,'(YM13)','',1),(4866,242,'Ma?rib','',1),(4867,242,'?a?dah','',1),(4868,242,'?an???','',1),(4869,242,'(YM17)','',1),(4870,242,'A? ??li?','',1),(4871,242,'?Amr?n','',1),(4872,242,'Al Bay???','',1),(4873,242,'Al Jawf','',1),(4874,242,'?ajjah','',1),(4875,242,'Ibb','',1),(4876,242,'La?ij','',1),(4877,242,'Ta?izz','',1),(4878,141,'Mayotte (general)','',1),(4879,202,'South Africa (general)','',1),(4880,202,'North-Western Province','',1),(4881,202,'KwaZulu-Natal','',1),(4882,202,'Free State','',1),(4883,202,'Southern Province','',1),(4884,202,'Eastern Cape','',1),(4885,202,'Gauteng','',1),(4886,202,'Mpumalanga','',1),(4887,202,'Northern Cape','',1),(4888,202,'Limpopo','',1),(4889,202,'North-West','',1),(4890,202,'Western Cape','',1),(4891,243,'Zambia (general)','',1),(4892,243,'North-Western','',1),(4893,243,'Copperbelt Province','',1),(4894,243,'Western','',1),(4895,243,'Southern','',1),(4896,243,'Central','',1),(4897,243,'Eastern','',1),(4898,243,'Northern','',1),(4899,243,'Luapula','',1),(4900,243,'Lusaka','',1),(4901,244,'Zimbabwe (general)','',1),(4902,244,'Manicaland','',1),(4903,244,'Midlands','',1),(4904,244,'Mashonaland Central','',1),(4905,244,'Mashonaland East','',1),(4906,244,'Mashonaland West','',1),(4907,244,'Matabeleland North','',1),(4908,244,'Matabeleland South','',1),(4909,244,'Masvingo','',1),(4910,244,'Bulawayo','',1),(4911,244,'Harare','',1),(4912,158,'East Cape','',1),(4913,158,'Tasman','',1);
/*!40000 ALTER TABLE `l10n_adminarea` ENABLE KEYS */;
UNLOCK TABLES;

--
-- Table structure for table `l10n_country`
--

DROP TABLE IF EXISTS `l10n_country`;
/*!40101 SET @saved_cs_client     = @@character_set_client */;
/*!40101 SET character_set_client = utf8 */;
CREATE TABLE `l10n_country` (
  `id` int(11) NOT NULL AUTO_INCREMENT,
  `iso2_code` varchar(2) NOT NULL,
  `name` varchar(128) NOT NULL,
  `printable_name` varchar(128) NOT NULL,
  `iso3_code` varchar(3) NOT NULL,
  `numcode` smallint(5) unsigned DEFAULT NULL,
  `active` tinyint(1) NOT NULL,
  `continent` varchar(2) NOT NULL,
  `admin_area` varchar(2) DEFAULT NULL,
  PRIMARY KEY (`id`),
  UNIQUE KEY `iso2_code` (`iso2_code`),
  UNIQUE KEY `iso3_code` (`iso3_code`)
) ENGINE=InnoDB AUTO_INCREMENT=245 DEFAULT CHARSET=utf8;
/*!40101 SET character_set_client = @saved_cs_client */;

--
-- Dumping data for table `l10n_country`
--

LOCK TABLES `l10n_country` WRITE;
/*!40000 ALTER TABLE `l10n_country` DISABLE KEYS */;
INSERT INTO `l10n_country` VALUES (1,'AF','AFGHANISTAN','Afghanistan','AFG',4,1,'AS',NULL),(2,'AX','ALAND ISLANDS','land Islands','ALA',248,1,'EU',NULL),(3,'AL','ALBANIA','Albania','ALB',8,1,'EU',NULL),(4,'DZ','ALGERIA','Algeria','DZA',12,1,'AF',NULL),(5,'AS','AMERICAN SAMOA','American Samoa','ASM',16,1,'OC',NULL),(6,'AD','ANDORRA','Andorra','AND',20,1,'EU',NULL),(7,'AO','ANGOLA','Angola','AGO',24,1,'AF',NULL),(8,'AI','ANGUILLA','Anguilla','AIA',660,1,'NA',NULL),(9,'AQ','ANTARCTICA','Antarctica','ATA',10,1,'AN',NULL),(10,'AG','ANTIGUA AND BARBUDA','Antigua and Barbuda','ATG',28,1,'NA',NULL),(11,'AR','ARGENTINA','Argentina','ARG',32,1,'SA',NULL),(12,'AM','ARMENIA','Armenia','ARM',51,1,'AS',NULL),(13,'AW','ARUBA','Aruba','ABW',533,1,'NA',NULL),(14,'AU','AUSTRALIA','Australia','AUS',36,1,'OC',NULL),(15,'AT','AUSTRIA','Austria','AUT',40,1,'EU',NULL),(16,'AZ','AZERBAIJAN','Azerbaijan','AZE',31,1,'AS',NULL),(17,'BS','BAHAMAS','Bahamas','BHS',44,1,'NA',NULL),(18,'BH','BAHRAIN','Bahrain','BHR',48,1,'AS',NULL),(19,'BD','BANGLADESH','Bangladesh','BGD',50,1,'AS',NULL),(20,'BB','BARBADOS','Barbados','BRB',52,1,'NA',NULL),(21,'BY','BELARUS','Belarus','BLR',112,1,'EU',NULL),(22,'BE','BELGIUM','Belgium','BEL',56,1,'EU',NULL),(23,'BZ','BELIZE','Belize','BLZ',84,1,'NA',NULL),(24,'BJ','BENIN','Benin','BEN',204,1,'AF',NULL),(25,'BM','BERMUDA','Bermuda','BMU',60,1,'NA',NULL),(26,'BT','BHUTAN','Bhutan','BTN',64,1,'AS',NULL),(27,'BO','BOLIVIA','Bolivia','BOL',68,1,'SA',NULL),(28,'BA','BOSNIA AND HERZEGOVINA','Bosnia and Herzegovina','BIH',70,1,'EU',NULL),(29,'BW','BOTSWANA','Botswana','BWA',72,1,'AF',NULL),(30,'BV','BOUVET ISLAND','Bouvet Island','BVT',74,1,'AN',NULL),(31,'BR','BRAZIL','Brazil','BRA',76,1,'SA',NULL),(32,'IO','BRITISH INDIAN OCEAN TERRITORY','British Indian Ocean Territory','IOT',86,1,'AS',NULL),(33,'BN','BRUNEI DARUSSALAM','Brunei Darussalam','BRN',96,1,'AS',NULL),(34,'BG','BULGARIA','Bulgaria','BGR',100,1,'EU',NULL),(35,'BF','BURKINA FASO','Burkina Faso','BFA',854,1,'AF',NULL),(36,'BI','BURUNDI','Burundi','BDI',108,1,'AF',NULL),(37,'KH','CAMBODIA','Cambodia','KHM',116,1,'AS',NULL),(38,'CM','CAMEROON','Cameroon','CMR',120,1,'AF',NULL),(39,'CA','CANADA','Canada','CAN',124,1,'NA',NULL),(40,'CV','CAPE VERDE','Cape Verde','CPV',132,1,'AF',NULL),(41,'KY','CAYMAN ISLANDS','Cayman Islands','CYM',136,1,'NA',NULL),(42,'CF','CENTRAL AFRICAN REPUBLIC','Central African Republic','CAF',140,1,'AF',NULL),(43,'TD','CHAD','Chad','TCD',148,1,'AF',NULL),(44,'CL','CHILE','Chile','CHL',152,1,'SA',NULL),(45,'CN','CHINA','China','CHN',156,1,'AS',NULL),(46,'CX','CHRISTMAS ISLAND','Christmas Island','CXR',162,1,'AS',NULL),(47,'CC','COCOS (KEELING) ISLANDS','Cocos (Keeling) Islands','CCK',166,1,'AS',NULL),(48,'CO','COLOMBIA','Colombia','COL',170,1,'SA',NULL),(49,'KM','COMOROS','Comoros','COM',174,1,'AF',NULL),(50,'CG','CONGO','Congo','COG',178,1,'AF',NULL),(51,'CD','CONGO, THE DEMOCRATIC REPUBLIC OF THE','Democratic Republic of the Congo','COD',180,1,'AF',NULL),(52,'CK','COOK ISLANDS','Cook Islands','COK',184,1,'OC',NULL),(53,'CR','COSTA RICA','Costa Rica','CRI',188,1,'NA',NULL),(54,'CI','COTE D\'IVOIRE','Cte d\'Ivoire','CIV',384,1,'AF',NULL),(55,'HR','CROATIA','Croatia','HRV',191,1,'EU',NULL),(56,'CU','CUBA','Cuba','CUB',192,1,'NA',NULL),(57,'CY','CYPRUS','Cyprus','CYP',196,1,'EU',NULL),(58,'CZ','CZECH REPUBLIC','Czech Republic','CZE',203,1,'EU',NULL),(59,'DK','DENMARK','Denmark','DNK',208,1,'EU',NULL),(60,'DJ','DJIBOUTI','Djibouti','DJI',262,1,'AF',NULL),(61,'DM','DOMINICA','Dominica','DMA',212,1,'NA',NULL),(62,'DO','DOMINICAN REPUBLIC','Dominican Republic','DOM',214,1,'NA',NULL),(63,'EC','ECUADOR','Ecuador','ECU',218,1,'SA',NULL),(64,'EG','EGYPT','Egypt','EGY',818,1,'AF',NULL),(65,'SV','EL SALVADOR','El Salvador','SLV',222,1,'NA',NULL),(66,'GQ','EQUATORIAL GUINEA','Equatorial Guinea','GNQ',226,1,'AF',NULL),(67,'ER','ERITREA','Eritrea','ERI',232,1,'AF',NULL),(68,'EE','ESTONIA','Estonia','EST',233,1,'EU',NULL),(69,'ET','ETHIOPIA','Ethiopia','ETH',231,1,'AF',NULL),(70,'FK','FALKLAND ISLANDS (MALVINAS)','Falkland Islands (Malvinas)','FLK',238,1,'SA',NULL),(71,'FO','FAROE ISLANDS','Faeroe Islands','FRO',234,1,'EU',NULL),(72,'FJ','FIJI','Fiji','FJI',242,1,'OC',NULL),(73,'FI','FINLAND','Finland','FIN',246,1,'EU',NULL),(74,'FR','FRANCE','France','FRA',250,1,'EU',NULL),(75,'GF','FRENCH GUIANA','French Guiana','GUF',254,1,'SA',NULL),(76,'PF','FRENCH POLYNESIA','French Polynesia','PYF',258,1,'OC',NULL),(77,'TF','FRENCH SOUTHERN TERRITORIES','French Southern Territories','ATF',260,1,'AN',NULL),(78,'GA','GABON','Gabon','GAB',266,1,'AF',NULL),(79,'GM','GAMBIA','Gambia','GMB',270,1,'AF',NULL),(80,'GE','GEORGIA','Georgia','GEO',268,1,'AS',NULL),(81,'DE','GERMANY','Germany','DEU',276,1,'EU',NULL),(82,'GH','GHANA','Ghana','GHA',288,1,'AF',NULL),(83,'GI','GIBRALTAR','Gibraltar','GIB',292,1,'EU',NULL),(84,'GR','GREECE','Greece','GRC',300,1,'EU',NULL),(85,'GL','GREENLAND','Greenland','GRL',304,1,'NA',NULL),(86,'GD','GRENADA','Grenada','GRD',308,1,'NA',NULL),(87,'GP','GUADELOUPE','Guadeloupe','GLP',312,1,'NA',NULL),(88,'GU','GUAM','Guam','GUM',316,1,'OC',NULL),(89,'GT','GUATEMALA','Guatemala','GTM',320,1,'NA',NULL),(90,'GG','GUERNSEY','Guernsey','GGY',831,1,'EU',NULL),(91,'GN','GUINEA','Guinea','GIN',324,1,'AF',NULL),(92,'GW','GUINEA-BISSAU','Guinea-Bissau','GNB',624,1,'AF',NULL),(93,'GY','GUYANA','Guyana','GUY',328,1,'SA',NULL),(94,'HT','HAITI','Haiti','HTI',332,1,'NA',NULL),(95,'HM','HEARD ISLAND AND MCDONALD ISLANDS','Heard Island and Mcdonald Islands','HMD',334,1,'AN',NULL),(96,'VA','HOLY SEE (VATICAN CITY STATE)','Holy See','VAT',336,1,'EU',NULL),(97,'HN','HONDURAS','Honduras','HND',340,1,'NA',NULL),(98,'HK','HONG KONG','Hong Kong Special Administrative Region of China','HKG',344,1,'AS',NULL),(99,'HU','HUNGARY','Hungary','HUN',348,1,'EU',NULL),(100,'IS','ICELAND','Iceland','ISL',352,1,'EU',NULL),(101,'IN','INDIA','India','IND',356,1,'AS',NULL),(102,'ID','INDONESIA','Indonesia','IDN',360,1,'AS',NULL),(103,'IR','IRAN, ISLAMIC REPUBLIC OF','Iran, Islamic Republic of','IRN',364,1,'AS',NULL),(104,'IQ','IRAQ','Iraq','IRQ',368,1,'AS',NULL),(105,'IE','IRELAND','Ireland','IRL',372,1,'EU',NULL),(106,'IM','ISLE OF MAN','Isle of Man','IMN',833,1,'EU',NULL),(107,'IL','ISRAEL','Israel','ISR',376,1,'AS',NULL),(108,'IT','ITALY','Italy','ITA',380,1,'EU',NULL),(109,'JM','JAMAICA','Jamaica','JAM',388,1,'NA',NULL),(110,'JP','JAPAN','Japan','JPN',392,1,'AS',NULL),(111,'JE','JERSEY','Jersey','JEY',832,1,'EU',NULL),(112,'JO','JORDAN','Jordan','JOR',400,1,'AS',NULL),(113,'KZ','KAZAKHSTAN','Kazakhstan','KAZ',398,1,'AS',NULL),(114,'KE','KENYA','Kenya','KEN',404,1,'AF',NULL),(115,'KI','KIRIBATI','Kiribati','KIR',296,1,'OC',NULL),(116,'KP','KOREA, DEMOCRATIC PEOPLE\'S REPUBLIC OF','Democratic People\'s Republic of Korea','PRK',408,1,'AS',NULL),(117,'KR','KOREA, REPUBLIC OF','Republic of Korea','KOR',410,1,'AS',NULL),(118,'KW','KUWAIT','Kuwait','KWT',414,1,'AS',NULL),(119,'KG','KYRGYZSTAN','Kyrgyzstan','KGZ',417,1,'AS',NULL),(120,'LA','LAO PEOPLE\'S DEMOCRATIC REPUBLIC','Lao People\'s Democratic Republic','LAO',418,1,'AS',NULL),(121,'LV','LATVIA','Latvia','LVA',428,1,'EU',NULL),(122,'LB','LEBANON','Lebanon','LBN',422,1,'AS',NULL),(123,'LS','LESOTHO','Lesotho','LSO',426,1,'AF',NULL),(124,'LR','LIBERIA','Liberia','LBR',430,1,'AF',NULL),(125,'LY','LIBYAN ARAB JAMAHIRIYA','Libyan Arab Jamahiriya','LBY',434,1,'AF',NULL),(126,'LI','LIECHTENSTEIN','Liechtenstein','LIE',438,1,'EU',NULL),(127,'LT','LITHUANIA','Lithuania','LTU',440,1,'EU',NULL),(128,'LU','LUXEMBOURG','Luxembourg','LUX',442,1,'EU',NULL),(129,'MO','MACAO','Macao Special Administrative Region of China','MAC',446,1,'AS',NULL),(130,'MK','MACEDONIA, THE FORMER YUGOSLAV REPUBLIC OF','The former Yugoslav Republic of Macedonia','MKD',807,1,'EU',NULL),(131,'MG','MADAGASCAR','Madagascar','MDG',450,1,'AF',NULL),(132,'MW','MALAWI','Malawi','MWI',454,1,'AF',NULL),(133,'MY','MALAYSIA','Malaysia','MYS',458,1,'AS',NULL),(134,'MV','MALDIVES','Maldives','MDV',462,1,'AS',NULL),(135,'ML','MALI','Mali','MLI',466,1,'AF',NULL),(136,'MT','MALTA','Malta','MLT',470,1,'EU',NULL),(137,'MH','MARSHALL ISLANDS','Marshall Islands','MHL',584,1,'OC',NULL),(138,'MQ','MARTINIQUE','Martinique','MTQ',474,1,'NA',NULL),(139,'MR','MAURITANIA','Mauritania','MRT',478,1,'AF',NULL),(140,'MU','MAURITIUS','Mauritius','MUS',480,1,'AF',NULL),(141,'YT','MAYOTTE','Mayotte','MYT',175,1,'AF',NULL),(142,'MX','MEXICO','Mexico','MEX',484,1,'NA',NULL),(143,'FM','MICRONESIA, FEDERATED STATES OF','Micronesia, Federated States of','FSM',583,1,'OC',NULL),(144,'MD','MOLDOVA, REPUBLIC OF','Republic of Moldova','MDA',498,1,'EU',NULL),(145,'MC','MONACO','Monaco','MCO',492,1,'EU',NULL),(146,'MN','MONGOLIA','Mongolia','MNG',496,1,'AS',NULL),(147,'ME','MONTENEGRO','Montenegro','MNE',499,1,'EU',NULL),(148,'MS','MONTSERRAT','Montserrat','MSR',500,1,'NA',NULL),(149,'MA','MOROCCO','Morocco','MAR',504,1,'AF',NULL),(150,'MZ','MOZAMBIQUE','Mozambique','MOZ',508,1,'AF',NULL),(151,'MM','MYANMAR','Myanmar','MMR',104,1,'AS',NULL),(152,'NA','NAMIBIA','Namibia','NAM',516,1,'AF',NULL),(153,'NR','NAURU','Nauru','NRU',520,1,'OC',NULL),(154,'NP','NEPAL','Nepal','NPL',524,1,'AS',NULL),(155,'NL','NETHERLANDS','Netherlands','NLD',528,1,'EU',NULL),(156,'AN','NETHERLANDS ANTILLES','Netherlands Antilles','ANT',530,1,'NA',NULL),(157,'NC','NEW CALEDONIA','New Caledonia','NCL',540,1,'OC',NULL),(158,'NZ','NEW ZEALAND','New Zealand','NZL',554,1,'OC',NULL),(159,'NI','NICARAGUA','Nicaragua','NIC',558,1,'NA',NULL),(160,'NE','NIGER','Niger','NER',562,1,'AF',NULL),(161,'NG','NIGERIA','Nigeria','NGA',566,1,'AF',NULL),(162,'NU','NIUE','Niue','NIU',570,1,'OC',NULL),(163,'NF','NORFOLK ISLAND','Norfolk Island','NFK',574,1,'OC',NULL),(164,'MP','NORTHERN MARIANA ISLANDS','Northern Mariana Islands','MNP',580,1,'OC',NULL),(165,'NO','NORWAY','Norway','NOR',578,1,'EU',NULL),(166,'OM','OMAN','Oman','OMN',512,1,'AS',NULL),(167,'PK','PAKISTAN','Pakistan','PAK',586,1,'AS',NULL),(168,'PW','PALAU','Palau','PLW',585,1,'OC',NULL),(169,'PS','PALESTINIAN TERRITORY, OCCUPIED','Occupied Palestinian Territory','PSE',275,1,'AS',NULL),(170,'PA','PANAMA','Panama','PAN',591,1,'NA',NULL),(171,'PG','PAPUA NEW GUINEA','Papua New Guinea','PNG',598,1,'OC',NULL),(172,'PY','PARAGUAY','Paraguay','PRY',600,1,'SA',NULL),(173,'PE','PERU','Peru','PER',604,1,'SA',NULL),(174,'PH','PHILIPPINES','Philippines','PHL',608,1,'AS',NULL),(175,'PN','PITCAIRN','Pitcairn','PCN',612,1,'OC',NULL),(176,'PL','POLAND','Poland','POL',616,1,'EU',NULL),(177,'PT','PORTUGAL','Portugal','PRT',620,1,'EU',NULL),(178,'PR','PUERTO RICO','Puerto Rico','PRI',630,1,'NA',NULL),(179,'QA','QATAR','Qatar','QAT',634,1,'AS',NULL),(180,'RE','REUNION','Runion','REU',638,1,'AF',NULL),(181,'RO','ROMANIA','Romania','ROU',642,1,'EU',NULL),(182,'RU','RUSSIAN FEDERATION','Russian Federation','RUS',643,1,'EU',NULL),(183,'RW','RWANDA','Rwanda','RWA',646,1,'AF',NULL),(184,'SH','SAINT HELENA','Saint Helena','SHN',654,1,'AF',NULL),(185,'KN','SAINT KITTS AND NEVIS','Saint Kitts and Nevis','KNA',659,1,'NA',NULL),(186,'LC','SAINT LUCIA','Saint Lucia','LCA',662,1,'NA',NULL),(187,'PM','SAINT PIERRE AND MIQUELON','Saint Pierre and Miquelon','SPM',666,1,'NA',NULL),(188,'VC','SAINT VINCENT AND THE GRENADINES','Saint Vincent and the Grenadines','VCT',670,1,'NA',NULL),(189,'WS','SAMOA','Samoa','WSM',882,1,'OC',NULL),(190,'SM','SAN MARINO','San Marino','SMR',674,1,'EU',NULL),(191,'ST','SAO TOME AND PRINCIPE','Sao Tome and Principe','STP',678,1,'AF',NULL),(192,'SA','SAUDI ARABIA','Saudi Arabia','SAU',682,1,'AS',NULL),(193,'SN','SENEGAL','Senegal','SEN',686,1,'AF',NULL),(194,'RS','SERBIA','Serbia','SRB',688,1,'EU',NULL),(195,'SC','SEYCHELLES','Seychelles','SYC',690,1,'AF',NULL),(196,'SL','SIERRA LEONE','Sierra Leone','SLE',694,1,'AF',NULL),(197,'SG','SINGAPORE','Singapore','SGP',702,1,'AS',NULL),(198,'SK','SLOVAKIA','Slovakia','SVK',703,1,'EU',NULL),(199,'SI','SLOVENIA','Slovenia','SVN',705,1,'EU',NULL),(200,'SB','SOLOMON ISLANDS','Solomon Islands','SLB',90,1,'OC',NULL),(201,'SO','SOMALIA','Somalia','SOM',706,1,'AF',NULL),(202,'ZA','SOUTH AFRICA','South Africa','ZAF',710,1,'AF',NULL),(203,'GS','SOUTH GEORGIA AND THE SOUTH SANDWICH ISLANDS','South Georgia and the South Sandwich Islands','SGS',239,1,'AN',NULL),(204,'ES','SPAIN','Spain','ESP',724,1,'EU',NULL),(205,'LK','SRI LANKA','Sri Lanka','LKA',144,1,'AS',NULL),(206,'SD','SUDAN','Sudan','SDN',736,1,'AF',NULL),(207,'SR','SURINAME','Suriname','SUR',740,1,'SA',NULL),(208,'SJ','SVALBARD AND JAN MAYEN','Svalbard and Jan Mayen Islands','SJM',744,1,'EU',NULL),(209,'SZ','SWAZILAND','Swaziland','SWZ',748,1,'AF',NULL),(210,'SE','SWEDEN','Sweden','SWE',752,1,'EU',NULL),(211,'CH','SWITZERLAND','Switzerland','CHE',756,1,'EU',NULL),(212,'SY','SYRIAN ARAB REPUBLIC','Syrian Arab Republic','SYR',760,1,'AS',NULL),(213,'TW','TAIWAN, PROVINCE OF CHINA','Taiwan, Province of China','TWN',158,1,'AS',NULL),(214,'TJ','TAJIKISTAN','Tajikistan','TJK',762,1,'AS',NULL),(215,'TZ','TANZANIA, UNITED REPUBLIC OF','United Republic of Tanzania','TZA',834,1,'AF',NULL),(216,'TH','THAILAND','Thailand','THA',764,1,'AS',NULL),(217,'TL','TIMOR-LESTE','Timor-Leste','TLS',626,1,'OC',NULL),(218,'TG','TOGO','Togo','TGO',768,1,'AF',NULL),(219,'TK','TOKELAU','Tokelau','TKL',772,1,'OC',NULL),(220,'TO','TONGA','Tonga','TON',776,1,'OC',NULL),(221,'TT','TRINIDAD AND TOBAGO','Trinidad and Tobago','TTO',780,1,'NA',NULL),(222,'TN','TUNISIA','Tunisia','TUN',788,1,'AF',NULL),(223,'TR','TURKEY','Turkey','TUR',792,1,'AS',NULL),(224,'TM','TURKMENISTAN','Turkmenistan','TKM',795,1,'AS',NULL),(225,'TC','TURKS AND CAICOS ISLANDS','Turks and Caicos Islands','TCA',796,1,'NA',NULL),(226,'TV','TUVALU','Tuvalu','TUV',798,1,'OC',NULL),(227,'UG','UGANDA','Uganda','UGA',800,1,'AF',NULL),(228,'UA','UKRAINE','Ukraine','UKR',804,1,'EU',NULL),(229,'AE','UNITED ARAB EMIRATES','United Arab Emirates','ARE',784,1,'AS',NULL),(230,'GB','UNITED KINGDOM','United Kingdom','GBR',826,1,'EU',NULL),(231,'US','UNITED STATES','United States of America','USA',840,1,'NA','st'),(232,'UM','UNITED STATES MINOR OUTLYING ISLANDS','United States Minor Outlying Islands','UMI',581,1,'OC',NULL),(233,'UY','URUGUAY','Uruguay','URY',858,1,'SA',NULL),(234,'UZ','UZBEKISTAN','Uzbekistan','UZB',860,1,'AS',NULL),(235,'VU','VANUATU','Vanuatu','VUT',548,1,'OC',NULL),(236,'VE','VENEZUELA','Venezuela (Bolivarian Republic of)','VEN',862,1,'SA',NULL),(237,'VN','VIET NAM','Viet Nam','VNM',704,1,'AS',NULL),(238,'VG','VIRGIN ISLANDS, BRITISH','British Virgin Islands','VGB',92,1,'NA',NULL),(239,'VI','VIRGIN ISLANDS, U.S.','United States Virgin Islands','VIR',850,1,'NA',NULL),(240,'WF','WALLIS AND FUTUNA','Wallis and Futuna Islands','WLF',876,1,'OC',NULL),(241,'EH','WESTERN SAHARA','Western Sahara','ESH',732,1,'AF',NULL),(242,'YE','YEMEN','Yemen','YEM',887,1,'AS',NULL),(243,'ZM','ZAMBIA','Zambia','ZMB',894,1,'AF',NULL),(244,'ZW','ZIMBABWE','Zimbabwe','ZWE',716,1,'AF',NULL);
/*!40000 ALTER TABLE `l10n_country` ENABLE KEYS */;
UNLOCK TABLES;

--
-- Table structure for table `livesettings_longsetting`
--

DROP TABLE IF EXISTS `livesettings_longsetting`;
/*!40101 SET @saved_cs_client     = @@character_set_client */;
/*!40101 SET character_set_client = utf8 */;
CREATE TABLE `livesettings_longsetting` (
  `id` int(11) NOT NULL AUTO_INCREMENT,
  `site_id` int(11) NOT NULL,
  `group` varchar(100) NOT NULL,
  `key` varchar(100) NOT NULL,
  `value` longtext NOT NULL,
  PRIMARY KEY (`id`),
  UNIQUE KEY `site_id` (`site_id`,`group`,`key`),
  KEY `livesettings_longsetting_6223029` (`site_id`),
  CONSTRAINT `site_id_refs_id_67863d4f` FOREIGN KEY (`site_id`) REFERENCES `django_site` (`id`)
) ENGINE=InnoDB DEFAULT CHARSET=utf8;
/*!40101 SET character_set_client = @saved_cs_client */;

--
-- Dumping data for table `livesettings_longsetting`
--

LOCK TABLES `livesettings_longsetting` WRITE;
/*!40000 ALTER TABLE `livesettings_longsetting` DISABLE KEYS */;
/*!40000 ALTER TABLE `livesettings_longsetting` ENABLE KEYS */;
UNLOCK TABLES;

--
-- Table structure for table `livesettings_setting`
--

DROP TABLE IF EXISTS `livesettings_setting`;
/*!40101 SET @saved_cs_client     = @@character_set_client */;
/*!40101 SET character_set_client = utf8 */;
CREATE TABLE `livesettings_setting` (
  `id` int(11) NOT NULL AUTO_INCREMENT,
  `site_id` int(11) NOT NULL,
  `group` varchar(100) NOT NULL,
  `key` varchar(100) NOT NULL,
  `value` varchar(255) NOT NULL,
  PRIMARY KEY (`id`),
  UNIQUE KEY `site_id` (`site_id`,`group`,`key`),
  KEY `livesettings_setting_6223029` (`site_id`),
  CONSTRAINT `site_id_refs_id_508eae89` FOREIGN KEY (`site_id`) REFERENCES `django_site` (`id`)
) ENGINE=InnoDB AUTO_INCREMENT=36 DEFAULT CHARSET=utf8;
/*!40101 SET character_set_client = @saved_cs_client */;

--
-- Dumping data for table `livesettings_setting`
--

LOCK TABLES `livesettings_setting` WRITE;
/*!40000 ALTER TABLE `livesettings_setting` DISABLE KEYS */;
INSERT INTO `livesettings_setting` VALUES (1,1,'SHOP','REQUIRED_SHIPPING_DATA','[\"addressee\", \"street1\", \"city\", \"postal_code\", \"country\"]'),(2,1,'PAYMENT_DUMMY','CREDITCHOICES','[\"Visa\", \"Mastercard\", \"Discover\", \"American Express\"]'),(3,1,'SHOP','HTML_EMAIL','True'),(4,1,'SHOP','ENFORCE_STATE','False'),(5,1,'SHOP','REQUIRED_BILLING_DATA','[\"email\", \"first_name\", \"last_name\", \"phone\", \"street1\", \"city\", \"postal_code\", \"country\"]'),(6,1,'SHIPPING','PER_RATE','5.00'),(7,1,'SHIPPING','MODULES','[\"shipping.modules.flat\"]'),(8,1,'SHIPPING','PER_SERVICE','UK Carrier'),(9,1,'SHIPPING','PER_DAYS','Next Day'),(10,1,'SHIPPING','FLAT_DAYS','Next Day'),(11,1,'SHIPPING','FLAT_SERVICE','UK Carrier'),(12,1,'SHIPPING','FLAT_RATE','5'),(13,1,'PAYMENT_PAYPAL','CURRENCY_CODE','GBP'),(14,1,'PAYMENT','ORDER_EMAIL_OWNER','True'),(15,1,'PAYMENT_PAYPAL','BUSINESS','onlinesales@lakesdistillery.com'),(18,1,'PAYMENT_BANK_TRANSFER','SWIFT','SWIFT'),(19,1,'PAYMENT_BANK_TRANSFER','INFORMATIONS','SORT CODE'),(20,1,'PAYMENT_BANK_TRANSFER','IBAN','IBAN'),(21,1,'PAYMENT_PAYPAL','LABEL','PayPal/Visa/Mastercard/AMEX & Debit Cards'),(22,1,'PAYMENT_BANK_TRANSFER','LIVE','True'),(23,1,'PAYMENT_CHEQUE','LIVE','True'),(24,1,'PAYMENT_PAYPAL','LIVE','True'),(25,1,'PAYMENT','ORDER_EMAIL_EXTRA','laurasimpson@lakesdistillery.com,brian@lakesdistillery.com'),(27,1,'GOOGLE','ANALYTICS_CODE','UA-45693179-1'),(28,1,'SHIPPING','HIDING','YES'),(29,1,'GOOGLE','ANALYTICS','True'),(32,1,'PAYMENT_PAYPAL','EXTRA_LOGGING','True'),(33,1,'PRODUCT','NO_STOCK_CHECKOUT','False'),(34,1,'PRODUCT','NUM_PAGINATED','20'),(35,1,'GOOGLE','ADWORDS','True');
/*!40000 ALTER TABLE `livesettings_setting` ENABLE KEYS */;
UNLOCK TABLES;

--
-- Table structure for table `menus_cachekey`
--

DROP TABLE IF EXISTS `menus_cachekey`;
/*!40101 SET @saved_cs_client     = @@character_set_client */;
/*!40101 SET character_set_client = utf8 */;
CREATE TABLE `menus_cachekey` (
  `id` int(11) NOT NULL AUTO_INCREMENT,
  `language` varchar(255) NOT NULL,
  `site` int(10) unsigned NOT NULL,
  `key` varchar(255) NOT NULL,
  PRIMARY KEY (`id`)
) ENGINE=InnoDB AUTO_INCREMENT=2299 DEFAULT CHARSET=utf8;
/*!40101 SET character_set_client = @saved_cs_client */;

--
-- Dumping data for table `menus_cachekey`
--

LOCK TABLES `menus_cachekey` WRITE;
/*!40000 ALTER TABLE `menus_cachekey` DISABLE KEYS */;
INSERT INTO `menus_cachekey` VALUES (2298,'en',1,'menu_cache_menu_nodes_en_1');
/*!40000 ALTER TABLE `menus_cachekey` ENABLE KEYS */;
UNLOCK TABLES;

--
-- Table structure for table `payment_creditcarddetail`
--

DROP TABLE IF EXISTS `payment_creditcarddetail`;
/*!40101 SET @saved_cs_client     = @@character_set_client */;
/*!40101 SET character_set_client = utf8 */;
CREATE TABLE `payment_creditcarddetail` (
  `id` int(11) NOT NULL AUTO_INCREMENT,
  `orderpayment_id` int(11) NOT NULL,
  `credit_type` varchar(16) NOT NULL,
  `display_cc` varchar(4) NOT NULL,
  `encrypted_cc` varchar(40) DEFAULT NULL,
  `expire_month` int(11) NOT NULL,
  `expire_year` int(11) NOT NULL,
  `card_holder` varchar(60) NOT NULL,
  `start_month` int(11) DEFAULT NULL,
  `start_year` int(11) DEFAULT NULL,
  `issue_num` varchar(2) DEFAULT NULL,
  PRIMARY KEY (`id`),
  UNIQUE KEY `orderpayment_id` (`orderpayment_id`),
  CONSTRAINT `orderpayment_id_refs_id_73a42ca4` FOREIGN KEY (`orderpayment_id`) REFERENCES `shop_orderpayment` (`id`)
) ENGINE=InnoDB AUTO_INCREMENT=11 DEFAULT CHARSET=utf8;
/*!40101 SET character_set_client = @saved_cs_client */;

--
-- Dumping data for table `payment_creditcarddetail`
--

LOCK TABLES `payment_creditcarddetail` WRITE;
/*!40000 ALTER TABLE `payment_creditcarddetail` DISABLE KEYS */;
INSERT INTO `payment_creditcarddetail` VALUES (1,1,'Visa','1111','X+GhXY7n/Dej6M1ss9tc9A==',12,2013,'',NULL,NULL,NULL),(2,2,'Visa','1111','vkKEXGwBxNG3gE8OV78d5g==',1,2014,'',NULL,NULL,NULL),(3,6,'Visa','1111','vkKEXGwBxNHU9sT5/kwAqQ==',1,2014,'',NULL,NULL,NULL),(4,7,'Visa','1111','vkKEXGwBxNFjHosK487sAw==',1,2014,'',NULL,NULL,NULL),(5,8,'Visa','1111','vkKEXGwBxNGqnd0PSpU6GQ==',1,2014,'',NULL,NULL,NULL),(6,9,'Visa','1111','X+GhXY7n/DeWTQIbIUbTZA==',12,2013,'',NULL,NULL,NULL),(7,18,'Visa','1111','X+GhXY7n/DcVI1sutCCnCA==',12,2013,'',NULL,NULL,NULL),(8,19,'Visa','1111','X+GhXY7n/Dd2/h9VLjFoxg==',12,2013,'',NULL,NULL,NULL),(9,20,'Visa','1111','X+GhXY7n/DdTTfuyct28pg==',12,2013,'',NULL,NULL,NULL),(10,21,'Visa','1111','X+GhXY7n/DddDL4yM1eZ2g==',12,2013,'',NULL,NULL,NULL);
/*!40000 ALTER TABLE `payment_creditcarddetail` ENABLE KEYS */;
UNLOCK TABLES;

--
-- Table structure for table `payment_paymentoption`
--

DROP TABLE IF EXISTS `payment_paymentoption`;
/*!40101 SET @saved_cs_client     = @@character_set_client */;
/*!40101 SET character_set_client = utf8 */;
CREATE TABLE `payment_paymentoption` (
  `id` int(11) NOT NULL AUTO_INCREMENT,
  `description` varchar(20) NOT NULL,
  `active` tinyint(1) NOT NULL,
  `optionName` varchar(20) NOT NULL,
  `sortOrder` int(11) NOT NULL,
  PRIMARY KEY (`id`),
  UNIQUE KEY `optionName` (`optionName`)
) ENGINE=InnoDB DEFAULT CHARSET=utf8;
/*!40101 SET character_set_client = @saved_cs_client */;

--
-- Dumping data for table `payment_paymentoption`
--

LOCK TABLES `payment_paymentoption` WRITE;
/*!40000 ALTER TABLE `payment_paymentoption` DISABLE KEYS */;
/*!40000 ALTER TABLE `payment_paymentoption` ENABLE KEYS */;
UNLOCK TABLES;

--
-- Table structure for table `photologue_gallery`
--

DROP TABLE IF EXISTS `photologue_gallery`;
/*!40101 SET @saved_cs_client     = @@character_set_client */;
/*!40101 SET character_set_client = utf8 */;
CREATE TABLE `photologue_gallery` (
  `id` int(11) NOT NULL AUTO_INCREMENT,
  `date_added` datetime NOT NULL,
  `title` varchar(50) NOT NULL,
  `title_slug` varchar(50) NOT NULL,
  `description` longtext NOT NULL,
  `is_public` tinyint(1) NOT NULL,
  `tags` varchar(255) NOT NULL,
  PRIMARY KEY (`id`),
  UNIQUE KEY `title` (`title`),
  UNIQUE KEY `title_slug` (`title_slug`)
) ENGINE=InnoDB AUTO_INCREMENT=18 DEFAULT CHARSET=utf8;
/*!40101 SET character_set_client = @saved_cs_client */;

--
-- Dumping data for table `photologue_gallery`
--

LOCK TABLES `photologue_gallery` WRITE;
/*!40000 ALTER TABLE `photologue_gallery` DISABLE KEYS */;
INSERT INTO `photologue_gallery` VALUES (3,'2014-01-17 11:49:47','New World Whisky Tasting -18th August','new-world-whisky-tasting-18th-august','',1,''),(6,'2014-01-17 12:25:08','Equipment','equipment','',1,''),(7,'2014-01-17 12:33:16','Artist Impressions','artist-impressions','',1,''),(8,'2014-01-17 12:40:21','Taste Cumbria Festival 2013','taste-cumbria-festival-2013','',1,''),(9,'2014-01-20 10:57:00','The Lakes Distillery Site','the-lakes-distillery-site','',1,''),(10,'2014-01-20 12:24:30','The ONE Launch - 26th September 2013','the-one-launch-26th-september-2013','',1,''),(11,'2014-01-21 17:28:05','Bassenthwaite Lake','bassenthwaite-lake','',1,''),(12,'2014-02-06 16:37:00','Progress on site...','progress-site','',1,''),(13,'2014-03-03 17:14:04','Building Work on The Roof','building-work-roof','',1,''),(14,'2014-03-10 15:57:35','Corporate Fun with The Lakes Distillery','corporate-fun-lakes-distillery','',1,''),(15,'2014-03-12 14:20:07','Site Visit From Britains Energy Coast','site-visit-britains-energy-coast','',1,''),(16,'2014-03-17 16:00:05','Visit to Musk','visit-musk','',1,''),(17,'2014-03-19 16:54:16','Behind the scenes ','behind-scenes','',1,'');
/*!40000 ALTER TABLE `photologue_gallery` ENABLE KEYS */;
UNLOCK TABLES;

--
-- Table structure for table `photologue_gallery_photos`
--

DROP TABLE IF EXISTS `photologue_gallery_photos`;
/*!40101 SET @saved_cs_client     = @@character_set_client */;
/*!40101 SET character_set_client = utf8 */;
CREATE TABLE `photologue_gallery_photos` (
  `id` int(11) NOT NULL AUTO_INCREMENT,
  `gallery_id` int(11) NOT NULL,
  `photo_id` int(11) NOT NULL,
  PRIMARY KEY (`id`),
  UNIQUE KEY `gallery_id` (`gallery_id`,`photo_id`),
  KEY `photologue_gallery_photos_34838cc3` (`gallery_id`),
  KEY `photologue_gallery_photos_7c6c8bb1` (`photo_id`),
  CONSTRAINT `gallery_id_refs_id_1a4563a0` FOREIGN KEY (`gallery_id`) REFERENCES `photologue_gallery` (`id`),
  CONSTRAINT `photo_id_refs_id_41c9ecc` FOREIGN KEY (`photo_id`) REFERENCES `photologue_photo` (`id`)
) ENGINE=InnoDB AUTO_INCREMENT=907 DEFAULT CHARSET=utf8;
/*!40101 SET character_set_client = @saved_cs_client */;

--
-- Dumping data for table `photologue_gallery_photos`
--

LOCK TABLES `photologue_gallery_photos` WRITE;
/*!40000 ALTER TABLE `photologue_gallery_photos` DISABLE KEYS */;
INSERT INTO `photologue_gallery_photos` VALUES (306,3,7),(307,3,8),(308,3,9),(309,3,10),(310,3,11),(311,3,12),(312,3,13),(313,3,14),(314,3,15),(315,3,16),(316,3,17),(317,3,18),(318,3,19),(319,3,20),(320,3,21),(321,3,22),(322,3,23),(323,3,24),(324,3,25),(325,3,26),(326,3,27),(327,3,28),(328,3,29),(329,3,30),(330,3,31),(331,3,32),(332,3,33),(333,3,34),(334,3,35),(335,3,36),(336,3,37),(337,3,38),(338,3,39),(339,3,40),(340,3,41),(341,3,42),(342,3,43),(343,3,44),(344,3,45),(345,3,46),(346,3,47),(347,3,48),(348,3,49),(349,3,50),(350,3,51),(351,3,52),(352,3,53),(353,3,54),(354,3,55),(355,3,56),(584,6,72),(585,6,73),(586,6,74),(587,6,75),(588,6,76),(589,6,77),(590,6,78),(591,6,79),(592,6,80),(593,6,81),(594,6,82),(595,6,83),(596,6,84),(597,6,85),(598,6,86),(143,7,87),(144,7,88),(145,7,89),(146,7,90),(147,7,91),(148,8,92),(149,8,93),(150,8,94),(151,8,95),(152,8,96),(153,8,97),(154,8,98),(155,8,99),(156,8,100),(438,9,101),(439,9,102),(440,9,103),(441,9,104),(442,9,105),(443,9,106),(444,9,107),(445,9,108),(446,9,109),(447,9,110),(448,9,111),(449,9,112),(450,9,113),(451,9,114),(452,9,115),(453,9,116),(454,9,117),(455,9,118),(456,9,119),(457,9,120),(458,9,121),(459,9,122),(460,9,123),(461,9,124),(462,9,125),(463,9,126),(464,9,127),(465,9,128),(466,9,129),(467,9,130),(468,9,131),(469,9,132),(470,9,133),(471,9,134),(472,9,135),(473,9,136),(474,9,137),(475,9,138),(476,9,139),(477,9,140),(478,9,141),(479,9,252),(480,9,253),(481,9,254),(482,9,255),(483,9,256),(484,9,257),(485,9,258),(486,9,259),(487,9,260),(488,9,261),(489,9,262),(490,9,263),(491,9,264),(492,9,265),(493,9,266),(494,9,267),(495,9,268),(496,9,269),(497,9,270),(498,9,271),(499,9,272),(500,9,273),(501,9,274),(502,9,275),(503,9,276),(504,9,277),(505,9,278),(506,9,279),(507,9,280),(508,9,281),(509,9,282),(510,9,283),(511,9,284),(512,9,285),(513,9,286),(514,9,287),(515,9,288),(516,9,289),(517,9,290),(518,9,291),(519,9,292),(520,9,293),(521,9,294),(522,9,295),(523,9,296),(524,9,297),(525,9,298),(526,9,299),(527,9,300),(528,9,301),(529,9,302),(530,9,303),(531,9,304),(532,9,305),(533,9,306),(534,9,307),(535,9,308),(536,9,309),(537,9,310),(538,9,311),(539,9,312),(540,9,313),(541,9,314),(542,9,315),(543,9,316),(544,9,317),(545,9,318),(546,9,319),(547,9,320),(548,9,321),(549,9,322),(550,9,323),(551,9,324),(552,9,325),(553,9,326),(198,10,142),(199,10,143),(200,10,144),(201,10,145),(202,10,146),(203,10,147),(204,10,148),(205,10,149),(206,10,150),(207,10,151),(208,10,152),(209,10,153),(210,10,154),(211,10,155),(212,10,156),(213,10,157),(214,10,158),(215,10,159),(216,10,160),(217,10,161),(218,10,162),(219,10,163),(220,10,164),(221,10,165),(222,10,166),(223,10,167),(224,10,168),(225,10,169),(226,10,170),(227,10,171),(228,10,172),(229,10,173),(230,10,174),(231,10,175),(232,10,176),(233,10,177),(234,10,178),(235,10,179),(236,10,180),(237,10,181),(238,10,182),(239,10,183),(240,10,184),(241,10,185),(242,10,186),(243,10,187),(244,10,188),(245,10,189),(246,10,190),(247,10,191),(248,10,192),(249,10,193),(250,10,194),(251,10,195),(252,10,196),(253,10,197),(254,10,198),(255,10,199),(256,10,200),(257,10,201),(258,10,202),(259,10,203),(260,10,204),(261,10,205),(262,10,206),(263,10,207),(264,10,208),(265,10,209),(266,10,210),(267,10,211),(268,10,212),(269,10,213),(270,10,214),(271,10,215),(272,10,216),(273,10,217),(274,10,218),(275,10,219),(276,10,220),(277,10,221),(278,10,222),(279,10,223),(280,10,224),(281,10,225),(282,10,226),(283,10,227),(284,10,228),(285,10,229),(286,10,230),(287,10,231),(288,10,232),(289,10,233),(290,10,234),(291,10,235),(292,10,236),(293,10,237),(294,10,238),(295,10,239),(296,10,240),(297,10,241),(298,10,242),(299,10,243),(300,10,244),(301,10,245),(302,10,246),(303,10,247),(304,10,248),(305,10,249),(358,11,250),(361,12,251),(897,13,328),(898,13,329),(899,13,330),(900,13,331),(901,13,332),(902,13,333),(903,13,334),(904,13,335),(905,13,336),(906,13,337),(883,13,418),(884,13,419),(885,13,420),(886,13,421),(887,13,422),(888,13,423),(889,13,424),(890,13,425),(891,13,426),(892,13,427),(893,13,428),(894,13,429),(895,13,430),(896,13,431),(709,14,338),(710,14,339),(711,14,340),(712,14,341),(713,14,342),(714,14,343),(715,14,344),(716,14,345),(717,14,346),(718,14,347),(719,14,348),(720,14,349),(721,14,350),(722,14,351),(723,14,353),(724,14,354),(725,14,355),(726,14,356),(727,14,357),(728,14,358),(729,14,359),(730,14,360),(731,14,361),(732,14,362),(733,14,363),(734,14,364),(735,14,365),(736,14,366),(737,14,367),(738,14,368),(739,14,369),(740,14,370),(741,14,371),(775,15,372),(776,15,373),(777,15,374),(778,15,375),(779,15,376),(780,15,377),(781,15,378),(782,15,379),(783,15,380),(784,15,381),(785,15,382),(786,16,383),(787,16,384),(788,16,385),(789,16,386),(790,16,387),(791,16,388),(792,16,389),(793,16,390),(794,16,391),(795,16,392),(796,16,393),(797,16,394),(798,16,395),(799,16,396),(800,16,397),(801,16,398),(802,16,399),(803,16,400),(804,16,401),(805,17,402),(806,17,403),(807,17,404),(808,17,405),(809,17,406),(810,17,407),(811,17,408),(812,17,409),(813,17,410),(814,17,411),(815,17,412),(816,17,413),(817,17,414),(818,17,415),(819,17,416),(820,17,417);
/*!40000 ALTER TABLE `photologue_gallery_photos` ENABLE KEYS */;
UNLOCK TABLES;

--
-- Table structure for table `photologue_galleryupload`
--

DROP TABLE IF EXISTS `photologue_galleryupload`;
/*!40101 SET @saved_cs_client     = @@character_set_client */;
/*!40101 SET character_set_client = utf8 */;
CREATE TABLE `photologue_galleryupload` (
  `id` int(11) NOT NULL AUTO_INCREMENT,
  `zip_file` varchar(100) NOT NULL,
  `gallery_id` int(11) DEFAULT NULL,
  `title` varchar(50) NOT NULL,
  `caption` longtext NOT NULL,
  `description` longtext NOT NULL,
  `is_public` tinyint(1) NOT NULL,
  `tags` varchar(255) NOT NULL,
  PRIMARY KEY (`id`),
  KEY `photologue_galleryupload_34838cc3` (`gallery_id`),
  CONSTRAINT `gallery_id_refs_id_6f0a53d8` FOREIGN KEY (`gallery_id`) REFERENCES `photologue_gallery` (`id`)
) ENGINE=InnoDB AUTO_INCREMENT=8 DEFAULT CHARSET=utf8;
/*!40101 SET character_set_client = @saved_cs_client */;

--
-- Dumping data for table `photologue_galleryupload`
--

LOCK TABLES `photologue_galleryupload` WRITE;
/*!40000 ALTER TABLE `photologue_galleryupload` DISABLE KEYS */;
/*!40000 ALTER TABLE `photologue_galleryupload` ENABLE KEYS */;
UNLOCK TABLES;

--
-- Table structure for table `photologue_photo`
--

DROP TABLE IF EXISTS `photologue_photo`;
/*!40101 SET @saved_cs_client     = @@character_set_client */;
/*!40101 SET character_set_client = utf8 */;
CREATE TABLE `photologue_photo` (
  `id` int(11) NOT NULL AUTO_INCREMENT,
  `image` varchar(100) NOT NULL,
  `date_taken` datetime DEFAULT NULL,
  `view_count` int(10) unsigned NOT NULL,
  `crop_from` varchar(10) NOT NULL,
  `effect_id` int(11) DEFAULT NULL,
  `title` varchar(50) NOT NULL,
  `title_slug` varchar(50) NOT NULL,
  `caption` longtext NOT NULL,
  `date_added` datetime NOT NULL,
  `is_public` tinyint(1) NOT NULL,
  `tags` varchar(255) NOT NULL,
  PRIMARY KEY (`id`),
  UNIQUE KEY `title` (`title`),
  UNIQUE KEY `title_slug` (`title_slug`),
  KEY `photologue_photo_14e7a2c1` (`effect_id`),
  CONSTRAINT `effect_id_refs_id_3aefc8e` FOREIGN KEY (`effect_id`) REFERENCES `photologue_photoeffect` (`id`)
) ENGINE=InnoDB AUTO_INCREMENT=432 DEFAULT CHARSET=utf8;
/*!40101 SET character_set_client = @saved_cs_client */;

--
-- Dumping data for table `photologue_photo`
--

LOCK TABLES `photologue_photo` WRITE;
/*!40000 ALTER TABLE `photologue_photo` DISABLE KEYS */;
INSERT INTO `photologue_photo` VALUES (1,'photologue/photos/S S Wash Condenser.jpg','2014-01-08 23:22:28',0,'center',NULL,'Spirit Still Wash Condenser','spirit-still-wash-condenser','','2014-01-08 23:21:32',1,''),(2,'photologue/photos/Condenser Pieces.jpg','2014-01-08 23:22:46',0,'center',NULL,'Condencer Pieces','condencer-pieces','','2014-01-08 23:22:32',1,''),(3,'photologue/photos/S S Wash Condenser 2 .jpg','2014-01-08 23:23:25',0,'center',NULL,'Spirit Still Wash Condenser 2','spirit-still-wash-condenser-2','','2014-01-08 23:23:11',1,''),(4,'photologue/photos/S S Wash Condenser 3 .JPG','2014-01-08 23:55:01',0,'center',NULL,'Spirit Still Wash Condenser 3','spirit-still-wash-condenser-3','','2014-01-08 23:54:04',1,''),(5,'photologue/photos/056.jpg','2014-01-09 09:28:50',0,'center',NULL,'Lake 1','lake-1','','2014-01-09 09:26:22',1,''),(6,'photologue/photos/_DSC0091.jpg','2014-01-09 09:29:20',0,'center',NULL,'Lake 2','lake-2','','2014-01-09 09:28:50',1,''),(7,'photologue/photos/Lakes-Distillery_00050.JPG','2013-08-18 18:23:01',0,'center',NULL,'New World Whisky Tasting -18th August 1','new-world-whisky-tasting-18th-august-1','','2014-01-17 11:49:47',1,''),(8,'photologue/photos/Lakes_Distillery_00001.JPG','2013-08-18 21:57:48',0,'center',NULL,'New World Whisky Tasting -18th August 2','new-world-whisky-tasting-18th-august-2','','2014-01-17 11:49:47',1,''),(9,'photologue/photos/Lakes_Distillery_00002.JPG','2013-08-18 18:25:17',0,'center',NULL,'New World Whisky Tasting -18th August 3','new-world-whisky-tasting-18th-august-3','','2014-01-17 11:49:47',1,''),(10,'photologue/photos/Lakes_Distillery_00003.JPG','2013-08-18 18:25:55',0,'center',NULL,'New World Whisky Tasting -18th August 4','new-world-whisky-tasting-18th-august-4','','2014-01-17 11:49:47',1,''),(11,'photologue/photos/Lakes_Distillery_00004.JPG','2013-08-18 18:32:23',0,'center',NULL,'New World Whisky Tasting -18th August 5','new-world-whisky-tasting-18th-august-5','','2014-01-17 11:49:47',1,''),(12,'photologue/photos/Lakes_Distillery_00005.JPG','2013-08-18 18:33:21',0,'center',NULL,'New World Whisky Tasting -18th August 6','new-world-whisky-tasting-18th-august-6','','2014-01-17 11:49:47',1,''),(13,'photologue/photos/Lakes_Distillery_00006.JPG','2013-08-18 18:37:12',0,'center',NULL,'New World Whisky Tasting -18th August 7','new-world-whisky-tasting-18th-august-7','','2014-01-17 11:49:47',1,''),(14,'photologue/photos/Lakes_Distillery_00007.JPG','2013-08-18 18:38:40',0,'center',NULL,'New World Whisky Tasting -18th August 8','new-world-whisky-tasting-18th-august-8','','2014-01-17 11:49:47',1,''),(15,'photologue/photos/Lakes_Distillery_00008.JPG','2013-08-18 18:41:24',0,'center',NULL,'New World Whisky Tasting -18th August 9','new-world-whisky-tasting-18th-august-9','','2014-01-17 11:49:48',1,''),(16,'photologue/photos/Lakes_Distillery_00009.JPG','2013-08-18 18:43:38',0,'center',NULL,'New World Whisky Tasting -18th August 10','new-world-whisky-tasting-18th-august-10','','2014-01-17 11:49:48',1,''),(17,'photologue/photos/Lakes_Distillery_00010.JPG','2013-08-18 18:49:21',0,'center',NULL,'New World Whisky Tasting -18th August 11','new-world-whisky-tasting-18th-august-11','','2014-01-17 11:49:48',1,''),(18,'photologue/photos/Lakes_Distillery_00011.JPG','2013-08-18 18:53:00',0,'center',NULL,'New World Whisky Tasting -18th August 12','new-world-whisky-tasting-18th-august-12','','2014-01-17 11:49:48',1,''),(19,'photologue/photos/Lakes_Distillery_00012.JPG','2013-08-18 18:54:57',0,'center',NULL,'New World Whisky Tasting -18th August 13','new-world-whisky-tasting-18th-august-13','','2014-01-17 11:49:48',1,''),(20,'photologue/photos/Lakes_Distillery_00013.JPG','2013-08-18 19:00:20',0,'center',NULL,'New World Whisky Tasting -18th August 14','new-world-whisky-tasting-18th-august-14','','2014-01-17 11:49:48',1,''),(21,'photologue/photos/Lakes_Distillery_00014.JPG','2013-08-18 19:07:32',0,'center',NULL,'New World Whisky Tasting -18th August 15','new-world-whisky-tasting-18th-august-15','','2014-01-17 11:49:48',1,''),(22,'photologue/photos/Lakes_Distillery_00015.JPG','2013-08-18 19:12:24',0,'center',NULL,'New World Whisky Tasting -18th August 16','new-world-whisky-tasting-18th-august-16','','2014-01-17 11:49:48',1,''),(23,'photologue/photos/Lakes_Distillery_00016.JPG','2013-08-18 19:16:21',0,'center',NULL,'New World Whisky Tasting -18th August 17','new-world-whisky-tasting-18th-august-17','','2014-01-17 11:49:48',1,''),(24,'photologue/photos/Lakes_Distillery_00017.JPG','2013-08-18 19:35:11',0,'center',NULL,'New World Whisky Tasting -18th August 18','new-world-whisky-tasting-18th-august-18','','2014-01-17 11:49:48',1,''),(25,'photologue/photos/Lakes_Distillery_00018.JPG','2013-08-18 19:43:42',0,'center',NULL,'New World Whisky Tasting -18th August 19','new-world-whisky-tasting-18th-august-19','','2014-01-17 11:49:48',1,''),(26,'photologue/photos/Lakes_Distillery_00019.JPG','2013-08-18 19:47:07',0,'center',NULL,'New World Whisky Tasting -18th August 20','new-world-whisky-tasting-18th-august-20','','2014-01-17 11:49:48',1,''),(27,'photologue/photos/Lakes_Distillery_00020.JPG','2013-08-18 19:48:24',0,'center',NULL,'New World Whisky Tasting -18th August 21','new-world-whisky-tasting-18th-august-21','','2014-01-17 11:49:49',1,''),(28,'photologue/photos/Lakes_Distillery_00021.JPG','2013-08-18 19:53:11',0,'center',NULL,'New World Whisky Tasting -18th August 22','new-world-whisky-tasting-18th-august-22','','2014-01-17 11:49:49',1,''),(29,'photologue/photos/Lakes_Distillery_00022.JPG','2013-08-18 19:54:16',0,'center',NULL,'New World Whisky Tasting -18th August 23','new-world-whisky-tasting-18th-august-23','','2014-01-17 11:49:49',1,''),(30,'photologue/photos/Lakes_Distillery_00023.JPG','2013-08-18 19:57:01',0,'center',NULL,'New World Whisky Tasting -18th August 24','new-world-whisky-tasting-18th-august-24','','2014-01-17 11:49:49',1,''),(31,'photologue/photos/Lakes_Distillery_00024.JPG','2013-08-18 19:59:37',0,'center',NULL,'New World Whisky Tasting -18th August 25','new-world-whisky-tasting-18th-august-25','','2014-01-17 11:49:49',1,''),(32,'photologue/photos/Lakes_Distillery_00025.JPG','2013-08-18 20:01:52',0,'center',NULL,'New World Whisky Tasting -18th August 26','new-world-whisky-tasting-18th-august-26','','2014-01-17 11:49:49',1,''),(33,'photologue/photos/Lakes_Distillery_00026.JPG','2013-08-18 20:03:29',0,'center',NULL,'New World Whisky Tasting -18th August 27','new-world-whisky-tasting-18th-august-27','','2014-01-17 11:49:49',1,''),(34,'photologue/photos/Lakes_Distillery_00027.JPG','2013-08-18 20:18:28',0,'center',NULL,'New World Whisky Tasting -18th August 28','new-world-whisky-tasting-18th-august-28','','2014-01-17 11:49:49',1,''),(35,'photologue/photos/Lakes_Distillery_00028.JPG','2013-08-18 20:25:30',0,'center',NULL,'New World Whisky Tasting -18th August 29','new-world-whisky-tasting-18th-august-29','','2014-01-17 11:49:49',1,''),(36,'photologue/photos/Lakes_Distillery_00029.JPG','2013-08-18 20:29:26',0,'center',NULL,'New World Whisky Tasting -18th August 30','new-world-whisky-tasting-18th-august-30','','2014-01-17 11:49:49',1,''),(37,'photologue/photos/Lakes_Distillery_00030.jpg','2013-08-18 20:29:26',0,'center',NULL,'New World Whisky Tasting -18th August 31','new-world-whisky-tasting-18th-august-31','','2014-01-17 11:49:50',1,''),(38,'photologue/photos/Lakes_Distillery_00031.JPG','2013-08-18 20:30:48',0,'center',NULL,'New World Whisky Tasting -18th August 32','new-world-whisky-tasting-18th-august-32','','2014-01-17 11:49:50',1,''),(39,'photologue/photos/Lakes_Distillery_00032.JPG','2013-08-18 20:31:12',0,'center',NULL,'New World Whisky Tasting -18th August 33','new-world-whisky-tasting-18th-august-33','','2014-01-17 11:49:50',1,''),(40,'photologue/photos/Lakes_Distillery_00033.jpg','2013-08-18 20:37:51',0,'center',NULL,'New World Whisky Tasting -18th August 34','new-world-whisky-tasting-18th-august-34','','2014-01-17 11:49:50',1,''),(41,'photologue/photos/Lakes_Distillery_00034.jpg','2013-08-18 20:38:21',0,'center',NULL,'New World Whisky Tasting -18th August 35','new-world-whisky-tasting-18th-august-35','','2014-01-17 11:49:50',1,''),(42,'photologue/photos/Lakes_Distillery_00035.jpg','2013-08-18 20:39:02',0,'center',NULL,'New World Whisky Tasting -18th August 36','new-world-whisky-tasting-18th-august-36','','2014-01-17 11:49:50',1,''),(43,'photologue/photos/Lakes_Distillery_00036.jpg','2013-08-18 20:39:15',0,'center',NULL,'New World Whisky Tasting -18th August 37','new-world-whisky-tasting-18th-august-37','','2014-01-17 11:49:50',1,''),(44,'photologue/photos/Lakes_Distillery_00037.jpg','2013-08-18 20:39:41',0,'center',NULL,'New World Whisky Tasting -18th August 38','new-world-whisky-tasting-18th-august-38','','2014-01-17 11:49:50',1,''),(45,'photologue/photos/Lakes_Distillery_00038.JPG','2013-08-18 20:40:33',0,'center',NULL,'New World Whisky Tasting -18th August 39','new-world-whisky-tasting-18th-august-39','','2014-01-17 11:49:51',1,''),(46,'photologue/photos/Lakes_Distillery_00039.jpg','2013-08-18 20:59:44',0,'center',NULL,'New World Whisky Tasting -18th August 40','new-world-whisky-tasting-18th-august-40','','2014-01-17 11:49:51',1,''),(47,'photologue/photos/Lakes_Distillery_00040.jpg','2013-08-18 20:59:59',0,'center',NULL,'New World Whisky Tasting -18th August 41','new-world-whisky-tasting-18th-august-41','','2014-01-17 11:49:51',1,''),(48,'photologue/photos/Lakes_Distillery_00041.jpg','2013-08-18 21:01:11',0,'center',NULL,'New World Whisky Tasting -18th August 42','new-world-whisky-tasting-18th-august-42','','2014-01-17 11:49:51',1,''),(49,'photologue/photos/Lakes_Distillery_00042.jpg','2013-08-18 21:02:56',0,'center',NULL,'New World Whisky Tasting -18th August 43','new-world-whisky-tasting-18th-august-43','','2014-01-17 11:49:51',1,''),(50,'photologue/photos/Lakes_Distillery_00043.JPG','2013-08-18 21:16:22',0,'center',NULL,'New World Whisky Tasting -18th August 44','new-world-whisky-tasting-18th-august-44','','2014-01-17 11:49:51',1,''),(51,'photologue/photos/Lakes_Distillery_00044.JPG','2013-08-18 21:19:23',0,'center',NULL,'New World Whisky Tasting -18th August 45','new-world-whisky-tasting-18th-august-45','','2014-01-17 11:49:51',1,''),(52,'photologue/photos/Lakes_Distillery_00045.JPG','2013-08-18 21:29:40',0,'center',NULL,'New World Whisky Tasting -18th August 46','new-world-whisky-tasting-18th-august-46','','2014-01-17 11:49:51',1,''),(53,'photologue/photos/Lakes_Distillery_00046.JPG','2013-08-18 21:34:50',0,'center',NULL,'New World Whisky Tasting -18th August 47','new-world-whisky-tasting-18th-august-47','','2014-01-17 11:49:51',1,''),(54,'photologue/photos/Lakes_Distillery_00047.JPG','2013-08-18 21:41:25',0,'center',NULL,'New World Whisky Tasting -18th August 48','new-world-whisky-tasting-18th-august-48','','2014-01-17 11:49:51',1,''),(55,'photologue/photos/Lakes_Distillery_00048.JPG','2013-08-18 21:45:04',0,'center',NULL,'New World Whisky Tasting -18th August 49','new-world-whisky-tasting-18th-august-49','','2014-01-17 11:49:51',1,''),(56,'photologue/photos/Lakes_Distillery_00049.JPG','2013-08-18 22:02:19',0,'center',NULL,'New World Whisky Tasting -18th August 50','new-world-whisky-tasting-18th-august-50','','2014-01-17 11:49:51',1,''),(57,'photologue/photos/Equipment/Clipboard01.jpg','2014-01-17 12:03:16',0,'center',NULL,'Equipment 1','equipment-1','','2014-01-17 12:03:16',1,''),(58,'photologue/photos/Equipment/Condenser Pieces.JPG','2014-01-17 12:03:16',0,'center',NULL,'Equipment 2','equipment-2','','2014-01-17 12:03:16',1,''),(59,'photologue/photos/Equipment/Condenser Tubes.JPG','2014-01-17 12:03:16',0,'center',NULL,'Equipment 3','equipment-3','','2014-01-17 12:03:16',1,''),(60,'photologue/photos/Equipment/Gin Still Condenser.JPG','2014-01-17 12:03:16',0,'center',NULL,'Equipment 4','equipment-4','','2014-01-17 12:03:16',1,''),(61,'photologue/photos/Equipment/S S Wash Condenser 2 .JPG','2014-01-17 12:03:16',0,'center',NULL,'Equipment 5','equipment-5','','2014-01-17 12:03:16',1,''),(62,'photologue/photos/Equipment/S S Wash Condenser 3 .JPG','2014-01-17 12:03:16',0,'center',NULL,'Equipment 6','equipment-6','','2014-01-17 12:03:16',1,''),(63,'photologue/photos/Equipment/S S Wash Condenser.JPG','2014-01-17 12:03:16',0,'center',NULL,'Equipment 7','equipment-7','','2014-01-17 12:03:16',1,''),(64,'photologue/photos/Equipment/Spirit Still & Gin Still Heads.JPG','2014-01-17 12:03:16',0,'center',NULL,'Equipment 8','equipment-8','','2014-01-17 12:03:16',1,''),(65,'photologue/photos/Equipment/Spirit Still Base.JPG','2014-01-17 12:03:16',0,'center',NULL,'Equipment 9','equipment-9','','2014-01-17 12:03:16',1,''),(66,'photologue/photos/Equipment/Spirit Still Copper Condenser.JPG','2014-01-17 12:03:16',0,'center',NULL,'Equipment 10','equipment-10','','2014-01-17 12:03:16',1,''),(67,'photologue/photos/Equipment/Wash & Spirit  Still Bottoms.JPG','2014-01-17 12:03:16',0,'center',NULL,'Equipment 11','equipment-11','','2014-01-17 12:03:16',1,''),(68,'photologue/photos/Equipment/Wash Still Base.JPG','2014-01-17 12:03:16',0,'center',NULL,'Equipment 12','equipment-12','','2014-01-17 12:03:16',1,''),(69,'photologue/photos/Equipment/Wash Still Coil.JPG','2014-01-17 12:03:16',0,'center',NULL,'Equipment 13','equipment-13','','2014-01-17 12:03:16',1,''),(70,'photologue/photos/Equipment/Wash Still Copper Condenser.JPG','2014-01-17 12:03:16',0,'center',NULL,'Equipment 14','equipment-14','','2014-01-17 12:03:16',1,''),(71,'photologue/photos/Equipment/Wash Still Head.JPG','2014-01-17 12:03:16',0,'center',NULL,'Equipment 15','equipment-15','','2014-01-17 12:03:16',1,''),(72,'photologue/photos/Equipment/Clipboard01_1.jpg','2014-01-17 12:25:08',0,'center',NULL,'Equipment 16','equipment-16','','2014-01-17 12:25:08',1,''),(73,'photologue/photos/Equipment/Condenser Pieces_1.JPG','2014-01-17 12:25:08',0,'center',NULL,'Equipment 17','equipment-17','','2014-01-17 12:25:08',1,''),(74,'photologue/photos/Equipment/Condenser Tubes_1.JPG','2014-01-17 12:25:08',0,'center',NULL,'Equipment 18','equipment-18','','2014-01-17 12:25:08',1,''),(75,'photologue/photos/Equipment/Gin Still Condenser_1.JPG','2014-01-17 12:25:08',0,'center',NULL,'Equipment 19','equipment-19','','2014-01-17 12:25:08',1,''),(76,'photologue/photos/Equipment/S S Wash Condenser 2 _1.JPG','2014-01-17 12:25:08',0,'center',NULL,'Equipment 20','equipment-20','','2014-01-17 12:25:08',1,''),(77,'photologue/photos/Equipment/S S Wash Condenser 3 _1.JPG','2014-01-17 12:25:08',0,'center',NULL,'Equipment 21','equipment-21','','2014-01-17 12:25:08',1,''),(78,'photologue/photos/Equipment/S S Wash Condenser_1.JPG','2014-01-17 12:25:08',0,'center',NULL,'Equipment 22','equipment-22','','2014-01-17 12:25:08',1,''),(79,'photologue/photos/Equipment/Spirit Still & Gin Still Heads_1.JPG','2014-01-17 12:25:08',0,'center',NULL,'Equipment 23','equipment-23','','2014-01-17 12:25:08',1,''),(80,'photologue/photos/Equipment/Spirit Still Base_1.JPG','2014-01-17 12:25:08',0,'center',NULL,'Equipment 24','equipment-24','','2014-01-17 12:25:08',1,''),(81,'photologue/photos/Equipment/Spirit Still Copper Condenser_1.JPG','2014-01-17 12:25:08',0,'center',NULL,'Equipment 25','equipment-25','','2014-01-17 12:25:08',1,''),(82,'photologue/photos/Equipment/Wash & Spirit  Still Bottoms_1.JPG','2014-01-17 12:25:08',0,'center',NULL,'Equipment 26','equipment-26','','2014-01-17 12:25:08',1,''),(83,'photologue/photos/Equipment/Wash Still Base_1.JPG','2014-01-17 12:25:09',0,'center',NULL,'Equipment 27','equipment-27','','2014-01-17 12:25:09',1,''),(84,'photologue/photos/Equipment/Wash Still Coil_1.JPG','2014-01-17 12:25:09',0,'center',NULL,'Equipment 28','equipment-28','','2014-01-17 12:25:09',1,''),(85,'photologue/photos/Equipment/Wash Still Copper Condenser_1.JPG','2014-01-17 12:25:09',0,'center',NULL,'Equipment 29','equipment-29','','2014-01-17 12:25:09',1,''),(86,'photologue/photos/Equipment/Wash Still Head_1.JPG','2014-01-17 12:25:09',0,'center',NULL,'Equipment 30','equipment-30','','2014-01-17 12:25:09',1,''),(87,'photologue/photos/The Lakes Distillery 1.JPG','2014-01-17 12:33:16',0,'center',NULL,'Artist Impressions 1','artist-impressions-1','','2014-01-17 12:33:16',1,''),(88,'photologue/photos/The Lakes Distillery 2.JPG','2014-01-17 12:33:16',0,'center',NULL,'Artist Impressions 2','artist-impressions-2','','2014-01-17 12:33:16',1,''),(89,'photologue/photos/The Lakes Distillery 3.JPG','2014-01-17 12:33:16',0,'center',NULL,'Artist Impressions 3','artist-impressions-3','','2014-01-17 12:33:16',1,''),(90,'photologue/photos/The Lakes Distillery 4.JPG','2014-01-17 12:33:16',0,'center',NULL,'Artist Impressions 4','artist-impressions-4','','2014-01-17 12:33:16',1,''),(91,'photologue/photos/The Lakes Distillery 5.JPG','2014-01-17 12:33:16',0,'center',NULL,'Artist Impressions 5','artist-impressions-5','','2014-01-17 12:33:16',1,''),(92,'photologue/photos/2013-09-29 11.35.39.jpg','2013-09-29 11:35:39',0,'center',NULL,'Taste Cumbria Festival 2013 1','taste-cumbria-festival-2013-1','','2014-01-17 12:40:21',1,''),(93,'photologue/photos/2013-09-29 11.35.40.jpg','2013-09-29 11:35:40',0,'center',NULL,'Taste Cumbria Festival 2013 2','taste-cumbria-festival-2013-2','','2014-01-17 12:40:21',1,''),(94,'photologue/photos/2013-09-29 11.35.56.jpg','2013-09-29 11:35:56',0,'center',NULL,'Taste Cumbria Festival 2013 3','taste-cumbria-festival-2013-3','','2014-01-17 12:40:21',1,''),(95,'photologue/photos/2013-09-29 11.36.07.jpg','2013-09-29 11:36:07',0,'center',NULL,'Taste Cumbria Festival 2013 4','taste-cumbria-festival-2013-4','','2014-01-17 12:40:21',1,''),(96,'photologue/photos/2013-09-29 11.36.32.jpg','2013-09-29 11:36:32',0,'center',NULL,'Taste Cumbria Festival 2013 5','taste-cumbria-festival-2013-5','','2014-01-17 12:40:22',1,''),(97,'photologue/photos/2013-09-29 13.04.08.jpg','2013-09-29 13:04:08',0,'center',NULL,'Taste Cumbria Festival 2013 6','taste-cumbria-festival-2013-6','','2014-01-17 12:40:22',1,''),(98,'photologue/photos/2013-09-29 13.04.19.jpg','2013-09-29 13:04:19',0,'center',NULL,'Taste Cumbria Festival 2013 7','taste-cumbria-festival-2013-7','','2014-01-17 12:40:22',1,''),(99,'photologue/photos/2013-09-29 13.04.20.jpg','2013-09-29 13:04:20',0,'center',NULL,'Taste Cumbria Festival 2013 8','taste-cumbria-festival-2013-8','','2014-01-17 12:40:22',1,''),(100,'photologue/photos/2013-09-29 13.04.30.jpg','2013-09-29 13:04:30',0,'center',NULL,'Taste Cumbria Festival 2013 9','taste-cumbria-festival-2013-9','','2014-01-17 12:40:22',1,''),(101,'photologue/photos/DSC04117.JPG','2013-06-07 12:00:51',0,'center',NULL,'The Lakes Distillery Site 1','the-lakes-distillery-site-1','','2014-01-20 10:57:00',1,''),(102,'photologue/photos/DSC04118.JPG','2013-06-07 12:01:06',0,'center',NULL,'The Lakes Distillery Site 2','the-lakes-distillery-site-2','','2014-01-20 10:57:00',1,''),(103,'photologue/photos/DSC04119.JPG','2013-06-07 12:01:22',0,'center',NULL,'The Lakes Distillery Site 3','the-lakes-distillery-site-3','','2014-01-20 10:57:01',1,''),(104,'photologue/photos/DSC04120.JPG','2013-06-07 12:01:34',0,'center',NULL,'The Lakes Distillery Site 4','the-lakes-distillery-site-4','','2014-01-20 10:57:01',1,''),(105,'photologue/photos/DSC04121.JPG','2013-06-07 12:01:47',0,'center',NULL,'The Lakes Distillery Site 5','the-lakes-distillery-site-5','','2014-01-20 10:57:01',1,''),(106,'photologue/photos/DSC04122.JPG','2013-06-07 12:02:00',0,'center',NULL,'The Lakes Distillery Site 6','the-lakes-distillery-site-6','','2014-01-20 10:57:02',1,''),(107,'photologue/photos/DSC04123.JPG','2013-06-07 12:02:28',0,'center',NULL,'The Lakes Distillery Site 7','the-lakes-distillery-site-7','','2014-01-20 10:57:02',1,''),(108,'photologue/photos/DSC04124.JPG','2013-06-07 12:02:50',0,'center',NULL,'The Lakes Distillery Site 8','the-lakes-distillery-site-8','','2014-01-20 10:57:02',1,''),(109,'photologue/photos/DSC04125.JPG','2013-06-07 12:02:57',0,'center',NULL,'The Lakes Distillery Site 9','the-lakes-distillery-site-9','','2014-01-20 10:57:03',1,''),(110,'photologue/photos/DSC04126.JPG','2013-06-07 12:03:17',0,'center',NULL,'The Lakes Distillery Site 10','the-lakes-distillery-site-10','','2014-01-20 10:57:03',1,''),(111,'photologue/photos/DSC04127.JPG','2013-06-07 12:03:38',0,'center',NULL,'The Lakes Distillery Site 11','the-lakes-distillery-site-11','','2014-01-20 10:57:03',1,''),(112,'photologue/photos/DSC04128.JPG','2013-06-07 12:04:06',0,'center',NULL,'The Lakes Distillery Site 12','the-lakes-distillery-site-12','','2014-01-20 10:57:03',1,''),(113,'photologue/photos/DSC04129.JPG','2013-06-07 12:04:43',0,'center',NULL,'The Lakes Distillery Site 13','the-lakes-distillery-site-13','','2014-01-20 10:57:03',1,''),(114,'photologue/photos/DSC04130.JPG','2013-06-07 12:04:53',0,'center',NULL,'The Lakes Distillery Site 14','the-lakes-distillery-site-14','','2014-01-20 10:57:04',1,''),(115,'photologue/photos/DSC04131.JPG','2013-06-07 12:05:09',0,'center',NULL,'The Lakes Distillery Site 15','the-lakes-distillery-site-15','','2014-01-20 10:57:04',1,''),(116,'photologue/photos/DSC04133.JPG','2013-06-07 12:05:55',0,'center',NULL,'The Lakes Distillery Site 16','the-lakes-distillery-site-16','','2014-01-20 10:57:04',1,''),(117,'photologue/photos/DSC04134.JPG','2013-06-07 12:06:15',0,'center',NULL,'The Lakes Distillery Site 17','the-lakes-distillery-site-17','','2014-01-20 10:57:04',1,''),(118,'photologue/photos/DSC04135.JPG','2013-06-07 12:06:25',0,'center',NULL,'The Lakes Distillery Site 18','the-lakes-distillery-site-18','','2014-01-20 10:57:05',1,''),(119,'photologue/photos/DSC04136.JPG','2013-06-07 12:06:33',0,'center',NULL,'The Lakes Distillery Site 19','the-lakes-distillery-site-19','','2014-01-20 10:57:05',1,''),(120,'photologue/photos/DSC04137.JPG','2013-06-07 12:06:41',0,'center',NULL,'The Lakes Distillery Site 20','the-lakes-distillery-site-20','','2014-01-20 10:57:05',1,''),(121,'photologue/photos/DSC04138.JPG','2013-06-07 12:06:51',0,'center',NULL,'The Lakes Distillery Site 21','the-lakes-distillery-site-21','','2014-01-20 10:57:05',1,''),(122,'photologue/photos/DSC04139.JPG','2013-06-07 12:07:22',0,'center',NULL,'The Lakes Distillery Site 22','the-lakes-distillery-site-22','','2014-01-20 10:57:06',1,''),(123,'photologue/photos/DSC04140.JPG','2013-06-07 12:07:50',0,'center',NULL,'The Lakes Distillery Site 23','the-lakes-distillery-site-23','','2014-01-20 10:57:06',1,''),(124,'photologue/photos/DSC04141.JPG','2013-06-07 12:08:51',0,'center',NULL,'The Lakes Distillery Site 24','the-lakes-distillery-site-24','','2014-01-20 10:57:06',1,''),(125,'photologue/photos/DSC04142.JPG','2013-06-07 12:09:55',0,'center',NULL,'The Lakes Distillery Site 25','the-lakes-distillery-site-25','','2014-01-20 10:57:06',1,''),(126,'photologue/photos/DSC04143.JPG','2013-06-07 12:10:53',0,'center',NULL,'The Lakes Distillery Site 26','the-lakes-distillery-site-26','','2014-01-20 10:57:07',1,''),(127,'photologue/photos/DSC04144.JPG','2013-06-07 12:11:16',0,'center',NULL,'The Lakes Distillery Site 27','the-lakes-distillery-site-27','','2014-01-20 10:57:07',1,''),(128,'photologue/photos/DSC04145.JPG','2013-06-07 12:11:22',0,'center',NULL,'The Lakes Distillery Site 28','the-lakes-distillery-site-28','','2014-01-20 10:57:08',1,''),(129,'photologue/photos/DSC04146.JPG','2013-06-07 12:11:35',0,'center',NULL,'The Lakes Distillery Site 29','the-lakes-distillery-site-29','','2014-01-20 10:57:08',1,''),(130,'photologue/photos/DSC04147.JPG','2013-06-07 12:12:43',0,'center',NULL,'The Lakes Distillery Site 30','the-lakes-distillery-site-30','','2014-01-20 10:57:08',1,''),(131,'photologue/photos/DSC04148.JPG','2013-06-07 12:13:29',0,'center',NULL,'The Lakes Distillery Site 31','the-lakes-distillery-site-31','','2014-01-20 10:57:08',1,''),(132,'photologue/photos/DSC04149.JPG','2013-06-07 12:13:37',0,'center',NULL,'The Lakes Distillery Site 32','the-lakes-distillery-site-32','','2014-01-20 10:57:09',1,''),(133,'photologue/photos/DSC04150.JPG','2013-06-07 12:13:57',0,'center',NULL,'The Lakes Distillery Site 33','the-lakes-distillery-site-33','','2014-01-20 10:57:09',1,''),(134,'photologue/photos/DSC04151.JPG','2013-06-07 12:14:04',0,'center',NULL,'The Lakes Distillery Site 34','the-lakes-distillery-site-34','','2014-01-20 10:57:09',1,''),(135,'photologue/photos/DSC04152.JPG','2013-06-07 12:14:16',0,'center',NULL,'The Lakes Distillery Site 35','the-lakes-distillery-site-35','','2014-01-20 10:57:09',1,''),(136,'photologue/photos/DSC04153.JPG','2013-06-07 12:15:28',0,'center',NULL,'The Lakes Distillery Site 36','the-lakes-distillery-site-36','','2014-01-20 10:57:10',1,''),(137,'photologue/photos/DSC04154.JPG','2013-06-07 12:16:03',0,'center',NULL,'The Lakes Distillery Site 37','the-lakes-distillery-site-37','','2014-01-20 10:57:10',1,''),(138,'photologue/photos/DSC04155.JPG','2013-06-07 12:16:10',0,'center',NULL,'The Lakes Distillery Site 38','the-lakes-distillery-site-38','','2014-01-20 10:57:10',1,''),(139,'photologue/photos/DSC04156.JPG','2013-06-07 12:16:25',0,'center',NULL,'The Lakes Distillery Site 39','the-lakes-distillery-site-39','','2014-01-20 10:57:10',1,''),(140,'photologue/photos/DSC04157.JPG','2013-06-07 12:16:44',0,'center',NULL,'The Lakes Distillery Site 40','the-lakes-distillery-site-40','','2014-01-20 10:57:10',1,''),(141,'photologue/photos/DSC04159.JPG','2013-06-07 12:33:04',0,'center',NULL,'The Lakes Distillery Site 41','the-lakes-distillery-site-41','','2014-01-20 10:57:11',1,''),(142,'photologue/photos/JPEG/IMG_0001.jpg','2013-09-25 11:45:58',0,'center',NULL,'The ONE Launch - 26th September 2013 1','the-one-launch-26th-september-2013-1','','2014-01-20 12:24:30',1,''),(143,'photologue/photos/JPEG/IMG_0002.jpg','2013-09-25 11:46:09',0,'center',NULL,'The ONE Launch - 26th September 2013 2','the-one-launch-26th-september-2013-2','','2014-01-20 12:24:30',1,''),(144,'photologue/photos/JPEG/IMG_0004.jpg','2013-09-25 11:46:38',0,'center',NULL,'The ONE Launch - 26th September 2013 3','the-one-launch-26th-september-2013-3','','2014-01-20 12:24:30',1,''),(145,'photologue/photos/JPEG/IMG_0007.jpg','2013-09-25 11:47:07',0,'center',NULL,'The ONE Launch - 26th September 2013 4','the-one-launch-26th-september-2013-4','','2014-01-20 12:24:30',1,''),(146,'photologue/photos/JPEG/IMG_0011.jpg','2013-09-25 11:48:19',0,'center',NULL,'The ONE Launch - 26th September 2013 5','the-one-launch-26th-september-2013-5','','2014-01-20 12:24:30',1,''),(147,'photologue/photos/JPEG/IMG_0015.jpg','2013-09-25 11:49:35',0,'center',NULL,'The ONE Launch - 26th September 2013 6','the-one-launch-26th-september-2013-6','','2014-01-20 12:24:30',1,''),(148,'photologue/photos/JPEG/IMG_0017.jpg','2013-09-25 11:51:44',0,'center',NULL,'The ONE Launch - 26th September 2013 7','the-one-launch-26th-september-2013-7','','2014-01-20 12:24:30',1,''),(149,'photologue/photos/JPEG/IMG_0018.jpg','2013-09-25 11:52:07',0,'center',NULL,'The ONE Launch - 26th September 2013 8','the-one-launch-26th-september-2013-8','','2014-01-20 12:24:30',1,''),(150,'photologue/photos/JPEG/IMG_0019.jpg','2013-09-25 11:52:40',0,'center',NULL,'The ONE Launch - 26th September 2013 9','the-one-launch-26th-september-2013-9','','2014-01-20 12:24:30',1,''),(151,'photologue/photos/JPEG/IMG_0021.jpg','2013-09-25 11:53:14',0,'center',NULL,'The ONE Launch - 26th September 2013 10','the-one-launch-26th-september-2013-10','','2014-01-20 12:24:30',1,''),(152,'photologue/photos/JPEG/IMG_0026.jpg','2013-09-25 12:28:20',0,'center',NULL,'The ONE Launch - 26th September 2013 11','the-one-launch-26th-september-2013-11','','2014-01-20 12:24:30',1,''),(153,'photologue/photos/JPEG/IMG_0035.jpg','2013-09-25 13:01:08',0,'center',NULL,'The ONE Launch - 26th September 2013 12','the-one-launch-26th-september-2013-12','','2014-01-20 12:24:30',1,''),(154,'photologue/photos/JPEG/IMG_0036.jpg','2013-09-25 13:01:53',0,'center',NULL,'The ONE Launch - 26th September 2013 13','the-one-launch-26th-september-2013-13','','2014-01-20 12:24:30',1,''),(155,'photologue/photos/JPEG/IMG_0038.jpg','2013-09-25 13:03:53',0,'center',NULL,'The ONE Launch - 26th September 2013 14','the-one-launch-26th-september-2013-14','','2014-01-20 12:24:30',1,''),(156,'photologue/photos/JPEG/IMG_0039.jpg','2013-09-25 13:04:05',0,'center',NULL,'The ONE Launch - 26th September 2013 15','the-one-launch-26th-september-2013-15','','2014-01-20 12:24:30',1,''),(157,'photologue/photos/JPEG/IMG_0044.jpg','2013-09-25 13:11:37',0,'center',NULL,'The ONE Launch - 26th September 2013 16','the-one-launch-26th-september-2013-16','','2014-01-20 12:24:30',1,''),(158,'photologue/photos/JPEG/IMG_0047.jpg','2013-09-25 13:16:31',0,'center',NULL,'The ONE Launch - 26th September 2013 17','the-one-launch-26th-september-2013-17','','2014-01-20 12:24:30',1,''),(159,'photologue/photos/JPEG/IMG_0052.jpg','2013-09-25 13:19:40',0,'center',NULL,'The ONE Launch - 26th September 2013 18','the-one-launch-26th-september-2013-18','','2014-01-20 12:24:30',1,''),(160,'photologue/photos/JPEG/IMG_0245-1.jpg','2013-09-26 10:35:28',0,'center',NULL,'The ONE Launch - 26th September 2013 19','the-one-launch-26th-september-2013-19','','2014-01-20 12:24:30',1,''),(161,'photologue/photos/JPEG/IMG_0247-2.jpg','2013-09-26 10:36:48',0,'center',NULL,'The ONE Launch - 26th September 2013 20','the-one-launch-26th-september-2013-20','','2014-01-20 12:24:30',1,''),(162,'photologue/photos/JPEG/IMG_0251-3.jpg','2013-09-26 10:37:31',0,'center',NULL,'The ONE Launch - 26th September 2013 21','the-one-launch-26th-september-2013-21','','2014-01-20 12:24:30',1,''),(163,'photologue/photos/JPEG/IMG_0254-5.jpg','2013-09-26 10:39:18',0,'center',NULL,'The ONE Launch - 26th September 2013 22','the-one-launch-26th-september-2013-22','','2014-01-20 12:24:30',1,''),(164,'photologue/photos/JPEG/IMG_0265-10.jpg','2013-09-26 11:00:09',0,'center',NULL,'The ONE Launch - 26th September 2013 23','the-one-launch-26th-september-2013-23','','2014-01-20 12:24:30',1,''),(165,'photologue/photos/JPEG/IMG_0269-12.jpg','2013-09-26 11:01:53',0,'center',NULL,'The ONE Launch - 26th September 2013 24','the-one-launch-26th-september-2013-24','','2014-01-20 12:24:30',1,''),(166,'photologue/photos/JPEG/IMG_0272-13.jpg','2013-09-26 11:04:45',0,'center',NULL,'The ONE Launch - 26th September 2013 25','the-one-launch-26th-september-2013-25','','2014-01-20 12:24:30',1,''),(167,'photologue/photos/JPEG/IMG_0273-14.jpg','2013-09-26 11:04:58',0,'center',NULL,'The ONE Launch - 26th September 2013 26','the-one-launch-26th-september-2013-26','','2014-01-20 12:24:30',1,''),(168,'photologue/photos/JPEG/IMG_0274-15.jpg','2013-09-26 11:05:57',0,'center',NULL,'The ONE Launch - 26th September 2013 27','the-one-launch-26th-september-2013-27','','2014-01-20 12:24:30',1,''),(169,'photologue/photos/JPEG/IMG_0275-16.jpg','2013-09-26 11:07:19',0,'center',NULL,'The ONE Launch - 26th September 2013 28','the-one-launch-26th-september-2013-28','','2014-01-20 12:24:30',1,''),(170,'photologue/photos/JPEG/IMG_0278-18.jpg','2013-09-26 11:10:42',0,'center',NULL,'The ONE Launch - 26th September 2013 29','the-one-launch-26th-september-2013-29','','2014-01-20 12:24:30',1,''),(171,'photologue/photos/JPEG/IMG_0287-19.jpg','2013-09-26 11:18:23',0,'center',NULL,'The ONE Launch - 26th September 2013 30','the-one-launch-26th-september-2013-30','','2014-01-20 12:24:30',1,''),(172,'photologue/photos/JPEG/IMG_0288-20.jpg','2013-09-26 11:18:45',0,'center',NULL,'The ONE Launch - 26th September 2013 31','the-one-launch-26th-september-2013-31','','2014-01-20 12:24:30',1,''),(173,'photologue/photos/JPEG/IMG_0296-23.jpg','2013-09-26 11:29:17',0,'center',NULL,'The ONE Launch - 26th September 2013 32','the-one-launch-26th-september-2013-32','','2014-01-20 12:24:30',1,''),(174,'photologue/photos/JPEG/IMG_0298-24.jpg','2013-09-26 11:30:37',0,'center',NULL,'The ONE Launch - 26th September 2013 33','the-one-launch-26th-september-2013-33','','2014-01-20 12:24:30',1,''),(175,'photologue/photos/JPEG/IMG_0300-26.jpg','2013-09-26 11:37:04',0,'center',NULL,'The ONE Launch - 26th September 2013 34','the-one-launch-26th-september-2013-34','','2014-01-20 12:24:30',1,''),(176,'photologue/photos/JPEG/IMG_0308-27.jpg','2013-09-26 12:42:09',0,'center',NULL,'The ONE Launch - 26th September 2013 35','the-one-launch-26th-september-2013-35','','2014-01-20 12:24:30',1,''),(177,'photologue/photos/JPEG/IMG_0312-28.jpg','2013-09-26 12:43:38',0,'center',NULL,'The ONE Launch - 26th September 2013 36','the-one-launch-26th-september-2013-36','','2014-01-20 12:24:30',1,''),(178,'photologue/photos/JPEG/IMG_0316-29.jpg','2013-09-26 12:44:21',0,'center',NULL,'The ONE Launch - 26th September 2013 37','the-one-launch-26th-september-2013-37','','2014-01-20 12:24:30',1,''),(179,'photologue/photos/JPEG/IMG_0317-30.jpg','2013-09-26 12:45:34',0,'center',NULL,'The ONE Launch - 26th September 2013 38','the-one-launch-26th-september-2013-38','','2014-01-20 12:24:30',1,''),(180,'photologue/photos/JPEG/IMG_0320-31.jpg','2013-09-26 12:45:57',0,'center',NULL,'The ONE Launch - 26th September 2013 39','the-one-launch-26th-september-2013-39','','2014-01-20 12:24:30',1,''),(181,'photologue/photos/JPEG/IMG_0324-32.jpg','2013-09-26 12:54:03',0,'center',NULL,'The ONE Launch - 26th September 2013 40','the-one-launch-26th-september-2013-40','','2014-01-20 12:24:30',1,''),(182,'photologue/photos/JPEG/IMG_0327-33.jpg','2013-09-26 13:00:05',0,'center',NULL,'The ONE Launch - 26th September 2013 41','the-one-launch-26th-september-2013-41','','2014-01-20 12:24:30',1,''),(183,'photologue/photos/JPEG/IMG_0334-34.jpg','2013-09-26 13:09:27',0,'center',NULL,'The ONE Launch - 26th September 2013 42','the-one-launch-26th-september-2013-42','','2014-01-20 12:24:30',1,''),(184,'photologue/photos/JPEG/IMG_0343-36.jpg','2013-09-26 13:34:14',0,'center',NULL,'The ONE Launch - 26th September 2013 43','the-one-launch-26th-september-2013-43','','2014-01-20 12:24:30',1,''),(185,'photologue/photos/JPEG/IMG_0344-37.jpg','2013-09-26 13:37:09',0,'center',NULL,'The ONE Launch - 26th September 2013 44','the-one-launch-26th-september-2013-44','','2014-01-20 12:24:30',1,''),(186,'photologue/photos/JPEG/IMG_3140-1.jpg','2013-09-26 09:32:37',0,'center',NULL,'The ONE Launch - 26th September 2013 45','the-one-launch-26th-september-2013-45','','2014-01-20 12:24:30',1,''),(187,'photologue/photos/JPEG/IMG_3142-2.jpg','2013-09-26 09:32:48',0,'center',NULL,'The ONE Launch - 26th September 2013 46','the-one-launch-26th-september-2013-46','','2014-01-20 12:24:30',1,''),(188,'photologue/photos/JPEG/IMG_3145-3.jpg','2013-09-26 09:32:59',0,'center',NULL,'The ONE Launch - 26th September 2013 47','the-one-launch-26th-september-2013-47','','2014-01-20 12:24:30',1,''),(189,'photologue/photos/JPEG/IMG_3146-4.jpg','2013-09-26 09:36:48',0,'center',NULL,'The ONE Launch - 26th September 2013 48','the-one-launch-26th-september-2013-48','','2014-01-20 12:24:30',1,''),(190,'photologue/photos/JPEG/IMG_3147-5.jpg','2013-09-26 09:38:58',0,'center',NULL,'The ONE Launch - 26th September 2013 49','the-one-launch-26th-september-2013-49','','2014-01-20 12:24:30',1,''),(191,'photologue/photos/JPEG/IMG_3150-7.jpg','2013-09-26 09:46:19',0,'center',NULL,'The ONE Launch - 26th September 2013 50','the-one-launch-26th-september-2013-50','','2014-01-20 12:24:30',1,''),(192,'photologue/photos/JPEG/IMG_3157-10.jpg','2013-09-26 09:51:50',0,'center',NULL,'The ONE Launch - 26th September 2013 51','the-one-launch-26th-september-2013-51','','2014-01-20 12:24:30',1,''),(193,'photologue/photos/JPEG/IMG_3160-11.jpg','2013-09-26 09:52:13',0,'center',NULL,'The ONE Launch - 26th September 2013 52','the-one-launch-26th-september-2013-52','','2014-01-20 12:24:30',1,''),(194,'photologue/photos/JPEG/IMG_3161-12.jpg','2013-09-26 09:52:42',0,'center',NULL,'The ONE Launch - 26th September 2013 53','the-one-launch-26th-september-2013-53','','2014-01-20 12:24:30',1,''),(195,'photologue/photos/JPEG/IMG_3168-14.jpg','2013-09-26 09:54:53',0,'center',NULL,'The ONE Launch - 26th September 2013 54','the-one-launch-26th-september-2013-54','','2014-01-20 12:24:30',1,''),(196,'photologue/photos/JPEG/IMG_3171-15.jpg','2013-09-26 09:55:24',0,'center',NULL,'The ONE Launch - 26th September 2013 55','the-one-launch-26th-september-2013-55','','2014-01-20 12:24:30',1,''),(197,'photologue/photos/JPEG/IMG_3175-16.jpg','2013-09-26 09:55:33',0,'center',NULL,'The ONE Launch - 26th September 2013 56','the-one-launch-26th-september-2013-56','','2014-01-20 12:24:30',1,''),(198,'photologue/photos/JPEG/IMG_3176-17.jpg','2013-09-26 09:56:41',0,'center',NULL,'The ONE Launch - 26th September 2013 57','the-one-launch-26th-september-2013-57','','2014-01-20 12:24:30',1,''),(199,'photologue/photos/JPEG/IMG_3178-18.jpg','2013-09-26 10:00:29',0,'center',NULL,'The ONE Launch - 26th September 2013 58','the-one-launch-26th-september-2013-58','','2014-01-20 12:24:30',1,''),(200,'photologue/photos/JPEG/IMG_3180-19.jpg','2013-09-26 10:01:09',0,'center',NULL,'The ONE Launch - 26th September 2013 59','the-one-launch-26th-september-2013-59','','2014-01-20 12:24:30',1,''),(201,'photologue/photos/JPEG/IMG_3186-21.jpg','2013-09-26 10:02:50',0,'center',NULL,'The ONE Launch - 26th September 2013 60','the-one-launch-26th-september-2013-60','','2014-01-20 12:24:30',1,''),(202,'photologue/photos/JPEG/IMG_3187-22.jpg','2013-09-26 10:04:59',0,'center',NULL,'The ONE Launch - 26th September 2013 61','the-one-launch-26th-september-2013-61','','2014-01-20 12:24:30',1,''),(203,'photologue/photos/JPEG/IMG_3188-23.jpg','2013-09-26 10:15:47',0,'center',NULL,'The ONE Launch - 26th September 2013 62','the-one-launch-26th-september-2013-62','','2014-01-20 12:24:30',1,''),(204,'photologue/photos/JPEG/IMG_3189-24.jpg','2013-09-26 10:18:33',0,'center',NULL,'The ONE Launch - 26th September 2013 63','the-one-launch-26th-september-2013-63','','2014-01-20 12:24:30',1,''),(205,'photologue/photos/JPEG/IMG_3190-25.jpg','2013-09-26 10:30:24',0,'center',NULL,'The ONE Launch - 26th September 2013 64','the-one-launch-26th-september-2013-64','','2014-01-20 12:24:30',1,''),(206,'photologue/photos/JPEG/IMG_3193-27.jpg','2013-09-26 10:31:26',0,'center',NULL,'The ONE Launch - 26th September 2013 65','the-one-launch-26th-september-2013-65','','2014-01-20 12:24:31',1,''),(207,'photologue/photos/JPEG/IMG_3196-29.jpg','2013-09-26 10:31:51',0,'center',NULL,'The ONE Launch - 26th September 2013 66','the-one-launch-26th-september-2013-66','','2014-01-20 12:24:31',1,''),(208,'photologue/photos/JPEG/IMG_3199-30.jpg','2013-09-26 10:32:42',0,'center',NULL,'The ONE Launch - 26th September 2013 67','the-one-launch-26th-september-2013-67','','2014-01-20 12:24:31',1,''),(209,'photologue/photos/JPEG/IMG_3201-31.jpg','2013-09-26 10:34:24',0,'center',NULL,'The ONE Launch - 26th September 2013 68','the-one-launch-26th-september-2013-68','','2014-01-20 12:24:31',1,''),(210,'photologue/photos/JPEG/IMG_3209-32.jpg','2013-09-26 10:36:17',0,'center',NULL,'The ONE Launch - 26th September 2013 69','the-one-launch-26th-september-2013-69','','2014-01-20 12:24:31',1,''),(211,'photologue/photos/JPEG/IMG_3213-33.jpg','2013-09-26 10:37:06',0,'center',NULL,'The ONE Launch - 26th September 2013 70','the-one-launch-26th-september-2013-70','','2014-01-20 12:24:31',1,''),(212,'photologue/photos/JPEG/IMG_3217-34.jpg','2013-09-26 10:37:27',0,'center',NULL,'The ONE Launch - 26th September 2013 71','the-one-launch-26th-september-2013-71','','2014-01-20 12:24:31',1,''),(213,'photologue/photos/JPEG/IMG_3219-35.jpg','2013-09-26 10:50:16',0,'center',NULL,'The ONE Launch - 26th September 2013 72','the-one-launch-26th-september-2013-72','','2014-01-20 12:24:31',1,''),(214,'photologue/photos/JPEG/IMG_3220-36.jpg','2013-09-26 10:51:10',0,'center',NULL,'The ONE Launch - 26th September 2013 73','the-one-launch-26th-september-2013-73','','2014-01-20 12:24:31',1,''),(215,'photologue/photos/JPEG/IMG_3225-39.jpg','2013-09-26 10:54:44',0,'center',NULL,'The ONE Launch - 26th September 2013 74','the-one-launch-26th-september-2013-74','','2014-01-20 12:24:31',1,''),(216,'photologue/photos/JPEG/IMG_3226-40.jpg','2013-09-26 10:55:10',0,'center',NULL,'The ONE Launch - 26th September 2013 75','the-one-launch-26th-september-2013-75','','2014-01-20 12:24:31',1,''),(217,'photologue/photos/JPEG/IMG_3227-41.jpg','2013-09-26 10:55:59',0,'center',NULL,'The ONE Launch - 26th September 2013 76','the-one-launch-26th-september-2013-76','','2014-01-20 12:24:31',1,''),(218,'photologue/photos/JPEG/IMG_3231-42.jpg','2013-09-26 10:56:22',0,'center',NULL,'The ONE Launch - 26th September 2013 77','the-one-launch-26th-september-2013-77','','2014-01-20 12:24:31',1,''),(219,'photologue/photos/JPEG/IMG_3232-43.jpg','2013-09-26 10:56:45',0,'center',NULL,'The ONE Launch - 26th September 2013 78','the-one-launch-26th-september-2013-78','','2014-01-20 12:24:31',1,''),(220,'photologue/photos/JPEG/IMG_3237-44.jpg','2013-09-26 10:57:53',0,'center',NULL,'The ONE Launch - 26th September 2013 79','the-one-launch-26th-september-2013-79','','2014-01-20 12:24:31',1,''),(221,'photologue/photos/JPEG/IMG_3240-46.jpg','2013-09-26 10:59:46',0,'center',NULL,'The ONE Launch - 26th September 2013 80','the-one-launch-26th-september-2013-80','','2014-01-20 12:24:31',1,''),(222,'photologue/photos/JPEG/IMG_3245-47.jpg','2013-09-26 11:04:33',0,'center',NULL,'The ONE Launch - 26th September 2013 81','the-one-launch-26th-september-2013-81','','2014-01-20 12:24:31',1,''),(223,'photologue/photos/JPEG/IMG_3247-48.jpg','2013-09-26 11:04:57',0,'center',NULL,'The ONE Launch - 26th September 2013 82','the-one-launch-26th-september-2013-82','','2014-01-20 12:24:31',1,''),(224,'photologue/photos/JPEG/IMG_3248-49.jpg','2013-09-26 11:05:01',0,'center',NULL,'The ONE Launch - 26th September 2013 83','the-one-launch-26th-september-2013-83','','2014-01-20 12:24:31',1,''),(225,'photologue/photos/JPEG/IMG_3251-50.jpg','2013-09-26 11:05:18',0,'center',NULL,'The ONE Launch - 26th September 2013 84','the-one-launch-26th-september-2013-84','','2014-01-20 12:24:31',1,''),(226,'photologue/photos/JPEG/IMG_3252-51.jpg','2013-09-26 11:05:50',0,'center',NULL,'The ONE Launch - 26th September 2013 85','the-one-launch-26th-september-2013-85','','2014-01-20 12:24:31',1,''),(227,'photologue/photos/JPEG/IMG_3253-52.jpg','2013-09-26 11:13:54',0,'center',NULL,'The ONE Launch - 26th September 2013 86','the-one-launch-26th-september-2013-86','','2014-01-20 12:24:31',1,''),(228,'photologue/photos/JPEG/IMG_3255-53.jpg','2013-09-26 11:14:20',0,'center',NULL,'The ONE Launch - 26th September 2013 87','the-one-launch-26th-september-2013-87','','2014-01-20 12:24:31',1,''),(229,'photologue/photos/JPEG/IMG_3257-54.jpg','2013-09-26 11:14:32',0,'center',NULL,'The ONE Launch - 26th September 2013 88','the-one-launch-26th-september-2013-88','','2014-01-20 12:24:31',1,''),(230,'photologue/photos/JPEG/IMG_3259-55.jpg','2013-09-26 11:14:52',0,'center',NULL,'The ONE Launch - 26th September 2013 89','the-one-launch-26th-september-2013-89','','2014-01-20 12:24:31',1,''),(231,'photologue/photos/JPEG/IMG_3260-56.jpg','2013-09-26 11:17:36',0,'center',NULL,'The ONE Launch - 26th September 2013 90','the-one-launch-26th-september-2013-90','','2014-01-20 12:24:31',1,''),(232,'photologue/photos/JPEG/IMG_3262-57.jpg','2013-09-26 11:19:54',0,'center',NULL,'The ONE Launch - 26th September 2013 91','the-one-launch-26th-september-2013-91','','2014-01-20 12:24:31',1,''),(233,'photologue/photos/JPEG/IMG_3266-58.jpg','2013-09-26 11:20:00',0,'center',NULL,'The ONE Launch - 26th September 2013 92','the-one-launch-26th-september-2013-92','','2014-01-20 12:24:31',1,''),(234,'photologue/photos/JPEG/IMG_3271-59.jpg','2013-09-26 11:29:50',0,'center',NULL,'The ONE Launch - 26th September 2013 93','the-one-launch-26th-september-2013-93','','2014-01-20 12:24:31',1,''),(235,'photologue/photos/JPEG/IMG_3273-60.jpg','2013-09-26 11:30:03',0,'center',NULL,'The ONE Launch - 26th September 2013 94','the-one-launch-26th-september-2013-94','','2014-01-20 12:24:31',1,''),(236,'photologue/photos/JPEG/IMG_3275-61.jpg','2013-09-26 11:30:43',0,'center',NULL,'The ONE Launch - 26th September 2013 95','the-one-launch-26th-september-2013-95','','2014-01-20 12:24:31',1,''),(237,'photologue/photos/JPEG/IMG_3281-62.jpg','2013-09-26 11:30:55',0,'center',NULL,'The ONE Launch - 26th September 2013 96','the-one-launch-26th-september-2013-96','','2014-01-20 12:24:31',1,''),(238,'photologue/photos/JPEG/IMG_3285-63.jpg','2013-09-26 11:31:06',0,'center',NULL,'The ONE Launch - 26th September 2013 97','the-one-launch-26th-september-2013-97','','2014-01-20 12:24:31',1,''),(239,'photologue/photos/JPEG/IMG_3295-1.jpg','2013-09-26 11:32:36',0,'center',NULL,'The ONE Launch - 26th September 2013 98','the-one-launch-26th-september-2013-98','','2014-01-20 12:24:31',1,''),(240,'photologue/photos/JPEG/IMG_3297-2.jpg','2013-09-26 11:32:39',0,'center',NULL,'The ONE Launch - 26th September 2013 99','the-one-launch-26th-september-2013-99','','2014-01-20 12:24:31',1,''),(241,'photologue/photos/JPEG/IMG_3302-6.jpg','2013-09-26 11:33:12',0,'center',NULL,'The ONE Launch - 26th September 2013 100','the-one-launch-26th-september-2013-100','','2014-01-20 12:24:31',1,''),(242,'photologue/photos/JPEG/IMG_3303-7.jpg','2013-09-26 11:33:40',0,'center',NULL,'The ONE Launch - 26th September 2013 101','the-one-launch-26th-september-2013-101','','2014-01-20 12:24:31',1,''),(243,'photologue/photos/JPEG/IMG_3304-8.jpg','2013-09-26 11:33:54',0,'center',NULL,'The ONE Launch - 26th September 2013 102','the-one-launch-26th-september-2013-102','','2014-01-20 12:24:31',1,''),(244,'photologue/photos/JPEG/IMG_3305-9.jpg','2013-09-26 11:34:21',0,'center',NULL,'The ONE Launch - 26th September 2013 103','the-one-launch-26th-september-2013-103','','2014-01-20 12:24:31',1,''),(245,'photologue/photos/JPEG/IMG_3306-10.jpg','2013-09-26 11:35:11',0,'center',NULL,'The ONE Launch - 26th September 2013 104','the-one-launch-26th-september-2013-104','','2014-01-20 12:24:31',1,''),(246,'photologue/photos/JPEG/IMG_3307-11.jpg','2013-09-26 11:35:51',0,'center',NULL,'The ONE Launch - 26th September 2013 105','the-one-launch-26th-september-2013-105','','2014-01-20 12:24:31',1,''),(247,'photologue/photos/JPEG/IMG_3310-12.jpg','2013-09-26 11:37:01',0,'center',NULL,'The ONE Launch - 26th September 2013 106','the-one-launch-26th-september-2013-106','','2014-01-20 12:24:31',1,''),(248,'photologue/photos/JPEG/IMG_3311-13.jpg','2013-09-26 11:38:57',0,'center',NULL,'The ONE Launch - 26th September 2013 107','the-one-launch-26th-september-2013-107','','2014-01-20 12:24:31',1,''),(249,'photologue/photos/JPEG/IMG_9998.jpg','2013-09-25 11:45:24',0,'center',NULL,'The ONE Launch - 26th September 2013 108','the-one-launch-26th-september-2013-108','','2014-01-20 12:24:31',1,''),(250,'photologue/photos/DSC_0034.jpg','2014-01-21 17:34:08',0,'center',NULL,'Bassenthwaite 1','bassenthwaite-1','','2014-01-21 17:32:43',1,''),(251,'photologue/photos/4.2.13 - Lakes - Car Park Works 005.jpg','2014-02-06 18:38:28',0,'center',NULL,'The distillery car park in progress','distillery-car-park-progress','','2014-02-06 18:37:18',1,''),(252,'photologue/photos/New Folder/IMGP1361.JPG','2014-02-15 11:01:33',0,'center',NULL,'The Lakes Distillery Site 42','the-lakes-distillery-site-42','','2014-02-25 10:05:24',1,''),(253,'photologue/photos/New Folder/IMGP1362.JPG','2014-02-15 11:01:40',0,'center',NULL,'The Lakes Distillery Site 43','the-lakes-distillery-site-43','','2014-02-25 10:05:24',1,''),(254,'photologue/photos/New Folder/IMGP1363.JPG','2014-02-15 11:01:55',0,'center',NULL,'The Lakes Distillery Site 44','the-lakes-distillery-site-44','','2014-02-25 10:05:24',1,''),(255,'photologue/photos/New Folder/IMGP1364.JPG','2014-02-15 11:02:04',0,'center',NULL,'The Lakes Distillery Site 45','the-lakes-distillery-site-45','','2014-02-25 10:05:25',1,''),(256,'photologue/photos/New Folder/IMGP1365.JPG','2014-02-15 11:02:37',0,'center',NULL,'The Lakes Distillery Site 46','the-lakes-distillery-site-46','','2014-02-25 10:05:25',1,''),(257,'photologue/photos/New Folder/IMGP1366.JPG','2014-02-15 11:02:48',0,'center',NULL,'The Lakes Distillery Site 47','the-lakes-distillery-site-47','','2014-02-25 10:05:25',1,''),(258,'photologue/photos/New Folder/IMGP1367.JPG','2014-02-15 11:02:50',0,'center',NULL,'The Lakes Distillery Site 48','the-lakes-distillery-site-48','','2014-02-25 10:05:26',1,''),(259,'photologue/photos/New Folder/IMGP1368.JPG','2014-02-15 11:03:00',0,'center',NULL,'The Lakes Distillery Site 49','the-lakes-distillery-site-49','','2014-02-25 10:05:26',1,''),(260,'photologue/photos/New Folder/IMGP1369.JPG','2014-02-15 11:03:10',0,'center',NULL,'The Lakes Distillery Site 50','the-lakes-distillery-site-50','','2014-02-25 10:05:26',1,''),(261,'photologue/photos/New Folder/IMGP1370.JPG','2014-02-15 11:03:56',0,'center',NULL,'The Lakes Distillery Site 51','the-lakes-distillery-site-51','','2014-02-25 10:05:27',1,''),(262,'photologue/photos/New Folder/IMGP1371.JPG','2014-02-15 11:04:44',0,'center',NULL,'The Lakes Distillery Site 52','the-lakes-distillery-site-52','','2014-02-25 10:05:27',1,''),(263,'photologue/photos/New Folder/IMGP1372.JPG','2014-02-15 11:04:49',0,'center',NULL,'The Lakes Distillery Site 53','the-lakes-distillery-site-53','','2014-02-25 10:05:27',1,''),(264,'photologue/photos/New Folder/IMGP1373.JPG','2014-02-15 11:05:05',0,'center',NULL,'The Lakes Distillery Site 54','the-lakes-distillery-site-54','','2014-02-25 10:05:28',1,''),(265,'photologue/photos/New Folder/IMGP1374.JPG','2014-02-15 11:05:33',0,'center',NULL,'The Lakes Distillery Site 55','the-lakes-distillery-site-55','','2014-02-25 10:05:28',1,''),(266,'photologue/photos/New Folder/IMGP1375.JPG','2014-02-15 11:06:14',0,'center',NULL,'The Lakes Distillery Site 56','the-lakes-distillery-site-56','','2014-02-25 10:05:28',1,''),(267,'photologue/photos/New Folder/IMGP1376.JPG','2014-02-15 11:06:18',0,'center',NULL,'The Lakes Distillery Site 57','the-lakes-distillery-site-57','','2014-02-25 10:05:29',1,''),(268,'photologue/photos/New Folder/IMGP1377.JPG','2014-02-15 11:06:22',0,'center',NULL,'The Lakes Distillery Site 58','the-lakes-distillery-site-58','','2014-02-25 10:05:29',1,''),(269,'photologue/photos/New Folder/IMGP1378.JPG','2014-02-15 11:06:49',0,'center',NULL,'The Lakes Distillery Site 59','the-lakes-distillery-site-59','','2014-02-25 10:05:29',1,''),(270,'photologue/photos/New Folder/IMGP1379.JPG','2014-02-15 11:06:50',0,'center',NULL,'The Lakes Distillery Site 60','the-lakes-distillery-site-60','','2014-02-25 10:05:30',1,''),(271,'photologue/photos/New Folder/IMGP1380.JPG','2014-02-15 11:06:54',0,'center',NULL,'The Lakes Distillery Site 61','the-lakes-distillery-site-61','','2014-02-25 10:05:30',1,''),(272,'photologue/photos/New Folder/IMGP1381.JPG','2014-02-15 11:07:07',0,'center',NULL,'The Lakes Distillery Site 62','the-lakes-distillery-site-62','','2014-02-25 10:05:31',1,''),(273,'photologue/photos/New Folder/IMGP1382.JPG','2014-02-15 11:07:19',0,'center',NULL,'The Lakes Distillery Site 63','the-lakes-distillery-site-63','','2014-02-25 10:05:31',1,''),(274,'photologue/photos/New Folder/IMGP1383.JPG','2014-02-15 11:08:35',0,'center',NULL,'The Lakes Distillery Site 64','the-lakes-distillery-site-64','','2014-02-25 10:05:31',1,''),(275,'photologue/photos/New Folder/IMGP1384.JPG','2014-02-15 11:08:36',0,'center',NULL,'The Lakes Distillery Site 65','the-lakes-distillery-site-65','','2014-02-25 10:05:32',1,''),(276,'photologue/photos/New Folder/IMGP1385.JPG','2014-02-15 11:08:36',0,'center',NULL,'The Lakes Distillery Site 66','the-lakes-distillery-site-66','','2014-02-25 10:05:32',1,''),(277,'photologue/photos/New Folder/IMGP1386.JPG','2014-02-15 11:08:40',0,'center',NULL,'The Lakes Distillery Site 67','the-lakes-distillery-site-67','','2014-02-25 10:05:32',1,''),(278,'photologue/photos/New Folder/IMGP1387.JPG','2014-02-15 11:08:50',0,'center',NULL,'The Lakes Distillery Site 68','the-lakes-distillery-site-68','','2014-02-25 10:05:33',1,''),(279,'photologue/photos/New Folder/IMGP1388.JPG','2014-02-15 11:09:18',0,'center',NULL,'The Lakes Distillery Site 69','the-lakes-distillery-site-69','','2014-02-25 10:05:33',1,''),(280,'photologue/photos/New Folder/IMGP1389.JPG','2014-02-15 11:09:19',0,'center',NULL,'The Lakes Distillery Site 70','the-lakes-distillery-site-70','','2014-02-25 10:05:33',1,''),(281,'photologue/photos/New Folder/IMGP1390.JPG','2014-02-15 11:09:19',0,'center',NULL,'The Lakes Distillery Site 71','the-lakes-distillery-site-71','','2014-02-25 10:05:34',1,''),(282,'photologue/photos/New Folder/IMGP1391.JPG','2014-02-15 11:09:42',0,'center',NULL,'The Lakes Distillery Site 72','the-lakes-distillery-site-72','','2014-02-25 10:05:34',1,''),(283,'photologue/photos/New Folder/IMGP1392.JPG','2014-02-15 11:09:57',0,'center',NULL,'The Lakes Distillery Site 73','the-lakes-distillery-site-73','','2014-02-25 10:05:34',1,''),(284,'photologue/photos/New Folder/IMGP1393.JPG','2014-02-15 11:10:09',0,'center',NULL,'The Lakes Distillery Site 74','the-lakes-distillery-site-74','','2014-02-25 10:05:35',1,''),(285,'photologue/photos/New Folder/IMGP1394.JPG','2014-02-15 11:10:17',0,'center',NULL,'The Lakes Distillery Site 75','the-lakes-distillery-site-75','','2014-02-25 10:05:35',1,''),(286,'photologue/photos/New Folder/IMGP1395.JPG','2014-02-15 11:11:02',0,'center',NULL,'The Lakes Distillery Site 76','the-lakes-distillery-site-76','','2014-02-25 10:05:35',1,''),(287,'photologue/photos/New Folder/IMGP1396.JPG','2014-02-15 11:11:59',0,'center',NULL,'The Lakes Distillery Site 77','the-lakes-distillery-site-77','','2014-02-25 10:05:36',1,''),(288,'photologue/photos/New Folder/IMGP1397.JPG','2014-02-15 11:12:04',0,'center',NULL,'The Lakes Distillery Site 78','the-lakes-distillery-site-78','','2014-02-25 10:05:36',1,''),(289,'photologue/photos/New Folder/IMGP1398.JPG','2014-02-15 11:14:50',0,'center',NULL,'The Lakes Distillery Site 79','the-lakes-distillery-site-79','','2014-02-25 10:05:36',1,''),(290,'photologue/photos/New Folder/IMGP1399.JPG','2014-02-15 11:15:43',0,'center',NULL,'The Lakes Distillery Site 80','the-lakes-distillery-site-80','','2014-02-25 10:05:37',1,''),(291,'photologue/photos/New Folder/IMGP1400.JPG','2014-02-15 11:15:50',0,'center',NULL,'The Lakes Distillery Site 81','the-lakes-distillery-site-81','','2014-02-25 10:05:37',1,''),(292,'photologue/photos/New Folder/IMGP1401.JPG','2014-02-15 11:15:56',0,'center',NULL,'The Lakes Distillery Site 82','the-lakes-distillery-site-82','','2014-02-25 10:05:38',1,''),(293,'photologue/photos/New Folder/IMGP1402.JPG','2014-02-15 11:16:07',0,'center',NULL,'The Lakes Distillery Site 83','the-lakes-distillery-site-83','','2014-02-25 10:05:38',1,''),(294,'photologue/photos/New Folder/IMGP1403.JPG','2014-02-15 11:16:21',0,'center',NULL,'The Lakes Distillery Site 84','the-lakes-distillery-site-84','','2014-02-25 10:05:38',1,''),(295,'photologue/photos/New Folder/IMGP1404.JPG','2014-02-15 11:16:25',0,'center',NULL,'The Lakes Distillery Site 85','the-lakes-distillery-site-85','','2014-02-25 10:05:39',1,''),(296,'photologue/photos/New Folder/IMGP1405.JPG','2014-02-15 11:17:11',0,'center',NULL,'The Lakes Distillery Site 86','the-lakes-distillery-site-86','','2014-02-25 10:05:39',1,''),(297,'photologue/photos/New Folder/IMGP1406.JPG','2014-02-15 11:17:16',0,'center',NULL,'The Lakes Distillery Site 87','the-lakes-distillery-site-87','','2014-02-25 10:05:39',1,''),(298,'photologue/photos/New Folder/IMGP1407.JPG','2014-02-15 11:17:23',0,'center',NULL,'The Lakes Distillery Site 88','the-lakes-distillery-site-88','','2014-02-25 10:05:40',1,''),(299,'photologue/photos/New Folder/IMGP1408.JPG','2014-02-15 11:17:32',0,'center',NULL,'The Lakes Distillery Site 89','the-lakes-distillery-site-89','','2014-02-25 10:05:40',1,''),(300,'photologue/photos/New Folder/IMGP1409.JPG','2014-02-15 11:17:41',0,'center',NULL,'The Lakes Distillery Site 90','the-lakes-distillery-site-90','','2014-02-25 10:05:40',1,''),(301,'photologue/photos/New Folder/IMGP1410.JPG','2014-02-15 11:17:50',0,'center',NULL,'The Lakes Distillery Site 91','the-lakes-distillery-site-91','','2014-02-25 10:05:41',1,''),(302,'photologue/photos/New Folder/IMGP1411.JPG','2014-02-15 11:18:07',0,'center',NULL,'The Lakes Distillery Site 92','the-lakes-distillery-site-92','','2014-02-25 10:05:41',1,''),(303,'photologue/photos/New Folder/IMGP1412.JPG','2014-02-15 11:18:09',0,'center',NULL,'The Lakes Distillery Site 93','the-lakes-distillery-site-93','','2014-02-25 10:05:42',1,''),(304,'photologue/photos/New Folder/IMGP1413.JPG','2014-02-15 11:18:32',0,'center',NULL,'The Lakes Distillery Site 94','the-lakes-distillery-site-94','','2014-02-25 10:05:42',1,''),(305,'photologue/photos/New Folder/IMGP1414.JPG','2014-02-15 11:18:36',0,'center',NULL,'The Lakes Distillery Site 95','the-lakes-distillery-site-95','','2014-02-25 10:05:42',1,''),(306,'photologue/photos/New Folder/IMGP1415.JPG','2014-02-15 11:18:46',0,'center',NULL,'The Lakes Distillery Site 96','the-lakes-distillery-site-96','','2014-02-25 10:05:43',1,''),(307,'photologue/photos/New Folder/IMGP1416.JPG','2014-02-15 11:19:02',0,'center',NULL,'The Lakes Distillery Site 97','the-lakes-distillery-site-97','','2014-02-25 10:05:43',1,''),(308,'photologue/photos/New Folder/IMGP1417.JPG','2014-02-15 11:21:01',0,'center',NULL,'The Lakes Distillery Site 98','the-lakes-distillery-site-98','','2014-02-25 10:05:43',1,''),(309,'photologue/photos/New Folder/IMGP1418.JPG','2014-02-15 11:21:03',0,'center',NULL,'The Lakes Distillery Site 99','the-lakes-distillery-site-99','','2014-02-25 10:05:44',1,''),(310,'photologue/photos/New Folder/IMGP1419.JPG','2014-02-15 11:21:47',0,'center',NULL,'The Lakes Distillery Site 100','the-lakes-distillery-site-100','','2014-02-25 10:05:44',1,''),(311,'photologue/photos/New Folder/IMGP1420.JPG','2014-02-15 11:22:00',0,'center',NULL,'The Lakes Distillery Site 101','the-lakes-distillery-site-101','','2014-02-25 10:05:45',1,''),(312,'photologue/photos/New Folder/IMGP1421.JPG','2014-02-15 11:22:28',0,'center',NULL,'The Lakes Distillery Site 102','the-lakes-distillery-site-102','','2014-02-25 10:05:45',1,''),(313,'photologue/photos/New Folder/IMGP1422.JPG','2014-02-15 11:23:26',0,'center',NULL,'The Lakes Distillery Site 103','the-lakes-distillery-site-103','','2014-02-25 10:05:45',1,''),(314,'photologue/photos/New Folder/IMGP1423.JPG','2014-02-15 11:23:27',0,'center',NULL,'The Lakes Distillery Site 104','the-lakes-distillery-site-104','','2014-02-25 10:05:46',1,''),(315,'photologue/photos/New Folder/IMGP1424.JPG','2014-02-15 11:23:31',0,'center',NULL,'The Lakes Distillery Site 105','the-lakes-distillery-site-105','','2014-02-25 10:05:46',1,''),(316,'photologue/photos/New Folder/IMGP1425.JPG','2014-02-15 11:24:13',0,'center',NULL,'The Lakes Distillery Site 106','the-lakes-distillery-site-106','','2014-02-25 10:05:46',1,''),(317,'photologue/photos/New Folder/IMGP1426.JPG','2014-02-15 11:24:15',0,'center',NULL,'The Lakes Distillery Site 107','the-lakes-distillery-site-107','','2014-02-25 10:05:47',1,''),(318,'photologue/photos/New Folder/IMGP1427.JPG','2014-02-15 11:26:03',0,'center',NULL,'The Lakes Distillery Site 108','the-lakes-distillery-site-108','','2014-02-25 10:05:47',1,''),(319,'photologue/photos/New Folder/IMGP1428.JPG','2014-02-15 11:26:09',0,'center',NULL,'The Lakes Distillery Site 109','the-lakes-distillery-site-109','','2014-02-25 10:05:48',1,''),(320,'photologue/photos/New Folder/IMGP1429.JPG','2014-02-15 11:26:14',0,'center',NULL,'The Lakes Distillery Site 110','the-lakes-distillery-site-110','','2014-02-25 10:05:48',1,''),(321,'photologue/photos/New Folder/IMGP1430.JPG','2014-02-15 11:26:17',0,'center',NULL,'The Lakes Distillery Site 111','the-lakes-distillery-site-111','','2014-02-25 10:05:48',1,''),(322,'photologue/photos/New Folder/IMGP1431.JPG','2014-02-15 11:26:17',0,'center',NULL,'The Lakes Distillery Site 112','the-lakes-distillery-site-112','','2014-02-25 10:05:49',1,''),(323,'photologue/photos/New Folder/IMGP1432.JPG','2014-02-15 11:30:05',0,'center',NULL,'The Lakes Distillery Site 113','the-lakes-distillery-site-113','','2014-02-25 10:05:49',1,''),(324,'photologue/photos/New Folder/IMGP1433.JPG','2014-02-15 11:30:15',0,'center',NULL,'The Lakes Distillery Site 114','the-lakes-distillery-site-114','','2014-02-25 10:05:49',1,''),(325,'photologue/photos/New Folder/IMGP1434.JPG','2014-02-15 11:30:35',0,'center',NULL,'The Lakes Distillery Site 115','the-lakes-distillery-site-115','','2014-02-25 10:05:50',1,''),(326,'photologue/photos/New Folder/IMGP1435.JPG','2014-02-15 11:30:40',0,'center',NULL,'The Lakes Distillery Site 116','the-lakes-distillery-site-116','','2014-02-25 10:05:50',1,''),(327,'photologue/photos/New Folder/WORK HAS STARTED ON SITE.jpg','2014-02-15 11:21:03',0,'center',NULL,'The Lakes Distillery Site 117','the-lakes-distillery-site-117','','2014-02-25 10:05:50',1,''),(328,'photologue/photos/Roof Pics/2.JPG','2014-02-27 14:11:58',0,'center',NULL,'Building Work on The Roof 1','building-work-on-the-roof-1','','2014-03-03 17:15:33',1,''),(329,'photologue/photos/Roof Pics/3.JPG','2014-02-27 14:09:21',0,'center',NULL,'Building Work on The Roof 2','building-work-on-the-roof-2','','2014-03-03 17:15:33',1,''),(330,'photologue/photos/Roof Pics/IMG_1001.jpg','2014-02-25 11:03:32',0,'center',NULL,'Building Work on The Roof 3','building-work-on-the-roof-3','','2014-03-03 17:15:33',1,''),(331,'photologue/photos/Roof Pics/IMG_1006.jpg','2014-02-25 11:04:59',0,'center',NULL,'Building Work on The Roof 4','building-work-on-the-roof-4','','2014-03-03 17:15:34',1,''),(332,'photologue/photos/Roof Pics/IMG_1015.jpg','2014-02-25 11:39:08',0,'center',NULL,'Building Work on The Roof 5','building-work-on-the-roof-5','','2014-03-03 17:15:34',1,''),(333,'photologue/photos/Roof Pics/IMG_1021.jpg','2014-02-25 11:42:01',0,'center',NULL,'Building Work on The Roof 6','building-work-on-the-roof-6','','2014-03-03 17:15:34',1,''),(334,'photologue/photos/Roof Pics/IMG_8401.jpg','2014-02-26 09:46:49',0,'center',NULL,'Building Work on The Roof 7','building-work-on-the-roof-7','','2014-03-03 17:15:34',1,''),(335,'photologue/photos/Roof Pics/IMG_8405.jpg','2014-02-26 09:47:33',0,'center',NULL,'Building Work on The Roof 8','building-work-on-the-roof-8','','2014-03-03 17:15:34',1,''),(336,'photologue/photos/Roof Pics/IMG_8416.jpg','2014-02-26 10:13:09',0,'center',NULL,'Building Work on The Roof 9','building-work-on-the-roof-9','','2014-03-03 17:15:34',1,''),(337,'photologue/photos/Roof Pics/IMG_8431.jpg','2014-02-26 10:23:33',0,'center',NULL,'Building Work on The Roof 10','building-work-on-the-roof-10','','2014-03-03 17:15:34',1,''),(338,'photologue/photos/BiGop2EIQAAOx49.jpg','2014-03-10 16:00:02',0,'center',NULL,'Corporate Fun With The Lakes Distillery 1','corporate-fun-with-the-lakes-distillery-1','','2014-03-10 16:00:02',1,''),(339,'photologue/photos/BiH4vDjCYAAd1_t.jpg','2014-03-10 16:00:02',0,'center',NULL,'Delicious Nibbles','delicious-nibbles','Gorgeous nibbles provided by Peter Sidwell, all with a touch of The ONE.','2014-03-10 16:00:02',1,''),(340,'photologue/photos/BiJADcCIIAETMgF.jpg','2014-03-10 16:00:02',0,'center',NULL,'Corporate Fun With The Lakes Distillery 3','corporate-fun-with-the-lakes-distillery-3','','2014-03-10 16:00:02',1,''),(341,'photologue/photos/BiJFQ-OIEAAyBCx.jpg','2014-03-10 16:00:02',0,'center',NULL,'Corporate Fun With The Lakes Distillery 4','corporate-fun-with-the-lakes-distillery-4','','2014-03-10 16:00:02',1,''),(342,'photologue/photos/IMG_0231.jpg','2014-03-07 16:03:17',0,'center',NULL,'Corporate Fun With The Lakes Distillery 5','corporate-fun-with-the-lakes-distillery-5','','2014-03-10 16:00:03',1,''),(343,'photologue/photos/IMG_0232.jpg','2014-03-07 16:03:19',0,'center',NULL,'Corporate Fun With The Lakes Distillery 6','corporate-fun-with-the-lakes-distillery-6','','2014-03-10 16:00:03',1,''),(344,'photologue/photos/IMG_0233.jpg','2014-03-07 16:03:21',0,'center',NULL,'Corporate Fun With The Lakes Distillery 7','corporate-fun-with-the-lakes-distillery-7','','2014-03-10 16:00:03',1,''),(345,'photologue/photos/IMG_0234.jpg','2014-03-07 16:03:24',0,'center',NULL,'Corporate Fun With The Lakes Distillery 8','corporate-fun-with-the-lakes-distillery-8','','2014-03-10 16:00:03',1,''),(346,'photologue/photos/IMG_0235.jpg','2014-03-07 16:06:19',0,'center',NULL,'Corporate Fun With The Lakes Distillery 9','corporate-fun-with-the-lakes-distillery-9','','2014-03-10 16:00:03',1,''),(347,'photologue/photos/IMG_0249.jpg','2014-03-07 16:09:36',0,'center',NULL,'Corporate Fun With The Lakes Distillery 10','corporate-fun-with-the-lakes-distillery-10','','2014-03-10 16:00:03',1,''),(348,'photologue/photos/IMG_0255.jpg','2014-03-07 16:10:57',0,'center',NULL,'Corporate Fun With The Lakes Distillery 11','corporate-fun-with-the-lakes-distillery-11','','2014-03-10 16:00:03',1,''),(349,'photologue/photos/IMG_0257.jpg','2014-03-07 16:11:53',0,'center',NULL,'Corporate Fun With The Lakes Distillery 12','corporate-fun-with-the-lakes-distillery-12','','2014-03-10 16:00:04',1,''),(350,'photologue/photos/IMG_0259.jpg','2014-03-07 16:17:40',0,'center',NULL,'Corporate Fun With The Lakes Distillery 13','corporate-fun-with-the-lakes-distillery-13','','2014-03-10 16:00:04',1,''),(351,'photologue/photos/IMG_0260.jpg','2014-03-07 16:17:55',0,'center',NULL,'Corporate Fun With The Lakes Distillery 14','corporate-fun-with-the-lakes-distillery-14','','2014-03-10 16:00:04',1,''),(352,'photologue/photos/IMG_0265.jpg','2014-03-07 16:23:23',0,'center',NULL,'Corporate Fun With The Lakes Distillery 15','corporate-fun-with-the-lakes-distillery-15','','2014-03-10 16:00:04',1,''),(353,'photologue/photos/IMG_0267.jpg','2014-03-07 16:25:01',0,'center',NULL,'Corporate Fun With The Lakes Distillery 16','corporate-fun-with-the-lakes-distillery-16','','2014-03-10 16:00:04',1,''),(354,'photologue/photos/IMG_0282.jpg','2014-03-07 16:28:25',0,'center',NULL,'Corporate Fun With The Lakes Distillery 17','corporate-fun-with-the-lakes-distillery-17','','2014-03-10 16:00:04',1,''),(355,'photologue/photos/IMG_0283.jpg','2014-03-07 16:28:29',0,'center',NULL,'Corporate Fun With The Lakes Distillery 18','corporate-fun-with-the-lakes-distillery-18','','2014-03-10 16:00:05',1,''),(356,'photologue/photos/IMG_0285.jpg','2014-03-07 16:28:41',0,'center',NULL,'Corporate Fun With The Lakes Distillery 19','corporate-fun-with-the-lakes-distillery-19','','2014-03-10 16:00:05',1,''),(357,'photologue/photos/IMG_0289.jpg','2014-03-07 16:28:51',0,'center',NULL,'Corporate Fun With The Lakes Distillery 20','corporate-fun-with-the-lakes-distillery-20','','2014-03-10 16:00:05',1,''),(358,'photologue/photos/IMG_0291.jpg','2014-03-07 16:29:07',0,'center',NULL,'Corporate Fun With The Lakes Distillery 21','corporate-fun-with-the-lakes-distillery-21','','2014-03-10 16:00:05',1,''),(359,'photologue/photos/IMG_0292.jpg','2014-03-07 16:29:10',0,'center',NULL,'Corporate Fun With The Lakes Distillery 22','corporate-fun-with-the-lakes-distillery-22','','2014-03-10 16:00:05',1,''),(360,'photologue/photos/IMG_0293.jpg','2014-03-07 16:29:12',0,'center',NULL,'Corporate Fun With The Lakes Distillery 23','corporate-fun-with-the-lakes-distillery-23','','2014-03-10 16:00:05',1,''),(361,'photologue/photos/IMG_0294.jpg','2014-03-07 16:29:25',0,'center',NULL,'Corporate Fun With The Lakes Distillery 24','corporate-fun-with-the-lakes-distillery-24','','2014-03-10 16:00:06',1,''),(362,'photologue/photos/IMG_0299.jpg','2014-03-07 16:30:17',0,'center',NULL,'Corporate Fun With The Lakes Distillery 25','corporate-fun-with-the-lakes-distillery-25','','2014-03-10 16:00:06',1,''),(363,'photologue/photos/IMG_0300.jpg','2014-03-07 16:30:23',0,'center',NULL,'Corporate Fun With The Lakes Distillery 26','corporate-fun-with-the-lakes-distillery-26','','2014-03-10 16:00:06',1,''),(364,'photologue/photos/IMG_0306.jpg','2014-03-07 16:31:26',0,'center',NULL,'Corporate Fun With The Lakes Distillery 27','corporate-fun-with-the-lakes-distillery-27','','2014-03-10 16:00:06',1,''),(365,'photologue/photos/IMG_0307.jpg','2014-03-07 16:31:27',0,'center',NULL,'Corporate Fun With The Lakes Distillery 28','corporate-fun-with-the-lakes-distillery-28','','2014-03-10 16:00:06',1,''),(366,'photologue/photos/IMG_0309.jpg','2014-03-07 16:33:06',0,'center',NULL,'Corporate Fun With The Lakes Distillery 29','corporate-fun-with-the-lakes-distillery-29','','2014-03-10 16:00:06',1,''),(367,'photologue/photos/IMG_0310.jpg','2014-03-07 16:35:07',0,'center',NULL,'Corporate Fun With The Lakes Distillery 30','corporate-fun-with-the-lakes-distillery-30','','2014-03-10 16:00:06',1,''),(368,'photologue/photos/IMG_0311.jpg','2014-03-07 16:43:49',0,'center',NULL,'Corporate Fun With The Lakes Distillery 31','corporate-fun-with-the-lakes-distillery-31','','2014-03-10 16:00:07',1,''),(369,'photologue/photos/IMG_0314.jpg','2014-03-07 16:44:23',0,'center',NULL,'Corporate Fun With The Lakes Distillery 32','corporate-fun-with-the-lakes-distillery-32','','2014-03-10 16:00:07',1,''),(370,'photologue/photos/IMG_0318.jpg','2014-03-07 16:46:00',0,'center',NULL,'Corporate Fun With The Lakes Distillery 33','corporate-fun-with-the-lakes-distillery-33','','2014-03-10 16:00:07',1,''),(371,'photologue/photos/IMG_0321.jpg','2014-03-07 16:46:10',0,'center',NULL,'Corporate Fun With The Lakes Distillery 34','corporate-fun-with-the-lakes-distillery-34','','2014-03-10 16:00:07',1,''),(372,'photologue/photos/1.jpg','2014-02-25 11:51:53',0,'center',NULL,'Site Visit From Britain\'s Energy Coast 1','site-visit-from-britains-energy-coast-1','','2014-03-12 14:20:45',1,''),(373,'photologue/photos/10.jpg','2014-02-26 09:36:22',0,'center',NULL,'Site Visit From Britain\'s Energy Coast 2','site-visit-from-britains-energy-coast-2','','2014-03-12 14:20:45',1,''),(374,'photologue/photos/11.jpg','2014-02-26 09:38:02',0,'center',NULL,'Site Visit From Britain\'s Energy Coast 3','site-visit-from-britains-energy-coast-3','','2014-03-12 14:20:45',1,''),(375,'photologue/photos/12.jpg','2014-02-26 09:38:14',0,'center',NULL,'Site Visit From Britain\'s Energy Coast 4','site-visit-from-britains-energy-coast-4','','2014-03-12 14:20:45',1,''),(376,'photologue/photos/2.jpg','2014-02-25 11:52:39',0,'center',NULL,'Site Visit From Britain\'s Energy Coast 5','site-visit-from-britains-energy-coast-5','','2014-03-12 14:20:45',1,''),(377,'photologue/photos/4.jpg','2014-02-25 11:54:20',0,'center',NULL,'Site Visit From Britain\'s Energy Coast 6','site-visit-from-britains-energy-coast-6','','2014-03-12 14:20:45',1,''),(378,'photologue/photos/5.jpg','2014-02-26 09:28:03',0,'center',NULL,'Site Visit From Britain\'s Energy Coast 7','site-visit-from-britains-energy-coast-7','','2014-03-12 14:20:45',1,''),(379,'photologue/photos/6.jpg','2014-02-26 09:23:55',0,'center',NULL,'Site Visit From Britain\'s Energy Coast 8','site-visit-from-britains-energy-coast-8','','2014-03-12 14:20:45',1,''),(380,'photologue/photos/7.jpg','2014-02-26 09:27:07',0,'center',NULL,'Site Visit From Britain\'s Energy Coast 9','site-visit-from-britains-energy-coast-9','','2014-03-12 14:20:45',1,''),(381,'photologue/photos/8.jpg','2014-02-26 09:31:01',0,'center',NULL,'Site Visit From Britain\'s Energy Coast 10','site-visit-from-britains-energy-coast-10','','2014-03-12 14:20:45',1,''),(382,'photologue/photos/9.jpg','2014-02-26 09:33:38',0,'center',NULL,'Site Visit From Britain\'s Energy Coast 11','site-visit-from-britains-energy-coast-11','','2014-03-12 14:20:46',1,''),(383,'photologue/photos/1.JPG','2014-03-11 09:56:41',0,'center',NULL,'Visit to Musk 1','visit-to-musk-1','','2014-03-17 16:01:40',1,''),(384,'photologue/photos/10.JPG','2014-03-11 09:51:06',0,'center',NULL,'Visit to Musk 2','visit-to-musk-2','','2014-03-17 16:01:40',1,''),(385,'photologue/photos/2.JPG','2014-03-11 09:54:57',0,'center',NULL,'Visit to Musk 3','visit-to-musk-3','','2014-03-17 16:01:40',1,''),(386,'photologue/photos/3 Tanks in a row.JPG','2014-03-11 09:53:42',0,'center',NULL,'Visit to Musk 4','visit-to-musk-4','','2014-03-17 16:01:40',1,''),(387,'photologue/photos/3 tanks in a row 2.JPG','2014-03-11 09:53:47',0,'center',NULL,'Visit to Musk 5','visit-to-musk-5','','2014-03-17 16:01:40',1,''),(388,'photologue/photos/3.JPG','2014-03-11 09:56:58',0,'center',NULL,'Visit to Musk 6','visit-to-musk-6','','2014-03-17 16:01:41',1,''),(389,'photologue/photos/4.JPG','2014-03-11 10:12:43',0,'center',NULL,'Visit to Musk 7','visit-to-musk-7','','2014-03-17 16:01:41',1,''),(390,'photologue/photos/5.JPG','2014-03-11 10:03:10',0,'center',NULL,'Visit to Musk 8','visit-to-musk-8','','2014-03-17 16:01:41',1,''),(391,'photologue/photos/6.JPG','2014-03-11 10:05:55',0,'center',NULL,'Visit to Musk 9','visit-to-musk-9','','2014-03-17 16:01:41',1,''),(392,'photologue/photos/7.JPG','2014-03-11 09:50:14',0,'center',NULL,'Visit to Musk 10','visit-to-musk-10','','2014-03-17 16:01:42',1,''),(393,'photologue/photos/8.JPG','2014-03-11 09:50:31',0,'center',NULL,'Visit to Musk 11','visit-to-musk-11','','2014-03-17 16:01:42',1,''),(394,'photologue/photos/9.JPG','2014-03-11 09:51:31',0,'center',NULL,'Visit to Musk 12','visit-to-musk-12','','2014-03-17 16:01:42',1,''),(395,'photologue/photos/HLT outlet.JPG','2014-03-11 09:50:27',0,'center',NULL,'Visit to Musk 13','visit-to-musk-13','','2014-03-17 16:01:42',1,''),(396,'photologue/photos/HLT.JPG','2014-03-11 09:50:34',0,'center',NULL,'Visit to Musk 14','visit-to-musk-14','','2014-03-17 16:01:42',1,''),(397,'photologue/photos/Tansk.JPG','2014-03-11 09:54:09',0,'center',NULL,'Visit to Musk 15','visit-to-musk-15','','2014-03-17 16:01:43',1,''),(398,'photologue/photos/inside Mash Tun 2.JPG','2014-03-11 10:07:13',0,'center',NULL,'Visit to Musk 16','visit-to-musk-16','','2014-03-17 16:01:43',1,''),(399,'photologue/photos/inside Mash Tun.JPG','2014-03-11 10:07:12',0,'center',NULL,'Visit to Musk 17','visit-to-musk-17','','2014-03-17 16:01:43',1,''),(400,'photologue/photos/wash charger and HLT.JPG','2014-03-11 09:50:06',0,'center',NULL,'Visit to Musk 18','visit-to-musk-18','','2014-03-17 16:01:43',1,''),(401,'photologue/photos/wash charger.JPG','2014-03-11 09:50:13',0,'center',NULL,'Wash Charger','wash-charger','','2014-03-17 16:01:43',1,''),(402,'photologue/photos/Website/IMG_0138.jpg','2013-11-30 11:53:37',0,'center',NULL,'Behind the scenes  1','behind-the-scenes-1','','2014-03-19 16:55:16',1,''),(403,'photologue/photos/Website/IMG_0145.jpg','2014-03-19 16:55:16',0,'center',NULL,'Behind the scenes  2','behind-the-scenes-2','','2014-03-19 16:55:16',1,''),(404,'photologue/photos/Website/IMG_0147.jpg','2013-11-30 13:52:41',0,'center',NULL,'Behind the scenes  3','behind-the-scenes-3','','2014-03-19 16:55:17',1,''),(405,'photologue/photos/Website/IMG_0150.jpg','2013-11-30 13:53:15',0,'center',NULL,'Behind the scenes  4','behind-the-scenes-4','','2014-03-19 16:55:17',1,''),(406,'photologue/photos/Website/IMG_0154.jpg','2013-11-30 13:57:44',0,'center',NULL,'Behind the scenes  5','behind-the-scenes-5','','2014-03-19 16:55:17',1,''),(407,'photologue/photos/Website/IMG_0155.jpg','2013-11-30 13:57:46',0,'center',NULL,'Behind the scenes  6','behind-the-scenes-6','','2014-03-19 16:55:17',1,''),(408,'photologue/photos/Website/IMG_0159.jpg','2013-11-30 13:57:59',0,'center',NULL,'Behind the scenes  7','behind-the-scenes-7','','2014-03-19 16:55:17',1,''),(409,'photologue/photos/Website/IMG_0163.jpg','2013-11-30 13:58:01',0,'center',NULL,'Behind the scenes  8','behind-the-scenes-8','','2014-03-19 16:55:17',1,''),(410,'photologue/photos/Website/IMG_0166.jpg','2013-11-30 13:59:24',0,'center',NULL,'Behind the scenes  9','behind-the-scenes-9','','2014-03-19 16:55:17',1,''),(411,'photologue/photos/Website/IMG_0167.jpg','2013-11-30 13:59:29',0,'center',NULL,'Behind the scenes  10','behind-the-scenes-10','','2014-03-19 16:55:18',1,''),(412,'photologue/photos/Website/IMG_0170.jpg','2013-11-30 14:26:21',0,'center',NULL,'Behind the scenes  11','behind-the-scenes-11','','2014-03-19 16:55:18',1,''),(413,'photologue/photos/Website/IMG_0171.jpg','2013-11-30 14:26:28',0,'center',NULL,'Behind the scenes  12','behind-the-scenes-12','','2014-03-19 16:55:18',1,''),(414,'photologue/photos/Website/IMG_0173.jpg','2013-11-30 14:26:46',0,'center',NULL,'Behind the scenes  13','behind-the-scenes-13','','2014-03-19 16:55:18',1,''),(415,'photologue/photos/Website/IMG_0177.jpg','2013-11-30 14:56:40',0,'center',NULL,'Behind the scenes  14','behind-the-scenes-14','','2014-03-19 16:55:18',1,''),(416,'photologue/photos/Website/IMG_0182.jpg','2013-11-30 14:56:49',0,'center',NULL,'Behind the scenes  15','behind-the-scenes-15','','2014-03-19 16:55:18',1,''),(417,'photologue/photos/Website/IMG_0183.jpg','2013-11-30 14:56:51',0,'center',NULL,'Behind the scenes  16','behind-the-scenes-16','','2014-03-19 16:55:18',1,''),(418,'photologue/photos/20140408_144846545_iOS.jpg','2014-04-08 15:48:46',0,'center',NULL,'Building Work on The Roof 11','building-work-on-the-roof-11','','2014-04-09 13:43:44',1,''),(419,'photologue/photos/20140408_144857737_iOS.jpg','2014-04-08 15:48:57',0,'center',NULL,'Building Work on The Roof 12','building-work-on-the-roof-12','','2014-04-09 13:43:45',1,''),(420,'photologue/photos/20140408_145315816_iOS.jpg','2014-04-08 15:53:15',0,'center',NULL,'Building Work on The Roof 13','building-work-on-the-roof-13','','2014-04-09 13:43:45',1,''),(421,'photologue/photos/20140408_145320363_iOS.jpg','2014-04-08 15:53:20',0,'center',NULL,'Building Work on The Roof 14','building-work-on-the-roof-14','','2014-04-09 13:43:45',1,''),(422,'photologue/photos/20140408_145527119_iOS.jpg','2014-04-08 15:55:27',0,'center',NULL,'Building Work on The Roof 15','building-work-on-the-roof-15','','2014-04-09 13:43:45',1,''),(423,'photologue/photos/20140408_145530754_iOS.jpg','2014-04-08 15:55:30',0,'center',NULL,'Building Work on The Roof 16','building-work-on-the-roof-16','','2014-04-09 13:43:45',1,''),(424,'photologue/photos/20140408_145604693_iOS.jpg','2014-04-08 15:56:04',0,'center',NULL,'Building Work on The Roof 17','building-work-on-the-roof-17','','2014-04-09 13:43:45',1,''),(425,'photologue/photos/20140408_145847834_iOS.jpg','2014-04-08 15:58:47',0,'center',NULL,'Building Work on The Roof 18','building-work-on-the-roof-18','','2014-04-09 13:43:46',1,''),(426,'photologue/photos/20140408_145906466_iOS.jpg','2014-04-08 15:59:06',0,'center',NULL,'Building Work on The Roof 19','building-work-on-the-roof-19','','2014-04-09 13:43:46',1,''),(427,'photologue/photos/20140408_150344041_iOS.jpg','2014-04-08 16:03:44',0,'center',NULL,'Building Work on The Roof 20','building-work-on-the-roof-20','','2014-04-09 13:43:46',1,''),(428,'photologue/photos/20140408_152005596_iOS.jpg','2014-04-08 16:20:05',0,'center',NULL,'Building Work on The Roof 21','building-work-on-the-roof-21','','2014-04-09 13:43:46',1,''),(429,'photologue/photos/Beautiful Spring Daffodils.jpg','2014-04-08 16:26:33',0,'center',NULL,'Building Work on The Roof 22','building-work-on-the-roof-22','','2014-04-09 13:43:46',1,''),(430,'photologue/photos/Chris Anderson.jpg','2014-04-08 15:59:02',0,'center',NULL,'Building Work on The Roof 23','building-work-on-the-roof-23','','2014-04-09 13:43:46',1,''),(431,'photologue/photos/Spring is here, and things are looking green!.jpg','2014-04-08 16:27:19',0,'center',NULL,'Lovely green spring time view','lovely-green-spring-time-view','','2014-04-09 13:43:47',1,'');
/*!40000 ALTER TABLE `photologue_photo` ENABLE KEYS */;
UNLOCK TABLES;

--
-- Table structure for table `photologue_photoeffect`
--

DROP TABLE IF EXISTS `photologue_photoeffect`;
/*!40101 SET @saved_cs_client     = @@character_set_client */;
/*!40101 SET character_set_client = utf8 */;
CREATE TABLE `photologue_photoeffect` (
  `id` int(11) NOT NULL AUTO_INCREMENT,
  `name` varchar(30) NOT NULL,
  `description` longtext NOT NULL,
  `transpose_method` varchar(15) NOT NULL,
  `color` double NOT NULL,
  `brightness` double NOT NULL,
  `contrast` double NOT NULL,
  `sharpness` double NOT NULL,
  `filters` varchar(200) NOT NULL,
  `reflection_size` double NOT NULL,
  `reflection_strength` double NOT NULL,
  `background_color` varchar(7) NOT NULL,
  PRIMARY KEY (`id`),
  UNIQUE KEY `name` (`name`)
) ENGINE=InnoDB DEFAULT CHARSET=utf8;
/*!40101 SET character_set_client = @saved_cs_client */;

--
-- Dumping data for table `photologue_photoeffect`
--

LOCK TABLES `photologue_photoeffect` WRITE;
/*!40000 ALTER TABLE `photologue_photoeffect` DISABLE KEYS */;
/*!40000 ALTER TABLE `photologue_photoeffect` ENABLE KEYS */;
UNLOCK TABLES;

--
-- Table structure for table `photologue_photosize`
--

DROP TABLE IF EXISTS `photologue_photosize`;
/*!40101 SET @saved_cs_client     = @@character_set_client */;
/*!40101 SET character_set_client = utf8 */;
CREATE TABLE `photologue_photosize` (
  `id` int(11) NOT NULL AUTO_INCREMENT,
  `name` varchar(40) NOT NULL,
  `width` int(10) unsigned NOT NULL,
  `height` int(10) unsigned NOT NULL,
  `quality` int(10) unsigned NOT NULL,
  `upscale` tinyint(1) NOT NULL,
  `crop` tinyint(1) NOT NULL,
  `pre_cache` tinyint(1) NOT NULL,
  `increment_count` tinyint(1) NOT NULL,
  `effect_id` int(11) DEFAULT NULL,
  `watermark_id` int(11) DEFAULT NULL,
  PRIMARY KEY (`id`),
  UNIQUE KEY `name` (`name`),
  KEY `photologue_photosize_14e7a2c1` (`effect_id`),
  KEY `photologue_photosize_7fc953ef` (`watermark_id`),
  CONSTRAINT `effect_id_refs_id_73980e0b` FOREIGN KEY (`effect_id`) REFERENCES `photologue_photoeffect` (`id`),
  CONSTRAINT `watermark_id_refs_id_77887c20` FOREIGN KEY (`watermark_id`) REFERENCES `photologue_watermark` (`id`)
) ENGINE=InnoDB AUTO_INCREMENT=3 DEFAULT CHARSET=utf8;
/*!40101 SET character_set_client = @saved_cs_client */;

--
-- Dumping data for table `photologue_photosize`
--

LOCK TABLES `photologue_photosize` WRITE;
/*!40000 ALTER TABLE `photologue_photosize` DISABLE KEYS */;
INSERT INTO `photologue_photosize` VALUES (1,'thumbnail',160,160,70,0,1,0,0,NULL,NULL),(2,'display',700,0,70,0,0,0,0,NULL,NULL);
/*!40000 ALTER TABLE `photologue_photosize` ENABLE KEYS */;
UNLOCK TABLES;

--
-- Table structure for table `photologue_watermark`
--

DROP TABLE IF EXISTS `photologue_watermark`;
/*!40101 SET @saved_cs_client     = @@character_set_client */;
/*!40101 SET character_set_client = utf8 */;
CREATE TABLE `photologue_watermark` (
  `id` int(11) NOT NULL AUTO_INCREMENT,
  `name` varchar(30) NOT NULL,
  `description` longtext NOT NULL,
  `image` varchar(100) NOT NULL,
  `style` varchar(5) NOT NULL,
  `opacity` double NOT NULL,
  PRIMARY KEY (`id`),
  UNIQUE KEY `name` (`name`)
) ENGINE=InnoDB DEFAULT CHARSET=utf8;
/*!40101 SET character_set_client = @saved_cs_client */;

--
-- Dumping data for table `photologue_watermark`
--

LOCK TABLES `photologue_watermark` WRITE;
/*!40000 ALTER TABLE `photologue_watermark` DISABLE KEYS */;
/*!40000 ALTER TABLE `photologue_watermark` ENABLE KEYS */;
UNLOCK TABLES;

--
-- Table structure for table `product_attributeoption`
--

DROP TABLE IF EXISTS `product_attributeoption`;
/*!40101 SET @saved_cs_client     = @@character_set_client */;
/*!40101 SET character_set_client = utf8 */;
CREATE TABLE `product_attributeoption` (
  `name` varchar(100) NOT NULL,
  `error_message` varchar(100) NOT NULL,
  `sort_order` int(11) NOT NULL DEFAULT '1',
  `validation` varchar(100) NOT NULL,
  `id` int(11) NOT NULL AUTO_INCREMENT,
  `description` varchar(100) NOT NULL,
  PRIMARY KEY (`id`),
  KEY `product_attributeoption_52094d6e` (`name`)
) ENGINE=InnoDB DEFAULT CHARSET=utf8;
/*!40101 SET character_set_client = @saved_cs_client */;

--
-- Dumping data for table `product_attributeoption`
--

LOCK TABLES `product_attributeoption` WRITE;
/*!40000 ALTER TABLE `product_attributeoption` DISABLE KEYS */;
/*!40000 ALTER TABLE `product_attributeoption` ENABLE KEYS */;
UNLOCK TABLES;

--
-- Table structure for table `product_category`
--

DROP TABLE IF EXISTS `product_category`;
/*!40101 SET @saved_cs_client     = @@character_set_client */;
/*!40101 SET character_set_client = utf8 */;
CREATE TABLE `product_category` (
  `id` int(11) NOT NULL AUTO_INCREMENT,
  `site_id` int(11) NOT NULL,
  `name` varchar(200) NOT NULL,
  `slug` varchar(50) NOT NULL,
  `parent_id` int(11) DEFAULT NULL,
  `meta` longtext,
  `description` longtext NOT NULL,
  `ordering` int(11) NOT NULL,
  `is_active` tinyint(1) NOT NULL,
  PRIMARY KEY (`id`),
  UNIQUE KEY `site_id` (`site_id`,`slug`),
  KEY `product_category_6223029` (`site_id`),
  KEY `product_category_56ae2a2a` (`slug`),
  KEY `product_category_63f17a16` (`parent_id`),
  CONSTRAINT `parent_id_refs_id_29f532f3` FOREIGN KEY (`parent_id`) REFERENCES `product_category` (`id`),
  CONSTRAINT `site_id_refs_id_18e7ede9` FOREIGN KEY (`site_id`) REFERENCES `django_site` (`id`)
) ENGINE=InnoDB AUTO_INCREMENT=6 DEFAULT CHARSET=utf8;
/*!40101 SET character_set_client = @saved_cs_client */;

--
-- Dumping data for table `product_category`
--

LOCK TABLES `product_category` WRITE;
/*!40000 ALTER TABLE `product_category` DISABLE KEYS */;
INSERT INTO `product_category` VALUES (1,1,'Memberships','memberships',NULL,'','',1,1),(2,1,'Whisky','whisky',NULL,'','',2,1),(3,1,'Gin - Coming Soon','gin-coming-soon',NULL,'','',3,1),(4,1,'Clothing ','clothing',NULL,'','',5,1),(5,1,'Vodka - Coming Soon','vodka-coming-soon',NULL,'','',4,1);
/*!40000 ALTER TABLE `product_category` ENABLE KEYS */;
UNLOCK TABLES;

--
-- Table structure for table `product_category_related_categories`
--

DROP TABLE IF EXISTS `product_category_related_categories`;
/*!40101 SET @saved_cs_client     = @@character_set_client */;
/*!40101 SET character_set_client = utf8 */;
CREATE TABLE `product_category_related_categories` (
  `id` int(11) NOT NULL AUTO_INCREMENT,
  `from_category_id` int(11) NOT NULL,
  `to_category_id` int(11) NOT NULL,
  PRIMARY KEY (`id`),
  UNIQUE KEY `product_category_related_categori_from_category_id_fdb7bdf_uniq` (`from_category_id`,`to_category_id`),
  KEY `product_category_related_categories_5809f13e` (`from_category_id`),
  KEY `product_category_related_categories_79bdfe15` (`to_category_id`),
  CONSTRAINT `to_category_id_refs_id_5b6546b1` FOREIGN KEY (`to_category_id`) REFERENCES `product_category` (`id`),
  CONSTRAINT `from_category_id_refs_id_5b6546b1` FOREIGN KEY (`from_category_id`) REFERENCES `product_category` (`id`)
) ENGINE=InnoDB DEFAULT CHARSET=utf8;
/*!40101 SET character_set_client = @saved_cs_client */;

--
-- Dumping data for table `product_category_related_categories`
--

LOCK TABLES `product_category_related_categories` WRITE;
/*!40000 ALTER TABLE `product_category_related_categories` DISABLE KEYS */;
/*!40000 ALTER TABLE `product_category_related_categories` ENABLE KEYS */;
UNLOCK TABLES;

--
-- Table structure for table `product_categoryattribute`
--

DROP TABLE IF EXISTS `product_categoryattribute`;
/*!40101 SET @saved_cs_client     = @@character_set_client */;
/*!40101 SET character_set_client = utf8 */;
CREATE TABLE `product_categoryattribute` (
  `category_id` int(11) NOT NULL,
  `languagecode` varchar(10) DEFAULT NULL,
  `id` int(11) NOT NULL AUTO_INCREMENT,
  `value` varchar(255) NOT NULL,
  `option_id` int(11) NOT NULL,
  PRIMARY KEY (`id`),
  KEY `product_categoryattribute_42dc49bc` (`category_id`),
  KEY `product_categoryattribute_2f3b0dc9` (`option_id`),
  CONSTRAINT `option_id_refs_id_5e48efce` FOREIGN KEY (`option_id`) REFERENCES `product_attributeoption` (`id`),
  CONSTRAINT `category_id_refs_id_131e0af2` FOREIGN KEY (`category_id`) REFERENCES `product_category` (`id`)
) ENGINE=InnoDB DEFAULT CHARSET=utf8;
/*!40101 SET character_set_client = @saved_cs_client */;

--
-- Dumping data for table `product_categoryattribute`
--

LOCK TABLES `product_categoryattribute` WRITE;
/*!40000 ALTER TABLE `product_categoryattribute` DISABLE KEYS */;
/*!40000 ALTER TABLE `product_categoryattribute` ENABLE KEYS */;
UNLOCK TABLES;

--
-- Table structure for table `product_categoryimage`
--

DROP TABLE IF EXISTS `product_categoryimage`;
/*!40101 SET @saved_cs_client     = @@character_set_client */;
/*!40101 SET character_set_client = utf8 */;
CREATE TABLE `product_categoryimage` (
  `id` int(11) NOT NULL AUTO_INCREMENT,
  `category_id` int(11) DEFAULT NULL,
  `picture` varchar(200) NOT NULL,
  `caption` varchar(100) DEFAULT NULL,
  `sort` int(11) NOT NULL,
  PRIMARY KEY (`id`),
  UNIQUE KEY `category_id` (`category_id`,`sort`),
  KEY `product_categoryimage_42dc49bc` (`category_id`),
  CONSTRAINT `category_id_refs_id_ae16de9` FOREIGN KEY (`category_id`) REFERENCES `product_category` (`id`)
) ENGINE=InnoDB AUTO_INCREMENT=2 DEFAULT CHARSET=utf8;
/*!40101 SET character_set_client = @saved_cs_client */;

--
-- Dumping data for table `product_categoryimage`
--

LOCK TABLES `product_categoryimage` WRITE;
/*!40000 ALTER TABLE `product_categoryimage` DISABLE KEYS */;
INSERT INTO `product_categoryimage` VALUES (1,NULL,'images/categoryimage-picture-default.jpg','',0);
/*!40000 ALTER TABLE `product_categoryimage` ENABLE KEYS */;
UNLOCK TABLES;

--
-- Table structure for table `product_categoryimagetranslation`
--

DROP TABLE IF EXISTS `product_categoryimagetranslation`;
/*!40101 SET @saved_cs_client     = @@character_set_client */;
/*!40101 SET character_set_client = utf8 */;
CREATE TABLE `product_categoryimagetranslation` (
  `languagecode` varchar(10) NOT NULL,
  `categoryimage_id` int(11) NOT NULL,
  `caption` varchar(255) NOT NULL,
  `version` int(11) NOT NULL DEFAULT '1',
  `active` tinyint(1) NOT NULL DEFAULT '1',
  `id` int(11) NOT NULL AUTO_INCREMENT,
  PRIMARY KEY (`id`),
  UNIQUE KEY `product_categoryimagetranslation_categoryimage_id_7c316086_uniq` (`categoryimage_id`,`languagecode`,`version`),
  KEY `product_categoryimagetranslation_2ac39f6a` (`categoryimage_id`),
  CONSTRAINT `categoryimage_id_refs_id_46d1fa09` FOREIGN KEY (`categoryimage_id`) REFERENCES `product_categoryimage` (`id`)
) ENGINE=InnoDB DEFAULT CHARSET=utf8;
/*!40101 SET character_set_client = @saved_cs_client */;

--
-- Dumping data for table `product_categoryimagetranslation`
--

LOCK TABLES `product_categoryimagetranslation` WRITE;
/*!40000 ALTER TABLE `product_categoryimagetranslation` DISABLE KEYS */;
/*!40000 ALTER TABLE `product_categoryimagetranslation` ENABLE KEYS */;
UNLOCK TABLES;

--
-- Table structure for table `product_categorytranslation`
--

DROP TABLE IF EXISTS `product_categorytranslation`;
/*!40101 SET @saved_cs_client     = @@character_set_client */;
/*!40101 SET character_set_client = utf8 */;
CREATE TABLE `product_categorytranslation` (
  `category_id` int(11) NOT NULL,
  `languagecode` varchar(10) NOT NULL,
  `description` longtext NOT NULL,
  `version` int(11) NOT NULL DEFAULT '1',
  `active` tinyint(1) NOT NULL DEFAULT '1',
  `id` int(11) NOT NULL AUTO_INCREMENT,
  `name` varchar(255) NOT NULL,
  PRIMARY KEY (`id`),
  UNIQUE KEY `product_categorytranslation_category_id_77a83ffa_uniq` (`category_id`,`languagecode`,`version`),
  KEY `product_categorytranslation_42dc49bc` (`category_id`),
  CONSTRAINT `category_id_refs_id_4cec8399` FOREIGN KEY (`category_id`) REFERENCES `product_category` (`id`)
) ENGINE=InnoDB DEFAULT CHARSET=utf8;
/*!40101 SET character_set_client = @saved_cs_client */;

--
-- Dumping data for table `product_categorytranslation`
--

LOCK TABLES `product_categorytranslation` WRITE;
/*!40000 ALTER TABLE `product_categorytranslation` DISABLE KEYS */;
/*!40000 ALTER TABLE `product_categorytranslation` ENABLE KEYS */;
UNLOCK TABLES;

--
-- Table structure for table `product_discount`
--

DROP TABLE IF EXISTS `product_discount`;
/*!40101 SET @saved_cs_client     = @@character_set_client */;
/*!40101 SET character_set_client = utf8 */;
CREATE TABLE `product_discount` (
  `id` int(11) NOT NULL AUTO_INCREMENT,
  `site_id` int(11) NOT NULL,
  `description` varchar(100) NOT NULL,
  `code` varchar(20) NOT NULL,
  `active` tinyint(1) NOT NULL,
  `amount` decimal(8,2) DEFAULT NULL,
  `percentage` decimal(5,2) DEFAULT NULL,
  `automatic` tinyint(1) DEFAULT NULL,
  `allowedUses` int(11) DEFAULT NULL,
  `numUses` int(11) DEFAULT NULL,
  `minOrder` decimal(8,2) DEFAULT NULL,
  `startDate` date NOT NULL,
  `endDate` date NOT NULL,
  `shipping` varchar(10) DEFAULT NULL,
  `allValid` tinyint(1) NOT NULL,
  PRIMARY KEY (`id`),
  UNIQUE KEY `code` (`code`),
  KEY `product_discount_6223029` (`site_id`),
  CONSTRAINT `site_id_refs_id_6ac7abc` FOREIGN KEY (`site_id`) REFERENCES `django_site` (`id`)
) ENGINE=InnoDB AUTO_INCREMENT=4 DEFAULT CHARSET=utf8;
/*!40101 SET character_set_client = @saved_cs_client */;

--
-- Dumping data for table `product_discount`
--

LOCK TABLES `product_discount` WRITE;
/*!40000 ALTER TABLE `product_discount` DISABLE KEYS */;
INSERT INTO `product_discount` VALUES (1,1,'Brian Test','brianwashere',1,NULL,99.99,0,NULL,11,NULL,'2014-02-06','2014-03-21','FREE',1),(2,1,'10% Discount for Registered Members','paulcurriewhisky',1,NULL,10.00,0,NULL,24,NULL,'2013-12-01','2099-12-01','NONE',0),(3,1,'Automatic Members 10% Off','Members 10% Discount',1,NULL,10.00,0,NULL,17,NULL,'2014-02-22','2094-02-22','NONE',0);
/*!40000 ALTER TABLE `product_discount` ENABLE KEYS */;
UNLOCK TABLES;

--
-- Table structure for table `product_discount_valid_categories`
--

DROP TABLE IF EXISTS `product_discount_valid_categories`;
/*!40101 SET @saved_cs_client     = @@character_set_client */;
/*!40101 SET character_set_client = utf8 */;
CREATE TABLE `product_discount_valid_categories` (
  `id` int(11) NOT NULL AUTO_INCREMENT,
  `discount_id` int(11) NOT NULL,
  `category_id` int(11) NOT NULL,
  PRIMARY KEY (`id`),
  UNIQUE KEY `discount_id` (`discount_id`,`category_id`),
  KEY `product_discount_valid_categories_5c536bf3` (`discount_id`),
  KEY `product_discount_valid_categories_42dc49bc` (`category_id`),
  CONSTRAINT `category_id_refs_id_48f9049` FOREIGN KEY (`category_id`) REFERENCES `product_category` (`id`),
  CONSTRAINT `discount_id_refs_id_210cc7dc` FOREIGN KEY (`discount_id`) REFERENCES `product_discount` (`id`)
) ENGINE=InnoDB AUTO_INCREMENT=12 DEFAULT CHARSET=utf8;
/*!40101 SET character_set_client = @saved_cs_client */;

--
-- Dumping data for table `product_discount_valid_categories`
--

LOCK TABLES `product_discount_valid_categories` WRITE;
/*!40000 ALTER TABLE `product_discount_valid_categories` DISABLE KEYS */;
INSERT INTO `product_discount_valid_categories` VALUES (11,2,2),(8,3,2),(9,3,3),(10,3,5);
/*!40000 ALTER TABLE `product_discount_valid_categories` ENABLE KEYS */;
UNLOCK TABLES;

--
-- Table structure for table `product_discount_valid_products`
--

DROP TABLE IF EXISTS `product_discount_valid_products`;
/*!40101 SET @saved_cs_client     = @@character_set_client */;
/*!40101 SET character_set_client = utf8 */;
CREATE TABLE `product_discount_valid_products` (
  `id` int(11) NOT NULL AUTO_INCREMENT,
  `discount_id` int(11) NOT NULL,
  `product_id` int(11) NOT NULL,
  PRIMARY KEY (`id`),
  UNIQUE KEY `product_discount_valid_products_discount_id_72c88811_uniq` (`discount_id`,`product_id`),
  KEY `product_discount_valid_products_5c536bf3` (`discount_id`),
  KEY `product_discount_valid_products_44bdf3ee` (`product_id`),
  CONSTRAINT `product_id_refs_id_62a37cf5` FOREIGN KEY (`product_id`) REFERENCES `product_product` (`id`),
  CONSTRAINT `discount_id_refs_id_1cf86182` FOREIGN KEY (`discount_id`) REFERENCES `product_discount` (`id`)
) ENGINE=InnoDB DEFAULT CHARSET=utf8;
/*!40101 SET character_set_client = @saved_cs_client */;

--
-- Dumping data for table `product_discount_valid_products`
--

LOCK TABLES `product_discount_valid_products` WRITE;
/*!40000 ALTER TABLE `product_discount_valid_products` DISABLE KEYS */;
/*!40000 ALTER TABLE `product_discount_valid_products` ENABLE KEYS */;
UNLOCK TABLES;

--
-- Table structure for table `product_downloadableproduct`
--

DROP TABLE IF EXISTS `product_downloadableproduct`;
/*!40101 SET @saved_cs_client     = @@character_set_client */;
/*!40101 SET character_set_client = utf8 */;
CREATE TABLE `product_downloadableproduct` (
  `active` tinyint(1) NOT NULL DEFAULT '1',
  `product_id` int(11) NOT NULL,
  `num_allowed_downloads` int(11) NOT NULL,
  `file` varchar(100) NOT NULL,
  `expire_minutes` int(11) NOT NULL,
  PRIMARY KEY (`product_id`),
  CONSTRAINT `product_id_refs_id_1debbfcb` FOREIGN KEY (`product_id`) REFERENCES `product_product` (`id`)
) ENGINE=InnoDB DEFAULT CHARSET=utf8;
/*!40101 SET character_set_client = @saved_cs_client */;

--
-- Dumping data for table `product_downloadableproduct`
--

LOCK TABLES `product_downloadableproduct` WRITE;
/*!40000 ALTER TABLE `product_downloadableproduct` DISABLE KEYS */;
/*!40000 ALTER TABLE `product_downloadableproduct` ENABLE KEYS */;
UNLOCK TABLES;

--
-- Table structure for table `product_option`
--

DROP TABLE IF EXISTS `product_option`;
/*!40101 SET @saved_cs_client     = @@character_set_client */;
/*!40101 SET character_set_client = utf8 */;
CREATE TABLE `product_option` (
  `id` int(11) NOT NULL AUTO_INCREMENT,
  `option_group_id` int(11) NOT NULL,
  `name` varchar(50) NOT NULL,
  `value` varchar(50) NOT NULL,
  `price_change` decimal(14,6) DEFAULT NULL,
  `sort_order` int(11) NOT NULL,
  PRIMARY KEY (`id`),
  UNIQUE KEY `option_group_id` (`option_group_id`,`value`),
  KEY `product_option_2619a0bd` (`option_group_id`),
  CONSTRAINT `option_group_id_refs_id_174b0899` FOREIGN KEY (`option_group_id`) REFERENCES `product_optiongroup` (`id`)
) ENGINE=InnoDB AUTO_INCREMENT=12 DEFAULT CHARSET=utf8;
/*!40101 SET character_set_client = @saved_cs_client */;

--
-- Dumping data for table `product_option`
--

LOCK TABLES `product_option` WRITE;
/*!40000 ALTER TABLE `product_option` DISABLE KEYS */;
INSERT INTO `product_option` VALUES (1,1,'Small','S',NULL,1),(2,1,'Medium','M',NULL,2),(3,1,'Large','L',1.000000,3),(4,2,'Black','B',NULL,1),(5,2,'White','W',NULL,2),(6,2,'Blue','BL',2.000000,3),(7,3,'Hard cover','hard',NULL,1),(8,3,'Soft cover','soft',1.000000,2),(9,3,'On tape','tape',NULL,3),(10,4,'Full Version','full',NULL,1),(11,4,'Upgrade Version','upgrade',NULL,2);
/*!40000 ALTER TABLE `product_option` ENABLE KEYS */;
UNLOCK TABLES;

--
-- Table structure for table `product_optiongroup`
--

DROP TABLE IF EXISTS `product_optiongroup`;
/*!40101 SET @saved_cs_client     = @@character_set_client */;
/*!40101 SET character_set_client = utf8 */;
CREATE TABLE `product_optiongroup` (
  `id` int(11) NOT NULL AUTO_INCREMENT,
  `site_id` int(11) NOT NULL,
  `name` varchar(50) NOT NULL,
  `description` varchar(100) NOT NULL,
  `sort_order` int(11) NOT NULL,
  PRIMARY KEY (`id`),
  KEY `product_optiongroup_6223029` (`site_id`),
  CONSTRAINT `site_id_refs_id_463ffcca` FOREIGN KEY (`site_id`) REFERENCES `django_site` (`id`)
) ENGINE=InnoDB AUTO_INCREMENT=5 DEFAULT CHARSET=utf8;
/*!40101 SET character_set_client = @saved_cs_client */;

--
-- Dumping data for table `product_optiongroup`
--

LOCK TABLES `product_optiongroup` WRITE;
/*!40000 ALTER TABLE `product_optiongroup` DISABLE KEYS */;
INSERT INTO `product_optiongroup` VALUES (1,1,'sizes','',1),(2,1,'colors','',2),(3,1,'Book type','',1),(4,1,'Full/Upgrade','',5);
/*!40000 ALTER TABLE `product_optiongroup` ENABLE KEYS */;
UNLOCK TABLES;

--
-- Table structure for table `product_optiongrouptranslation`
--

DROP TABLE IF EXISTS `product_optiongrouptranslation`;
/*!40101 SET @saved_cs_client     = @@character_set_client */;
/*!40101 SET character_set_client = utf8 */;
CREATE TABLE `product_optiongrouptranslation` (
  `languagecode` varchar(10) NOT NULL,
  `description` longtext NOT NULL,
  `version` int(11) NOT NULL DEFAULT '1',
  `active` tinyint(1) NOT NULL DEFAULT '1',
  `optiongroup_id` int(11) NOT NULL,
  `id` int(11) NOT NULL AUTO_INCREMENT,
  `name` varchar(255) NOT NULL,
  PRIMARY KEY (`id`),
  UNIQUE KEY `product_optiongrouptranslation_optiongroup_id_72f58a0a_uniq` (`optiongroup_id`,`languagecode`,`version`),
  KEY `product_optiongrouptranslation_2d4ce28b` (`optiongroup_id`),
  CONSTRAINT `optiongroup_id_refs_id_37810a67` FOREIGN KEY (`optiongroup_id`) REFERENCES `product_optiongroup` (`id`)
) ENGINE=InnoDB DEFAULT CHARSET=utf8;
/*!40101 SET character_set_client = @saved_cs_client */;

--
-- Dumping data for table `product_optiongrouptranslation`
--

LOCK TABLES `product_optiongrouptranslation` WRITE;
/*!40000 ALTER TABLE `product_optiongrouptranslation` DISABLE KEYS */;
/*!40000 ALTER TABLE `product_optiongrouptranslation` ENABLE KEYS */;
UNLOCK TABLES;

--
-- Table structure for table `product_optiontranslation`
--

DROP TABLE IF EXISTS `product_optiontranslation`;
/*!40101 SET @saved_cs_client     = @@character_set_client */;
/*!40101 SET character_set_client = utf8 */;
CREATE TABLE `product_optiontranslation` (
  `languagecode` varchar(10) NOT NULL,
  `name` varchar(255) NOT NULL,
  `version` int(11) NOT NULL DEFAULT '1',
  `active` tinyint(1) NOT NULL DEFAULT '1',
  `id` int(11) NOT NULL AUTO_INCREMENT,
  `option_id` int(11) NOT NULL,
  PRIMARY KEY (`id`),
  UNIQUE KEY `product_optiontranslation_option_id_5b5c3166_uniq` (`option_id`,`languagecode`,`version`),
  KEY `product_optiontranslation_2f3b0dc9` (`option_id`),
  CONSTRAINT `option_id_refs_id_7b62c327` FOREIGN KEY (`option_id`) REFERENCES `product_option` (`id`)
) ENGINE=InnoDB DEFAULT CHARSET=utf8;
/*!40101 SET character_set_client = @saved_cs_client */;

--
-- Dumping data for table `product_optiontranslation`
--

LOCK TABLES `product_optiontranslation` WRITE;
/*!40000 ALTER TABLE `product_optiontranslation` DISABLE KEYS */;
/*!40000 ALTER TABLE `product_optiontranslation` ENABLE KEYS */;
UNLOCK TABLES;

--
-- Table structure for table `product_price`
--

DROP TABLE IF EXISTS `product_price`;
/*!40101 SET @saved_cs_client     = @@character_set_client */;
/*!40101 SET character_set_client = utf8 */;
CREATE TABLE `product_price` (
  `id` int(11) NOT NULL AUTO_INCREMENT,
  `product_id` int(11) NOT NULL,
  `price` decimal(14,2) NOT NULL,
  `quantity` decimal(18,0) NOT NULL,
  `expires` date DEFAULT NULL,
  PRIMARY KEY (`id`),
  UNIQUE KEY `product_id` (`product_id`,`quantity`,`expires`),
  KEY `product_price_44bdf3ee` (`product_id`),
  CONSTRAINT `product_id_refs_id_30ae9a31` FOREIGN KEY (`product_id`) REFERENCES `product_product` (`id`)
) ENGINE=InnoDB AUTO_INCREMENT=21 DEFAULT CHARSET=utf8;
/*!40101 SET character_set_client = @saved_cs_client */;

--
-- Dumping data for table `product_price`
--

LOCK TABLES `product_price` WRITE;
/*!40000 ALTER TABLE `product_price` DISABLE KEYS */;
INSERT INTO `product_price` VALUES (5,20,33.95,1,NULL),(6,21,3.95,1,NULL),(7,22,12.95,1,NULL),(8,23,29.95,1,NULL),(9,24,595.00,1,NULL),(10,25,695.00,1,NULL),(11,26,49.95,1,NULL),(12,27,29.95,1,NULL),(13,28,33.95,1,NULL),(14,29,12.95,1,NULL),(15,31,39.95,1,NULL),(16,32,39.95,1,NULL),(17,33,14.95,1,NULL),(18,34,3.95,1,NULL),(19,35,29.95,1,NULL),(20,36,49.95,1,NULL);
/*!40000 ALTER TABLE `product_price` ENABLE KEYS */;
UNLOCK TABLES;

--
-- Table structure for table `product_product`
--

DROP TABLE IF EXISTS `product_product`;
/*!40101 SET @saved_cs_client     = @@character_set_client */;
/*!40101 SET character_set_client = utf8 */;
CREATE TABLE `product_product` (
  `id` int(11) NOT NULL AUTO_INCREMENT,
  `site_id` int(11) NOT NULL,
  `name` varchar(255) NOT NULL,
  `slug` varchar(255) NOT NULL,
  `sku` varchar(255) DEFAULT NULL,
  `short_description` longtext NOT NULL,
  `description` longtext NOT NULL,
  `items_in_stock` decimal(18,6) NOT NULL,
  `meta` longtext,
  `date_added` date DEFAULT NULL,
  `active` tinyint(1) NOT NULL,
  `featured` tinyint(1) NOT NULL,
  `ordering` int(11) NOT NULL,
  `weight` decimal(8,2) DEFAULT NULL,
  `weight_units` varchar(3) DEFAULT NULL,
  `length` decimal(6,2) DEFAULT NULL,
  `length_units` varchar(3) DEFAULT NULL,
  `width` decimal(6,2) DEFAULT NULL,
  `width_units` varchar(3) DEFAULT NULL,
  `height` decimal(6,2) DEFAULT NULL,
  `height_units` varchar(3) DEFAULT NULL,
  `total_sold` decimal(18,6) NOT NULL,
  `taxable` tinyint(1) NOT NULL,
  `taxClass_id` int(11) DEFAULT NULL,
  `shipclass` varchar(10) NOT NULL,
  PRIMARY KEY (`id`),
  UNIQUE KEY `site_id_2` (`site_id`,`slug`),
  UNIQUE KEY `site_id` (`site_id`,`sku`),
  KEY `product_product_6223029` (`site_id`),
  KEY `product_product_56ae2a2a` (`slug`),
  KEY `product_product_21ec4f69` (`taxClass_id`),
  CONSTRAINT `site_id_refs_id_766fecf5` FOREIGN KEY (`site_id`) REFERENCES `django_site` (`id`),
  CONSTRAINT `taxClass_id_refs_id_7d9bcd3a` FOREIGN KEY (`taxClass_id`) REFERENCES `product_taxclass` (`id`)
) ENGINE=InnoDB AUTO_INCREMENT=37 DEFAULT CHARSET=utf8;
/*!40101 SET character_set_client = @saved_cs_client */;

--
-- Dumping data for table `product_product`
--

LOCK TABLES `product_product` WRITE;
/*!40000 ALTER TABLE `product_product` DISABLE KEYS */;
INSERT INTO `product_product` VALUES (20,1,'The ONE 70cl - In Cylinder','the-one-70cl-in-cylinder','the-one-70cl-in-cylinder','','<hr />\r\n<p>\r\n	<span style=\"color: rgb(194, 181, 155); font-family: quattrocento; font-size: 20px;\">The One is a unique blend of exceptional whiskies from the British Isles</span></p>\r\n<hr />\r\n<p>\r\n	Each has its own distinctive characteristics, resulting in a whisky of intriguing complexity.</p>\r\n<p>\r\n	There are now distilleries producing whisky across the British Isles, and this has led us to create an entirely new concept in blended whiskies - a British Isles Blend.&nbsp;</p>\r\n<p>\r\n	To create \'The One\', we have searched far and wide to bring together a range of very special whiskies from the British Isles. These have been blended with great care and passion to create a perfectly balanced whisky.&nbsp;</p>\r\n<hr />\r\n<p>\r\n	<span style=\"font-size: 20px;\"><font color=\"#c2b59b\" face=\"quattrocento\">Tasting Notes</font></span></p>\r\n<hr />\r\n<p>\r\n	Slightly smoky, sweet and fruity, nutty, with hints of spice.&nbsp;</p>\r\n',993.000000,'','2013-11-29',1,1,3,NULL,'lb',NULL,'in',NULL,'in',NULL,'in',77.000000,0,NULL,'DEFAULT'),(21,1,'The ONE - 5cl Miniature','the-one-5cl-miniature','the-one-5cl-miniature','','<hr />\r\n<p>\r\n	<span style=\"color: rgb(194, 181, 155); font-family: quattrocento; font-size: 20px;\">The One is a unique blend of exceptional whiskies from the British Isles</span></p>\r\n<hr />\r\n<p>\r\n	Each has its own distinctive characteristics, resulting in a whisky of intriguing complexity.</p>\r\n<p>\r\n	There are now distilleries producing whisky across the British Isles, and this has led us to create an entirely new concept in blended whiskies - a British Isles Blend.&nbsp;</p>\r\n<p>\r\n	To create \'The One\', we have searched far and wide to bring together a range of very special whiskies from the British Isles. These have been blended with great care and passion to create a perfectly balanced whisky.&nbsp;</p>\r\n<hr />\r\n<p>\r\n	<span style=\"font-size: 20px;\"><font color=\"#c2b59b\" face=\"quattrocento\">Tasting Notes</font></span></p>\r\n<hr />\r\n<p>\r\n	Slightly smoky, sweet and fruity, nutty, with hints of spice.&nbsp;</p>\r\n',987.000000,'','2013-11-29',1,1,5,NULL,'lb',NULL,'in',NULL,'in',NULL,'in',107.000000,0,NULL,'DEFAULT'),(22,1,'The ONE - Miniature Gift Pack','the-one-miniature-gift-pack','the-one-miniature-gift-pack','','<p>\r\n	<span style=\"font-size:14px;\">The ONE miniature gift pack consists of three 5cl miniatures in our beautiful gift pack.</span></p>\r\n<hr />\r\n<p>\r\n	<span style=\"font-size:16px;\"><span style=\"color:#c2b59b;\">The ONE is a unique blend of exceptional whiskies from the British Isles.</span></span></p>\r\n<div>\r\n	<span style=\"font-size: 14px;\">Each has its own distinctive characteristics, resulting in a whisky of intriguing complexity.</span></div>\r\n<p>\r\n	<span style=\"font-size:14px;\">There are now distilleries producing whisky across the British Isles, and this has led us to create an entirely new concept in blended whiskies - a British Isles Blend.&nbsp;</span></p>\r\n<p>\r\n	<span style=\"font-size:14px;\">To create \'The ONE\', we have searched far and wide to bring together a range of very special whiskies from the British Isles. These have been blended with great care and passion to create a perfectly balanced whisky.&nbsp;</span></p>\r\n<div>\r\n	<hr align=\"left\" noshade=\"noshade\" size=\"2\" width=\"100%\" />\r\n</div>\r\n<p>\r\n	<span style=\"font-size:16px;\"><span style=\"color:#c2b59b;\">Tasting Notes</span></span></p>\r\n<div>\r\n	<hr align=\"left\" noshade=\"noshade\" size=\"2\" width=\"100%\" />\r\n</div>\r\n<p>\r\n	<span style=\"font-size:14px;\">Slightly smoky, sweet and fruity, nutty, with hints of spice.&nbsp;</span></p>\r\n',993.000000,'','2013-11-30',1,1,6,NULL,'lb',NULL,'in',NULL,'in',NULL,'in',2151.000000,0,NULL,'DEFAULT'),(23,1,'The ONE - 70cl Bottle','the-one-70cl-bottle','the-one-70cl-bottle','','<hr />\r\n<p>\r\n	<span style=\"color: rgb(194, 181, 155); font-family: quattrocento; font-size: 20px;\">The One is a unique blend of exceptional whiskies from the British Isles</span></p>\r\n<hr />\r\n<p>\r\n	Each has its own distinctive characteristics, resulting in a whisky of intriguing complexity.</p>\r\n<p>\r\n	There are now distilleries producing whisky across the British Isles, and this has led us to create an entirely new concept in blended whiskies - a British Isles Blend.&nbsp;</p>\r\n<p>\r\n	To create \'The One\', we have searched far and wide to bring together a range of very special whiskies from the British Isles. These have been blended with great care and passion to create a perfectly balanced whisky.&nbsp;</p>\r\n<hr />\r\n<p>\r\n	<span style=\"font-size:20px;\"><font color=\"#c2b59b\" face=\"quattrocento\">Tasting Notes</font></span></p>\r\n<hr />\r\n<p>\r\n	Slightly smoky, sweet and fruity, nutty, with hints of spice.&nbsp;</p>',965.000000,'','2013-11-30',1,1,2,NULL,'lb',NULL,'in',NULL,'in',NULL,'in',116.000000,0,NULL,'DEFAULT'),(24,1,'Founders\' Club UK Delivery ','founders-club-uk-delivery','founders-club-uk-delivery','','<div class=\"tab-content\" id=\"tab-description\" style=\"display: block;\">\r\n	<p>\r\n		This is how it works. We will set aside the first 100 casks produced at the Lakes Distillery and the maturing whisky will be bottled exclusively for Founders\' Club members.</p>\r\n	<p>\r\n		Each year for ten years you will receive one 70cl bottle giving you a collectible set of the distillerys first ever production, all with unique, limited edition labels. You will also receive two miniatures each year so you will have the rare opportunity to taste the spirit as it develops over time into a wonderful, single malt whisky.&nbsp; Delivery of the first bottle will be in 2015.</p>\r\n	<p>\r\n		These casks will not be available to the general public - only to members.</p>\r\n	<p>\r\n		When you join the club, you will also receive a membership pack and access to the exclusive members pages on our website.&nbsp; These will give details of Founders Club events at the distillery, and special offers on our products only available to members.</p>\r\n	<p>\r\n		We will also keep you up to date with a regular newsletter with the latest news of what is happening at the Lakes Distillery.</p>\r\n	<p>\r\n		This Founders Club offer will never be repeated. It is a rare opportunity to own a piece of historic whisky distilling.</p>\r\n	<p>\r\n		Memberships cost just 595 each, including VAT, duty and delivery to United Kingdom mainland addresses.</p>\r\n	<p>\r\n		These first casks can only ever be produced once - so this is YOUR chance to own a piece of whisky history.</p>\r\n</div>\r\n<p>\r\n	&nbsp;</p>\r\n',939.000000,'','2013-11-30',1,1,1,NULL,'lb',NULL,'in',NULL,'in',NULL,'in',61.000000,0,NULL,'NO'),(25,1,'Founders\' Club EU Delivery','founders-club-eu-delivery','founders-club-eu-delivery','','<div class=\"tab-content\" id=\"tab-description\" style=\"display: block;\">\r\n	<p>\r\n		This is how it works. We will set aside the first 100 casks produced at the Lakes Distillery and the maturing whisky will be bottled exclusively for Founders\' Club members.</p>\r\n	<p>\r\n		Each year for ten years you will receive one 70cl bottle giving you a collectible set of the distillerys first ever production, all with unique, limited edition labels. You will also receive two miniatures each year so you will have the rare opportunity to taste the spirit as it develops over time into a wonderful, single malt whisky.&nbsp; Delivery of the first bottle will be in 2015.</p>\r\n	<p>\r\n		These casks will not be available to the general public - only to members.</p>\r\n	<p>\r\n		When you join the club, you will also receive a membership pack and access to the exclusive members pages on our website.&nbsp; These will give details of Founders Club events at the distillery, and special offers on our products only available to members.</p>\r\n	<p>\r\n		We will also keep you up to date with a regular newsletter with the latest news of what is happening at the Lakes Distillery.</p>\r\n	<p>\r\n		This Founders Club offer will never be repeated. It is a rare opportunity to own a piece of historic whisky distilling.</p>\r\n	<p>\r\n		Memberships cost just 695 each, including VAT, duty and delivery to EU mainland addresses.</p>\r\n	<p>\r\n		These first casks can only ever be produced once - so this is YOUR chance to own a piece of whisky history.</p>\r\n</div>\r\n<p>\r\n	&nbsp;</p>\r\n',997.000000,'','2013-11-30',1,1,100,NULL,'lb',NULL,'in',NULL,'in',NULL,'in',3.000000,0,NULL,'DEFAULT'),(26,1,'The ONE Gift Pack - Coming Soon','the-one-gift-pack-coming-soon','the-one-gift-pack-coming-soon','','<FONT COLOR=\"#00000\">\r\n<li type = \"disc\"><p>The ONE gift pack is the perfect present for any whisky lover\r\n<br>\r\n<br>\r\n<li type = \"disc\"><p>Beautifully presented in a magnetic gift box with a 70cl bottle of The ONE and two branded glasses \r\n<br>\r\n<br>\r\n<p><b>Tasting Notes:<b> Slightly smoky, sweet and fruity, nutty, with hints of spice. <p></FONT>',0.000000,'','2014-02-13',1,1,4,NULL,'lb',NULL,'in',NULL,'in',NULL,'in',0.000000,0,NULL,'DEFAULT'),(27,1,'The Lakes Gin - 70cl Bottle - Coming Soon','the-lakes-gin-70cl-bottle-coming-soon','the-lakes-gin-70cl-bottle','','<p><FONT COLOUR = #00000>The Lakes Gin will be a truly Cumbrian gin, made with local botanicals, and distilled in our small artisan still.\r\n<br> \r\n<br> \r\nThe only gin to be distilled in Cumbria, The Lakes Gin is a truly unique product.  It has been carefully crafted using classic gin botanicals augmented with those native to Cumbria - including juniper, bilberry, heather and meadowsweet.\r\n<br>\r\n<br> \r\nMade very much on an artisan, small batch scale, it is lovingly created in our small 1,000 litre still, perfectly designed to produce an outstanding spirit.  Instead of the rapid distillation found in most other mass produced gins, ours will be produced over 24 hours - very slowly, very carefully, very delicious.\r\n<br>\r\n<br> \r\nThe Lakes Gin - the only gin to be distilled in Cumbria. <p></FONT>',0.000000,'','2014-02-13',1,1,8,NULL,'lb',NULL,'in',NULL,'in',NULL,'in',0.000000,0,NULL,'DEFAULT'),(28,1,'The Lakes Gin - 70cl Cylinder - Coming Soon','the-lakes-gin-70cl-cylinder','the-lakes-gin-70cl-cylinder','','<br>\r\n<br>\r\n<FONT COLOR = #00000>\r\n<li type=\"disc\"><p>The Lakes Gin Presented in a Beautiful Cylinder - The Perfect Gift For Any Gin Lover!\r\n<br>\r\n<br>\r\n<li type=\"disc\"><p>The Lakes Gin will be a truly Cumbrian gin, made with local botanicals, and distilled in our small artisan still.\r\n<br> \r\n<br> \r\n<li type=\"disc\"><p>The only gin to be distilled in Cumbria, The Lakes Gin is a truly unique product.  It has been carefully crafted using classic gin botanicals augmented with those native to Cumbria - including juniper, bilberry, heather and meadowsweet.\r\n<br>\r\n<br> \r\n<li type=\"disc\"><p>Made very much on an artisan, small batch scale, it is lovingly created in our small 1,000 litre still, perfectly designed to produce an outstanding spirit.  Instead of the rapid distillation found in most other mass produced gins, ours will be produced over 24 hours - very slowly, very carefully, very delicious.\r\n<br>\r\n<br> \r\n<li type=\"disc\"><p>The Lakes Gin - the only gin to be distilled in Cumbria. <p></FONT>',0.000000,'','2014-02-13',1,1,9,NULL,'lb',NULL,'in',NULL,'in',NULL,'in',0.000000,0,NULL,'DEFAULT'),(29,1,'The Lakes Gin - Miniature Gift Pack - Coming Soon','the-lakes-gin-miniature-gift-pack','the-lakes-gin-miniature-gift-pack','','<h3>3 Miniatures Displayed in a Gloss Finished Gift Pack<h3>\r\n\r\n<p><FONT COLOR=#00000> The Lakes Gin will be a truly Cumbrian gin, made with local botanicals, and distilled in our small artisan still. \r\n<br>\r\n<br>\r\nThe only gin to be distilled in Cumbria, The Lakes Gin is a truly unique product. It has been carefully crafted using classic gin botanicals augmented with those native to Cumbria - including juniper, bilberry, heather and meadowsweet. \r\n<br>\r\n<br>\r\nMade very much on an artisan, small batch scale, it is lovingly created in our small 1,000 litre still, perfectly designed to produce an outstanding spirit. Instead of the rapid distillation found in most other mass produced gins, ours will be produced over 24 hours - very slowly, very carefully, very delicious. \r\n<br>\r\n<br>\r\nThe Lakes Gin - the only gin to be distilled in Cumbria.</FONT><p>',0.000000,'','2014-02-13',1,1,11,NULL,'lb',NULL,'in',NULL,'in',NULL,'in',0.000000,0,NULL,'DEFAULT'),(31,1,'The Lakes Gin Umbrella - Coming Soon','the-lakes-gin-umbrella-coming-soon','the-lakes-gin-umbrella-coming-soon','','<h3>The Lakes Gin Stormproof Golf Umbrella<h3> \r\n\r\n<font color=\"black\"><li type=\"disc\"><p>75cm rib length \r\n<BR>\r\n<li type=\"disc\"><p>16mm diameter fibre glass shaft\r\n<br>\r\n<li type=\"disc\"><p>Fibre glass ribs\r\n<br>\r\n<li type=\"disc\"><p>Exclusive handle with soft touch finger grips\r\n<br>\r\n<li type=\"disc\"><p>Polyester canopy with additional interior canopy and tie wrap',0.000000,'','2014-02-13',1,1,12,NULL,'lb',NULL,'in',NULL,'in',NULL,'in',0.000000,0,NULL,'DEFAULT'),(32,1,'The ONE Umbrella - Coming Soon','the-one-umbrella-coming-soon','the-one-umbrella-coming-soon','','<h3>The ONE Stormproof Golf Umbrella<h3> \r\n<font color=\"black\">\r\n<li type=\"disc\"><p>75cm rib length \r\n<BR>\r\n<li type=\"disc\"><p>16mm diameter fibre glass shaft\r\n<br>\r\n<li type=\"disc\"><p>Fibre glass ribs\r\n<br>\r\n<li type=\"disc\"><p>Exclusive handle with soft touch finger grips\r\n<br>\r\n<li type=\"disc\"><p>Polyester canopy with additional interior canopy and tie wrap \r\n',0.000000,'','2014-02-14',1,1,7,NULL,'lb',NULL,'in',NULL,'in',NULL,'in',0.000000,0,NULL,'DEFAULT'),(33,1,'The Lakes Distillery Cap - Coming Soon','the-lakes-distillery-cap','the-lakes-distillery-cap','','<h3>Formula One Style, Flat Fronted Cap<h3>\r\n<font color = #00000>\r\n<li type = \"disc\"><p>Material: Brushed cotton\r\n<br>\r\n<br>\r\n<li type = \"disc\"><p> Size: One Size - Adjustable \r\n<br>\r\n<br>\r\n<li type = \"disc\"><p>Embroidered logo to front and back\r\n<br>\r\n<br>\r\n<li type = \"disc\"><p>Full colour print of brand logos to sides (The ONE to one side, The Lakes Gin to the other) ',900.000000,'','2014-02-14',1,1,20,NULL,'lb',NULL,'in',NULL,'in',NULL,'in',0.000000,0,NULL,'DEFAULT'),(34,1,'The Lakes Gin - 5cl miniature - Coming Soon','the-lakes-gin-miniature-coming-soon','the-lakes-gin-miniature-coming-soon','','The Lakes Gin will be a truly Cumbrian gin, made with local botanicals, and distilled in our small artisan still. \r\n<br>\r\n<br>\r\nThe only gin to be distilled in Cumbria, The Lakes Gin is a truly unique product. It has been carefully crafted using classic gin botanicals augmented with those native to Cumbria - including juniper, bilberry, heather and meadowsweet. \r\n<br>\r\n<br>\r\nMade very much on an artisan, small batch scale, it is lovingly created in our small 1,000 litre still, perfectly designed to produce an outstanding spirit. Instead of the rapid distillation found in most other mass produced gins, ours will be produced over 24 hours - very slowly, very carefully, very delicious. \r\n<br>\r\n<br>\r\nThe Lakes Gin - the only gin to be distilled in Cumbria.',0.000000,'','2014-02-14',1,1,11,NULL,'lb',NULL,'in',NULL,'in',NULL,'in',2.000000,0,NULL,'DEFAULT'),(35,1,'The Lakes Vodka - 70cl Bottle - Coming Soon','the-lakes-vodka-coming-soon','the-lakes-vodka-coming-soon','','<li type = \"disc\"><p><font color = #00000> The Lakes Vodka will be the first ever vodka to be produced in Cumbria lovingly distilled in our small artisan still\r\n<br>\r\n<br>\r\n<li type = \"disc\"><p> Vodka has never been produced in Cumbria before, but we are creating something very special\r\n<br>\r\n<br>\r\n<li type = \"disc\"><p> We have the ideal ingredients to make a very delicious vodka, and using traditional artisan methods with our beautiful copper pot still, we will be producing a spirit of outstanding quality. \r\n<br>\r\n<br>\r\n<li type = \"disc\"><p> Our vodka will be double distilled, making it even purer and smoother</font>\r\n\r\n\r\n\r\n',0.000000,'','2014-02-14',1,1,13,NULL,'lb',NULL,'in',NULL,'in',NULL,'in',0.000000,0,NULL,'DEFAULT'),(36,1,'The Lakes Gin Gift Pack Coming Soon','lakes-gin-gift-pack-coming-soon','lakes-gin-gift-pack-coming-soon','','<FONT COLOR=\"#00000\">\r\n<li type = \"disc\"><p>The Lakes Gin gift pack is the perfect present for any gin lover\r\n<br>\r\n<br>\r\n<li type = \"disc\"><p>Beautifully presented in a magnetic gift box with a 70cl bottle of The Lakes Gin and two branded glasses \r\n<br>\r\n<br>\r\n<p>The only gin to be distilled in Cumbria, The Lakes Gin is a truly unique product.  It will be carefully crafted using classic gin botanicals augmented with those native to Cumbria - including juniper, bilberry, heather and meadowsweet. <p></FONT>',0.000000,'','2014-02-26',1,1,10,NULL,'lb',NULL,'in',NULL,'in',NULL,'in',0.000000,0,NULL,'DEFAULT');
/*!40000 ALTER TABLE `product_product` ENABLE KEYS */;
UNLOCK TABLES;

--
-- Table structure for table `product_product_also_purchased`
--

DROP TABLE IF EXISTS `product_product_also_purchased`;
/*!40101 SET @saved_cs_client     = @@character_set_client */;
/*!40101 SET character_set_client = utf8 */;
CREATE TABLE `product_product_also_purchased` (
  `id` int(11) NOT NULL AUTO_INCREMENT,
  `from_product_id` int(11) NOT NULL,
  `to_product_id` int(11) NOT NULL,
  PRIMARY KEY (`id`),
  UNIQUE KEY `product_product_also_purchased_from_product_id_209098be_uniq` (`from_product_id`,`to_product_id`),
  KEY `product_product_also_purchased_377b069c` (`from_product_id`),
  KEY `product_product_also_purchased_5bd7a0dd` (`to_product_id`),
  CONSTRAINT `to_product_id_refs_id_5eecb98` FOREIGN KEY (`to_product_id`) REFERENCES `product_product` (`id`),
  CONSTRAINT `from_product_id_refs_id_5eecb98` FOREIGN KEY (`from_product_id`) REFERENCES `product_product` (`id`)
) ENGINE=InnoDB DEFAULT CHARSET=utf8;
/*!40101 SET character_set_client = @saved_cs_client */;

--
-- Dumping data for table `product_product_also_purchased`
--

LOCK TABLES `product_product_also_purchased` WRITE;
/*!40000 ALTER TABLE `product_product_also_purchased` DISABLE KEYS */;
/*!40000 ALTER TABLE `product_product_also_purchased` ENABLE KEYS */;
UNLOCK TABLES;

--
-- Table structure for table `product_product_category`
--

DROP TABLE IF EXISTS `product_product_category`;
/*!40101 SET @saved_cs_client     = @@character_set_client */;
/*!40101 SET character_set_client = utf8 */;
CREATE TABLE `product_product_category` (
  `id` int(11) NOT NULL AUTO_INCREMENT,
  `product_id` int(11) NOT NULL,
  `category_id` int(11) NOT NULL,
  PRIMARY KEY (`id`),
  UNIQUE KEY `product_id` (`product_id`,`category_id`),
  KEY `product_product_category_44bdf3ee` (`product_id`),
  KEY `product_product_category_42dc49bc` (`category_id`),
  CONSTRAINT `category_id_refs_id_5d7df90b` FOREIGN KEY (`category_id`) REFERENCES `product_category` (`id`),
  CONSTRAINT `product_id_refs_id_4da91b15` FOREIGN KEY (`product_id`) REFERENCES `product_product` (`id`)
) ENGINE=InnoDB AUTO_INCREMENT=190 DEFAULT CHARSET=utf8;
/*!40101 SET character_set_client = @saved_cs_client */;

--
-- Dumping data for table `product_product_category`
--

LOCK TABLES `product_product_category` WRITE;
/*!40000 ALTER TABLE `product_product_category` DISABLE KEYS */;
INSERT INTO `product_product_category` VALUES (90,20,2),(92,21,2),(93,22,2),(189,23,2),(88,24,1),(35,25,1),(161,26,2),(170,27,3),(185,28,3),(127,29,3),(146,31,3),(183,32,2),(186,33,2),(187,33,3),(188,33,4),(164,34,3),(169,35,5),(178,36,3);
/*!40000 ALTER TABLE `product_product_category` ENABLE KEYS */;
UNLOCK TABLES;

--
-- Table structure for table `product_product_related_items`
--

DROP TABLE IF EXISTS `product_product_related_items`;
/*!40101 SET @saved_cs_client     = @@character_set_client */;
/*!40101 SET character_set_client = utf8 */;
CREATE TABLE `product_product_related_items` (
  `id` int(11) NOT NULL AUTO_INCREMENT,
  `from_product_id` int(11) NOT NULL,
  `to_product_id` int(11) NOT NULL,
  PRIMARY KEY (`id`),
  UNIQUE KEY `product_product_related_items_from_product_id_389cfc96_uniq` (`from_product_id`,`to_product_id`),
  KEY `product_product_related_items_377b069c` (`from_product_id`),
  KEY `product_product_related_items_5bd7a0dd` (`to_product_id`),
  CONSTRAINT `to_product_id_refs_id_1bcb90fc` FOREIGN KEY (`to_product_id`) REFERENCES `product_product` (`id`),
  CONSTRAINT `from_product_id_refs_id_1bcb90fc` FOREIGN KEY (`from_product_id`) REFERENCES `product_product` (`id`)
) ENGINE=InnoDB AUTO_INCREMENT=129 DEFAULT CHARSET=utf8;
/*!40101 SET character_set_client = @saved_cs_client */;

--
-- Dumping data for table `product_product_related_items`
--

LOCK TABLES `product_product_related_items` WRITE;
/*!40000 ALTER TABLE `product_product_related_items` DISABLE KEYS */;
INSERT INTO `product_product_related_items` VALUES (124,20,26),(125,22,26),(127,23,26),(121,26,20),(122,26,22),(128,26,23);
/*!40000 ALTER TABLE `product_product_related_items` ENABLE KEYS */;
UNLOCK TABLES;

--
-- Table structure for table `product_productattribute`
--

DROP TABLE IF EXISTS `product_productattribute`;
/*!40101 SET @saved_cs_client     = @@character_set_client */;
/*!40101 SET character_set_client = utf8 */;
CREATE TABLE `product_productattribute` (
  `languagecode` varchar(10) DEFAULT NULL,
  `product_id` int(11) NOT NULL,
  `id` int(11) NOT NULL AUTO_INCREMENT,
  `value` varchar(255) NOT NULL,
  `option_id` int(11) NOT NULL,
  PRIMARY KEY (`id`),
  KEY `product_productattribute_44bdf3ee` (`product_id`),
  KEY `product_productattribute_2f3b0dc9` (`option_id`),
  CONSTRAINT `option_id_refs_id_189f0908` FOREIGN KEY (`option_id`) REFERENCES `product_attributeoption` (`id`),
  CONSTRAINT `product_id_refs_id_e868c3e` FOREIGN KEY (`product_id`) REFERENCES `product_product` (`id`)
) ENGINE=InnoDB DEFAULT CHARSET=utf8;
/*!40101 SET character_set_client = @saved_cs_client */;

--
-- Dumping data for table `product_productattribute`
--

LOCK TABLES `product_productattribute` WRITE;
/*!40000 ALTER TABLE `product_productattribute` DISABLE KEYS */;
/*!40000 ALTER TABLE `product_productattribute` ENABLE KEYS */;
UNLOCK TABLES;

--
-- Table structure for table `product_productimage`
--

DROP TABLE IF EXISTS `product_productimage`;
/*!40101 SET @saved_cs_client     = @@character_set_client */;
/*!40101 SET character_set_client = utf8 */;
CREATE TABLE `product_productimage` (
  `id` int(11) NOT NULL AUTO_INCREMENT,
  `product_id` int(11) DEFAULT NULL,
  `picture` varchar(200) NOT NULL,
  `caption` varchar(100) DEFAULT NULL,
  `sort` int(11) NOT NULL,
  PRIMARY KEY (`id`),
  KEY `product_productimage_44bdf3ee` (`product_id`),
  CONSTRAINT `product_id_refs_id_6228a44d` FOREIGN KEY (`product_id`) REFERENCES `product_product` (`id`)
) ENGINE=InnoDB AUTO_INCREMENT=24 DEFAULT CHARSET=utf8;
/*!40101 SET character_set_client = @saved_cs_client */;

--
-- Dumping data for table `product_productimage`
--

LOCK TABLES `product_productimage` WRITE;
/*!40000 ALTER TABLE `product_productimage` DISABLE KEYS */;
INSERT INTO `product_productimage` VALUES (1,NULL,'images/productimage-picture-default.jpg','Photo Not Available',1),(8,23,'images/productimage-picture-the-one-70cl-bottle-8.jpg','',0),(9,24,'images/productimage-picture-founders-club-uk-delivery-9.jpg','',0),(10,20,'images/productimage-picture-the-one-70cl-in-cylinder-10.jpg','',0),(11,21,'images/productimage-picture-the-one-5cl-miniature-11.gif','',0),(12,22,'images/productimage-picture-the-one-miniature-gift-pack-12.jpg','',0),(13,25,'images/productimage-picture-founders-club-eu-delivery-13.jpg','',0),(14,26,'images/productimage-picture-the-one-gift-pack-coming-soon-14.jpg','',0),(15,27,'images/productimage-picture-the-lakes-gin-70cl-bottle-coming-soon-15.jpg','',10),(16,28,'images/productimage-picture-the-lakes-gin-70cl-cylinder-16.jpg','',0),(17,29,'images/productimage-picture-the-lakes-gin-miniature-gift-pack-17.jpg','',0),(18,31,'images/productimage-picture-the-lakes-gin-umbrella-coming-soon-18.jpg','',0),(19,32,'images/productimage-picture-the-one-umbrella-coming-soon-19.jpg','',0),(20,33,'images/productimage-picture-the-lakes-distillery-cap-20.jpg','',0),(21,34,'images/productimage-picture-the-lakes-gin-miniature-coming-soon-21.jpg','',0),(22,35,'images/productimage-picture-the-lakes-vodka-coming-soon-22.jpg','',0),(23,36,'images/productimage-picture-lakes-gin-gift-pack-coming-soon-23.jpg','',0);
/*!40000 ALTER TABLE `product_productimage` ENABLE KEYS */;
UNLOCK TABLES;

--
-- Table structure for table `product_productimagetranslation`
--

DROP TABLE IF EXISTS `product_productimagetranslation`;
/*!40101 SET @saved_cs_client     = @@character_set_client */;
/*!40101 SET character_set_client = utf8 */;
CREATE TABLE `product_productimagetranslation` (
  `languagecode` varchar(10) NOT NULL,
  `productimage_id` int(11) NOT NULL,
  `caption` varchar(255) NOT NULL,
  `version` int(11) NOT NULL DEFAULT '1',
  `active` tinyint(1) NOT NULL DEFAULT '1',
  `id` int(11) NOT NULL AUTO_INCREMENT,
  PRIMARY KEY (`id`),
  UNIQUE KEY `product_productimagetranslation_productimage_id_6633fe0e_uniq` (`productimage_id`,`languagecode`,`version`),
  KEY `product_productimagetranslation_2f19b5e4` (`productimage_id`),
  CONSTRAINT `productimage_id_refs_id_723f1d81` FOREIGN KEY (`productimage_id`) REFERENCES `product_productimage` (`id`)
) ENGINE=InnoDB DEFAULT CHARSET=utf8;
/*!40101 SET character_set_client = @saved_cs_client */;

--
-- Dumping data for table `product_productimagetranslation`
--

LOCK TABLES `product_productimagetranslation` WRITE;
/*!40000 ALTER TABLE `product_productimagetranslation` DISABLE KEYS */;
/*!40000 ALTER TABLE `product_productimagetranslation` ENABLE KEYS */;
UNLOCK TABLES;

--
-- Table structure for table `product_productpricelookup`
--

DROP TABLE IF EXISTS `product_productpricelookup`;
/*!40101 SET @saved_cs_client     = @@character_set_client */;
/*!40101 SET character_set_client = utf8 */;
CREATE TABLE `product_productpricelookup` (
  `id` int(11) NOT NULL AUTO_INCREMENT,
  `siteid` int(11) NOT NULL,
  `key` varchar(60) DEFAULT NULL,
  `parentid` int(11) DEFAULT NULL,
  `productslug` varchar(255) NOT NULL,
  `price` decimal(14,6) NOT NULL,
  `quantity` decimal(18,6) NOT NULL,
  `active` tinyint(1) NOT NULL,
  `discountable` tinyint(1) NOT NULL,
  `items_in_stock` decimal(18,6) NOT NULL,
  PRIMARY KEY (`id`),
  KEY `product_productpricelookup_693949e4` (`productslug`)
) ENGINE=InnoDB AUTO_INCREMENT=496 DEFAULT CHARSET=utf8;
/*!40101 SET character_set_client = @saved_cs_client */;

--
-- Dumping data for table `product_productpricelookup`
--

LOCK TABLES `product_productpricelookup` WRITE;
/*!40000 ALTER TABLE `product_productpricelookup` DISABLE KEYS */;
INSERT INTO `product_productpricelookup` VALUES (5,1,NULL,NULL,'dj-rocks',20.000000,1.000000,1,1,0.000000),(6,1,'S::B',1,'dj-rocks_s_b',20.000000,1.000000,1,1,0.000000),(7,1,'S::W',1,'dj-rocks_s_w',20.000000,1.000000,1,1,0.000000),(8,1,'S::BL',1,'dj-rocks_s_bl',22.000000,1.000000,1,1,0.000000),(9,1,'M::B',1,'dj-rocks_m_b',20.000000,1.000000,1,1,0.000000),(10,1,'M::W',1,'dj-rocks_m_w',20.000000,1.000000,1,1,0.000000),(11,1,'M::BL',1,'dj-rocks_m_bl',22.000000,1.000000,1,1,0.000000),(12,1,'L::B',1,'dj-rocks_l_b',21.000000,1.000000,1,1,0.000000),(13,1,'L::W',1,'dj-rocks_l_w',21.000000,1.000000,1,1,0.000000),(14,1,'L::BL',1,'dj-rocks_l_bl',23.000000,1.000000,1,1,0.000000),(15,1,NULL,NULL,'PY-Rocks',19.500000,1.000000,1,1,0.000000),(16,1,NULL,NULL,'robot-attack',7.990000,1.000000,1,1,0.000000),(17,1,'hard',4,'robot-attack_hard',7.990000,1.000000,1,1,0.000000),(18,1,'soft',4,'robot-attack_soft',8.990000,1.000000,1,1,0.000000),(19,1,'tape',4,'robot-attack_tape',7.990000,1.000000,1,1,0.000000),(27,1,NULL,NULL,'neat-book',5.000000,1.000000,1,1,0.000000),(28,1,'hard',3,'neat-book_hard',5.000000,1.000000,1,1,0.000000),(29,1,'soft',3,'neat-book_soft',6.000000,1.000000,1,1,0.000000),(30,1,'tape',3,'neat-book_tape',5.000000,1.000000,1,1,0.000000),(257,1,NULL,NULL,'founders-club-eu-delivery',695.000000,1.000000,1,1,997.000000),(342,1,NULL,NULL,'the-lakes-gin-miniature-gift-pack',12.950000,1.000000,1,1,0.000000),(361,1,NULL,NULL,'the-lakes-gin-umbrella-coming-soon',39.950000,1.000000,1,1,0.000000),(399,1,NULL,NULL,'the-one-gift-pack-coming-soon',49.950000,1.000000,1,1,0.000000),(402,1,NULL,NULL,'the-lakes-gin-miniature-coming-soon',3.950000,1.000000,1,1,0.000000),(405,1,NULL,NULL,'the-lakes-vodka-coming-soon',29.950000,1.000000,1,1,0.000000),(406,1,NULL,NULL,'the-lakes-gin-70cl-bottle-coming-soon',29.950000,1.000000,1,1,0.000000),(413,1,NULL,NULL,'the-lakes-gin-gift-pack-coming-soon',49.950000,1.000000,1,1,0.000000),(414,1,NULL,NULL,'lakes-gin-gift-pack-coming-soon',49.950000,1.000000,1,1,0.000000),(419,1,NULL,NULL,'the-one-umbrella-coming-soon',39.950000,1.000000,1,1,0.000000),(421,1,NULL,NULL,'the-lakes-gin-70cl-cylinder',33.950000,1.000000,1,1,0.000000),(422,1,NULL,NULL,'the-lakes-distillery-cap',14.950000,1.000000,1,1,900.000000),(479,1,NULL,NULL,'the-one-70cl-in-cylinder',33.950000,1.000000,1,1,993.000000),(488,1,NULL,NULL,'the-one-miniature-gift-pack',12.950000,1.000000,1,1,993.000000),(491,1,NULL,NULL,'the-one-70cl-bottle',29.950000,1.000000,1,1,965.000000),(493,1,NULL,NULL,'founders-club-uk-delivery',595.000000,1.000000,1,1,939.000000),(495,1,NULL,NULL,'the-one-5cl-miniature',3.950000,1.000000,1,1,987.000000);
/*!40000 ALTER TABLE `product_productpricelookup` ENABLE KEYS */;
UNLOCK TABLES;

--
-- Table structure for table `product_producttranslation`
--

DROP TABLE IF EXISTS `product_producttranslation`;
/*!40101 SET @saved_cs_client     = @@character_set_client */;
/*!40101 SET character_set_client = utf8 */;
CREATE TABLE `product_producttranslation` (
  `languagecode` varchar(10) NOT NULL,
  `product_id` int(11) NOT NULL,
  `description` longtext NOT NULL,
  `active` tinyint(1) NOT NULL DEFAULT '1',
  `version` int(11) NOT NULL DEFAULT '1',
  `short_description` longtext NOT NULL,
  `id` int(11) NOT NULL AUTO_INCREMENT,
  `name` varchar(255) NOT NULL,
  PRIMARY KEY (`id`),
  UNIQUE KEY `product_producttranslation_product_id_c2d78f2_uniq` (`product_id`,`languagecode`,`version`),
  KEY `product_producttranslation_44bdf3ee` (`product_id`),
  CONSTRAINT `product_id_refs_id_2132956d` FOREIGN KEY (`product_id`) REFERENCES `product_product` (`id`)
) ENGINE=InnoDB DEFAULT CHARSET=utf8;
/*!40101 SET character_set_client = @saved_cs_client */;

--
-- Dumping data for table `product_producttranslation`
--

LOCK TABLES `product_producttranslation` WRITE;
/*!40000 ALTER TABLE `product_producttranslation` DISABLE KEYS */;
/*!40000 ALTER TABLE `product_producttranslation` ENABLE KEYS */;
UNLOCK TABLES;

--
-- Table structure for table `product_subscriptionproduct`
--

DROP TABLE IF EXISTS `product_subscriptionproduct`;
/*!40101 SET @saved_cs_client     = @@character_set_client */;
/*!40101 SET character_set_client = utf8 */;
CREATE TABLE `product_subscriptionproduct` (
  `product_id` int(11) NOT NULL,
  `is_shippable` int(11) NOT NULL,
  `recurring_times` int(11) DEFAULT NULL,
  `expire_unit` varchar(5) NOT NULL DEFAULT 'DAY',
  `expire_length` int(11) DEFAULT NULL,
  `recurring` tinyint(1) NOT NULL DEFAULT '0',
  PRIMARY KEY (`product_id`),
  CONSTRAINT `product_id_refs_id_21664a26` FOREIGN KEY (`product_id`) REFERENCES `product_product` (`id`)
) ENGINE=InnoDB DEFAULT CHARSET=utf8;
/*!40101 SET character_set_client = @saved_cs_client */;

--
-- Dumping data for table `product_subscriptionproduct`
--

LOCK TABLES `product_subscriptionproduct` WRITE;
/*!40000 ALTER TABLE `product_subscriptionproduct` DISABLE KEYS */;
/*!40000 ALTER TABLE `product_subscriptionproduct` ENABLE KEYS */;
UNLOCK TABLES;

--
-- Table structure for table `product_taxclass`
--

DROP TABLE IF EXISTS `product_taxclass`;
/*!40101 SET @saved_cs_client     = @@character_set_client */;
/*!40101 SET character_set_client = utf8 */;
CREATE TABLE `product_taxclass` (
  `id` int(11) NOT NULL AUTO_INCREMENT,
  `title` varchar(20) NOT NULL,
  `description` varchar(30) NOT NULL,
  PRIMARY KEY (`id`)
) ENGINE=InnoDB AUTO_INCREMENT=3 DEFAULT CHARSET=utf8;
/*!40101 SET character_set_client = @saved_cs_client */;

--
-- Dumping data for table `product_taxclass`
--

LOCK TABLES `product_taxclass` WRITE;
/*!40000 ALTER TABLE `product_taxclass` DISABLE KEYS */;
INSERT INTO `product_taxclass` VALUES (1,'Default','Default'),(2,'Shipping','Shipping');
/*!40000 ALTER TABLE `product_taxclass` ENABLE KEYS */;
UNLOCK TABLES;

--
-- Table structure for table `product_trial`
--

DROP TABLE IF EXISTS `product_trial`;
/*!40101 SET @saved_cs_client     = @@character_set_client */;
/*!40101 SET character_set_client = utf8 */;
CREATE TABLE `product_trial` (
  `expire_length` int(11) DEFAULT NULL,
  `price` decimal(10,2) DEFAULT NULL,
  `id` int(11) NOT NULL AUTO_INCREMENT,
  `subscription_id` int(11) NOT NULL,
  PRIMARY KEY (`id`),
  KEY `product_trial_104f5ac1` (`subscription_id`),
  CONSTRAINT `subscription_id_refs_product_id_75ac2e0b` FOREIGN KEY (`subscription_id`) REFERENCES `product_subscriptionproduct` (`product_id`)
) ENGINE=InnoDB DEFAULT CHARSET=utf8;
/*!40101 SET character_set_client = @saved_cs_client */;

--
-- Dumping data for table `product_trial`
--

LOCK TABLES `product_trial` WRITE;
/*!40000 ALTER TABLE `product_trial` DISABLE KEYS */;
/*!40000 ALTER TABLE `product_trial` ENABLE KEYS */;
UNLOCK TABLES;

--
-- Table structure for table `purchaseorder_purchaseorder`
--

DROP TABLE IF EXISTS `purchaseorder_purchaseorder`;
/*!40101 SET @saved_cs_client     = @@character_set_client */;
/*!40101 SET character_set_client = utf8 */;
CREATE TABLE `purchaseorder_purchaseorder` (
  `id` int(11) NOT NULL AUTO_INCREMENT,
  `po_number` varchar(20) NOT NULL,
  `order_id` int(11) NOT NULL,
  `balance` decimal(18,10) DEFAULT NULL,
  `paydate` date DEFAULT NULL,
  `notes` longtext,
  PRIMARY KEY (`id`),
  KEY `purchaseorder_purchaseorder_7cc8fcf5` (`order_id`),
  CONSTRAINT `order_id_refs_id_578a0b98` FOREIGN KEY (`order_id`) REFERENCES `shop_order` (`id`)
) ENGINE=InnoDB AUTO_INCREMENT=2 DEFAULT CHARSET=utf8;
/*!40101 SET character_set_client = @saved_cs_client */;

--
-- Dumping data for table `purchaseorder_purchaseorder`
--

LOCK TABLES `purchaseorder_purchaseorder` WRITE;
/*!40000 ALTER TABLE `purchaseorder_purchaseorder` DISABLE KEYS */;
INSERT INTO `purchaseorder_purchaseorder` VALUES (1,'1234',4,38.9000000000,NULL,NULL);
/*!40000 ALTER TABLE `purchaseorder_purchaseorder` ENABLE KEYS */;
UNLOCK TABLES;

--
-- Table structure for table `registration_registrationprofile`
--

DROP TABLE IF EXISTS `registration_registrationprofile`;
/*!40101 SET @saved_cs_client     = @@character_set_client */;
/*!40101 SET character_set_client = utf8 */;
CREATE TABLE `registration_registrationprofile` (
  `id` int(11) NOT NULL AUTO_INCREMENT,
  `user_id` int(11) NOT NULL,
  `activation_key` varchar(40) NOT NULL,
  PRIMARY KEY (`id`),
  UNIQUE KEY `user_id` (`user_id`),
  CONSTRAINT `user_id_refs_id_313280c4` FOREIGN KEY (`user_id`) REFERENCES `auth_user` (`id`)
) ENGINE=InnoDB AUTO_INCREMENT=18 DEFAULT CHARSET=utf8;
/*!40101 SET character_set_client = @saved_cs_client */;

--
-- Dumping data for table `registration_registrationprofile`
--

LOCK TABLES `registration_registrationprofile` WRITE;
/*!40000 ALTER TABLE `registration_registrationprofile` DISABLE KEYS */;
INSERT INTO `registration_registrationprofile` VALUES (3,7,'fb93b86f80fc943f457c8b1dc4a61111b639376e'),(9,13,'ALREADY_ACTIVATED'),(10,14,'4e5aeebe1b672d688287c16bd55ada9610f450f1'),(11,15,'1ef08cb74d0662eaf971712a26aca94cc1b1a95d'),(12,16,'a7112cc5f377ab010a9b348c83f2ae4084f13350'),(16,20,'ALREADY_ACTIVATED'),(17,21,'d8b391b36913bc4da4e406387721579416f42526');
/*!40000 ALTER TABLE `registration_registrationprofile` ENABLE KEYS */;
UNLOCK TABLES;

--
-- Table structure for table `shop_cart`
--

DROP TABLE IF EXISTS `shop_cart`;
/*!40101 SET @saved_cs_client     = @@character_set_client */;
/*!40101 SET character_set_client = utf8 */;
CREATE TABLE `shop_cart` (
  `id` int(11) NOT NULL AUTO_INCREMENT,
  `site_id` int(11) NOT NULL,
  `desc` varchar(10) DEFAULT NULL,
  `date_time_created` datetime NOT NULL,
  `customer_id` int(11) DEFAULT NULL,
  PRIMARY KEY (`id`),
  KEY `shop_cart_6223029` (`site_id`),
  KEY `shop_cart_12366e04` (`customer_id`),
  CONSTRAINT `customer_id_refs_id_132350eb` FOREIGN KEY (`customer_id`) REFERENCES `contact_contact` (`id`),
  CONSTRAINT `site_id_refs_id_13b4cdff` FOREIGN KEY (`site_id`) REFERENCES `django_site` (`id`)
) ENGINE=InnoDB AUTO_INCREMENT=528 DEFAULT CHARSET=utf8;
/*!40101 SET character_set_client = @saved_cs_client */;

--
-- Dumping data for table `shop_cart`
--

LOCK TABLES `shop_cart` WRITE;
/*!40000 ALTER TABLE `shop_cart` DISABLE KEYS */;
INSERT INTO `shop_cart` VALUES (1,1,NULL,'2013-11-29 12:36:54',NULL),(2,1,NULL,'2013-11-30 03:56:05',4),(3,1,NULL,'2013-11-30 05:27:33',4),(4,1,NULL,'2013-11-30 07:17:39',4),(5,1,NULL,'2013-11-30 11:41:10',4),(6,1,NULL,'2013-11-30 23:34:03',4),(7,1,NULL,'2013-12-01 03:46:51',6),(8,1,NULL,'2013-12-01 05:05:03',NULL),(9,1,NULL,'2013-12-01 07:13:22',7),(10,1,NULL,'2013-12-01 17:27:12',8),(11,1,NULL,'2013-12-01 18:54:06',9),(12,1,NULL,'2013-12-01 20:13:38',NULL),(13,1,NULL,'2013-12-01 20:14:16',NULL),(14,1,NULL,'2013-12-02 16:17:55',10),(15,1,NULL,'2013-12-02 21:00:36',4),(16,1,NULL,'2013-12-03 09:33:35',NULL),(17,1,NULL,'2013-12-03 21:47:34',NULL),(18,1,NULL,'2013-12-04 08:37:16',NULL),(19,1,NULL,'2013-12-04 10:08:18',11),(20,1,NULL,'2013-12-04 10:29:33',12),(21,1,NULL,'2013-12-04 22:07:51',4),(22,1,NULL,'2013-12-04 22:44:33',14),(23,1,NULL,'2013-12-04 22:53:59',4),(24,1,NULL,'2013-12-05 04:06:44',NULL),(25,1,NULL,'2013-12-05 16:32:26',16),(26,1,NULL,'2013-12-05 18:20:41',17),(27,1,NULL,'2013-12-05 19:44:16',NULL),(28,1,NULL,'2013-12-05 20:39:32',NULL),(29,1,NULL,'2013-12-05 20:56:51',NULL),(30,1,NULL,'2013-12-05 22:54:28',NULL),(31,1,NULL,'2013-12-06 02:27:06',NULL),(32,1,NULL,'2013-12-06 09:22:28',12),(33,1,NULL,'2013-12-06 11:47:23',19),(34,1,NULL,'2013-12-06 12:29:20',20),(35,1,NULL,'2013-12-06 12:29:53',97),(36,1,NULL,'2013-12-06 12:55:32',NULL),(37,1,NULL,'2013-12-06 14:06:25',NULL),(38,1,NULL,'2013-12-06 15:12:36',4),(39,1,NULL,'2013-12-06 17:19:38',22),(40,1,NULL,'2013-12-06 17:28:59',23),(41,1,NULL,'2013-12-06 18:21:57',24),(42,1,NULL,'2013-12-06 19:55:53',25),(43,1,NULL,'2013-12-07 13:25:12',NULL),(44,1,NULL,'2013-12-07 16:33:57',NULL),(45,1,NULL,'2013-12-07 17:34:26',NULL),(46,1,NULL,'2013-12-07 19:22:46',26),(47,1,NULL,'2013-12-07 20:14:00',27),(48,1,NULL,'2013-12-08 00:00:17',NULL),(49,1,NULL,'2013-12-08 10:58:06',28),(50,1,NULL,'2013-12-08 13:44:49',NULL),(51,1,NULL,'2013-12-08 21:53:37',NULL),(52,1,NULL,'2013-12-09 05:54:12',35),(53,1,NULL,'2013-12-09 10:07:24',29),(54,1,NULL,'2013-12-09 11:48:54',NULL),(55,1,NULL,'2013-12-09 16:17:02',30),(56,1,NULL,'2013-12-09 16:26:55',31),(57,1,NULL,'2013-12-09 16:43:19',NULL),(58,1,NULL,'2013-12-09 18:15:21',32),(59,1,NULL,'2013-12-09 21:18:36',33),(60,1,NULL,'2013-12-09 21:37:57',34),(61,1,NULL,'2013-12-09 22:03:20',NULL),(62,1,NULL,'2013-12-10 14:00:41',NULL),(63,1,NULL,'2013-12-10 15:59:39',36),(64,1,NULL,'2013-12-10 17:02:48',12),(65,1,NULL,'2013-12-10 20:26:16',37),(66,1,NULL,'2013-12-10 21:04:12',NULL),(67,1,NULL,'2013-12-10 21:17:31',38),(68,1,NULL,'2013-12-10 22:56:15',NULL),(69,1,NULL,'2013-12-10 23:15:41',NULL),(70,1,NULL,'2013-12-11 10:05:31',NULL),(71,1,NULL,'2013-12-11 10:25:11',39),(72,1,NULL,'2013-12-11 12:29:22',40),(73,1,NULL,'2013-12-11 12:56:21',41),(74,1,NULL,'2013-12-11 14:54:48',42),(75,1,NULL,'2013-12-11 16:28:15',43),(76,1,NULL,'2013-12-11 18:18:55',NULL),(77,1,NULL,'2013-12-11 18:31:02',44),(78,1,NULL,'2013-12-11 18:37:02',45),(79,1,NULL,'2013-12-11 19:01:33',NULL),(80,1,NULL,'2013-12-11 19:06:10',46),(81,1,NULL,'2013-12-11 19:54:39',NULL),(82,1,NULL,'2013-12-11 21:24:10',NULL),(83,1,NULL,'2013-12-11 23:06:54',NULL),(84,1,NULL,'2013-12-11 23:19:06',47),(85,1,NULL,'2013-12-12 00:06:31',48),(86,1,NULL,'2013-12-12 12:56:22',49),(87,1,NULL,'2013-12-12 14:26:01',50),(88,1,NULL,'2013-12-12 17:06:43',NULL),(89,1,NULL,'2013-12-12 19:47:10',51),(90,1,NULL,'2013-12-12 20:30:24',NULL),(91,1,NULL,'2013-12-12 21:49:14',52),(92,1,NULL,'2013-12-12 22:41:54',NULL),(93,1,NULL,'2013-12-13 08:50:14',NULL),(94,1,NULL,'2013-12-13 11:55:28',83),(95,1,NULL,'2013-12-13 11:55:31',NULL),(96,1,NULL,'2013-12-13 16:20:54',53),(97,1,NULL,'2013-12-13 18:32:52',54),(98,1,NULL,'2013-12-13 18:43:50',NULL),(99,1,NULL,'2013-12-13 19:10:59',NULL),(100,1,NULL,'2013-12-13 19:30:50',NULL),(101,1,NULL,'2013-12-13 19:45:35',56),(102,1,NULL,'2013-12-13 19:48:03',NULL),(103,1,NULL,'2013-12-13 19:49:34',55),(104,1,NULL,'2013-12-13 20:58:49',57),(105,1,NULL,'2013-12-13 21:03:18',58),(106,1,NULL,'2013-12-13 21:08:25',59),(107,1,NULL,'2013-12-13 21:13:07',NULL),(108,1,NULL,'2013-12-13 21:17:11',NULL),(109,1,NULL,'2013-12-13 21:32:16',60),(110,1,NULL,'2013-12-13 21:39:34',NULL),(111,1,NULL,'2013-12-13 22:12:57',61),(112,1,NULL,'2013-12-13 23:22:16',63),(113,1,NULL,'2013-12-14 08:42:32',90),(114,1,NULL,'2013-12-14 08:49:45',NULL),(115,1,NULL,'2013-12-14 09:29:37',62),(116,1,NULL,'2013-12-14 10:45:27',NULL),(117,1,NULL,'2013-12-14 11:12:58',64),(118,1,NULL,'2013-12-14 14:41:21',NULL),(119,1,NULL,'2013-12-14 15:19:40',NULL),(120,1,NULL,'2013-12-14 15:52:25',NULL),(121,1,NULL,'2013-12-14 16:45:08',71),(122,1,NULL,'2013-12-14 16:53:03',65),(123,1,NULL,'2013-12-14 20:07:36',NULL),(124,1,NULL,'2013-12-14 20:35:58',NULL),(125,1,NULL,'2013-12-14 22:00:08',NULL),(126,1,NULL,'2013-12-14 22:17:53',66),(127,1,NULL,'2013-12-14 23:34:00',67),(128,1,NULL,'2013-12-15 10:39:29',68),(129,1,NULL,'2013-12-15 11:14:53',69),(130,1,NULL,'2013-12-15 12:07:55',NULL),(131,1,NULL,'2013-12-15 13:48:33',NULL),(132,1,NULL,'2013-12-15 13:50:45',70),(133,1,NULL,'2013-12-15 15:31:18',NULL),(134,1,NULL,'2013-12-15 15:50:23',NULL),(135,1,NULL,'2013-12-15 16:54:12',72),(136,1,NULL,'2013-12-15 19:07:59',NULL),(137,1,NULL,'2013-12-15 19:23:50',NULL),(138,1,NULL,'2013-12-15 19:53:14',73),(139,1,NULL,'2013-12-15 22:37:35',74),(140,1,NULL,'2013-12-16 01:45:00',NULL),(141,1,NULL,'2013-12-16 06:20:07',NULL),(142,1,NULL,'2013-12-16 06:22:43',80),(143,1,NULL,'2013-12-16 11:03:54',75),(144,1,NULL,'2013-12-16 12:31:05',76),(145,1,NULL,'2013-12-16 13:50:44',91),(146,1,NULL,'2013-12-16 15:20:34',NULL),(147,1,NULL,'2013-12-16 17:14:56',NULL),(148,1,NULL,'2013-12-16 20:11:56',77),(149,1,NULL,'2013-12-16 20:44:20',NULL),(150,1,NULL,'2013-12-16 21:16:43',78),(151,1,NULL,'2013-12-16 21:52:29',NULL),(152,1,NULL,'2013-12-16 21:53:45',79),(153,1,NULL,'2013-12-16 22:41:55',NULL),(154,1,NULL,'2013-12-17 06:57:01',NULL),(155,1,NULL,'2013-12-17 09:48:35',NULL),(156,1,NULL,'2013-12-17 09:50:30',81),(157,1,NULL,'2013-12-17 10:19:39',82),(158,1,NULL,'2013-12-17 11:23:10',84),(159,1,NULL,'2013-12-17 14:20:58',NULL),(160,1,NULL,'2013-12-17 17:37:28',NULL),(161,1,NULL,'2013-12-17 17:45:40',NULL),(162,1,NULL,'2013-12-17 17:45:51',NULL),(163,1,NULL,'2013-12-17 20:11:40',NULL),(164,1,NULL,'2013-12-17 20:14:55',NULL),(165,1,NULL,'2013-12-17 21:11:02',85),(166,1,NULL,'2013-12-17 21:46:43',86),(167,1,NULL,'2013-12-18 05:42:33',NULL),(168,1,NULL,'2013-12-18 08:47:49',87),(169,1,NULL,'2013-12-18 10:39:06',NULL),(170,1,NULL,'2013-12-18 13:32:48',88),(171,1,NULL,'2013-12-18 18:41:25',89),(172,1,NULL,'2013-12-18 20:05:43',NULL),(173,1,NULL,'2013-12-18 20:24:54',NULL),(174,1,NULL,'2013-12-19 03:54:53',NULL),(175,1,NULL,'2013-12-19 10:38:33',92),(176,1,NULL,'2013-12-19 13:31:36',NULL),(177,1,NULL,'2013-12-19 15:57:25',93),(178,1,NULL,'2013-12-19 17:13:05',NULL),(179,1,NULL,'2013-12-19 17:28:45',94),(180,1,NULL,'2013-12-19 18:15:52',95),(181,1,NULL,'2013-12-20 14:00:59',96),(182,1,NULL,'2013-12-20 17:12:23',98),(183,1,NULL,'2013-12-20 20:42:36',NULL),(184,1,NULL,'2013-12-20 21:28:08',NULL),(185,1,NULL,'2013-12-20 21:47:55',99),(186,1,NULL,'2013-12-21 18:25:10',NULL),(187,1,NULL,'2013-12-21 20:11:34',100),(188,1,NULL,'2013-12-22 18:25:45',NULL),(189,1,NULL,'2013-12-22 18:26:50',NULL),(190,1,NULL,'2013-12-22 19:33:00',NULL),(191,1,NULL,'2013-12-22 22:44:43',NULL),(192,1,NULL,'2013-12-23 08:18:37',101),(193,1,NULL,'2013-12-23 11:35:47',NULL),(194,1,NULL,'2013-12-23 21:05:50',102),(195,1,NULL,'2013-12-23 22:14:41',NULL),(196,1,NULL,'2013-12-24 15:44:04',NULL),(197,1,NULL,'2013-12-24 18:27:54',NULL),(198,1,NULL,'2013-12-28 21:49:00',NULL),(199,1,NULL,'2013-12-28 22:43:29',NULL),(200,1,NULL,'2013-12-28 23:30:23',NULL),(201,1,NULL,'2013-12-30 10:02:46',NULL),(202,1,NULL,'2013-12-30 14:35:46',103),(203,1,NULL,'2013-12-31 11:32:25',NULL),(204,1,NULL,'2013-12-31 15:40:37',NULL),(205,1,NULL,'2013-12-31 16:10:08',NULL),(219,1,NULL,'2014-01-02 10:53:32',104),(220,1,NULL,'2014-01-02 10:53:42',NULL),(221,1,NULL,'2014-01-02 20:03:04',NULL),(222,1,NULL,'2014-01-02 22:14:43',NULL),(223,1,NULL,'2014-01-03 09:36:02',NULL),(224,1,NULL,'2014-01-03 13:54:10',NULL),(225,1,NULL,'2014-01-04 14:29:12',NULL),(226,1,NULL,'2014-01-05 10:17:12',NULL),(227,1,NULL,'2014-01-05 11:51:11',NULL),(228,1,NULL,'2014-01-05 17:46:27',NULL),(229,1,NULL,'2014-01-05 19:33:51',105),(230,1,NULL,'2014-01-06 14:57:19',106),(231,1,NULL,'2014-01-07 13:23:22',NULL),(232,1,NULL,'2014-01-08 09:27:53',NULL),(233,1,NULL,'2014-01-08 11:24:02',NULL),(234,1,NULL,'2014-01-08 22:06:09',107),(235,1,NULL,'2014-01-09 01:56:36',NULL),(236,1,NULL,'2014-01-09 07:43:43',NULL),(237,1,NULL,'2014-01-09 16:09:39',NULL),(238,1,NULL,'2014-01-09 16:10:16',NULL),(239,1,NULL,'2014-01-09 16:11:25',NULL),(240,1,NULL,'2014-01-09 16:39:45',NULL),(241,1,NULL,'2014-01-09 16:41:42',108),(242,1,NULL,'2014-01-10 14:12:28',NULL),(243,1,NULL,'2014-01-13 22:46:53',109),(244,1,NULL,'2014-01-14 14:20:21',110),(245,1,NULL,'2014-01-14 17:36:16',NULL),(246,1,NULL,'2014-01-15 12:25:54',NULL),(247,1,NULL,'2014-01-15 19:19:30',111),(248,1,NULL,'2014-01-15 21:48:07',112),(249,1,NULL,'2014-01-16 14:58:59',113),(250,1,NULL,'2014-01-16 15:52:06',NULL),(251,1,NULL,'2014-01-18 08:58:59',114),(252,1,NULL,'2014-01-18 09:22:43',115),(253,1,NULL,'2014-01-18 13:08:07',NULL),(254,1,NULL,'2014-01-18 14:21:25',116),(255,1,NULL,'2014-01-18 18:31:39',117),(256,1,NULL,'2014-01-19 10:32:11',NULL),(257,1,NULL,'2014-01-19 14:20:42',NULL),(258,1,NULL,'2014-01-19 20:03:15',118),(259,1,NULL,'2014-01-20 13:32:35',12),(260,1,NULL,'2014-01-21 18:40:30',NULL),(261,1,NULL,'2014-01-21 18:40:31',119),(262,1,NULL,'2014-01-22 00:49:16',NULL),(263,1,NULL,'2014-01-22 14:45:56',NULL),(264,1,NULL,'2014-01-24 16:31:22',120),(265,1,NULL,'2014-01-24 21:37:53',121),(266,1,NULL,'2014-01-25 10:08:26',122),(267,1,NULL,'2014-01-25 12:43:02',123),(268,1,NULL,'2014-01-25 13:17:38',124),(269,1,NULL,'2014-01-26 15:54:32',NULL),(270,1,NULL,'2014-01-26 15:54:32',126),(271,1,NULL,'2014-01-26 21:33:11',NULL),(272,1,NULL,'2014-01-27 12:14:03',NULL),(273,1,NULL,'2014-01-28 18:46:23',127),(274,1,NULL,'2014-01-28 19:58:35',131),(275,1,NULL,'2014-01-28 21:40:36',NULL),(276,1,NULL,'2014-01-30 10:50:14',128),(277,1,NULL,'2014-01-30 15:56:01',NULL),(278,1,NULL,'2014-01-30 18:15:25',129),(279,1,NULL,'2014-01-31 13:35:08',4),(280,1,NULL,'2014-01-31 18:23:58',NULL),(281,1,NULL,'2014-01-31 21:13:33',NULL),(282,1,NULL,'2014-02-02 10:39:46',NULL),(283,1,NULL,'2014-02-02 11:58:36',NULL),(284,1,NULL,'2014-02-02 23:05:15',130),(285,1,NULL,'2014-02-03 09:19:59',133),(286,1,NULL,'2014-02-03 14:25:54',NULL),(287,1,NULL,'2014-02-03 18:03:30',NULL),(288,1,NULL,'2014-02-03 19:14:56',NULL),(289,1,NULL,'2014-02-03 20:25:44',132),(290,1,NULL,'2014-02-04 05:57:13',NULL),(291,1,NULL,'2014-02-04 19:23:22',NULL),(292,1,NULL,'2014-02-04 21:52:50',NULL),(293,1,NULL,'2014-02-04 22:55:12',NULL),(294,1,NULL,'2014-02-05 15:38:34',134),(295,1,NULL,'2014-02-06 17:01:04',4),(296,1,NULL,'2014-02-06 18:20:15',135),(297,1,NULL,'2014-02-06 18:57:40',136),(298,1,NULL,'2014-02-06 22:52:15',137),(299,1,NULL,'2014-02-07 09:50:32',NULL),(300,1,NULL,'2014-02-07 14:24:44',NULL),(301,1,NULL,'2014-02-07 15:04:25',139),(302,1,NULL,'2014-02-07 15:09:15',139),(303,1,NULL,'2014-02-07 18:35:26',NULL),(304,1,NULL,'2014-02-07 19:01:03',141),(305,1,NULL,'2014-02-07 21:23:05',142),(306,1,NULL,'2014-02-07 21:36:01',142),(307,1,NULL,'2014-02-07 22:00:27',143),(308,1,NULL,'2014-02-07 22:23:31',NULL),(309,1,NULL,'2014-02-08 00:49:31',NULL),(310,1,NULL,'2014-02-08 01:25:24',144),(311,1,NULL,'2014-02-08 09:45:40',NULL),(312,1,NULL,'2014-02-08 11:22:35',141),(313,1,NULL,'2014-02-08 11:25:30',141),(314,1,NULL,'2014-02-08 11:29:52',146),(315,1,NULL,'2014-02-08 13:12:57',148),(316,1,NULL,'2014-02-08 13:43:29',NULL),(317,1,NULL,'2014-02-08 14:46:44',139),(318,1,NULL,'2014-02-08 15:50:24',150),(319,1,NULL,'2014-02-08 17:15:20',NULL),(320,1,NULL,'2014-02-08 16:17:12',4),(321,1,NULL,'2014-02-08 16:23:52',135),(322,1,NULL,'2014-02-09 08:39:47',NULL),(323,1,NULL,'2014-02-09 20:31:25',4),(324,1,NULL,'2014-02-09 21:57:50',152),(325,1,NULL,'2014-02-10 09:48:56',153),(326,1,NULL,'2014-02-10 10:27:21',12),(327,1,NULL,'2014-02-10 10:53:08',154),(328,1,NULL,'2014-02-10 11:04:26',156),(329,1,NULL,'2014-02-10 15:09:56',158),(330,1,NULL,'2014-02-10 20:10:25',NULL),(331,1,NULL,'2014-02-10 20:25:59',NULL),(332,1,NULL,'2014-02-10 21:04:27',NULL),(333,1,NULL,'2014-02-10 21:49:27',160),(334,1,NULL,'2014-02-11 09:21:53',NULL),(335,1,NULL,'2014-02-11 10:21:48',161),(336,1,NULL,'2014-02-11 14:15:29',164),(337,1,NULL,'2014-02-12 12:32:48',167),(338,1,NULL,'2014-02-12 12:59:46',168),(339,1,NULL,'2014-02-12 16:08:07',169),(340,1,NULL,'2014-02-12 17:11:21',NULL),(341,1,NULL,'2014-02-13 06:24:22',NULL),(342,1,NULL,'2014-02-13 16:35:32',12),(343,1,NULL,'2014-02-14 10:46:01',12),(344,1,NULL,'2014-02-14 13:03:30',NULL),(345,1,NULL,'2014-02-14 13:41:16',175),(346,1,NULL,'2014-02-14 17:31:09',NULL),(347,1,NULL,'2014-02-14 21:16:26',177),(348,1,NULL,'2014-02-14 21:36:01',NULL),(349,1,NULL,'2014-02-14 23:14:01',178),(350,1,NULL,'2014-02-15 10:14:45',179),(351,1,NULL,'2014-02-15 13:28:08',180),(352,1,NULL,'2014-02-16 15:35:45',12),(353,1,NULL,'2014-02-16 19:56:46',NULL),(354,1,NULL,'2014-02-16 20:06:13',182),(355,1,NULL,'2014-02-16 21:58:24',183),(356,1,NULL,'2014-02-17 19:09:15',NULL),(357,1,NULL,'2014-02-17 20:28:24',NULL),(358,1,NULL,'2014-02-18 08:49:54',135),(359,1,NULL,'2014-02-18 11:50:35',135),(360,1,NULL,'2014-02-18 11:53:32',12),(361,1,NULL,'2014-02-18 16:43:20',NULL),(362,1,NULL,'2014-02-18 17:11:47',NULL),(363,1,NULL,'2014-02-18 20:00:06',NULL),(364,1,NULL,'2014-02-18 21:22:05',NULL),(365,1,NULL,'2014-02-18 22:40:18',185),(366,1,NULL,'2014-02-18 22:44:27',NULL),(367,1,NULL,'2014-02-19 07:06:12',4),(368,1,NULL,'2014-02-19 13:52:42',187),(369,1,NULL,'2014-02-20 09:47:14',NULL),(370,1,NULL,'2014-02-20 13:35:02',189),(371,1,NULL,'2014-02-21 07:45:52',190),(372,1,NULL,'2014-02-21 14:31:40',191),(373,1,NULL,'2014-02-21 15:08:08',12),(374,1,NULL,'2014-02-21 15:48:02',NULL),(375,1,NULL,'2014-02-22 08:43:49',192),(376,1,NULL,'2014-02-22 11:20:07',135),(377,1,NULL,'2014-02-22 11:27:45',NULL),(378,1,NULL,'2014-02-22 17:22:43',NULL),(379,1,NULL,'2014-02-22 17:25:37',NULL),(380,1,NULL,'2014-02-22 18:08:44',NULL),(381,1,NULL,'2014-02-22 19:40:30',NULL),(382,1,NULL,'2014-02-23 10:04:25',NULL),(383,1,NULL,'2014-02-23 13:23:25',NULL),(384,1,NULL,'2014-02-23 16:08:39',NULL),(385,1,NULL,'2014-02-23 17:22:14',193),(386,1,NULL,'2014-02-23 17:50:41',NULL),(387,1,NULL,'2014-02-23 19:28:10',194),(388,1,NULL,'2014-02-24 08:47:05',195),(389,1,NULL,'2014-02-24 11:39:48',12),(390,1,NULL,'2014-02-24 11:40:18',135),(391,1,NULL,'2014-02-24 11:47:24',NULL),(392,1,NULL,'2014-02-24 13:32:43',NULL),(393,1,NULL,'2014-02-24 13:33:32',196),(394,1,NULL,'2014-02-24 13:48:19',197),(395,1,NULL,'2014-02-24 15:35:27',NULL),(396,1,NULL,'2014-02-24 18:06:13',198),(397,1,NULL,'2014-02-24 20:43:06',199),(398,1,NULL,'2014-02-25 09:16:50',200),(399,1,NULL,'2014-02-25 12:42:28',NULL),(400,1,NULL,'2014-02-25 13:19:20',201),(401,1,NULL,'2014-02-25 19:27:38',NULL),(402,1,NULL,'2014-02-25 22:29:48',NULL),(403,1,NULL,'2014-02-27 02:47:46',NULL),(404,1,NULL,'2014-02-27 09:35:03',12),(405,1,NULL,'2014-02-27 11:45:08',206),(406,1,NULL,'2014-02-27 11:46:35',202),(407,1,NULL,'2014-02-27 11:51:52',NULL),(408,1,NULL,'2014-02-27 15:33:31',204),(409,1,NULL,'2014-02-27 17:30:34',205),(410,1,NULL,'2014-02-27 18:48:26',NULL),(411,1,NULL,'2014-02-27 21:37:41',209),(412,1,NULL,'2014-02-27 22:45:41',NULL),(413,1,NULL,'2014-02-28 03:58:05',NULL),(414,1,NULL,'2014-02-28 09:42:17',207),(415,1,NULL,'2014-02-28 10:27:14',210),(416,1,NULL,'2014-02-28 18:50:48',213),(417,1,NULL,'2014-02-28 19:33:43',214),(418,1,NULL,'2014-02-28 20:00:06',215),(419,1,NULL,'2014-02-28 20:33:12',216),(420,1,NULL,'2014-02-28 23:13:59',217),(421,1,NULL,'2014-03-01 14:26:07',218),(422,1,NULL,'2014-03-01 17:03:19',219),(423,1,NULL,'2014-03-01 17:06:43',NULL),(424,1,NULL,'2014-03-01 20:21:25',221),(425,1,NULL,'2014-03-02 10:50:21',222),(426,1,NULL,'2014-03-02 14:03:12',223),(427,1,NULL,'2014-03-02 17:01:00',NULL),(428,1,NULL,'2014-03-02 17:32:32',NULL),(429,1,NULL,'2014-03-02 18:33:42',224),(430,1,NULL,'2014-03-02 18:44:19',NULL),(431,1,NULL,'2014-03-03 20:21:08',226),(432,1,NULL,'2014-03-04 08:02:23',228),(433,1,NULL,'2014-03-04 09:41:49',NULL),(434,1,NULL,'2014-03-04 11:09:58',229),(435,1,NULL,'2014-03-04 12:42:56',230),(436,1,NULL,'2014-03-04 16:13:11',NULL),(437,1,NULL,'2014-03-04 18:19:09',NULL),(438,1,NULL,'2014-03-04 22:05:30',NULL),(439,1,NULL,'2014-03-04 23:25:57',232),(440,1,NULL,'2014-03-05 09:54:43',NULL),(441,1,NULL,'2014-03-05 09:59:51',NULL),(442,1,NULL,'2014-03-05 15:59:07',12),(443,1,NULL,'2014-03-05 16:05:42',NULL),(444,1,NULL,'2014-03-05 22:17:38',233),(445,1,NULL,'2014-03-06 21:06:05',237),(446,1,NULL,'2014-03-07 08:42:08',242),(447,1,NULL,'2014-03-07 20:22:53',238),(448,1,NULL,'2014-03-07 21:11:17',240),(449,1,NULL,'2014-03-09 11:07:17',243),(450,1,NULL,'2014-03-09 19:04:11',4),(451,1,NULL,'2014-03-10 14:02:25',NULL),(452,1,NULL,'2014-03-10 22:58:10',NULL),(453,1,NULL,'2014-03-11 09:57:53',245),(454,1,NULL,'2014-03-11 11:37:15',246),(455,1,NULL,'2014-03-12 20:04:22',252),(456,1,NULL,'2014-03-13 13:26:41',231),(457,1,NULL,'2014-03-13 21:04:07',253),(458,1,NULL,'2014-03-13 23:08:27',NULL),(459,1,NULL,'2014-03-14 11:56:11',NULL),(460,1,NULL,'2014-03-14 18:34:09',254),(461,1,NULL,'2014-03-16 19:30:06',NULL),(462,1,NULL,'2014-03-16 19:45:16',257),(463,1,NULL,'2014-03-16 23:00:33',NULL),(464,1,NULL,'2014-03-17 08:29:26',NULL),(465,1,NULL,'2014-03-17 10:41:02',NULL),(466,1,NULL,'2014-03-17 11:54:35',NULL),(467,1,NULL,'2014-03-17 13:43:25',260),(468,1,NULL,'2014-03-17 14:45:10',NULL),(469,1,NULL,'2014-03-17 20:40:53',261),(470,1,NULL,'2014-03-18 16:18:37',NULL),(471,1,NULL,'2014-03-18 18:04:17',264),(472,1,NULL,'2014-03-20 12:41:22',NULL),(473,1,NULL,'2014-03-20 13:57:11',269),(474,1,NULL,'2014-03-21 08:36:53',NULL),(475,1,NULL,'2014-03-21 09:06:28',NULL),(476,1,NULL,'2014-03-21 09:18:20',NULL),(477,1,NULL,'2014-03-21 14:12:03',NULL),(478,1,NULL,'2014-03-21 14:39:37',267),(479,1,NULL,'2014-03-21 17:16:48',135),(480,1,NULL,'2014-03-21 18:16:55',NULL),(481,1,NULL,'2014-03-21 18:37:50',NULL),(482,1,NULL,'2014-03-21 22:47:27',268),(483,1,NULL,'2014-03-21 22:54:23',NULL),(484,1,NULL,'2014-03-22 18:25:26',NULL),(485,1,NULL,'2014-03-23 08:39:35',271),(486,1,NULL,'2014-03-24 11:39:25',NULL),(487,1,NULL,'2014-03-24 13:28:44',NULL),(488,1,NULL,'2014-03-25 13:21:01',NULL),(489,1,NULL,'2014-03-25 14:17:40',NULL),(490,1,NULL,'2014-03-27 17:43:46',274),(491,1,NULL,'2014-03-28 10:48:42',275),(492,1,NULL,'2014-03-28 18:21:21',NULL),(493,1,NULL,'2014-03-28 23:17:28',276),(494,1,NULL,'2014-03-30 11:57:20',NULL),(495,1,NULL,'2014-03-30 14:12:06',265),(496,1,NULL,'2014-03-30 18:07:03',281),(497,1,NULL,'2014-03-30 20:24:33',NULL),(498,1,NULL,'2014-03-31 05:53:09',282),(499,1,NULL,'2014-03-31 09:16:41',283),(500,1,NULL,'2014-03-31 14:46:31',284),(501,1,NULL,'2014-03-31 17:20:15',NULL),(502,1,NULL,'2014-04-01 12:14:21',286),(503,1,NULL,'2014-04-01 16:23:44',NULL),(504,1,NULL,'2014-04-02 09:46:07',NULL),(505,1,NULL,'2014-04-03 12:38:42',289),(506,1,NULL,'2014-04-03 12:47:02',12),(507,1,NULL,'2014-04-04 20:10:11',294),(508,1,NULL,'2014-04-04 21:13:06',296),(509,1,NULL,'2014-04-05 08:38:04',299),(510,1,NULL,'2014-04-05 10:32:22',301),(511,1,NULL,'2014-04-05 13:52:59',NULL),(512,1,NULL,'2014-04-05 23:33:52',NULL),(513,1,NULL,'2014-04-06 12:44:00',303),(514,1,NULL,'2014-04-06 16:16:44',305),(515,1,NULL,'2014-04-06 16:30:01',NULL),(516,1,NULL,'2014-04-07 09:08:59',307),(517,1,NULL,'2014-04-07 11:27:13',127),(518,1,NULL,'2014-04-07 11:50:49',NULL),(519,1,NULL,'2014-04-07 17:24:44',308),(520,1,NULL,'2014-04-08 10:03:25',NULL),(521,1,NULL,'2014-04-08 11:44:14',309),(522,1,NULL,'2014-04-08 16:05:54',12),(523,1,NULL,'2014-04-08 17:28:53',NULL),(524,1,NULL,'2014-04-08 19:18:46',NULL),(525,1,NULL,'2014-04-08 20:47:30',NULL),(526,1,NULL,'2014-04-09 14:19:44',311),(527,1,NULL,'2014-04-09 15:53:41',NULL);
/*!40000 ALTER TABLE `shop_cart` ENABLE KEYS */;
UNLOCK TABLES;

--
-- Table structure for table `shop_cartitem`
--

DROP TABLE IF EXISTS `shop_cartitem`;
/*!40101 SET @saved_cs_client     = @@character_set_client */;
/*!40101 SET character_set_client = utf8 */;
CREATE TABLE `shop_cartitem` (
  `id` int(11) NOT NULL AUTO_INCREMENT,
  `cart_id` int(11) NOT NULL,
  `product_id` int(11) NOT NULL,
  `quantity` decimal(18,0) NOT NULL,
  PRIMARY KEY (`id`),
  KEY `shop_cartitem_129fc6a` (`cart_id`),
  KEY `shop_cartitem_44bdf3ee` (`product_id`),
  CONSTRAINT `cart_id_refs_id_71757dfe` FOREIGN KEY (`cart_id`) REFERENCES `shop_cart` (`id`),
  CONSTRAINT `product_id_refs_id_25360880` FOREIGN KEY (`product_id`) REFERENCES `product_product` (`id`)
) ENGINE=InnoDB AUTO_INCREMENT=673 DEFAULT CHARSET=utf8;
/*!40101 SET character_set_client = @saved_cs_client */;

--
-- Dumping data for table `shop_cartitem`
--

LOCK TABLES `shop_cartitem` WRITE;
/*!40000 ALTER TABLE `shop_cartitem` DISABLE KEYS */;
INSERT INTO `shop_cartitem` VALUES (11,8,24,1),(25,12,21,1),(26,13,21,1),(39,16,21,1),(45,17,23,1),(49,10,20,2),(50,18,21,1),(51,18,24,1),(56,19,24,1),(57,19,22,1),(58,20,23,11),(59,20,21,12),(60,20,20,3),(64,22,21,1),(65,22,24,1),(72,27,21,1),(73,28,22,1),(74,29,23,1),(76,30,21,1),(77,31,20,1),(79,33,20,2),(80,34,22,2),(82,36,23,1),(83,37,23,1),(86,39,23,1),(89,41,20,1),(90,42,22,1),(91,43,20,1),(92,44,23,1),(93,45,20,1),(97,48,20,1),(98,49,23,1),(99,50,22,1),(100,51,22,1),(101,52,23,2),(103,53,24,1),(104,54,23,1),(105,54,20,1),(107,55,23,1),(108,56,24,1),(109,57,20,1),(110,58,20,1),(113,60,22,1),(114,61,20,1),(115,62,20,2),(116,63,23,1),(122,66,22,1),(123,67,23,2),(124,68,20,1),(125,69,20,1),(126,70,23,1),(129,72,22,1),(130,73,20,1),(131,73,21,1),(134,75,20,1),(135,76,20,1),(138,77,23,1),(139,79,20,1),(143,81,23,1),(145,83,22,1),(152,86,22,1),(153,87,23,1),(154,88,22,1),(156,89,21,1),(157,89,20,1),(158,90,23,4),(159,91,21,1),(160,91,20,1),(161,92,22,1),(162,93,22,1),(164,95,21,1),(165,96,23,1),(166,97,23,1),(167,98,20,1),(168,99,22,1),(169,100,23,1),(171,102,22,1),(172,103,23,1),(173,104,24,1),(176,107,23,1),(177,108,20,1),(179,109,23,1),(180,110,23,1),(188,112,22,1),(189,59,23,1),(191,114,23,1),(194,117,20,1),(195,118,20,6),(197,120,23,1),(199,122,20,1),(200,123,23,1),(201,124,21,1),(204,125,20,1),(205,126,23,1),(206,127,22,1),(208,129,20,1),(209,130,23,1),(210,131,23,1),(211,131,20,2),(214,133,23,1),(215,134,23,1),(216,135,23,1),(217,136,20,1),(218,137,23,2),(219,138,23,1),(221,139,20,2),(222,139,23,2),(223,139,21,10),(224,140,24,1),(227,143,23,1),(228,144,23,1),(229,145,21,2),(230,146,23,1),(231,147,20,1),(232,148,23,1),(233,149,21,1),(234,150,23,4),(235,151,20,1),(237,153,20,6),(238,154,20,1),(239,155,23,1),(240,156,24,1),(241,157,23,1),(243,158,21,2),(244,159,20,1),(245,160,22,1),(246,161,23,1),(247,162,23,1),(248,163,22,1),(249,163,21,1),(250,164,23,1),(252,166,20,1),(253,167,23,1),(254,168,23,1),(255,169,20,1),(256,170,23,1),(259,172,22,1),(260,173,24,1),(261,113,23,1),(262,174,20,1),(266,175,20,1),(267,176,23,1),(269,178,24,1),(271,180,21,1),(272,181,23,1),(275,182,20,1),(276,183,20,1),(277,184,23,1),(278,185,20,1),(279,186,23,1),(283,188,24,1),(284,189,20,1),(285,190,23,1),(286,191,23,1),(287,192,23,1),(288,193,20,1),(291,195,25,100),(292,196,23,1),(293,197,24,1),(294,198,23,1),(295,199,23,1),(296,200,21,1),(297,201,20,2),(300,203,23,1),(301,204,25,2),(302,205,23,1),(324,219,22,1),(325,220,22,1),(326,221,23,1),(327,222,24,1),(328,223,23,1),(329,224,20,1),(330,225,23,1),(331,226,23,1),(332,227,24,1),(333,228,20,1),(337,231,20,1),(338,232,20,1),(343,235,24,1),(344,236,23,3),(345,237,23,1),(346,237,22,1),(349,239,23,1),(350,240,20,1),(351,241,20,2),(352,242,23,1),(353,241,23,1),(354,229,24,1),(355,243,24,1),(356,243,23,3),(357,244,20,1),(358,245,20,1),(360,246,24,1),(363,249,23,1),(364,250,24,1),(365,251,20,1),(366,252,20,1),(367,253,20,1),(368,254,21,1),(370,255,23,1),(371,256,23,1),(372,257,23,1),(374,259,20,1),(375,260,23,1),(377,262,23,1),(378,263,23,1),(379,259,23,1),(380,264,20,1),(381,266,23,1),(384,269,20,1),(386,271,23,1),(388,272,20,1),(389,270,20,1),(391,274,24,3),(392,275,23,1),(394,277,24,1),(397,280,23,1),(398,281,23,1),(399,282,21,1),(401,284,24,1),(403,286,21,2),(404,287,21,1),(405,288,22,1),(406,289,22,1),(409,290,24,1),(410,285,23,3),(411,273,23,1),(412,291,23,1),(413,292,23,1),(414,293,23,1),(415,294,21,2),(418,297,20,1),(419,298,23,1),(420,299,21,2),(421,300,23,1),(422,301,23,1),(423,302,23,1),(424,303,23,1),(425,304,21,2),(430,307,22,1),(431,308,23,1),(432,309,23,1),(433,310,20,1),(434,311,22,1),(435,312,21,1),(437,313,21,1),(438,314,20,1),(439,315,21,1),(440,316,21,1),(441,317,23,1),(442,318,23,1),(443,319,23,1),(447,322,20,1),(450,321,21,1),(452,325,23,1),(454,327,22,1),(455,328,20,1),(456,329,23,1),(457,330,23,1),(458,331,23,1),(460,332,21,5),(462,334,22,1),(463,335,22,1),(464,336,22,1),(465,337,20,1),(466,338,23,1),(467,339,21,1),(468,340,21,1),(469,341,23,1),(470,342,21,1),(473,345,20,1),(474,346,23,1),(475,347,23,1),(476,348,24,1),(477,349,23,1),(478,350,23,1),(479,350,21,1),(481,352,23,1),(482,353,24,1),(483,354,23,1),(484,355,23,1),(485,356,23,1),(486,357,23,1),(487,326,34,1),(497,368,20,1),(499,370,23,1),(501,371,21,1),(503,372,20,1),(505,374,24,1),(506,375,23,1),(507,358,21,1),(508,358,23,2),(509,376,21,2),(510,377,21,1),(511,379,23,1),(512,380,23,1),(513,381,23,1),(514,382,24,1),(515,384,21,1),(516,385,24,1),(517,386,24,1),(518,387,24,1),(519,369,21,5),(520,388,20,1),(521,389,24,1),(523,391,24,1),(524,392,24,1),(525,393,24,1),(526,394,23,1),(527,396,23,1),(528,396,22,1),(529,397,23,1),(531,398,23,1),(533,399,20,1),(534,400,23,1),(535,400,22,1),(536,401,23,1),(537,402,24,1),(538,403,24,1),(542,405,24,1),(543,406,23,1),(544,373,24,1),(545,407,24,1),(546,408,23,1),(547,409,24,1),(548,410,25,1),(549,411,24,1),(551,413,24,1),(552,414,24,1),(555,415,24,1),(557,416,23,1),(558,417,20,1),(559,418,23,1),(560,419,21,1),(561,420,23,1),(562,421,24,1),(563,422,23,1),(564,423,23,1),(568,426,24,1),(569,427,23,1),(570,428,23,1),(571,429,20,1),(572,430,23,1),(573,431,23,2),(574,432,24,1),(575,433,23,1),(576,434,21,1),(577,434,22,1),(579,435,23,2),(580,436,20,1),(583,439,23,1),(584,440,24,1),(585,441,23,1),(586,442,24,2),(587,443,24,1),(588,444,23,1),(589,445,24,1),(591,447,24,1),(592,448,23,1),(593,446,24,1),(595,449,23,2),(596,407,23,1),(598,453,24,1),(599,454,24,1),(600,455,23,1),(601,456,24,1),(602,457,23,1),(603,459,20,1),(604,460,23,1),(605,452,20,1),(606,461,21,1),(607,462,20,1),(608,463,21,1),(609,464,24,1),(610,465,23,1),(611,466,23,1),(613,468,24,1),(614,469,23,1),(615,470,20,1),(616,471,24,1),(617,472,24,1),(618,473,23,2),(619,474,20,1),(620,475,23,1),(621,476,23,1),(622,477,23,1),(624,480,24,1),(625,481,21,1),(627,473,24,1),(628,484,24,1),(631,486,23,1),(632,487,24,1),(633,488,23,1),(634,489,20,1),(635,485,24,1),(636,490,24,1),(637,491,23,1),(638,492,21,1),(639,493,20,1),(640,494,21,1),(644,498,23,1),(645,499,23,1),(647,501,23,1),(649,504,23,1),(650,505,23,1),(651,506,23,1),(652,507,24,1),(654,508,22,1),(655,509,23,2),(657,512,21,1),(658,513,23,1),(660,515,24,1),(661,516,23,1),(662,517,23,1),(664,519,23,1),(665,520,20,1),(668,523,23,2),(670,525,24,1),(671,526,24,1);
/*!40000 ALTER TABLE `shop_cartitem` ENABLE KEYS */;
UNLOCK TABLES;

--
-- Table structure for table `shop_cartitemdetails`
--

DROP TABLE IF EXISTS `shop_cartitemdetails`;
/*!40101 SET @saved_cs_client     = @@character_set_client */;
/*!40101 SET character_set_client = utf8 */;
CREATE TABLE `shop_cartitemdetails` (
  `id` int(11) NOT NULL AUTO_INCREMENT,
  `cartitem_id` int(11) NOT NULL,
  `value` longtext NOT NULL,
  `name` varchar(100) NOT NULL,
  `price_change` decimal(6,2) DEFAULT NULL,
  `sort_order` int(11) NOT NULL,
  PRIMARY KEY (`id`),
  KEY `shop_cartitemdetails_28dee0a7` (`cartitem_id`),
  CONSTRAINT `cartitem_id_refs_id_4501908e` FOREIGN KEY (`cartitem_id`) REFERENCES `shop_cartitem` (`id`)
) ENGINE=InnoDB DEFAULT CHARSET=utf8;
/*!40101 SET character_set_client = @saved_cs_client */;

--
-- Dumping data for table `shop_cartitemdetails`
--

LOCK TABLES `shop_cartitemdetails` WRITE;
/*!40000 ALTER TABLE `shop_cartitemdetails` DISABLE KEYS */;
/*!40000 ALTER TABLE `shop_cartitemdetails` ENABLE KEYS */;
UNLOCK TABLES;

--
-- Table structure for table `shop_config`
--

DROP TABLE IF EXISTS `shop_config`;
/*!40101 SET @saved_cs_client     = @@character_set_client */;
/*!40101 SET character_set_client = utf8 */;
CREATE TABLE `shop_config` (
  `site_id` int(11) NOT NULL,
  `store_name` varchar(100) NOT NULL,
  `store_description` longtext,
  `store_email` varchar(75) DEFAULT NULL,
  `street1` varchar(50) DEFAULT NULL,
  `street2` varchar(50) DEFAULT NULL,
  `city` varchar(50) DEFAULT NULL,
  `state` varchar(30) DEFAULT NULL,
  `postal_code` varchar(9) DEFAULT NULL,
  `country_id` int(11) NOT NULL,
  `phone` varchar(30) DEFAULT NULL,
  `in_country_only` tinyint(1) NOT NULL,
  `sales_country_id` int(11) DEFAULT NULL,
  PRIMARY KEY (`site_id`),
  UNIQUE KEY `store_name` (`store_name`),
  KEY `shop_config_534dd89` (`country_id`),
  KEY `shop_config_7724117a` (`sales_country_id`),
  CONSTRAINT `country_id_refs_id_777f1633` FOREIGN KEY (`country_id`) REFERENCES `l10n_country` (`id`),
  CONSTRAINT `sales_country_id_refs_id_777f1633` FOREIGN KEY (`sales_country_id`) REFERENCES `l10n_country` (`id`),
  CONSTRAINT `site_id_refs_id_bf25ffd` FOREIGN KEY (`site_id`) REFERENCES `django_site` (`id`)
) ENGINE=InnoDB DEFAULT CHARSET=utf8;
/*!40101 SET character_set_client = @saved_cs_client */;

--
-- Dumping data for table `shop_config`
--

LOCK TABLES `shop_config` WRITE;
/*!40000 ALTER TABLE `shop_config` DISABLE KEYS */;
INSERT INTO `shop_config` VALUES (1,'The Lakes Distillery','','weborders@lakesdistillery.com','1st Floor Grandstand Garage','Kenton Road','Gosforth','Tyne and Wear','NE3 4NB',230,'',0,230);
/*!40000 ALTER TABLE `shop_config` ENABLE KEYS */;
UNLOCK TABLES;

--
-- Table structure for table `shop_config_shipping_countries`
--

DROP TABLE IF EXISTS `shop_config_shipping_countries`;
/*!40101 SET @saved_cs_client     = @@character_set_client */;
/*!40101 SET character_set_client = utf8 */;
CREATE TABLE `shop_config_shipping_countries` (
  `id` int(11) NOT NULL AUTO_INCREMENT,
  `config_id` int(11) NOT NULL,
  `country_id` int(11) NOT NULL,
  PRIMARY KEY (`id`),
  UNIQUE KEY `config_id` (`config_id`,`country_id`),
  KEY `shop_config_shipping_countries_c41bdac` (`config_id`),
  KEY `shop_config_shipping_countries_534dd89` (`country_id`),
  CONSTRAINT `config_id_refs_site_id_32a14cbe` FOREIGN KEY (`config_id`) REFERENCES `shop_config` (`site_id`),
  CONSTRAINT `country_id_refs_id_595cc880` FOREIGN KEY (`country_id`) REFERENCES `l10n_country` (`id`)
) ENGINE=InnoDB AUTO_INCREMENT=489 DEFAULT CHARSET=utf8;
/*!40101 SET character_set_client = @saved_cs_client */;

--
-- Dumping data for table `shop_config_shipping_countries`
--

LOCK TABLES `shop_config_shipping_countries` WRITE;
/*!40000 ALTER TABLE `shop_config_shipping_countries` DISABLE KEYS */;
INSERT INTO `shop_config_shipping_countries` VALUES (245,1,1),(246,1,2),(247,1,3),(248,1,4),(249,1,5),(250,1,6),(251,1,7),(252,1,8),(253,1,9),(254,1,10),(255,1,11),(256,1,12),(257,1,13),(258,1,14),(259,1,15),(260,1,16),(261,1,17),(262,1,18),(263,1,19),(264,1,20),(265,1,21),(266,1,22),(267,1,23),(268,1,24),(269,1,25),(270,1,26),(271,1,27),(272,1,28),(273,1,29),(274,1,30),(275,1,31),(276,1,32),(277,1,33),(278,1,34),(279,1,35),(280,1,36),(281,1,37),(282,1,38),(283,1,39),(284,1,40),(285,1,41),(286,1,42),(287,1,43),(288,1,44),(289,1,45),(290,1,46),(291,1,47),(292,1,48),(293,1,49),(294,1,50),(295,1,51),(296,1,52),(297,1,53),(298,1,54),(299,1,55),(300,1,56),(301,1,57),(302,1,58),(303,1,59),(304,1,60),(305,1,61),(306,1,62),(307,1,63),(308,1,64),(309,1,65),(310,1,66),(311,1,67),(312,1,68),(313,1,69),(314,1,70),(315,1,71),(316,1,72),(317,1,73),(318,1,74),(319,1,75),(320,1,76),(321,1,77),(322,1,78),(323,1,79),(324,1,80),(325,1,81),(326,1,82),(327,1,83),(328,1,84),(329,1,85),(330,1,86),(331,1,87),(332,1,88),(333,1,89),(334,1,90),(335,1,91),(336,1,92),(337,1,93),(338,1,94),(339,1,95),(340,1,96),(341,1,97),(342,1,98),(343,1,99),(344,1,100),(345,1,101),(346,1,102),(347,1,103),(348,1,104),(349,1,105),(350,1,106),(351,1,107),(352,1,108),(353,1,109),(354,1,110),(355,1,111),(356,1,112),(357,1,113),(358,1,114),(359,1,115),(360,1,116),(361,1,117),(362,1,118),(363,1,119),(364,1,120),(365,1,121),(366,1,122),(367,1,123),(368,1,124),(369,1,125),(370,1,126),(371,1,127),(372,1,128),(373,1,129),(374,1,130),(375,1,131),(376,1,132),(377,1,133),(378,1,134),(379,1,135),(380,1,136),(381,1,137),(382,1,138),(383,1,139),(384,1,140),(385,1,141),(386,1,142),(387,1,143),(388,1,144),(389,1,145),(390,1,146),(391,1,147),(392,1,148),(393,1,149),(394,1,150),(395,1,151),(396,1,152),(397,1,153),(398,1,154),(399,1,155),(400,1,156),(401,1,157),(402,1,158),(403,1,159),(404,1,160),(405,1,161),(406,1,162),(407,1,163),(408,1,164),(409,1,165),(410,1,166),(411,1,167),(412,1,168),(413,1,169),(414,1,170),(415,1,171),(416,1,172),(417,1,173),(418,1,174),(419,1,175),(420,1,176),(421,1,177),(422,1,178),(423,1,179),(424,1,180),(425,1,181),(426,1,182),(427,1,183),(428,1,184),(429,1,185),(430,1,186),(431,1,187),(432,1,188),(433,1,189),(434,1,190),(435,1,191),(436,1,192),(437,1,193),(438,1,194),(439,1,195),(440,1,196),(441,1,197),(442,1,198),(443,1,199),(444,1,200),(445,1,201),(446,1,202),(447,1,203),(448,1,204),(449,1,205),(450,1,206),(451,1,207),(452,1,208),(453,1,209),(454,1,210),(455,1,211),(456,1,212),(457,1,213),(458,1,214),(459,1,215),(460,1,216),(461,1,217),(462,1,218),(463,1,219),(464,1,220),(465,1,221),(466,1,222),(467,1,223),(468,1,224),(469,1,225),(470,1,226),(471,1,227),(472,1,228),(473,1,229),(474,1,230),(475,1,231),(476,1,232),(477,1,233),(478,1,234),(479,1,235),(480,1,236),(481,1,237),(482,1,238),(483,1,239),(484,1,240),(485,1,241),(486,1,242),(487,1,243),(488,1,244);
/*!40000 ALTER TABLE `shop_config_shipping_countries` ENABLE KEYS */;
UNLOCK TABLES;

--
-- Table structure for table `shop_order`
--

DROP TABLE IF EXISTS `shop_order`;
/*!40101 SET @saved_cs_client     = @@character_set_client */;
/*!40101 SET character_set_client = utf8 */;
CREATE TABLE `shop_order` (
  `id` int(11) NOT NULL AUTO_INCREMENT,
  `site_id` int(11) NOT NULL,
  `contact_id` int(11) NOT NULL,
  `ship_addressee` varchar(61) NOT NULL,
  `ship_street1` varchar(80) NOT NULL,
  `ship_street2` varchar(80) NOT NULL,
  `ship_city` varchar(50) NOT NULL,
  `ship_state` varchar(50) NOT NULL,
  `ship_postal_code` varchar(30) NOT NULL,
  `ship_country` varchar(2) NOT NULL,
  `bill_addressee` varchar(61) NOT NULL,
  `bill_street1` varchar(80) NOT NULL,
  `bill_street2` varchar(80) NOT NULL,
  `bill_city` varchar(50) NOT NULL,
  `bill_state` varchar(50) NOT NULL,
  `bill_postal_code` varchar(30) NOT NULL,
  `bill_country` varchar(2) NOT NULL,
  `notes` longtext,
  `sub_total` decimal(18,10) DEFAULT NULL,
  `total` decimal(18,10) DEFAULT NULL,
  `discount_code` varchar(20) DEFAULT NULL,
  `discount` decimal(18,10) DEFAULT NULL,
  `method` varchar(50) NOT NULL,
  `shipping_description` varchar(200) DEFAULT NULL,
  `shipping_method` varchar(200) DEFAULT NULL,
  `shipping_model` varchar(30) DEFAULT NULL,
  `shipping_cost` decimal(18,10) DEFAULT NULL,
  `shipping_discount` decimal(18,10) DEFAULT NULL,
  `tax` decimal(18,10) DEFAULT NULL,
  `time_stamp` datetime DEFAULT NULL,
  `status` varchar(20) NOT NULL,
  PRIMARY KEY (`id`),
  KEY `shop_order_6223029` (`site_id`),
  KEY `shop_order_170b8823` (`contact_id`),
  CONSTRAINT `contact_id_refs_id_c282cc6` FOREIGN KEY (`contact_id`) REFERENCES `contact_contact` (`id`),
  CONSTRAINT `site_id_refs_id_1b408d6` FOREIGN KEY (`site_id`) REFERENCES `django_site` (`id`)
) ENGINE=InnoDB AUTO_INCREMENT=338 DEFAULT CHARSET=utf8;
/*!40101 SET character_set_client = @saved_cs_client */;

--
-- Dumping data for table `shop_order`
--

LOCK TABLES `shop_order` WRITE;
/*!40000 ALTER TABLE `shop_order` DISABLE KEYS */;
INSERT INTO `shop_order` VALUES (1,1,4,'23 Brockwell Drive','Sherburn Towers','','Rowlands Gill','','NE39 2PX','GB','23 Brockwell Drive','Sherburn Towers','','Rowlands Gill','','NE39 2PX','GB','',102.8000000000,107.8000000000,'',0.0000000000,'Online','Flat Rate Shipping','UK Carrier','FlatRate',5.0000000000,0.0000000000,0.0000000000,'2013-11-30 09:09:09','Cancelled'),(2,1,4,'23 Brockwell Drive','Sherburn Towers','','Rowlands Gill','','NE39 2PX','GB','23 Brockwell Drive','Sherburn Towers','','Rowlands Gill','','NE39 2PX','GB','',29.9500000000,34.9500000000,'',0.0000000000,'Online','Flat Rate Shipping','UK Carrier','FlatRate',5.0000000000,0.0000000000,0.0000000000,'2013-11-30 09:39:00','Shipped'),(3,1,4,'Howard Mersey','Civil Aviation Authority','Aviation House','Gatwick Airport South','West Sussex','RH6 0YR','GB','Claire Jobling','Southside','Newcastle International Airpor','Woolsington','Tyne and Wear','NE13 8BT','GB',NULL,3.9500000000,8.9500000000,'',0.0000000000,'Online','Flat Rate Shipping','UK Carrier','FlatRate',5.0000000000,0.0000000000,0.0000000000,'2013-11-30 09:55:12',''),(4,1,4,'23 Brockwell Drive','Sherburn Towers','','Rowlands Gill','','NE39 2PX','GB','23 Brockwell Drive','Sherburn Towers','','Rowlands Gill','','NE39 2PX','GB','',33.9000000000,38.9000000000,'',0.0000000000,'Online','Flat Rate Shipping','UK Carrier','FlatRate',5.0000000000,0.0000000000,0.0000000000,'2013-11-30 11:45:34','Cancelled'),(5,1,4,'23 Brockwell Drive','Sherburn Towers','','Rowlands Gill','','NE39 2PX','GB','23 Brockwell Drive','Sherburn Towers','','Rowlands Gill','','NE39 2PX','GB','',7.9000000000,12.9000000000,'',0.0000000000,'Online','Flat Rate Shipping','UK Carrier','FlatRate',5.0000000000,0.0000000000,0.0000000000,'2013-11-30 11:57:43','Cancelled'),(6,1,4,'Howard Mersey','Civil Aviation Authority','Aviation House','Gatwick Airport South','West Sussex','RH6 0YR','GB','Claire Jobling','Southside','Newcastle International Airpor','Woolsington','Tyne and Wear','NE13 8BT','GB',NULL,3.9500000000,3.9500000000,'',0.0000000000,'Online',NULL,NULL,NULL,0.0000000000,0.0000000000,0.0000000000,'2013-11-30 12:08:36',''),(7,1,5,'Brian Jobling','23 Brockwell Drive','Sherburn Towers','Rowlands Gill','Tyne and Wear','NE39 2PX','GB','Brian Jobling','23 Brockwell Drive','Sherburn Towers','Rowlands Gill','Tyne and Wear','NE39 2PX','GB','',3.9500000000,8.9500000000,'',0.0000000000,'Online','Flat Rate Shipping','UK Carrier','FlatRate',5.0000000000,0.0000000000,0.0000000000,'2013-12-01 02:16:16','Cancelled'),(8,1,5,'Brian Jobling','23 Brockwell Drive','Sherburn Towers','Rowlands Gill','Tyne and Wear','NE39 2PX','GB','Brian Jobling','23 Brockwell Drive','Sherburn Towers','Rowlands Gill','Tyne and Wear','NE39 2PX','GB','',3.9500000000,8.9500000000,'',0.0000000000,'Online','Flat Rate Shipping','UK Carrier','FlatRate',5.0000000000,0.0000000000,0.0000000000,'2013-12-01 02:20:46','Cancelled'),(9,1,4,'23 Brockwell Drive','Sherburn Towers','','Rowlands Gill','','NE39 2PX','GB','23 Brockwell Drive','Sherburn Towers','','Rowlands Gill','','NE39 2PX','GB','',3.9500000000,8.9500000000,'',0.0000000000,'Online','Flat Rate Shipping','UK Carrier','FlatRate',5.0000000000,0.0000000000,0.0000000000,'2013-12-01 02:49:21','Cancelled'),(10,1,4,'23 Brockwell Drive','Sherburn Towers','','Rowlands Gill','','NE39 2PX','GB','23 Brockwell Drive','Sherburn Towers','','Rowlands Gill','','NE39 2PX','GB','',3.9500000000,8.9500000000,'',0.0000000000,'Online','Flat Rate Shipping','UK Carrier','FlatRate',5.0000000000,0.0000000000,0.0000000000,'2013-12-01 03:41:27','Cancelled'),(11,1,6,'Brian Jobling','23 Brockwell Drive','Sherburn Towers','Rowlands Gill','Tyne and Wear','NE39 2PX','GB','Brian Jobling','23 Brockwell Drive','Sherburn Towers','Rowlands Gill','Tyne and Wear','NE39 2PX','GB',NULL,3.9500000000,8.9500000000,'',0.0000000000,'Online','Flat Rate Shipping','UK Carrier','FlatRate',5.0000000000,0.0000000000,0.0000000000,'2013-12-01 03:47:56',''),(12,1,6,'Brian Jobling','23 Brockwell Drive','Sherburn Towers','Rowlands Gill','Tyne and Wear','NE39 2PX','GB','Brian Jobling','23 Brockwell Drive','Sherburn Towers','Rowlands Gill','Tyne and Wear','NE39 2PX','GB',NULL,3.9500000000,0.0400000000,'brianwashere',8.9100000000,'Online','Flat Rate Shipping','UK Carrier','FlatRate',5.0000000000,5.0000000000,0.0000000000,'2013-12-01 03:54:05',''),(13,1,4,'Howard Mersey','Civil Aviation Authority','Aviation House','Gatwick Airport South','West Sussex','RH6 0YR','GB','Claire Jobling','Southside','Newcastle International Airpor','Woolsington','Tyne and Wear','NE13 8BT','GB',NULL,3.9500000000,8.9500000000,'',0.0000000000,'Online','Flat Rate Shipping','UK Carrier','FlatRate',5.0000000000,0.0000000000,0.0000000000,'2013-12-01 04:08:22',''),(14,1,6,'Brian Jobling','23 Brockwell Drive','Sherburn Towers','Rowlands Gill','Tyne and Wear','NE39 2PX','GB','Brian Jobling','23 Brockwell Drive','Sherburn Towers','Rowlands Gill','Tyne and Wear','NE39 2PX','GB',NULL,3.9500000000,0.0400000000,'brianwashere',8.9100000000,'Online','Flat Rate Shipping','UK Carrier','FlatRate',5.0000000000,5.0000000000,0.0000000000,'2013-12-01 04:10:15',''),(15,1,7,'','23 Brockwell Drive','Sherburn Towers','Rowlands Gill','Tyne and Wear','NE39 2PX','GB','Brian Jobling','23 Brockwell Drive','Sherburn Towers','Rowlands Gill','Tyne and Wear','NE39 2PX','GB',NULL,12.9500000000,0.1300000000,'brianwashere',17.8200000000,'Online','Flat Rate Shipping','UK Carrier','FlatRate',5.0000000000,5.0000000000,0.0000000000,'2013-12-01 07:16:25',''),(17,1,4,'23 Brockwell Drive','23 Brockwell Drive','Sherburn Towers','Rowlands Gill','Tyne and Wear','NE39 2PX','GB','Brian Jobling','23 Brockwell Drive','Sherburn Towers','Rowlands Gill','Tyne and Wear','NE39 2PX','GB','',7.9000000000,12.9000000000,'',0.0000000000,'Online','Flat Rate Shipping','UK Carrier','FlatRate',5.0000000000,0.0000000000,0.0000000000,'2013-12-01 16:14:31','Shipped'),(19,1,9,'','22 The Quadrant','West Wimbledon','London','','SW20 8SP','GB','Andrew Grocott','22 The Quadrant','West Wimbledon','London','','SW20 8SP','GB','',2364.8500000000,2369.8500000000,'',0.0000000000,'Online','Flat Rate Shipping','UK Carrier','FlatRate',5.0000000000,0.0000000000,0.0000000000,'2013-12-01 19:19:51','Cancelled'),(20,1,10,'','6 Elm Grove','','Houghton-le-spring','','dh4 4jh','GB','mike hodgson','6 Elm Grove','','Houghton-le-spring','','DH4 4JH','GB','',1684.4000000000,1689.4000000000,'',0.0000000000,'Online','Flat Rate Shipping','UK Carrier','FlatRate',5.0000000000,0.0000000000,0.0000000000,'2013-12-02 16:58:56','Cancelled'),(21,1,10,'mike hodgson','6 Elm Grove','','Houghton-le-spring','','DH4 4JH','GB','mike hodgson','6 Elm Grove','','Houghton-le-spring','','DH4 4JH','GB','',29.9500000000,31.9500000000,'paulcurriewhisky',3.0000000000,'Online','Flat Rate Shipping','UK Carrier','FlatRate',5.0000000000,0.0000000000,0.0000000000,'2013-12-02 17:03:10','Cancelled'),(22,1,10,'mike hodgson','6 Elm Grove','','Houghton-le-spring','','DH4 4JH','GB','mike hodgson','6 Elm Grove','','Houghton-le-spring','','DH4 4JH','GB','',1290.0000000000,1166.0000000000,'paulcurriewhisky',129.0000000000,'Online','Flat Rate Shipping','UK Carrier','FlatRate',5.0000000000,0.0000000000,0.0000000000,'2013-12-02 17:06:38','Cancelled'),(23,1,4,'Brian Jobling','23 Brockwell Drive','Sherburn Towers','Rowlands Gill','Tyne and Wear','NE39 2PX','GB','Brian Jobling','23 Brockwell Drive','Sherburn Towers','Rowlands Gill','Tyne and Wear','NE39 2PX','GB','',3.9500000000,8.9500000000,'',0.0000000000,'Online','Flat Rate Shipping','UK Carrier','FlatRate',5.0000000000,0.0000000000,0.0000000000,'2013-12-03 21:01:34','Shipped'),(25,1,4,'Brian Jobling','23 Brockwell Drive','Sherburn Towers','Rowlands Gill','Tyne and Wear','NE39 2PX','GB','Brian Jobling','23 Brockwell Drive','Sherburn Towers','Rowlands Gill','Tyne and Wear','NE39 2PX','GB','',7.9000000000,12.1100000000,'paulcurriewhisky',0.7900000000,'Online','Flat Rate Shipping','UK Carrier','FlatRate',5.0000000000,0.0000000000,0.0000000000,'2013-12-03 22:06:07','Cancelled'),(26,1,4,'Brian Jobling','23 Brockwell Drive','Sherburn Towers','Rowlands Gill','Tyne and Wear','NE39 2PX','GB','Brian Jobling','23 Brockwell Drive','Sherburn Towers','Rowlands Gill','Tyne and Wear','NE39 2PX','GB','',29.9500000000,31.9500000000,'paulcurriewhisky',3.0000000000,'Online','Flat Rate Shipping','UK Carrier','FlatRate',5.0000000000,0.0000000000,0.0000000000,'2013-12-03 22:09:16','Shipped'),(27,1,4,'Brian Jobling','Southside','Newcastle International Airpor','Woolsington','Tyne and Wear','NE13 8BT','GB','Brian Jobling','Southside','Newcastle International Airpor','Woolsington','Tyne and Wear','NE13 8BT','GB','',3.9500000000,0.0000000000,'brianwashere',8.9500000000,'Online','Flat Rate Shipping','UK Carrier','FlatRate',5.0000000000,5.0000000000,0.0000000000,'2013-12-03 22:10:50','Shipped'),(29,1,10,'mike hodgson','6 Elm Grove','','Houghton-le-spring','','DH4 4JH','GB','mike hodgson','6 Elm Grove','','Houghton-le-spring','','DH4 4JH','GB','',32.9500000000,37.9500000000,'',0.0000000000,'Online','Flat Rate Shipping','UK Carrier','FlatRate',5.0000000000,0.0000000000,0.0000000000,'2013-12-04 08:54:12','Cancelled'),(30,1,10,'mike hodgson','6 Elm Grove','','Houghton-le-spring','','DH4 4JH','GB','mike hodgson','6 Elm Grove','','Houghton-le-spring','','DH4 4JH','GB','',12950.0000000000,12955.0000000000,'',0.0000000000,'Online','Flat Rate Shipping','UK Carrier','FlatRate',5.0000000000,0.0000000000,0.0000000000,'2013-12-04 09:04:55','Cancelled'),(33,1,11,'','3 Pevensey Close','','North Shields','','NE29 9HW','GB','Helen Marshall','3 Pevensey Close','','North Shields','','NE29 9HW','GB',NULL,607.9500000000,552.1500000000,'paulcurriewhisky',60.8000000000,'Online','Flat Rate Shipping','UK Carrier','FlatRate',5.0000000000,0.0000000000,0.0000000000,'2013-12-04 10:13:55',''),(34,1,12,'Laura Simson','24 Parklands','Hamsterley Mill','Newcastle Upon Tyne','Durham','NE39 1HH','GB','Laura Simson','24 Parklands','Hamsterley Mill','Newcastle Upon Tyne','Durham','NE39 1HH','GB',NULL,478.7000000000,436.1200000000,'paulcurriewhisky',57.4600000000,'Online','Flat Rate Shipping','UK Carrier','FlatRate',5.0000000000,0.0000000000,0.0000000000,'2013-12-04 10:35:00',''),(36,1,13,'Brian Jobling','Southside','Newcastle International Airpor','Woolsington','Tyne and Wear','NE13 8BT','GB','Brian Jobling','Southside','Newcastle International Airpor','Woolsington','Tyne and Wear','NE13 8BT','GB',NULL,3.9500000000,8.9500000000,'',0.0000000000,'Online','Flat Rate Shipping','UK Carrier','FlatRate',5.0000000000,0.0000000000,0.0000000000,'2013-12-04 22:09:09',''),(37,1,14,'Brian Jobling','Southside','Newcastle International Airpor','Woolsington','Tyne and Wear','NE13 8BT','GB','Brian Jobling','Southside','Newcastle International Airpor','Woolsington','Tyne and Wear','NE13 8BT','GB',NULL,598.9500000000,603.9500000000,'',0.0000000000,'Online','Flat Rate Shipping','UK Carrier','FlatRate',5.0000000000,0.0000000000,0.0000000000,'2013-12-04 22:48:10',''),(38,1,15,'','Southside','Newcastle International Airpor','Woolsington','Tyne and Wear','NE13 8BT','GB','Brian Jobling','Southside','Newcastle International Airpor','Woolsington','Tyne and Wear','NE13 8BT','GB','',3.9500000000,0.0200000000,'brianwashere',8.9300000000,'Online','Flat Rate Shipping','UK Carrier','FlatRate',5.0000000000,5.0000000000,0.0000000000,'2013-12-04 22:54:12','Shipped'),(39,1,16,'Brian Jobling','23 Brockwell Drive','Sherburn Towers','Rowlands Gill','Tyne and Wear','NE39 2PX','GB','Brian Jobling','23 Brockwell Drive','Sherburn Towers','Rowlands Gill','Tyne and Wear','NE39 2PX','GB',NULL,3.9500000000,0.0200000000,'brianwashere',8.9300000000,'Online','Flat Rate Shipping','UK Carrier','FlatRate',5.0000000000,5.0000000000,0.0000000000,'2013-12-05 16:33:12',''),(40,1,16,'Brian Jobling','23 Brockwell Drive','Sherburn Towers','Rowlands Gill','Tyne and Wear','NE39 2PX','GB','Brian Jobling','23 Brockwell Drive','Sherburn Towers','Rowlands Gill','Tyne and Wear','NE39 2PX','GB','',3.9500000000,0.0200000000,'brianwashere',8.9300000000,'Online','Flat Rate Shipping','UK Carrier','FlatRate',5.0000000000,5.0000000000,0.0000000000,'2013-12-05 16:36:07','Shipped'),(41,1,17,'Brian Jobling','Southside','Newcastle International Airpor','Woolsington','Tyne and Wear','NE13 8BT','GB','Brian Jobling','Southside','Newcastle International Airpor','Woolsington','Tyne and Wear','NE13 8BT','GB','',3.9500000000,0.0200000000,'brianwashere',8.9300000000,'Online','Flat Rate Shipping','UK Carrier','FlatRate',5.0000000000,5.0000000000,0.0000000000,'2013-12-05 18:21:06','Shipped'),(42,1,17,'Brian Jobling','Southside','Newcastle International Airpor','Woolsington','Tyne and Wear','NE13 8BT','GB','Brian Jobling','Southside','Newcastle International Airpor','Woolsington','Tyne and Wear','NE13 8BT','GB',NULL,3.9500000000,0.0200000000,'brianwashere',8.9300000000,'Online','Flat Rate Shipping','UK Carrier','FlatRate',5.0000000000,5.0000000000,0.0000000000,'2013-12-05 18:25:19',''),(43,1,16,'Brian Jobling','23 Brockwell Drive','Sherburn Towers','Rowlands Gill','Tyne and Wear','NE39 2PX','GB','Brian Jobling','23 Brockwell Drive','Sherburn Towers','Rowlands Gill','Tyne and Wear','NE39 2PX','GB',NULL,3.9500000000,0.0200000000,'brianwashere',8.9300000000,'Online','Flat Rate Shipping','UK Carrier','FlatRate',5.0000000000,5.0000000000,0.0000000000,'2013-12-05 22:40:33',''),(45,1,19,'The Pen Shop Limited','5 Bamburgh Court','Team Valley','Gateshead','','NE11 0TX','GB','Mr Andrew J Briggs','9 Hazelmere Avenue','','Newcastle upon Tyne','','NE3 5QL','GB','',67.9000000000,72.9000000000,'',0.0000000000,'Online','Flat Rate Shipping','UK Carrier','FlatRate',5.0000000000,0.0000000000,0.0000000000,'2013-12-06 11:50:14','Shipped'),(46,1,20,'Rosie Brown','Longlands, Goldgate Lane','Swainby','Northallerton','North Yorkshire','DL6 3HS','GB','Rosie Brown','Longlands, Goldgate Lane','Swainby','Northallerton','North Yorkshire','DL6 3HS','GB','',25.9000000000,30.9000000000,'',0.0000000000,'Online','Flat Rate Shipping','UK Carrier','FlatRate',5.0000000000,0.0000000000,0.0000000000,'2013-12-06 13:12:32','Shipped'),(48,1,4,'Brian Jobling','Southside','Newcastle International Airpor','Woolsington','Tyne and Wear','NE13 8BT','GB','Brian Jobling','Southside','Newcastle International Airpor','Woolsington','Tyne and Wear','NE13 8BT','GB','',3.9500000000,0.0200000000,'brianwashere',8.9300000000,'Online','Flat Rate Shipping','UK Carrier','FlatRate',5.0000000000,5.0000000000,0.0000000000,'2013-12-06 15:18:50','Cancelled'),(49,1,4,'Brian Jobling','Southside','Newcastle International Airpor','Woolsington','Tyne and Wear','NE13 8BT','GB','Brian Jobling','Southside','Newcastle International Airpor','Woolsington','Tyne and Wear','NE13 8BT','GB','',3.9500000000,0.0200000000,'brianwashere',8.9300000000,'Online','Flat Rate Shipping','UK Carrier','FlatRate',5.0000000000,5.0000000000,0.0000000000,'2013-12-06 15:42:32','Cancelled'),(50,1,22,'','46 Valley Drive','','CARLISLE','','CA1  3TB','GB','Davidina Haigh','46 Valley Drive','','CARLISLE','','CA1 3TB','GB','',29.9500000000,34.9500000000,'',0.0000000000,'Online','Flat Rate Shipping','UK Carrier','FlatRate',5.0000000000,0.0000000000,0.0000000000,'2013-12-06 17:21:35','Shipped'),(51,1,23,'','24 Loop Road North','','Whitehaven','Cumbria','CA28 6LY','GB','Katharine Barnes','24 Loop Road North','','Whitehaven','Cumbria','CA28 6LY','GB','',33.9500000000,33.9500000000,'',0.0000000000,'Online','','',NULL,0.0000000000,0.0000000000,0.0000000000,'2013-12-06 17:49:28','Shipped'),(52,1,24,'Allistair Swinsco','8 edenside','Cargo','Carlisle','England','CA6 4AQ','GB','Allistair Swinsco','8 edenside','Cargo','Carlisle','England','CA6 4AQ','GB','',33.9500000000,38.9500000000,'',0.0000000000,'Online','Flat Rate Shipping','UK Carrier','FlatRate',5.0000000000,0.0000000000,0.0000000000,'2013-12-06 18:24:10','Shipped'),(53,1,25,'','31 St Giles Park','Brough with St Giles','Catterick Garrison','North Yorkshire','DL9 4XA','GB','Jane McEwen','31 St Giles Park','Brough with St Giles','Catterick Garrison','North Yorkshire','DL9 4XA','GB','',12.9500000000,12.9500000000,'',0.0000000000,'Online','','',NULL,0.0000000000,0.0000000000,0.0000000000,'2013-12-06 20:04:30','Shipped'),(54,1,26,'','42 station road','Stokesley ','Middlesbrough','','TS9 5AJ','GB','Alison Ramsdale','42 station road','Stokesley ','Middlesbrough','','TS9 5AJ','GB','',11.8500000000,16.8500000000,'',0.0000000000,'Online','Flat Rate Shipping','UK Carrier','FlatRate',5.0000000000,0.0000000000,0.0000000000,'2013-12-07 19:24:16','Shipped'),(55,1,27,'','75','Wentcliffe Road','Knottingley','','WF11 8QP','GB','Helen Hartley','75','Wentcliffe Road','Knottingley','','WF11 8QP','GB','',46.9000000000,51.9000000000,'',0.0000000000,'Online','Flat Rate Shipping','UK Carrier','FlatRate',5.0000000000,0.0000000000,0.0000000000,'2013-12-07 20:15:25','Shipped'),(56,1,28,'','12 Ashburn Croft','Greystoke','Penrith','Cumbria','CA11 0UL','GB','John Fleet','12 Ashburn Croft','Greystoke','Penrith','Cumbria','CA11 0UL','GB','',29.9500000000,34.9500000000,'',0.0000000000,'Online','Flat Rate Shipping','UK Carrier','FlatRate',5.0000000000,0.0000000000,0.0000000000,'2013-12-08 11:01:32','Shipped'),(58,1,29,'Susan Travis','101 The Parklands','','Cockermouth','Cumbria','CA13 0XJ','GB','Susan Travis','101 The Parklands','','Cockermouth','Cumbria','CA13 0XJ','GB','',595.0000000000,595.0000000000,'',0.0000000000,'Online','','',NULL,0.0000000000,0.0000000000,0.0000000000,'2013-12-09 10:20:00',''),(60,1,31,'Mr Eoin Brunton','23 Fellside Grove','','Carlisle','Cumbria','CA2 7SW','GB','Anouska Chisholm','23 Fellside Grove','','Carlilse','Cumbria','CA2 7SW','GB','',595.0000000000,600.0000000000,'',0.0000000000,'Online','Flat Rate Shipping','UK Carrier','FlatRate',5.0000000000,0.0000000000,0.0000000000,'2013-12-09 16:40:44','Shipped'),(61,1,32,'','6 Shummard Close','Biddick Woods','Houghton -le-Spring','Tyne and Wear','DH4 7TP','GB','Sandra Hannah','6 Shummard Close','Biddick Woods','Houghton -le-Spring','Tyne and Wear','DH4 7TP','GB','',33.9500000000,38.9500000000,'',0.0000000000,'Online','Flat Rate Shipping','UK Carrier','FlatRate',5.0000000000,0.0000000000,0.0000000000,'2013-12-09 18:19:15','Shipped'),(63,1,34,'Mr D Brinsden','56 Woodside Road','','Woodside','London','SE25 5DY','GB','stephen brinsden','the laurels ','','beckermet','cumbria','CA21 2XB','GB','',12.9500000000,17.9500000000,'',0.0000000000,'Online','Flat Rate Shipping','UK Carrier','FlatRate',5.0000000000,0.0000000000,0.0000000000,'2013-12-09 21:40:43','Shipped'),(64,1,35,'tracey foster','4 meadow view','lowca','whitehaven,cumbria','','CA28 6QF','GB','tracey foster','4 meadow view','lowca','whitehaven,cumbria','','CA28 6QF','GB','',59.9000000000,64.9000000000,'',0.0000000000,'Online','Flat Rate Shipping','UK Carrier','FlatRate',5.0000000000,0.0000000000,0.0000000000,'2013-12-10 15:34:15','Shipped'),(65,1,36,'','14 kirkgate','','cockermouth','','CA13 9PJ','GB','chris davidson','14 kirkgate','','cockermouth','','CA13 9PJ','GB','',29.9500000000,29.9500000000,'',0.0000000000,'Online','','',NULL,0.0000000000,0.0000000000,0.0000000000,'2013-12-10 16:01:01',''),(67,1,12,'Laura Simson','24 Parklands','Hamsterley Mill','Newcastle Upon Tyne','Durham','NE39 1HH','GB','Laura Simson','24 Parklands','Hamsterley Mill','Newcastle Upon Tyne','Durham','NE39 1HH','GB','',595.0000000000,595.0000000000,'',0.0000000000,'Online','No Shipping','No Shipping','NoShipping',0.0000000000,0.0000000000,0.0000000000,'2013-12-10 17:18:31','Cancelled'),(68,1,37,'Jennifer Greenbank','I.M Group LTD, I.M House','South Drive','Coleshill','','B46 1DF','GB','Graham Hetherington','11 Norfolk Street','','Leamington Spa','','CV32 5YQ','GB','',12.9500000000,17.9500000000,'',0.0000000000,'Online','Flat Rate Shipping','UK Carrier','FlatRate',5.0000000000,0.0000000000,0.0000000000,'2013-12-10 20:53:12','Shipped'),(69,1,38,'','9 Ashgrove','','COCKERMOUTH','Cumbria','CA13 9RQ','GB','Glyn Addicott','9 Ashgrove','','COCKERMOUTH','Cumbria','CA13 9RQ','GB','',59.9000000000,64.9000000000,'',0.0000000000,'Online','Flat Rate Shipping','UK Carrier','FlatRate',5.0000000000,0.0000000000,0.0000000000,'2013-12-10 21:20:03','Shipped'),(70,1,39,'Matthew Chandler','Strand Hanson Limited','26 Mount Row','London','','W1K 3SQ','GB','Matthew Chandler','2 Waldo Close','Clapham','London','','SW4 9EY','GB','',63.9000000000,68.9000000000,'',0.0000000000,'Online','Flat Rate Shipping','UK Carrier','FlatRate',5.0000000000,0.0000000000,0.0000000000,'2013-12-11 10:29:08','Shipped'),(71,1,40,'','15 Granhams Road','Great Shelford','Cambridge','Cambridgeshire','CB22 5JX','GB','Jemma Jones','15 Granhams Road','Great Shelford','Cambridge','Cambridgeshire','CB22 5JX','GB',NULL,12.9500000000,17.9500000000,'',0.0000000000,'Online','Flat Rate Shipping','UK Carrier','FlatRate',5.0000000000,0.0000000000,0.0000000000,'2013-12-11 12:30:03',''),(72,1,41,'Nicholas charlton','Heatherside ','Maryport road','Dearham','Cumbria','CA15 7BA','GB','Nicholas Charlton','13 Mandle terrace','Netherton ','Maryport ','Cumbria','CA15 7BA','GB',NULL,37.9000000000,42.9000000000,'',0.0000000000,'Online','Flat Rate Shipping','UK Carrier','FlatRate',5.0000000000,0.0000000000,0.0000000000,'2013-12-11 13:42:26',''),(73,1,42,'','Barn Cottage','Main Street, Greysouthen','Cockermouth','Cumbria','CA13 0UG','GB','James Scully','Barn Cottage','Main Street, Greysouthen','Cockermouth','Cumbria','CA13 0UG','GB','',46.9000000000,51.9000000000,'',0.0000000000,'Online','Flat Rate Shipping','UK Carrier','FlatRate',5.0000000000,0.0000000000,0.0000000000,'2013-12-11 14:57:53','Shipped'),(74,1,43,'','The Coach House','Hazel Grove Farm, Yealand Redm','Carnforth','Lancashire','LA59RW','GB','David Prescott','The Coach House','Hazel Grove Farm, Yealand Redm','Carnforth','Lancashire','LA5 9RW','GB','',33.9500000000,38.9500000000,'',0.0000000000,'Online','Flat Rate Shipping','UK Carrier','FlatRate',5.0000000000,0.0000000000,0.0000000000,'2013-12-11 16:31:02','Shipped'),(75,1,44,'','22 Merlin Drive','Moresby Parks','Whitehaven','Cumbria','CA28 8YE','GB','vanessa ray','22 Merlin Drive','Moresby Parks','Whitehaven','Cumbria','CA28 8YE','GB','',29.9500000000,34.9500000000,'',0.0000000000,'Online','Flat Rate Shipping','UK Carrier','FlatRate',5.0000000000,0.0000000000,0.0000000000,'2013-12-11 18:33:01','Shipped'),(76,1,45,'','2 Teal Close','Baldwins Gate','Newcastle under Lyme','Staffordshire','ST5 5LL','GB','Heather Johnston','2 Teal Close','Baldwins Gate','Newcastle under Lyme','Staffordshire','ST5 5LL','GB','',29.9500000000,34.9500000000,'',0.0000000000,'Online','Flat Rate Shipping','UK Carrier','FlatRate',5.0000000000,0.0000000000,0.0000000000,'2013-12-11 18:45:03','Shipped'),(77,1,46,'Rebecca Weston','28 Lowscales Drive','','Cockermouth','','CA13 9DS','GB','Rebecca Weston','28 Lowscales Drive','','Cockermouth','','CA13 9DS','GB','',624.9500000000,629.9500000000,'',0.0000000000,'Online','Flat Rate Shipping','UK Carrier','FlatRate',5.0000000000,0.0000000000,0.0000000000,'2013-12-11 19:13:41','Shipped'),(78,1,47,'Christopher Douglas','4 Coxs Close','','Beccles','Suffolk','NR34 9HX','GB','Linda Douglas','20 woodside terrace','','chopwell','gateshead','NE17 7EQ','GB','',29.9500000000,34.9500000000,'',0.0000000000,'Online','Flat Rate Shipping','UK Carrier','FlatRate',5.0000000000,0.0000000000,0.0000000000,'2013-12-11 23:25:20','Shipped'),(79,1,48,'Tom Reeves','4 the Wynd','Wynyard','Billingham ','','TS22 5QE','GB','Tom Reeves','4 the Wynd','Wynyard','Billingham ','','TS22 5QE','GB','',33.9500000000,38.9500000000,'',0.0000000000,'Online','Flat Rate Shipping','UK Carrier','FlatRate',5.0000000000,0.0000000000,0.0000000000,'2013-12-12 00:10:29','Shipped'),(83,1,49,'','23 Dene View','South Gosforth','Newcastle upon Tyne','Tyne and Wear','NE3 1PU','GB','Cathrine Degnen','23 Dene View','South Gosforth','Newcastle upon Tyne','Tyne and Wear','NE3 1PU','GB','',12.9500000000,17.9500000000,'',0.0000000000,'Online','Flat Rate Shipping','UK Carrier','FlatRate',5.0000000000,0.0000000000,0.0000000000,'2013-12-12 12:57:44','Shipped'),(84,1,50,'Iron Mountain','Prima House','Premier Way, Oulton','leeds','','LS26 8ZA','GB','helen wilson','37 woollin crescent','west ardsley','wakefield','','WF3 1ET','GB','',29.9500000000,34.9500000000,'',0.0000000000,'Online','Flat Rate Shipping','UK Carrier','FlatRate',5.0000000000,0.0000000000,0.0000000000,'2013-12-12 15:09:20','Shipped'),(85,1,51,'Nicholas charlton','Heatherside','Maryport road','Dearham','Cumbria','CA15 7EE','GB','Nicholas charlton','Heatherside','Maryport road','Dearham','Cumbria','CA15 7EE','GB',NULL,37.9000000000,42.9000000000,'',0.0000000000,'Online','Flat Rate Shipping','UK Carrier','FlatRate',5.0000000000,0.0000000000,0.0000000000,'2013-12-12 19:51:05',''),(86,1,52,'','Heatherside','Maryport road','Dearham','Cumbria','Ca15 7ba','GB','Nicholas Charlton ','Heatherside','Maryport road','Dearham','Cumbria','CA15 7BA','GB','',37.9000000000,42.9000000000,'',0.0000000000,'Online','Flat Rate Shipping','UK Carrier','FlatRate',5.0000000000,0.0000000000,0.0000000000,'2013-12-12 21:51:40','Shipped'),(87,1,53,'','8 Addison Drive','Littlemore','Oxford','Oxfordshire','ox4 3ud','GB','Sophie Khatib-Shahidi','8 Addison Drive','Littlemore','Oxford','Oxfordshire','OX4 3UD','GB',NULL,29.9500000000,34.9500000000,'',0.0000000000,'Online','Flat Rate Shipping','UK Carrier','FlatRate',5.0000000000,0.0000000000,0.0000000000,'2013-12-13 16:22:24',''),(88,1,54,'','Summerlea, ','3 Grantsfield','Maxton, Melrose','Roxburghshire','TD6 0RR','GB','Trudy Leitch','Summerlea, ','3 Grantsfield','Maxton, Melrose','Roxburghshire','TD6 0RR','GB',NULL,29.9500000000,34.9500000000,'',0.0000000000,'Online','Flat Rate Shipping','UK Carrier','FlatRate',5.0000000000,0.0000000000,0.0000000000,'2013-12-13 18:35:59',''),(89,1,55,'','23 Westcliff Gardens','23 Westcliff Gardens','APPLETON','CHESHIRE','WA4 5FQ','GB','Susan Dalton','23 Westcliff Gardens','23 Westcliff Gardens','APPLETON','CHESHIRE','WA4 5FQ','GB','',29.9500000000,31.9500000000,'paulcurriewhisky',3.0000000000,'Online','Flat Rate Shipping','UK Carrier','FlatRate',5.0000000000,0.0000000000,0.0000000000,'2013-12-13 19:50:39','Shipped'),(90,1,56,'','122 Tycroes Road','Tycroes','Ammanford','','SA18 3NS','GB','David Evans','122 Tycroes Road','Tycroes','Ammanford','','SA18 3NS','GB','',29.9500000000,31.9500000000,'paulcurriewhisky',3.0000000000,'Online','Flat Rate Shipping','UK Carrier','FlatRate',5.0000000000,0.0000000000,0.0000000000,'2013-12-13 19:50:43','Shipped'),(91,1,57,'','818 N. 14th Place','','Rogers','Arkansas','72756','US','Mike Henderson','818 N. 14th Place','','Rogers','Arkansas','72756','US',NULL,595.0000000000,595.0000000000,'',0.0000000000,'Online','No Shipping','No Shipping','NoShipping',0.0000000000,0.0000000000,0.0000000000,'2013-12-13 21:05:13',''),(93,1,59,'David Noble','15 Kirkbrae Drive','','Aberdeen','','AB15 9RH','GB','iain gray','23 samian way','','bristol','','BS34 8UQ','GB','',33.9500000000,38.9500000000,'',0.0000000000,'Online','Flat Rate Shipping','UK Carrier','FlatRate',5.0000000000,0.0000000000,0.0000000000,'2013-12-13 21:16:35','Shipped'),(94,1,59,'iain gray','23 samian way','','bristol','','BS34 8UQ','GB','iain gray','23 samian way','','bristol','','BS34 8UQ','GB','',23.7000000000,28.7000000000,'',0.0000000000,'Online','Flat Rate Shipping','UK Carrier','FlatRate',5.0000000000,0.0000000000,0.0000000000,'2013-12-13 21:19:23','Shipped'),(95,1,60,'','6, Eaton Road','Alsager','Stoke on Trent','Staffordshire','ST7 2BQ','GB','Rob Evans','6, Eaton Road','Alsager','Stoke on Trent','Staffordshire','ST7 2BQ','GB',NULL,29.9500000000,31.9500000000,'paulcurriewhisky',3.0000000000,'Online','Flat Rate Shipping','UK Carrier','FlatRate',5.0000000000,0.0000000000,0.0000000000,'2013-12-13 21:35:07',''),(97,1,61,'Denise Mason','106 Curwendale','Stainburn','Workington','Cumbria','CA14 4UT','GB','Denise Mason','106 Curwendale','Stainburn','Workington','Cumbria','CA14 4UT','GB','',67.9000000000,72.9000000000,'',0.0000000000,'Online','Flat Rate Shipping','UK Carrier','FlatRate',5.0000000000,0.0000000000,0.0000000000,'2013-12-13 22:34:24','Shipped'),(98,1,33,'Jeff Collin','12 Wilson Road','','Dunbar','','EH42 1GH','GB','Jeff Collin','12 Wilson Road','','Dunbar','','EH42 1GH','GB','',29.9500000000,31.9500000000,'paulcurriewhisky',3.0000000000,'Online','Flat Rate Shipping','UK Carrier','FlatRate',5.0000000000,0.0000000000,0.0000000000,'2013-12-14 08:32:22','Shipped'),(99,1,62,'Mr Andrew Crotty','41 Salisbury Close','Heolgerrig','Merthyr Tydfil','','CF48 1SD','GB','Anthony Crotty','170 High Road','Kells','Whitehaven','Cumbria','CA28 9ER','GB','',33.9500000000,38.9500000000,'',0.0000000000,'Online','Flat Rate Shipping','UK Carrier','FlatRate',5.0000000000,0.0000000000,0.0000000000,'2013-12-14 09:34:19','Shipped'),(101,1,63,'sarah keast','macallan','school hill','lindale','cumbria','LA11 6LE','GB','sarah keast','macallan','school hill','lindale','cumbria','LA11 6LE','GB',NULL,12.9500000000,17.9500000000,'',0.0000000000,'Online','Flat Rate Shipping','UK Carrier','FlatRate',5.0000000000,0.0000000000,0.0000000000,'2013-12-14 09:40:08',''),(102,1,64,'','9 Criffel Road','Parton','Whitehaven','Cumbria','Ca28 6rq','GB','Mark Wilson ','9 Criffel Road','Parton','Whitehaven','Cumbria','CA28 6RQ','GB','',33.9500000000,35.5500000000,'paulcurriewhisky',3.4000000000,'Online','Flat Rate Shipping','UK Carrier','FlatRate',5.0000000000,0.0000000000,0.0000000000,'2013-12-14 11:16:22','Shipped'),(103,1,65,'Dr E A Wainwright','The Marshside Surgery','117 Fylde Road','Southport','Merseyside','PR9 9XP','GB','Dr E A Wainwright','11','Gainsborough Road','Southport','Merseyside','PR8 2EY','GB','',33.9500000000,38.9500000000,'',0.0000000000,'Online','Flat Rate Shipping','UK Carrier','FlatRate',5.0000000000,0.0000000000,0.0000000000,'2013-12-14 16:55:24','Shipped'),(104,1,66,'','43 Lugley St','','Newport','Isle of Wight','PO30 5HA','GB','Jules Buckland','43 Lugley St','','Newport','Isle of Wight','PO30 5HA','GB','',29.9500000000,34.9500000000,'',0.0000000000,'Online','Flat Rate Shipping','UK Carrier','FlatRate',5.0000000000,0.0000000000,0.0000000000,'2013-12-14 22:20:51','Shipped'),(105,1,67,'Adam Kennedy','ATKINS CONSULTANTS LTD, ','INGWELL HALL, WESTLAKES SCI','MOOR ROW','Cumbria','CA24 3JZ','GB','Adam Kennedy','12 Formaston Park','','Aboyne','','AB34 5HF','GB','',12.9500000000,17.9500000000,'',0.0000000000,'Online','Flat Rate Shipping','UK Carrier','FlatRate',5.0000000000,0.0000000000,0.0000000000,'2013-12-14 23:37:43','Shipped'),(106,1,68,'Mr & Mrs H M Eilbeck','2 Kirkbeck Drive','','Beckermet','Cumbria','CA21 2YT','GB','David Eilbeck','The Garden House ','Windmill Road','Sevenoaks','Kent','TN13 1TN','GB','',29.9500000000,34.9500000000,'',0.0000000000,'Online','Flat Rate Shipping','UK Carrier','FlatRate',5.0000000000,0.0000000000,0.0000000000,'2013-12-15 10:42:19','Shipped'),(107,1,69,'Mr Michael Lenaghan','24 St Helens St','','Cockermouth','Cumbria','CA13 9HX','GB','Bret Adsley','14 Rectory Dene','','Morpeth','Northumberland','NE61 2TD','GB','',33.9500000000,38.9500000000,'',0.0000000000,'Online','Flat Rate Shipping','UK Carrier','FlatRate',5.0000000000,0.0000000000,0.0000000000,'2013-12-15 11:17:09','Shipped'),(108,1,70,'','Elderbrook','Haile','Egremont','Cumbria','CA22 2PD','GB','Paul Maxwell','Elderbrook','Haile','Egremont','Cumbria','CA22 2PD','GB','',33.9500000000,38.9500000000,'',0.0000000000,'Online','Flat Rate Shipping','UK Carrier','FlatRate',5.0000000000,0.0000000000,0.0000000000,'2013-12-15 13:51:50','Shipped'),(109,1,58,'Amy Bowe','99 Shaftesbury avenue','Northshore','Blackpool','Lancashire','FY2 9UZ','GB','Amy Bowe','99 Shaftesbury avenue','Northshore','Blackpool','Lancashire','FY2 9UZ','GB','',33.9500000000,38.9500000000,'',0.0000000000,'Online','Flat Rate Shipping','UK Carrier','FlatRate',5.0000000000,0.0000000000,0.0000000000,'2013-12-15 14:27:25','Shipped'),(111,1,71,'Akira Uk Ltd','Warwick Mill Business Village','Warwick Bridge','Carlisle','Cumbria','CA4 8RR','GB','Bryan Miller','Hollies','Townhead Court','Carlisle','Cumbria','CA4 8DJ','GB','',33.9500000000,35.5500000000,'paulcurriewhisky',3.4000000000,'Online','Flat Rate Shipping','UK Carrier','FlatRate',5.0000000000,0.0000000000,0.0000000000,'2013-12-15 15:22:43','Shipped'),(112,1,72,'','Hall Garth','Eaglesfield','Cockermouth','Cumbria','CA13 0SD','GB','Peter Bailey','Hall Garth','Eaglesfield','Cockermouth','Cumbria','CA13 0SD','GB',NULL,29.9500000000,31.9500000000,'paulcurriewhisky',3.0000000000,'Online','Flat Rate Shipping','UK Carrier','FlatRate',5.0000000000,0.0000000000,0.0000000000,'2013-12-15 16:55:52',''),(113,1,73,'','30 Maple Close','Maryport','Cumbria','','CA15 7DF','GB','Miss Sian C Lynch','30 Maple Close','Maryport','Cumbria','','CA15 7DF','GB','',29.9500000000,34.9500000000,'',0.0000000000,'Online','Flat Rate Shipping','UK Carrier','FlatRate',5.0000000000,0.0000000000,0.0000000000,'2013-12-15 19:54:16','Shipped'),(115,1,75,'Andrea Hardie-Knight','20 Lonsdale Terrace','Crosby Villa','Maryport','Cumbria','CA15 6TL','GB','Andrea Hardie-Knight','20 Lonsdale Terrace','Crosby Villa','Maryport','Cumbria','CA15 6TL','GB','',29.9500000000,34.9500000000,'',0.0000000000,'Online','Flat Rate Shipping','UK Carrier','FlatRate',5.0000000000,0.0000000000,0.0000000000,'2013-12-16 11:04:55','Shipped'),(116,1,76,'','37 station street','37 Station Street','Cockermouth','Cumbria','CA13 9QW','GB','claire MURRAY','37 station street','37 Station Street','Cockermouth','Cumbria','CA13 9QW','GB','',29.9500000000,31.9500000000,'paulcurriewhisky',3.0000000000,'Online','Flat Rate Shipping','UK Carrier','FlatRate',5.0000000000,0.0000000000,0.0000000000,'2013-12-16 12:32:33','Shipped'),(117,1,77,'Patricia Duckett','Townhead farmhouse','North road Holme','Carnforth','Lancashire','LA6 1QG','GB','Patricia Duckett','Townhead farmhouse','North road Holme','Carnforth','Lancashire','LA6 1QG','GB','',29.9500000000,31.9500000000,'paulcurriewhisky',3.0000000000,'Online','Flat Rate Shipping','UK Carrier','FlatRate',5.0000000000,0.0000000000,0.0000000000,'2013-12-16 20:19:26','Shipped'),(118,1,78,'','27','Strawberry How','Cockermouth','Cumbria','CA13 9XZ','GB','George Royston-Bishop','27','Strawberry How','Cockermouth','Cumbria','CA13 9XZ','GB','',119.8000000000,112.8200000000,'paulcurriewhisky',11.9800000000,'Online','Flat Rate Shipping','UK Carrier','FlatRate',5.0000000000,0.0000000000,0.0000000000,'2013-12-16 21:18:01','Shipped'),(120,1,79,'Dr Alex Watson','60 Lichfield Road','','Cambridge','','CB1 3TP','GB','Peter James','56 Asby Road','Asby ','Workington','Cumbria','CA14 4RZ','GB','',29.9500000000,34.9500000000,'',0.0000000000,'Online','Flat Rate Shipping','UK Carrier','FlatRate',5.0000000000,0.0000000000,0.0000000000,'2013-12-16 21:56:59','Shipped'),(123,1,81,'','71 Morston Road','Blakeney','Holt','Norfolk','NR25 7BD','GB','Nigel Sutcliffe','71 Morston Road','Blakeney','Holt','Norfolk','NR25 7BD','GB','',595.0000000000,595.0000000000,'',0.0000000000,'Online','No Shipping','No Shipping','NoShipping',0.0000000000,0.0000000000,0.0000000000,'2013-12-17 09:52:35','Shipped'),(124,1,82,'','Green Mount','Brough Sowerby','Kirkby Stephen','Cumbria','CA174EG','GB','Jacqueline Thornborrow','Green Mount','Brough Sowerby','Kirkby Stephen','Cumbria','CA17 4EG','GB','',29.9500000000,34.9500000000,'',0.0000000000,'Online','Flat Rate Shipping','UK Carrier','FlatRate',5.0000000000,0.0000000000,0.0000000000,'2013-12-17 10:22:29','Shipped'),(126,1,84,'Helen Tozer','Bridge House Farm','Button Street   INGLEWHITE','Nr Preston','','PR3 2LE','GB','Helen Tozer','Bridge House Farm','Button Street   INGLEWHITE','Nr Preston','','PR3 2LE','GB','',7.9000000000,12.1100000000,'PAULCURRIEWHISKY',0.7900000000,'Online','Flat Rate Shipping','UK Carrier','FlatRate',5.0000000000,0.0000000000,0.0000000000,'2013-12-17 11:25:40','Shipped'),(127,1,85,'Alex Raison','JHC, 3rd Floor, ','St Nicholas Building','Newcastle','Tyne & Wear','NE1 1RF','GB','Alex Raison','60 Brinkburn Avenue','','Gateshead','','NE8 4JT','GB','',29.9500000000,31.9500000000,'paulcurriewhisky',3.0000000000,'Online','Flat Rate Shipping','UK Carrier','FlatRate',5.0000000000,0.0000000000,0.0000000000,'2013-12-17 21:13:07','Shipped'),(128,1,86,'mr & mrs armstrong','82a tycehurst hill','','loughton','essex','IG10 1BU','GB','keith harrison','3 curzon street','','maryport','cumbria','CA15 6LL','GB','',33.9500000000,38.9500000000,'',0.0000000000,'Online','Flat Rate Shipping','UK Carrier','FlatRate',5.0000000000,0.0000000000,0.0000000000,'2013-12-17 21:54:13','Shipped'),(129,1,87,'anna woolley','7','Ffordd Celyn','Mold','','CH7 6SS','GB','anna woolley','7','Ffordd Celyn','Mold','','CH7 6SS','GB','',29.9500000000,31.9500000000,'paulcurriewhisky',3.0000000000,'Online','Flat Rate Shipping','UK Carrier','FlatRate',5.0000000000,0.0000000000,0.0000000000,'2013-12-18 08:48:38','Shipped'),(130,1,12,'Laura Simson','24 Parklands','Hamsterley Mill','Newcastle Upon Tyne','Durham','NE39 1HH','GB','Laura Simson','24 Parklands','Hamsterley Mill','Newcastle Upon Tyne','Durham','NE39 1HH','GB','',3.9500000000,8.9500000000,'',0.0000000000,'Online','Flat Rate Shipping','UK Carrier','FlatRate',5.0000000000,0.0000000000,0.0000000000,'2013-12-18 11:05:02',''),(131,1,88,'','Treetops','Ullock','Workington','Cumbria','CA14 4TP','GB','Marion Wilson','Treetops','Ullock','Workington','Cumbria','CA14 4TP','GB','',29.9500000000,34.9500000000,'',0.0000000000,'Online','Flat Rate Shipping','UK Carrier','FlatRate',5.0000000000,0.0000000000,0.0000000000,'2013-12-18 13:35:17','Shipped'),(134,1,80,'ewqeqwe','wqeqweqw','qwewqeqwe','wdeqweqwe','qeqweqweq','673306','IN','ewqeqwe','wqeqweqw','qwewqeqwe','wdeqweqwe','qeqweqweq','673306','IN','',4789.9500000000,4794.9500000000,'',0.0000000000,'Online','Flat Rate Shipping','UK Carrier','FlatRate',5.0000000000,0.0000000000,0.0000000000,'2013-12-18 15:37:10','Cancelled'),(135,1,89,'','14 beacon park drive','Skegness','Lincolnshire','','Pe251he','GB','Allan Copson','14 beacon park drive','Skegness','Lincolnshire','','PE25 1HE','GB','---Comment via Paypal IPN---\r\nCould this be delivered before christmas many thanks mr copson',33.9500000000,38.9500000000,'',0.0000000000,'Online','Flat Rate Shipping','UK Carrier','FlatRate',5.0000000000,0.0000000000,0.0000000000,'2013-12-18 18:44:45','Shipped'),(137,1,4,'Jim Bean','CAA Floor 1, Atlantic House','Atlas Business Park, Simonsway','Wythenshawe','Manchester','M22 5PR','GB','Claire Jobling','Southside','Newcastle International Airpor','Woolsington','Tyne and Wear','NE13 8BT','GB','',33.9500000000,35.5500000000,'paulcurriewhisky',3.4000000000,'Online','Flat Rate Shipping','UK Carrier','FlatRate',5.0000000000,0.0000000000,0.0000000000,'2013-12-19 07:17:02','Shipped'),(138,1,4,'Howard Mersey','Civil Aviation Authority','Aviation House','Gatwick Airport South','West Sussex','RH6 0YR','GB','Claire Jobling','Southside','Newcastle International Airpor','Woolsington','Tyne and Wear','NE13 8BT','GB','',46.9000000000,47.2000000000,'paulcurriewhisky',4.7000000000,'Online','Flat Rate Shipping','UK Carrier','FlatRate',5.0000000000,0.0000000000,0.0000000000,'2013-12-19 07:24:48','Shipped'),(139,1,90,'Melanie Brownridge','83 the Parklands','','Cockermouth ','Cumbria','CA13 0XJ','GB','Melanie Brownridge','83 the Parklands','','Cockermouth ','Cumbria','CA13 0XJ','GB','',29.9500000000,31.9500000000,'Paulcurriewhisky',3.0000000000,'Online','Flat Rate Shipping','UK Carrier','FlatRate',5.0000000000,0.0000000000,0.0000000000,'2013-12-19 08:36:15','Shipped'),(140,1,91,'','19 salkeld road','','penrith','cumbria','ca11 8ra','GB','rachel woof','19 salkeld road','','penrith','cumbria','CA11 8RA','GB','',7.9000000000,12.1100000000,'paulcurriewhisky',0.7900000000,'Online','Flat Rate Shipping','UK Carrier','FlatRate',5.0000000000,0.0000000000,0.0000000000,'2013-12-19 10:24:42','Shipped'),(141,1,92,'Philip Allison','Enkev House,','Silloth Industrial Estate,','Silloth, Wigton','Cumbria','CA7 4NS','GB','Philip Allison','Enkev House,','Silloth Industrial Estate,','Silloth, Wigton','Cumbria','CA7 4NS','GB','',33.9500000000,38.9500000000,'',0.0000000000,'Online','Flat Rate Shipping','UK Carrier','FlatRate',5.0000000000,0.0000000000,0.0000000000,'2013-12-19 10:42:09','Shipped'),(142,1,93,'','47 Ashington Drive','','Choppington','','NE62 5XR','GB','Robert Wilson','47 Ashington Drive','','Choppington','','NE62 5XR','GB','',595.0000000000,595.0000000000,'',0.0000000000,'Online','No Shipping','No Shipping','NoShipping',0.0000000000,0.0000000000,0.0000000000,'2013-12-19 16:01:11','Shipped'),(143,1,94,'39','WARWICK CLOSE','','DUKINFIELD','CHESHIRE','SK16 5SD','GB','39','WARWICK CLOSE','','DUKINFIELD','CHESHIRE','SK16 5SD','GB','',12.9500000000,16.6500000000,'paulcurriewhisky',1.3000000000,'Online','Flat Rate Shipping','UK Carrier','FlatRate',5.0000000000,0.0000000000,0.0000000000,'2013-12-19 17:30:35','Shipped'),(144,1,95,'David T Smith','24 Hollybank Road','','Hythe','','SO45 5FQ','GB','David T Smith','Flat','15A South Street','Havant','','PO9 1BU','GB',NULL,3.9500000000,8.5500000000,'paulcurriewhisky',0.4000000000,'Online','Flat Rate Shipping','UK Carrier','FlatRate',5.0000000000,0.0000000000,0.0000000000,'2013-12-19 18:17:37',''),(145,1,96,'','47','Weavers avenue','Frizington','Cumbria','Ca26 3at','GB','Claire Beeby','47','Weavers avenue','Frizington','Cumbria','CA26 3AT','GB','',29.9500000000,34.9500000000,'',0.0000000000,'Online','Flat Rate Shipping','UK Carrier','FlatRate',5.0000000000,0.0000000000,0.0000000000,'2013-12-20 14:04:08','Shipped'),(147,1,98,'','20 Ellerbeck Lane','Workington','Cumbria','','CA14 4HE','GB','Mr P McKenna','20 Ellerbeck Lane','Workington','Cumbria','','CA14 4HE','GB','',33.9500000000,38.9500000000,'',0.0000000000,'Online','Flat Rate Shipping','UK Carrier','FlatRate',5.0000000000,0.0000000000,0.0000000000,'2013-12-20 17:16:01','Shipped'),(148,1,99,'','7 davis close','alsager','stoke on trent','cheshire','st72yp','GB','Geoff chatterley','7 davis close','alsager','stoke on trent','cheshire','ST7 2YP','GB','',33.9500000000,38.9500000000,'',0.0000000000,'Online','Flat Rate Shipping','UK Carrier','FlatRate',5.0000000000,0.0000000000,0.0000000000,'2013-12-20 21:53:42','Shipped'),(149,1,100,'','arlecdon hill farm','arlecdon','frizington','cumbria','CA263UW','GB','david horner','arlecdon hill farm','arlecdon','frizington','cumbria','CA26 3UW','GB','',29.9500000000,34.9500000000,'',0.0000000000,'Online','Flat Rate Shipping','UK Carrier','FlatRate',5.0000000000,0.0000000000,0.0000000000,'2013-12-21 20:19:40','Shipped'),(150,1,101,'','the paddock ,ellerbeck farm ,','brigham ','cockermouth','cumbria','ca13 0sy','GB','paul bean','the paddock ,ellerbeck farm ,','brigham ','cockermouth','cumbria','CA13 0SY','GB','',29.9500000000,34.9500000000,'',0.0000000000,'Online','Flat Rate Shipping','UK Carrier','FlatRate',5.0000000000,0.0000000000,0.0000000000,'2013-12-23 08:22:30','Shipped'),(151,1,102,'','133 Broadhurst Gardens','','London','','NW63BJ','GB','Daniel Szor','133 Broadhurst Gardens','','London','','NW6 3BJ','GB','',29.9500000000,34.9500000000,'',0.0000000000,'Online','Flat Rate Shipping','UK Carrier','FlatRate',5.0000000000,0.0000000000,0.0000000000,'2013-12-23 21:06:49','Shipped'),(152,1,103,'','1 The Nurseries','Linstock','Carlisle','Cumbria','CA6 4RR','GB','Alastair Johnston','1 The Nurseries','Linstock','Carlisle','Cumbria','CA6 4RR','GB','',602.9000000000,607.9000000000,'',0.0000000000,'Online','Flat Rate Shipping','UK Carrier','FlatRate',5.0000000000,0.0000000000,0.0000000000,'2013-12-30 14:39:31','Shipped'),(155,1,104,'George Dudson','5 Alder Road','','Penrith','Cumbria','CA11 8TT','GB','George Dudson','5 Alder Road','','Penrith','Cumbria','CA11 8TT','GB','',12.9500000000,17.9500000000,'',0.0000000000,'Online','Flat Rate Shipping','UK Carrier','FlatRate',5.0000000000,0.0000000000,0.0000000000,'2014-01-02 10:55:07','Shipped'),(156,1,105,'','43 Bilsdale Grove','','Knaresborough','N. Yorks','HG5 0PX','GB','clive Wickenden','43 Bilsdale Grove','','Knaresborough','N. Yorks','HG5 0PX','GB','',595.0000000000,595.0000000000,'',0.0000000000,'Online','No Shipping','No Shipping','NoShipping',0.0000000000,0.0000000000,0.0000000000,'2014-01-05 19:35:08','Cancelled'),(157,1,106,'Samuel Scully','Barn Cottage','Main Street','Greysouthen','','CA13 0UG','GB','Samuel Scully','Barn Cottage','Main Street','Greysouthen','','CA13 0UG','GB','',33.9500000000,38.9500000000,'',0.0000000000,'Online','Flat Rate Shipping','UK Carrier','FlatRate',5.0000000000,0.0000000000,0.0000000000,'2014-01-06 14:59:14','Cancelled'),(158,1,107,'','1 Evesham Drive ','','Wilmslow ','Cheshire','SK9 4EG ','GB','Cynthia Tasset','1 Evesham Drive ','','Wilmslow ','Cheshire','SK9 4EG','GB','',87.6000000000,92.6000000000,'',0.0000000000,'Online','Flat Rate Shipping','UK Carrier','FlatRate',5.0000000000,0.0000000000,0.0000000000,'2014-01-08 22:16:44','Shipped'),(159,1,108,'j margach','63 roose road','','barrow-in-furness','cumbria','LA13 9RJ','GB','william margach','28 bow windows avenue','','barrow-in-furness','cumbria','LA13 0SF','GB','',97.8500000000,102.8500000000,'',0.0000000000,'Online','Flat Rate Shipping','UK Carrier','FlatRate',5.0000000000,0.0000000000,0.0000000000,'2014-01-10 18:26:09','Cancelled'),(160,1,105,'clive Wickenden','43 Bilsdale Grove','','Knaresborough','N. Yorks','HG5 0PX','GB','clive Wickenden','43 Bilsdale Grove','','Knaresborough','N. Yorks','HG5 0PX','GB','',595.0000000000,595.0000000000,'',0.0000000000,'Online','No Shipping','No Shipping','NoShipping',0.0000000000,0.0000000000,0.0000000000,'2014-01-11 20:17:52','Shipped'),(161,1,109,'','79B SUN GARDENS','','THORNABY','','TS17 6PL','GB','Dave Liggit','79B SUN GARDENS','','THORNABY','','TS17 6PL','GB','',595.0000000000,595.0000000000,'',0.0000000000,'Online','No Shipping','No Shipping','NoShipping',0.0000000000,0.0000000000,0.0000000000,'2014-01-13 22:50:07','Shipped'),(162,1,109,'Dave Liggit','79B SUN GARDENS','','THORNABY','','TS17 6PL','GB','Dave Liggit','79B SUN GARDENS','','THORNABY','','TS17 6PL','GB',NULL,684.8500000000,689.8500000000,'',0.0000000000,'Online','Flat Rate Shipping','UK Carrier','FlatRate',5.0000000000,0.0000000000,0.0000000000,'2014-01-13 23:13:59',''),(163,1,110,'','126B Shevington Lane','','Shevington','Lancashire','WN68BJ','GB','Brian Cole','126B Shevington Lane','','Shevington','Lancashire','WN6 8BJ','GB','',33.9500000000,38.9500000000,'',0.0000000000,'Online','Flat Rate Shipping','UK Carrier','FlatRate',5.0000000000,0.0000000000,0.0000000000,'2014-01-14 14:23:18','Shipped'),(164,1,111,'Heather Edgar','Irthing House','Gilsland','Brampton','Cumbria','CA8 7EP','GB','Heather Edgar','24 Sheehan Gardens','','Carlisle','Cumbria','CA2 7GY','GB','',12.9500000000,17.9500000000,'',0.0000000000,'Online','Flat Rate Shipping','UK Carrier','FlatRate',5.0000000000,0.0000000000,0.0000000000,'2014-01-15 19:21:52','Shipped'),(166,1,113,'','The Firs','Station Road','Carlisle','Cumbria','CA4 9PL','GB','Mark Tweddle','The Firs','Station Road','Carlisle','Cumbria','CA4 9PL','GB','',29.9500000000,34.9500000000,'',0.0000000000,'Online','Flat Rate Shipping','UK Carrier','FlatRate',5.0000000000,0.0000000000,0.0000000000,'2014-01-16 14:59:47','Shipped'),(167,1,114,'','27 Goodwood close','Shotley bridge','Consett','Co durham','Dh8 0uf','GB','Vicki Taylor','27 Goodwood close','Shotley bridge','Consett','Co durham','DH8 0UF','GB',NULL,33.9500000000,38.9500000000,'',0.0000000000,'Online','Flat Rate Shipping','UK Carrier','FlatRate',5.0000000000,0.0000000000,0.0000000000,'2014-01-18 09:01:25',''),(168,1,115,'','27 Goodwood Close','Shotley Bridge','Consett','Co Durham','DH8 0UF','GB','vicki taylor','27 Goodwood Close','Shotley Bridge','Consett','Co Durham','DH8 0UF','GB','',33.9500000000,38.9500000000,'',0.0000000000,'Online','Flat Rate Shipping','UK Carrier','FlatRate',5.0000000000,0.0000000000,0.0000000000,'2014-01-18 09:23:47','Shipped'),(169,1,116,'','14 Matthew Road, BLYTH, Northu','','Newcastle-Upon-Tyne','','NE24 3ET','GB','Lawrence Mason','14 Matthew Road, BLYTH, Northu','','Newcastle-Upon-Tyne','','NE24 3ET','GB',NULL,3.9500000000,8.9500000000,'',0.0000000000,'Online','Flat Rate Shipping','UK Carrier','FlatRate',5.0000000000,0.0000000000,0.0000000000,'2014-01-18 14:23:26',''),(170,1,117,'David Wright','40, Mill Meadow Court,','Norton,','Stockton on Tees.','Cleveland','TS20 2GA','GB','David Wright','40, Mill Meadow Court,','Norton,','Stockton on Tees.','Cleveland','TS20 2GA','GB','',29.9500000000,34.9500000000,'',0.0000000000,'Online','Flat Rate Shipping','UK Carrier','FlatRate',5.0000000000,0.0000000000,0.0000000000,'2014-01-18 18:55:09','Shipped'),(171,1,118,'Mr M A Bateman','305 Main Road','','Ipswich','Suffolk','IP5 2PR','GB','Christine Bateman','3 Burnside','Sellafield Road','Beckermet','Cumbria','CA21 2XL','GB','',33.9500000000,38.9500000000,'',0.0000000000,'Online','Flat Rate Shipping','UK Carrier','FlatRate',5.0000000000,0.0000000000,0.0000000000,'2014-01-19 20:05:57','Shipped'),(172,1,119,'','20 SERIN HOUSE DENTON GROVE','WESTERHOPE','NEWCASTLE UPON TYNE','Tyne and Wear','NE5 2LS','GB','DAVID ROBSON','20 SERIN HOUSE DENTON GROVE','WESTERHOPE','NEWCASTLE UPON TYNE','Tyne and Wear','NE5 2LS','GB','',7.9000000000,12.9000000000,'',0.0000000000,'Online','Flat Rate Shipping','UK Carrier','FlatRate',5.0000000000,0.0000000000,0.0000000000,'2014-01-21 18:41:47','Shipped'),(173,1,12,'Laura Simson','24 Parklands','Hamsterley Mill','Newcastle Upon Tyne','Durham','NE39 1HH','GB','Laura Simson','24 Parklands','Hamsterley Mill','Newcastle Upon Tyne','Durham','NE39 1HH','GB',NULL,63.9000000000,62.5000000000,'paulcurriewhisky',6.4000000000,'Online','Flat Rate Shipping','UK Carrier','FlatRate',5.0000000000,0.0000000000,0.0000000000,'2014-01-24 12:01:19',''),(174,1,120,'','Calva Hall','Greysouthen','Cockermouth','Cumbria','CA13 0UW','GB','Simon  Watson','Calva Hall','Greysouthen','Cockermouth','Cumbria','CA13 0UW','GB',NULL,33.9500000000,38.9500000000,'',0.0000000000,'Online','Flat Rate Shipping','UK Carrier','FlatRate',5.0000000000,0.0000000000,0.0000000000,'2014-01-24 16:38:28',''),(175,1,121,'philip davies','14 calder close','etherley dene','bishop auckland','co durham','DL14 0RT','GB','philip davies','14 calder close','etherley dene','bishop auckland','co durham','DL14 0RT','GB','',29.9500000000,34.9500000000,'',0.0000000000,'Online','Flat Rate Shipping','UK Carrier','FlatRate',5.0000000000,0.0000000000,0.0000000000,'2014-01-24 21:40:20','Shipped'),(176,1,122,'','26 Briscoe Crescent','','Whitehaven','Cumbria','CA28 6NQ','GB','Lisa Cork','26 Briscoe Crescent','','Whitehaven','Cumbria','CA28 6NQ','GB',NULL,29.9500000000,34.9500000000,'',0.0000000000,'Online','Flat Rate Shipping','UK Carrier','FlatRate',5.0000000000,0.0000000000,0.0000000000,'2014-01-25 10:10:18',''),(177,1,123,'','18 Uldale Road','Stainburn','Workington','Cumbria','CA14 4UR','GB','Ruth Johnson','18 Uldale Road','Stainburn','Workington','Cumbria','CA14 4UR','GB','',33.9500000000,38.9500000000,'',0.0000000000,'Online','Flat Rate Shipping','UK Carrier','FlatRate',5.0000000000,0.0000000000,0.0000000000,'2014-01-25 12:44:37','Shipped'),(178,1,124,'','Ericastraat 37','','Sittard','','6134 VW','NL','Paul Verstappen','Ericastraat 37','','Sittard','','6134 VW','NL','',12.9500000000,17.9500000000,'',0.0000000000,'Online','Flat Rate Shipping','UK Carrier','FlatRate',5.0000000000,0.0000000000,0.0000000000,'2014-01-25 13:22:25','Shipped'),(179,1,125,'Bridget Glanville','40, Denbigh Drive,','','Fareham','Hampshire','PO16 7PN','GB','Nora Heard','Flat 68, 145,Commercial Street','','London','London','E1 6EB','GB',NULL,33.9500000000,33.9500000000,'',0.0000000000,'Online',NULL,NULL,NULL,0.0000000000,0.0000000000,0.0000000000,'2014-01-27 14:20:29',''),(180,1,126,'Bridget Glanville','40, Denbigh Drive,','','Fareham','Hampshire','PO16 7PN','GB','Nora Heard','Flat 68, 145,Commercial Street','','London','London','E1 6EB','GB','',33.9500000000,35.5500000000,'paulcurriewhisky',3.4000000000,'Online','Flat Rate Shipping','UK Carrier','FlatRate',5.0000000000,0.0000000000,0.0000000000,'2014-01-27 14:20:30','Shipped'),(181,1,127,'','Galines str. 48','','Vilnius','','00001','LT','Mindo Banaitis','Galines str. 48','','Vilnius','','00001','LT','',29.9500000000,34.9500000000,'',0.0000000000,'Online','Flat Rate Shipping','UK Carrier','FlatRate',5.0000000000,0.0000000000,0.0000000000,'2014-01-28 18:48:49','Cancelled'),(182,1,128,'William Johnston','9 Ashby Street','','Maryport','Cumbria','CA15 7NL','GB','Melanie Buttle','37 Cranmore Crescent','','Leeds','West Yorkshire','LS10 4AN','GB','',29.9500000000,34.9500000000,'',0.0000000000,'Online','Flat Rate Shipping','UK Carrier','FlatRate',5.0000000000,0.0000000000,0.0000000000,'2014-01-30 10:51:47','Shipped'),(183,1,129,'','22 Larchwood','Harraton','Washington','','NE38 9BT','GB','Raymond Kirkland','22 Larchwood','Harraton','Washington','','NE38 9BT','GB','',12.9500000000,17.9500000000,'',0.0000000000,'Online','Flat Rate Shipping','UK Carrier','FlatRate',5.0000000000,0.0000000000,0.0000000000,'2014-01-30 18:17:54','Shipped'),(184,1,4,'Howard Mersey','Civil Aviation Authority','Aviation House','Gatwick Airport South','West Sussex','RH6 0YR','GB','Claire Jobling','Southside','Newcastle International Airpor','Woolsington','Tyne and Wear','NE13 8BT','GB',NULL,7.9000000000,7.9000000000,'',0.0000000000,'Online','Flat Rate Shipping','UK Carrier','FlatRate',0.0000000000,0.0000000000,0.0000000000,'2014-01-31 13:52:34',''),(185,1,130,'','10 Derby Road','','Boorowash','Derby','DE72 3HA','GB','John Undewrwood','10 Derby Road','','Boorowash','Derby','DE72 3HA','GB','',595.0000000000,595.0000000000,'',0.0000000000,'Online','No Shipping','No Shipping','NoShipping',0.0000000000,0.0000000000,0.0000000000,'2014-02-02 23:07:13','Shipped'),(186,1,131,'','street','','city','','4654','CH','ttt rrr','street','','city','','4654','CH',NULL,1785.0000000000,1785.0000000000,'',0.0000000000,'Online','No Shipping','No Shipping','NoShipping',0.0000000000,0.0000000000,0.0000000000,'2014-02-03 17:58:05',''),(187,1,132,'','347 Norbreck Road','Thornton cleveleys','Blackpool','Lancashire','fy5 1pb','GB','Jeannette.  mackay','347 Norbreck Road','Thornton cleveleys','Blackpool','Lancashire','FY5 1PB','GB','',12.9500000000,12.9500000000,'',0.0000000000,'Online','Flat Rate Shipping','UK Carrier','FlatRate',0.0000000000,0.0000000000,0.0000000000,'2014-02-03 20:31:45','Shipped'),(189,1,119,'DAVID ROBSON','20 SERIN HOUSE DENTON GROVE','WESTERHOPE','NEWCASTLE UPON TYNE','Tyne and Wear','NE5 2LS','GB','DAVID ROBSON','20 SERIN HOUSE DENTON GROVE','WESTERHOPE','NEWCASTLE UPON TYNE','Tyne and Wear','NE5 2LS','GB','',12.9500000000,12.9500000000,'',0.0000000000,'Online','Flat Rate Shipping','UK Carrier','FlatRate',0.0000000000,0.0000000000,0.0000000000,'2014-02-03 21:07:01','Shipped'),(191,1,133,'Mrs F.Graham','Yavneh College','Hillside Avenue','Borehamwood','Herts','WD6 1HL','GB','Nicholas Graham','12, Letchmore Road','','Radlett','Herts','WD7 8HT','GB','',89.8500000000,89.8500000000,'',0.0000000000,'Online','Flat Rate Shipping','UK Carrier','FlatRate',0.0000000000,0.0000000000,0.0000000000,'2014-02-04 08:34:44','Shipped'),(192,1,127,'Mindo Banaitis','Galines str. 48','','Vilnius','','00001','LT','Mindo Banaitis','Galines str. 48','','Vilnius','','00001','LT',NULL,29.9500000000,29.9500000000,'',0.0000000000,'Online','Flat Rate Shipping','UK Carrier','FlatRate',0.0000000000,0.0000000000,0.0000000000,'2014-02-04 15:10:44',''),(193,1,134,'James Bunting, Kaper','Farringdon Place','20 Farringdon Road','London','','EC1M 3HE','GB','James Bunting','The Nook','Rudgeway Park','Rudgeway','Bristol','BS35 3RU','GB','',7.9000000000,7.9000000000,'',0.0000000000,'Online','Flat Rate Shipping','UK Carrier','FlatRate',0.0000000000,0.0000000000,0.0000000000,'2014-02-05 15:39:21','Shipped'),(194,1,4,'Howard Mersey','Civil Aviation Authority','Aviation House','Gatwick Airport South','West Sussex','RH6 0YR','GB','Claire Jobling','Southside','Newcastle International Airpor','Woolsington','Tyne and Wear','NE13 8BT','GB',NULL,3.9500000000,0.0200000000,'brianwashere',3.9300000000,'Online','Flat Rate Shipping','UK Carrier','FlatRate',0.0000000000,0.0000000000,0.0000000000,'2014-02-06 17:03:09',''),(195,1,135,'Brian Jobling','23 Brockwell Drive','Sherburn Towers','Rowlands Gill','Tyne and Wear','NE39 2PX','GB','Brian Jobling','23 Brockwell Drive','Sherburn Towers','Rowlands Gill','Tyne and Wear','NE39 2PX','GB','',3.9500000000,0.0200000000,'brianwashere',3.9300000000,'Online','Flat Rate Shipping','UK Carrier','FlatRate',0.0000000000,0.0000000000,0.0000000000,'2014-02-06 18:20:36','Cancelled'),(196,1,136,'Michael Brown','10 Park Lane','','Thatcham','','RG18 3PJ','GB','Paul Lindsay','6 Acorn Close','','Basingstoke','','RG21 4PD','GB','',33.9500000000,33.9500000000,'',0.0000000000,'Online','Flat Rate Shipping','UK Carrier','FlatRate',0.0000000000,0.0000000000,0.0000000000,'2014-02-06 19:01:29','Shipped'),(197,1,137,'','16 fullerton road','hartford','northwich','cheshire','CW8 1SS','GB','graham alcock','16 fullerton road','hartford','northwich','cheshire','CW8 1SS','GB','',29.9500000000,29.9500000000,'',0.0000000000,'Online','Flat Rate Shipping','UK Carrier','FlatRate',0.0000000000,0.0000000000,0.0000000000,'2014-02-06 22:55:14',''),(200,1,139,'Michelle Bennett','1 Karen Way','Withymoor Village','Brierley Hill','West Midlands','DY5 2SN','GB','Michelle Bennett','1 Karen Way','Withymoor Village','Brierley Hill','West Midlands','DY5 2SN','GB',NULL,29.9500000000,29.9500000000,'',0.0000000000,'Online','Flat Rate Shipping','UK Carrier','FlatRate',0.0000000000,0.0000000000,0.0000000000,'2014-02-07 15:55:11',''),(202,1,142,'June Brittain','2 Peterlee Place','Alvaston','Derby','Derbyshire','DE24 0DN','GB','June Brittain','2 Peterlee Place','Alvaston','Derby','Derbyshire','DE24 0DN','GB',NULL,33.9000000000,33.9000000000,'',0.0000000000,'Online','Flat Rate Shipping','UK Carrier','FlatRate',0.0000000000,0.0000000000,0.0000000000,'2014-02-07 21:30:40',''),(203,1,142,'June Brittain','2 Peterlee Place','Alvaston','Derby','Derbyshire','DE24 0DN','GB','June Brittain','2 Peterlee Place','Alvaston','Derby','Derbyshire','DE24 0DN','GB','',33.9000000000,33.9000000000,'',0.0000000000,'Online','Flat Rate Shipping','UK Carrier','FlatRate',0.0000000000,0.0000000000,0.0000000000,'2014-02-07 21:36:27','Shipped'),(204,1,143,'nicola beattie','59 greystone road','','carlisle','cumbria','CA1 2DG','GB','nicola beattie','59 greystone road','','carlisle','cumbria','CA1 2DG','GB','',12.9500000000,12.9500000000,'',0.0000000000,'Online','Flat Rate Shipping','UK Carrier','FlatRate',0.0000000000,0.0000000000,0.0000000000,'2014-02-07 20:03:06','Shipped'),(205,1,144,'','10 Kirkland Fold','','Wigton','Cumbria','CA7 9LL','GB','Jonathan Marshall','10 Kirkland Fold','','Wigton','Cumbria','CA7 9LL','GB','',33.9500000000,33.9500000000,'',0.0000000000,'Online','Flat Rate Shipping','UK Carrier','FlatRate',0.0000000000,0.0000000000,0.0000000000,'2014-02-08 01:28:32','Shipped'),(207,1,141,'84','Burlington Street','','Manchester','Lancashire','M15 6HQ','GB','84','Burlington Street','','Manchester','Lancashire','M15 6HQ','GB','',3.9500000000,3.9500000000,'',0.0000000000,'Online','Flat Rate Shipping','UK Carrier','FlatRate',0.0000000000,0.0000000000,0.0000000000,'2014-02-08 09:32:15','Shipped'),(208,1,146,'Wordcrafts Geoff Adams','Unit 9, The Beaver Centre','Putney Rd West','Leicester','','LE2 7TD','GB','Geoff Adams','22 Coltsfoot way','Broughton Astley','Leicester','','LE9 6YX','GB','',33.9500000000,33.9500000000,'',0.0000000000,'Online','Flat Rate Shipping','UK Carrier','FlatRate',0.0000000000,0.0000000000,0.0000000000,'2014-02-08 09:33:52','Shipped'),(209,1,148,'James Bunting','Kaper, Farringdon Place','20 Farringdon Road','London','','EC1M 3HE','GB','James Bunting','Flat 3, 3 Bushnell Road','','London','','SW17 8QJ','GB','',3.9500000000,3.9500000000,'',0.0000000000,'Online','Flat Rate Shipping','UK Carrier','FlatRate',0.0000000000,0.0000000000,0.0000000000,'2014-02-08 11:16:05','Shipped'),(210,1,139,'Michelle Bennett','1 Karen Way','Withymoor Village','Brierley Hill','West Midlands','DY5 2SN','GB','Michelle Bennett','1 Karen Way','Withymoor Village','Brierley Hill','West Midlands','DY5 2SN','GB','',29.9500000000,29.9500000000,'',0.0000000000,'Online','Flat Rate Shipping','UK Carrier','FlatRate',0.0000000000,0.0000000000,0.0000000000,'2014-02-08 14:47:09','Shipped'),(211,1,150,'','84 LAUREL AVENUE','FOREST TOWN','MANSFIELD','','NG19 0DP','GB','ALBERT DAVIDSON','84 LAUREL AVENUE','FOREST TOWN','MANSFIELD','','NG19 0DP','GB','',29.9500000000,29.9500000000,'',0.0000000000,'Online','Flat Rate Shipping','UK Carrier','FlatRate',0.0000000000,0.0000000000,0.0000000000,'2014-02-08 15:52:18','Shipped'),(212,1,4,'Howard Mersey','Civil Aviation Authority','Aviation House','Gatwick Airport South','West Sussex','RH6 0YR','GB','Claire Jobling','Southside','Newcastle International Airpor','Woolsington','Tyne and Wear','NE13 8BT','GB',NULL,3.9500000000,0.0200000000,'brianwashere',3.9300000000,'Online','Flat Rate Shipping','UK Carrier','FlatRate',0.0000000000,0.0000000000,0.0000000000,'2014-02-08 16:17:23',''),(213,1,135,'Brian Jobling','23 Brockwell Drive','Sherburn Towers','Rowlands Gill','Tyne and Wear','NE39 2PX','GB','Brian Jobling','23 Brockwell Drive','Sherburn Towers','Rowlands Gill','Tyne and Wear','NE39 2PX','GB','',3.9500000000,0.0200000000,'brianwashere',3.9300000000,'Online','Flat Rate Shipping','UK Carrier','FlatRate',0.0000000000,0.0000000000,0.0000000000,'2014-02-08 16:24:05','Shipped'),(214,1,4,'Howard Mersey','Civil Aviation Authority','Aviation House','Gatwick Airport South','West Sussex','RH6 0YR','GB','Claire Jobling','Southside','Newcastle International Airpor','Woolsington','Tyne and Wear','NE13 8BT','GB','',3.9500000000,0.0200000000,'brianwashere',3.9300000000,'Online','Flat Rate Shipping','UK Carrier','FlatRate',0.0000000000,0.0000000000,0.0000000000,'2014-02-08 16:29:39','Shipped'),(216,1,4,'Howard Mersey','Civil Aviation Authority','Aviation House','Gatwick Airport South','West Sussex','RH6 0YR','GB','Claire Jobling','Southside','Newcastle International Airpor','Woolsington','Tyne and Wear','NE13 8BT','GB',NULL,3.9500000000,0.0200000000,'brianwashere',3.9300000000,'Online','Flat Rate Shipping','UK Carrier','FlatRate',0.0000000000,0.0000000000,0.0000000000,'2014-02-09 11:53:49',''),(217,1,4,'Howard Mersey','Civil Aviation Authority','Aviation House','Gatwick Airport South','West Sussex','RH6 0YR','GB','Claire Jobling','Southside','Newcastle International Airpor','Woolsington','Tyne and Wear','NE13 8BT','GB',NULL,3.9500000000,0.0200000000,'brianwashere',3.9300000000,'Online','Flat Rate Shipping','UK Carrier','FlatRate',0.0000000000,0.0000000000,0.0000000000,'2014-02-09 20:32:32',''),(219,1,135,'Brian Jobling','23 Brockwell Drive','Sherburn Towers','Rowlands Gill','Tyne and Wear','NE39 2PX','GB','Brian Jobling','23 Brockwell Drive','Sherburn Towers','Rowlands Gill','Tyne and Wear','NE39 2PX','GB','',3.9500000000,0.0200000000,'brianwashere',3.9300000000,'Online','Flat Rate Shipping','UK Carrier','FlatRate',0.0000000000,0.0000000000,0.0000000000,'2014-02-09 21:32:08','Cancelled'),(220,1,152,'','Southside','Newcastle International Airpor','Woolsington','Tyne and Wear','NE13 8BT','GB','Brian Jobling','Southside','Newcastle International Airpor','Woolsington','Tyne and Wear','NE13 8BT','GB','',3.9500000000,0.0200000000,'brianwashere',3.9300000000,'Online','Flat Rate Shipping','UK Carrier','FlatRate',0.0000000000,0.0000000000,0.0000000000,'2014-02-09 21:58:16','Cancelled'),(221,1,153,'Morag Bamber','Van Bodies (Lancs) Ltd','Eastgate, White Lund Ind Estat','Morecambe','Lancs','LA3 3DY','GB','Morag Bamber','4  The Shore','Bolton le Sands','Carnforth','Lancs','LA5 8JR','GB','',29.9500000000,29.9500000000,'',0.0000000000,'Online','Flat Rate Shipping','UK Carrier','FlatRate',0.0000000000,0.0000000000,0.0000000000,'2014-02-10 09:52:56','Shipped'),(223,1,154,'','33 North Platt Gardens','Ratho','Newbridge','Midlothian','EH288JU','GB','Nicola Kerr','33 North Platt Gardens','Ratho','Newbridge','Midlothian','EH28 8JU','GB','',12.9500000000,12.9500000000,'',0.0000000000,'Online','Flat Rate Shipping','UK Carrier','FlatRate',0.0000000000,0.0000000000,0.0000000000,'2014-02-10 10:54:03','Shipped'),(224,1,156,'Pool Cottage, Westington Mill','Park Road','','Chipping Campden','Gloucestershire','GL55 6EB','GB','Janice Hall','Mulberry','Catbrook','Chipping Campden','Gloucestershire','GL55 6DJ','GB','',33.9500000000,33.9500000000,'',0.0000000000,'Online','Flat Rate Shipping','UK Carrier','FlatRate',0.0000000000,0.0000000000,0.0000000000,'2014-02-10 11:05:51','Shipped'),(225,1,158,'','26 Briscoe crescent','','Whitehaven','Cumbria','CA286NQ','GB','Lisa Cork','26 Briscoe crescent','','Whitehaven','Cumbria','CA28 6NQ','GB','',29.9500000000,29.9500000000,'',0.0000000000,'Online','Flat Rate Shipping','UK Carrier','FlatRate',0.0000000000,0.0000000000,0.0000000000,'2014-02-10 15:11:36','Shipped'),(226,1,160,'','4 cyprian rust way','Soham','Ely','Cambridgeshire','Cb75ze','GB','Kevin Ernst','4 cyprian rust way','Soham','Ely','Cambridgeshire','CB7 5ZE','GB','',33.9500000000,33.9500000000,'',0.0000000000,'Online','Flat Rate Shipping','UK Carrier','FlatRate',0.0000000000,0.0000000000,0.0000000000,'2014-02-10 21:52:38','Shipped'),(227,1,161,'','Rydal Penrhos Senior School','Pwllycrochan Avenue','Colwyn Bay','Conwy','LL29 7BT','GB','Morgan Burgess','Rydal Penrhos Senior School','Pwllycrochan Avenue','Colwyn Bay','Conwy','LL29 7BT','GB',NULL,12.9500000000,12.9500000000,'',0.0000000000,'Online','Flat Rate Shipping','UK Carrier','FlatRate',0.0000000000,0.0000000000,0.0000000000,'2014-02-11 10:23:43',''),(228,1,164,'','Rydal Penrhos Senior School','Pwllycrochan Avenue','Colwyn Bay','Conwy','LL29 8QA','GB','Morgan Burgess','Rydal Penrhos Senior School','Pwllycrochan Avenue','Colwyn Bay','Conwy','LL29 8QA','GB','',12.9500000000,12.9500000000,'',0.0000000000,'Online','Flat Rate Shipping','UK Carrier','FlatRate',0.0000000000,0.0000000000,0.0000000000,'2014-02-11 14:31:59','Shipped'),(229,1,167,'HAnderson','3 Cleadon Towers','','South Shields','Tyne And Wear','NE34 8EN','GB','Hayley Anderson','39 Rothbury Avenue','','Gosforth','','NE3 3HJ','GB','',33.9500000000,33.9500000000,'',0.0000000000,'Online','Flat Rate Shipping','UK Carrier','FlatRate',0.0000000000,0.0000000000,0.0000000000,'2014-02-12 12:38:01','Shipped'),(230,1,168,'Chris Webb','12 Truro Drive','','Kidderminster','','DY11 6DN','GB','Chris Webb','9 Ludlow Road','','Kidderminster','','DY10 1NR','GB','',29.9500000000,29.9500000000,'',0.0000000000,'Online','Flat Rate Shipping','UK Carrier','FlatRate',0.0000000000,0.0000000000,0.0000000000,'2014-02-12 13:02:43','Shipped'),(231,1,169,'','27 Sheriff Lane','Eldwick','Bingley','West Yorkshire','BD16 3EN','GB','James Hammond','27 Sheriff Lane','Eldwick','Bingley','West Yorkshire','BD16 3EN','GB','',3.9500000000,3.9500000000,'',0.0000000000,'Online','Flat Rate Shipping','UK Carrier','FlatRate',0.0000000000,0.0000000000,0.0000000000,'2014-02-12 16:08:54','Shipped'),(232,1,12,'Laura Simson','24 Parklands','Hamsterley Mill','Newcastle Upon Tyne','Durham','NE39 1HH','GB','Laura Simson','24 Parklands','Hamsterley Mill','Newcastle Upon Tyne','Durham','NE39 1HH','GB','',3.9500000000,3.9500000000,'',0.0000000000,'Online','Flat Rate Shipping','UK Carrier','FlatRate',0.0000000000,0.0000000000,0.0000000000,'2014-02-13 16:40:21','Cancelled'),(233,1,175,'Mrs T Crtchlow','2 Bank House Farm','Guyzance','Acklington','Northumberland','NE65 9AP','GB','Lindsay Edmiston','7 Rosemary Close','Bay Vista','Whitehaven','Cumbria','CA28 6JH','GB','',33.9500000000,33.9500000000,'',0.0000000000,'Online','Flat Rate Shipping','UK Carrier','FlatRate',0.0000000000,0.0000000000,0.0000000000,'2014-02-14 13:44:32','Shipped'),(234,1,177,'','46 Clarence Road','','Sheffield','','S6 4QE','GB','Leeann Williamson','46 Clarence Road','','Sheffield','','S6 4QE','GB','',29.9500000000,29.9500000000,'',0.0000000000,'Online','Flat Rate Shipping','UK Carrier','FlatRate',0.0000000000,0.0000000000,0.0000000000,'2014-02-14 21:21:49','Shipped'),(235,1,178,'','96 esk avenue','','whitehaven','cumbria','ca288al','GB','grant kennedy','96 esk avenue','','whitehaven','cumbria','CA28 8AL','GB',NULL,29.9500000000,29.9500000000,'',0.0000000000,'Online','Flat Rate Shipping','UK Carrier','FlatRate',0.0000000000,0.0000000000,0.0000000000,'2014-02-14 23:21:08',''),(236,1,179,'','6 Prispen House','Silverton','Exeter','Devon','EX5 4DR','GB','Candida Whitmill','6 Prispen House','Silverton','Exeter','Devon','EX5 4DR','GB','',33.9000000000,33.9000000000,'',0.0000000000,'Online','Flat Rate Shipping','UK Carrier','FlatRate',0.0000000000,0.0000000000,0.0000000000,'2014-02-15 10:17:07','Shipped'),(237,1,180,'','Haresfield','Cumwhinton','Carlisle','Cumbria','CA48ER','GB','Rebecca Barker','Haresfield','Cumwhinton','Carlisle','Cumbria','CA4 8ER','GB','',33.9500000000,30.5500000000,'paulcurriewhisky',3.4000000000,'Online','Flat Rate Shipping','UK Carrier','FlatRate',0.0000000000,0.0000000000,0.0000000000,'2014-02-15 13:29:42','Shipped'),(238,1,182,'','27 North Parade','','Penzance','','TR184SN','GB','Jane Royle','27 North Parade','','Penzance','','TR18 4SN','GB','',29.9500000000,29.9500000000,'',0.0000000000,'Online','Flat Rate Shipping','UK Carrier','FlatRate',0.0000000000,0.0000000000,0.0000000000,'2014-02-16 20:08:59','Shipped'),(239,1,183,'','580 Darwen Road','','Bolton','','BL7 9RY','GB','Steve Taylore-Knowles','580 Darwen Road','','Bolton','','BL7 9RY','GB','',29.9500000000,29.9500000000,'',0.0000000000,'Online','Flat Rate Shipping','UK Carrier','FlatRate',0.0000000000,0.0000000000,0.0000000000,'2014-02-16 22:00:09','Shipped'),(240,1,135,'Brian Jobling','23 Brockwell Drive','Sherburn Towers','Rowlands Gill','Tyne and Wear','NE39 2PX','GB','Brian Jobling','23 Brockwell Drive','Sherburn Towers','Rowlands Gill','Tyne and Wear','NE39 2PX','GB','',3.9500000000,0.0200000000,'brianwashere',3.9300000000,'Online','Flat Rate Shipping','UK Carrier','FlatRate',0.0000000000,0.0000000000,0.0000000000,'2014-02-18 08:50:10','Cancelled'),(241,1,135,'Brian Jobling','23 Brockwell Drive','Sherburn Towers','Rowlands Gill','Tyne and Wear','NE39 2PX','GB','Brian Jobling','23 Brockwell Drive','Sherburn Towers','Rowlands Gill','Tyne and Wear','NE39 2PX','GB','',3.9500000000,0.0200000000,'brianwashere',3.9300000000,'Online','Flat Rate Shipping','UK Carrier','FlatRate',0.0000000000,0.0000000000,0.0000000000,'2014-02-18 09:02:31','Cancelled'),(242,1,12,'Laura Simson','24 Parklands','Hamsterley Mill','Newcastle Upon Tyne','Durham','NE39 1HH','GB','Laura Simson','24 Parklands','Hamsterley Mill','Newcastle Upon Tyne','Durham','NE39 1HH','GB','',3.9500000000,0.0200000000,'brianwashere',3.9300000000,'Online','Flat Rate Shipping','UK Carrier','FlatRate',0.0000000000,0.0000000000,0.0000000000,'2014-02-18 09:44:10','Cancelled'),(243,1,186,'Ann Rogers','22 Monument Road','Chal Grove','Oxford','Oxfordshire','OX44 7RH','GB','Ann Rogers','22 Monument Road','Chal Grove','Oxford','Oxfordshire','OX44 7RH','GB','Paid over the phone, processed by the Trout',29.9500000000,29.9500000000,'',NULL,'In Person','','',NULL,0.0000000000,NULL,NULL,'2014-02-19 13:48:41','Shipped'),(244,1,187,'Adam Babiker','27 Parklands Road','','London','','SW16 6TB','GB','Nathan Babiker','149 Graham Road','','Sheffield','','S10 3GP','GB','---Comment via Paypal IPN---\r\nPlease if possible do not include a receipt in the package as it is a gift.  Thank you.',33.9500000000,33.9500000000,'',0.0000000000,'Online','Flat Rate Shipping','UK Carrier','FlatRate',0.0000000000,0.0000000000,0.0000000000,'2014-02-19 13:56:48','Shipped'),(245,1,189,'','Manor House Farm','Thoroton','Nottingham','','NG13 9DS','GB','Peter Purdy','Manor House Farm','Thoroton','Nottingham','','NG13 9DS','GB','',29.9500000000,29.9500000000,'',0.0000000000,'Online','Flat Rate Shipping','UK Carrier','FlatRate',0.0000000000,0.0000000000,0.0000000000,'2014-02-20 13:37:18','Shipped'),(247,1,190,'Rob Orwin','723','Manchester Road, Linthwaite ','Huddersfield ','','HD7 5RT','GB','Rob Orwin','723','Manchester Road, Linthwaite ','Huddersfield ','','HD7 5RT','GB',NULL,3.9500000000,3.5500000000,'Paulcurriewhisky',0.4000000000,'Online','Flat Rate Shipping','UK Carrier','FlatRate',0.0000000000,0.0000000000,0.0000000000,'2014-02-21 07:57:11',''),(248,1,12,'Laura Simson','24 Parklands','Hamsterley Mill','Newcastle Upon Tyne','Durham','NE39 1HH','GB','Laura Simson','24 Parklands','Hamsterley Mill','Newcastle Upon Tyne','Durham','NE39 1HH','GB','',3.9500000000,3.9500000000,'',0.0000000000,'Online','Flat Rate Shipping','UK Carrier','FlatRate',0.0000000000,0.0000000000,0.0000000000,'2014-02-21 09:15:50','Cancelled'),(249,1,191,'TW STEAM & HEATING','7 & 8B  Rennys Lane','Dragonville Industrial Estate','Gilesgate','DURHAM','DH1 2RS','GB','Trevor Morrison','27','OAKHURST DRIVE','NEWCASTLE UPON TYNE','Durham','NE3 4JS','GB',NULL,33.9500000000,33.9500000000,'',0.0000000000,'Online','Flat Rate Shipping','UK Carrier','FlatRate',0.0000000000,0.0000000000,0.0000000000,'2014-02-21 14:39:10',''),(250,1,12,'Laura Simson','24 Parklands','Hamsterley Mill','Newcastle Upon Tyne','Durham','NE39 1HH','GB','Laura Simson','24 Parklands','Hamsterley Mill','Newcastle Upon Tyne','Durham','NE39 1HH','GB','',119.8000000000,119.8000000000,'',0.0000000000,'Online','Flat Rate Shipping','UK Carrier','FlatRate',0.0000000000,0.0000000000,0.0000000000,'2014-02-21 15:08:20','Cancelled'),(251,1,192,'Linda & Steptoe Sharland','3 Abbey Gardens','','Low Willington','Co. Durham','DL15 0UX','GB','Andrew Hoppner','17 Leander Close','','Whitehaven','Cumbria','CA28 9LQ','GB','',29.9500000000,29.9500000000,'',0.0000000000,'Online','Flat Rate Shipping','UK Carrier','FlatRate',0.0000000000,0.0000000000,0.0000000000,'2014-02-22 08:46:48','Shipped'),(253,1,135,'Brian Jobling','23 Brockwell Drive','Sherburn Towers','Rowlands Gill','Tyne and Wear','NE39 2PX','GB','Brian Jobling','23 Brockwell Drive','Sherburn Towers','Rowlands Gill','Tyne and Wear','NE39 2PX','GB',NULL,7.9000000000,7.1100000000,'Members 10% Discount',0.7900000000,'Online','Flat Rate Shipping','UK Carrier','FlatRate',0.0000000000,0.0000000000,0.0000000000,'2014-02-22 11:27:18',''),(254,1,193,'','36','Whitehouse Croft','Longnewton','Stockton on Tees','TS21 1PJ','GB','Stephen Reay','36','Whitehouse Croft','Longnewton','Stockton on Tees','TS21 1PJ','GB','',595.0000000000,595.0000000000,'',0.0000000000,'Online','No Shipping','No Shipping','NoShipping',0.0000000000,0.0000000000,0.0000000000,'2014-02-23 17:26:43','Shipped'),(255,1,194,'David Crabtree','Laburnum Cottage','Barn Garth','Cartmel','Cumbria','LA11 6PP','GB','David Crabtree','Laburnum Cottage','Barn Garth','Cartmel','Cumbria','LA11 6PP','GB','',595.0000000000,595.0000000000,'',0.0000000000,'Online','No Shipping','No Shipping','NoShipping',0.0000000000,0.0000000000,0.0000000000,'2014-02-23 19:30:05','Shipped'),(256,1,195,'','Flat 35 City Wharf','1 Nursery Street','Sheffield','','S3 8GF','GB','Jeff Billard','Flat 35 City Wharf','1 Nursery Street','Sheffield','','S3 8GF','GB','',33.9500000000,33.9500000000,'',0.0000000000,'Online','Flat Rate Shipping','UK Carrier','FlatRate',0.0000000000,0.0000000000,0.0000000000,'2014-02-24 08:49:36','Shipped'),(257,1,135,'Brian Jobling','23 Brockwell Drive','Sherburn Towers','Rowlands Gill','Tyne and Wear','NE39 2PX','GB','Brian Jobling','23 Brockwell Drive','Sherburn Towers','Rowlands Gill','Tyne and Wear','NE39 2PX','GB','',595.0000000000,0.0600000000,'brianwashere',594.9400000000,'Online','No Shipping','No Shipping','NoShipping',0.0000000000,0.0000000000,0.0000000000,'2014-02-24 11:40:32','Cancelled'),(258,1,196,'JOHN BRITTAIN','2 PETERLEE PLACE ','ALVASTON','DERBY','Derbyshire','DE24 0DN','GB','JOHN BRITTAIN','2 PETERLEE PLACE ','ALVASTON','DERBY','Derbyshire','DE24 0DN','GB','',595.0000000000,535.5000000000,'Members 10% Discount',59.5000000000,'Online','No Shipping','No Shipping','NoShipping',0.0000000000,0.0000000000,0.0000000000,'2014-02-24 13:34:24','Shipped'),(259,1,197,'Nathan Perry','9 Redhouse Park Road','Great Barr','Birmingham','','B43 6ND','GB','Gary Thornton','15 Ewart Road','','London','','SE23 1AY','GB','',29.9500000000,26.9500000000,'Members 10% Discount',3.0000000000,'Online','Flat Rate Shipping','UK Carrier','FlatRate',0.0000000000,0.0000000000,0.0000000000,'2014-02-24 13:54:12','Shipped'),(260,1,198,'','31 Cliffe Lane','Hawcoat Village','Barrow in Furness','Cumbria','LA14 4JD','GB','Paul Littlewood','31 Cliffe Lane','Hawcoat Village','Barrow in Furness','Cumbria','LA14 4JD','GB','',42.9000000000,38.6000000000,'Members 10% Discount',4.3000000000,'Online','Flat Rate Shipping','UK Carrier','FlatRate',0.0000000000,0.0000000000,0.0000000000,'2014-02-24 18:08:56','Shipped'),(261,1,199,'','Wyncrest ','Knitsley lane','Consett','Co. Durham','Dh8 7nn','GB','Graeme hall','Wyncrest ','Knitsley lane','Consett','Co. Durham','DH8 7NN','GB',NULL,29.9500000000,29.9500000000,'',0.0000000000,'Online','Flat Rate Shipping','UK Carrier','FlatRate',0.0000000000,0.0000000000,0.0000000000,'2014-02-24 20:48:40',''),(262,1,200,'','Wyncrest ','Knitsley lane','Consett','Co. Durham','Dh8 7nn','GB','Graeme hall ','Wyncrest ','Knitsley lane','Consett','Co. Durham','DH8 7NN','GB','',29.9500000000,29.9500000000,'',0.0000000000,'Online','Flat Rate Shipping','UK Carrier','FlatRate',0.0000000000,0.0000000000,0.0000000000,'2014-02-25 09:22:35','Shipped'),(263,1,201,'David Wright','40, Mill Meadow Court,','Norton,','Stockton-on-Tees','CLEVELAND','TS20 2GA','GB','David Wright','40, Mill Meadow Court,','Norton,','Stockton-on-Tees','CLEVELAND','TS20 2GA','GB','',42.9000000000,42.9000000000,'',0.0000000000,'Online','Flat Rate Shipping','UK Carrier','FlatRate',0.0000000000,0.0000000000,0.0000000000,'2014-02-25 13:24:30','Shipped'),(264,1,12,'Laura Simson','24 Parklands','Hamsterley Mill','Newcastle Upon Tyne','Durham','NE39 1HH','GB','Laura Simson','24 Parklands','Hamsterley Mill','Newcastle Upon Tyne','Durham','NE39 1HH','GB','',3.9500000000,3.5500000000,'Members 10% Discount',0.4000000000,'Online','Flat Rate Shipping','UK Carrier','FlatRate',0.0000000000,0.0000000000,0.0000000000,'2014-02-27 09:28:14','Cancelled'),(265,1,12,'Laura Simson','24 Parklands','Hamsterley Mill','Newcastle Upon Tyne','Durham','NE39 1HH','GB','Laura Simson','24 Parklands','Hamsterley Mill','Newcastle Upon Tyne','Durham','NE39 1HH','GB','',3.9500000000,3.5500000000,'paulcurriewhisky',0.4000000000,'Online','Flat Rate Shipping','UK Carrier','FlatRate',0.0000000000,0.0000000000,0.0000000000,'2014-02-27 09:32:29','Cancelled'),(266,1,12,'Laura Simson','24 Parklands','Hamsterley Mill','Newcastle Upon Tyne','Durham','NE39 1HH','GB','Laura Simson','24 Parklands','Hamsterley Mill','Newcastle Upon Tyne','Durham','NE39 1HH','GB','',3.9500000000,3.5500000000,'Members 10% Discount',0.4000000000,'Online','Flat Rate Shipping','UK Carrier','FlatRate',0.0000000000,0.0000000000,0.0000000000,'2014-02-27 09:35:08','Cancelled'),(267,1,202,'Lakes College','Hallwood Road','Lilyhall Business Park','Workington','Cumbria','CA14 4JN','GB','Jim Busher','1 How Dyke Cottages','Setmurthy','Cockermouth','Cumbria','CA13 9SL','GB','',29.9500000000,29.9500000000,'',0.0000000000,'Online','Flat Rate Shipping','UK Carrier','FlatRate',0.0000000000,0.0000000000,0.0000000000,'2014-02-27 11:48:00','Shipped'),(268,1,205,'Hall','2 Winder Farm Close','Dearham','Maryport','Cumbria','CA15 7JH','GB','Hall','2 Winder Farm Close','Dearham','Maryport','Cumbria','CA15 7JH','GB','',595.0000000000,595.0000000000,'',0.0000000000,'Online','No Shipping','No Shipping','NoShipping',0.0000000000,0.0000000000,0.0000000000,'2014-02-27 17:33:11','Shipped'),(269,1,206,'Robert Wall','118 Norwich Avenue','','Southend-on-Sea','Essex','SS2 4DH','US','Robert Wall','225 Cedar Lake North','','Denville','New Jersey','07834','US','',595.0000000000,595.0000000000,'',0.0000000000,'Online','No Shipping','No Shipping','NoShipping',0.0000000000,0.0000000000,0.0000000000,'2014-02-27 18:10:50','Shipped'),(270,1,207,'will parkin','232 Rawling Road','','Gateshead','','NE8 4UE','GB','will parkin','232 Rawling Road','','Gateshead','','NE8 4UE','GB','',595.0000000000,595.0000000000,'',0.0000000000,'Online','No Shipping','No Shipping','NoShipping',0.0000000000,0.0000000000,0.0000000000,'2014-02-28 09:47:10','Shipped'),(271,1,210,'','33 Burndale Drive','Sunnybank','Bury','Lancs','BL98EN','GB','David Bannister','33 Burndale Drive','Sunnybank','Bury','Lancs','BL9 8EN','GB','',595.0000000000,595.0000000000,'',0.0000000000,'Online','No Shipping','No Shipping','NoShipping',0.0000000000,0.0000000000,0.0000000000,'2014-02-28 11:41:24','Shipped'),(272,1,213,'Sheila McTernan','2A Clough Road','','Bacup','LANCASHIRE','OL13 9LP','GB','JOHN MCTERNAN','18 REGENT STREET','','Bacup','LANCASHIRE','OL13 9JE','GB','---Comment via Paypal IPN---\r\nPlease leave with neighbour if not in.',29.9500000000,29.9500000000,'',0.0000000000,'Online','Flat Rate Shipping','UK Carrier','FlatRate',0.0000000000,0.0000000000,0.0000000000,'2014-02-28 18:59:48','Shipped'),(273,1,214,'David Brown','3 Roseworth Close','','Newcastle','Tyne and Wear','NE3 1SW','GB','David Brown','3 Roseworth Close','','Newcastle','Tyne and Wear','NE3 1SW','GB','',33.9500000000,30.5500000000,'Members 10% Discount',3.4000000000,'Online','Flat Rate Shipping','UK Carrier','FlatRate',0.0000000000,0.0000000000,0.0000000000,'2014-02-28 19:35:59','Shipped'),(274,1,215,'','24 Wheatfield Close','Ovingham','Prudhoe','','NE42 6BB','GB','Loveness Miller','24 Wheatfield Close','Ovingham','Prudhoe','','NE42 6BB','GB','',29.9500000000,29.9500000000,'',0.0000000000,'Online','Flat Rate Shipping','UK Carrier','FlatRate',0.0000000000,0.0000000000,0.0000000000,'2014-02-28 20:03:55','Shipped'),(275,1,216,'','trear cottage','crinan','lochgilphead','argyll','pa31 8sw','GB','janet mcgavin','trear cottage','crinan','lochgilphead','argyll','PA31 8SW','GB','',3.9500000000,3.9500000000,'',0.0000000000,'Online','Flat Rate Shipping','UK Carrier','FlatRate',0.0000000000,0.0000000000,0.0000000000,'2014-02-28 20:35:51','Shipped'),(276,1,217,'','threapland moss','bothel','wigton','cumbria','ca72jw','GB','andrena hattersley','threapland moss','bothel','wigton','cumbria','CA7 2JW','GB','',29.9500000000,26.9500000000,'paulcurriewhisky',3.0000000000,'Online','Flat Rate Shipping','UK Carrier','FlatRate',0.0000000000,0.0000000000,0.0000000000,'2014-02-28 23:18:11','Shipped'),(277,1,218,'','High Croft, Lorton Road','','Cockermouth','CUMBRIA','CA139DF','GB','Fiona Whittaker','High Croft, Lorton Road','','Cockermouth','CUMBRIA','CA13 9DF','GB','',595.0000000000,595.0000000000,'',0.0000000000,'Online','No Shipping','No Shipping','NoShipping',0.0000000000,0.0000000000,0.0000000000,'2014-03-01 14:28:25','Shipped'),(278,1,219,'James Rush','Ghyll Bank','Braithwaite','Keswick','Cumbria','CA12 5TN','GB','Sara Hodgson','Row End','St Johns in the Vale','Keswick','Cumbria','CA12 4UB','GB','',29.9500000000,29.9500000000,'',0.0000000000,'Online','Flat Rate Shipping','UK Carrier','FlatRate',0.0000000000,0.0000000000,0.0000000000,'2014-03-01 17:09:44','Shipped'),(279,1,221,'','52 Bluebell Close','','Gateshead','','NE9 6RF','GB','Stephen Brown','52 Bluebell Close','','Gateshead','','NE9 6RF','GB','',595.0000000000,595.0000000000,'',0.0000000000,'Online','No Shipping','No Shipping','NoShipping',0.0000000000,0.0000000000,0.0000000000,'2014-03-01 20:24:38','Shipped'),(280,1,222,'james Mooring','1 Elm Avenue','Elloughton','BROUGH','East Riding of Yorkshre','HU15 1LE','GB','james Mooring','1 Elm Avenue','Elloughton','BROUGH','East Riding of Yorkshre','HU15 1LE','GB','',12.9500000000,11.6500000000,'Members 10% Discount',1.3000000000,'Online','Flat Rate Shipping','UK Carrier','FlatRate',0.0000000000,0.0000000000,0.0000000000,'2014-03-02 10:55:46','Shipped'),(281,1,223,'','8 Home Park','','Wallsend','Tyne & Wear','NE28 8UH','GB','Derek Colsell','8 Home Park','','Wallsend','Tyne & Wear','NE28 8UH','GB','',595.0000000000,595.0000000000,'',0.0000000000,'Online','No Shipping','No Shipping','NoShipping',0.0000000000,0.0000000000,0.0000000000,'2014-03-02 14:06:11','Shipped'),(282,1,224,'Mrs Louise Miller','Willmott Dixon Partnerships','Pattinson House, Dovenby Hall ','Cockermouth','Cumbria','CA13 0PN','GB','Louise Miller','58 Lowca Lane','Seaton','Workington','Cumbria','CA14 1RY','GB','',33.9500000000,33.9500000000,'',0.0000000000,'Online','Flat Rate Shipping','UK Carrier','FlatRate',0.0000000000,0.0000000000,0.0000000000,'2014-03-02 18:35:34','Shipped'),(283,1,226,'Peter Bailey','Hall Garth','Eaglesfield','Cockermouth','Cumbria','CA13 0SD','GB','Peter Bailey','Hall Garth','Eaglesfield','Cockermouth','Cumbria','CA13 0SD','GB','',59.9000000000,58.9100000000,'Members 10% Discount',5.9900000000,'Online','Flat Rate Shipping','UK Carrier','FlatRate',5.0000000000,0.0000000000,0.0000000000,'2014-03-03 20:26:38','Shipped'),(284,1,228,'','10 Tudor Mews','Eastern Road','Romford','Essex','RM1 3QF','GB','Edward Heneghan','10 Tudor Mews','Eastern Road','Romford','Essex','RM1 3QF','GB','',595.0000000000,595.0000000000,'',0.0000000000,'Online','No Shipping','No Shipping','NoShipping',0.0000000000,0.0000000000,0.0000000000,'2014-03-04 08:04:07','Shipped'),(285,1,229,'Mrs Nicky Windows','15 Chapel Road','Northenden','Manchester','','M22 4JN','GB','Conor Gray','21 Fort Road','Drumbo','Belfast','','BT8 8LX','GB','',16.9000000000,21.9000000000,'',0.0000000000,'Online','Flat Rate Shipping','UK Carrier','FlatRate',5.0000000000,0.0000000000,0.0000000000,'2014-03-04 11:16:41','Shipped'),(286,1,230,'Rod Glassford','Tanglewood House','Old Brighton Road','Pease Pottage','West Sussex','RH11 9AJ','GB','Rod Glassford','Tanglewood House','Old Brighton Road','Pease Pottage','West Sussex','RH11 9AJ','GB','',29.9500000000,31.9500000000,'Members 10% Discount',3.0000000000,'Online','Flat Rate Shipping','UK Carrier','FlatRate',5.0000000000,0.0000000000,0.0000000000,'2014-03-04 12:43:29','Shipped'),(287,1,232,'','Orchard House','Bolton Wood Lane','Wigton','Cumbria','CA7 8NE','GB','David Wilde','Orchard House','Bolton Wood Lane','Wigton','Cumbria','CA7 8NE','GB','',29.9500000000,31.9500000000,'Members 10% Discount',3.0000000000,'Online','Flat Rate Shipping','UK Carrier','FlatRate',5.0000000000,0.0000000000,0.0000000000,'2014-03-04 23:30:32','Shipped'),(288,1,233,'Four Winds','Woodbine','Four Winds','Newton-in-Furness','Cumbria','LA13 0NF','GB','Laura Reid','15 Myrtle Terrace','','Dalton-in-Furness','Cumbria','LA15 8BU','GB','',29.9500000000,34.9500000000,'',0.0000000000,'Online','Flat Rate Shipping','UK Carrier','FlatRate',5.0000000000,0.0000000000,0.0000000000,'2014-03-05 22:19:08','Shipped'),(289,1,237,'','Wyfold Meadows Farm','','Wyfold','','RG4 9HY','GB','Ian Smith','Wyfold Meadows Farm','','Wyfold','','RG4 9HY','GB','',595.0000000000,595.0000000000,'',0.0000000000,'Online','No Shipping','No Shipping','NoShipping',0.0000000000,0.0000000000,0.0000000000,'2014-03-06 21:07:15','Shipped'),(290,1,238,'David Jackson','19 Vicarage Farm Close','Escomb','Bishop Auckland','Co Durham','DL14 7UT','GB','David Jackson','19 Vicarage Farm Close','Escomb','Bishop Auckland','Co Durham','DL14 7UT','GB','',595.0000000000,595.0000000000,'',0.0000000000,'Online','No Shipping','No Shipping','NoShipping',0.0000000000,0.0000000000,0.0000000000,'2014-03-07 20:26:02','Shipped'),(291,1,240,'','Row End ','St Johns in the Vale ','Keswick ','Cumbria','Ca12 4ub','GB','James Hodgson ','Row End ','St Johns in the Vale ','Keswick ','Cumbria','CA12 4UB','GB',NULL,29.9500000000,34.9500000000,'',0.0000000000,'Online','Flat Rate Shipping','UK Carrier','FlatRate',5.0000000000,0.0000000000,0.0000000000,'2014-03-07 21:15:01',''),(293,1,230,'Rod Glassford','Unit 2 Foundry Court','Foundry Lane','Horsham','West Sussex','RH13 5PY','GB','Rod Glassford','Tanglewood House','Old Brighton Road','Pease Pottage','West Sussex','RH11 9AJ','GB','',59.9000000000,58.9100000000,'Members 10% Discount',5.9900000000,'Online','Flat Rate Shipping','UK Carrier','FlatRate',5.0000000000,0.0000000000,0.0000000000,'2014-03-08 11:54:37','Shipped'),(294,1,242,'Daniel Feetham','50 Auckland Avenue','','South Shields','Tyne and Wear','NE34 7DU','GB','Daniel Feetham','50 Auckland Avenue','','South Shields','Tyne and Wear','NE34 7DU','GB','',595.0000000000,595.0000000000,'',0.0000000000,'Online','No Shipping','No Shipping','NoShipping',0.0000000000,0.0000000000,0.0000000000,'2014-03-08 22:48:43','Shipped'),(296,1,243,'andrew binns','fellside cottage','','witherslack','cumbria','LA11 6RW','GB','andrew binns','fellside cottage','','witherslack','cumbria','LA11 6RW','GB','',59.9000000000,64.9000000000,'',0.0000000000,'Online','Flat Rate Shipping','UK Carrier','FlatRate',5.0000000000,0.0000000000,0.0000000000,'2014-03-09 11:14:11','Shipped'),(297,1,245,'Bruce Reid','22 Rosedale','','Wallsend','Tyne and Wear','NE28 9TX','GB','Martin Reid','22 Rosedale','','Wallsend','Tyne and Wear','NE28 9TX','GB','',595.0000000000,595.0000000000,'',0.0000000000,'Online','No Shipping','No Shipping','NoShipping',0.0000000000,0.0000000000,0.0000000000,'2014-03-11 10:03:41','Shipped'),(298,1,246,'Timothy Wells','11 Crosshill Drive','','Carlisle','Cumbria','CA2 6RS','GB','Timothy Wells','11 Crosshill Drive','','Carlisle','Cumbria','CA2 6RS','GB','',595.0000000000,595.0000000000,'',0.0000000000,'Online','No Shipping','No Shipping','NoShipping',0.0000000000,0.0000000000,0.0000000000,'2014-03-11 11:40:12','Shipped'),(301,1,252,'','92 Thorndale Road','Belmont','Durham','County Durham','Dh1 2AQ','GB','Simon Cort','92 Thorndale Road','Belmont','Durham','County Durham','DH1 2AQ','GB','',29.9500000000,31.9500000000,'Members 10% Discount',3.0000000000,'Online','Flat Rate Shipping','UK Carrier','FlatRate',5.0000000000,0.0000000000,0.0000000000,'2014-03-12 20:24:39','Shipped'),(302,1,231,'','107 Abbs Cross Lane','','Hornchurch','Essex','RM12 4XP','GB','Michael Prior','107 Abbs Cross Lane','','Hornchurch','Essex','RM12 4XP','GB','',595.0000000000,595.0000000000,'',0.0000000000,'Online','No Shipping','No Shipping','NoShipping',0.0000000000,0.0000000000,0.0000000000,'2014-03-13 12:00:00','Shipped'),(303,1,253,'','19 Greyrigg Avenue','','cockermouth','','CA139EJ','GB','robin dawson','19 Greyrigg Avenue','','cockermouth','','CA13 9EJ','GB','',29.9500000000,34.9500000000,'',0.0000000000,'Online','Flat Rate Shipping','UK Carrier','FlatRate',5.0000000000,0.0000000000,0.0000000000,'2014-03-13 21:05:57','Shipped'),(304,1,254,'','Park Road','','Milnthorpe','Cumbria','LA7 7AB','GB','Ian Mills','Park Road','','Milnthorpe','Cumbria','LA7 7AB','GB','',29.9500000000,34.9500000000,'',0.0000000000,'Online','Flat Rate Shipping','UK Carrier','FlatRate',5.0000000000,0.0000000000,0.0000000000,'2014-03-14 18:36:55','Shipped'),(305,1,256,'Albert Storey','13 Deerstone RIDGE','','Wetherby','Yorkshire','LS22 7XN','GB','Andrea Thornley','48 Kilngate','','Preston','','PR5 5UW','GB','',33.9500000000,35.5500000000,'Members 10% Discount',3.4000000000,'Online','Flat Rate Shipping','UK Carrier','FlatRate',5.0000000000,0.0000000000,0.0000000000,'2014-03-16 19:50:10','Shipped'),(306,1,260,'','101 Drillfield Road','Northwich','Cheshire','','CW9 5HU','GB','Natalie Smith','101 Drillfield Road','Northwich','Cheshire','','CW9 5HU','GB','---Comment via Paypal IPN---\r\nWedding gift for my future husband David Harvey.  Please make the membership details out to him after 10th May 2014. Thanks, Natalie',595.0000000000,595.0000000000,'',0.0000000000,'Online','No Shipping','No Shipping','NoShipping',0.0000000000,0.0000000000,0.0000000000,'2014-03-17 14:00:35','Shipped'),(307,1,261,'','Cornhill house','Caldbeck','Wigton','','Ca7 8ee','GB','Karen Kennedy','Cornhill house','Caldbeck','Wigton','','CA7 8EE','GB','',29.9500000000,34.9500000000,'',0.0000000000,'Online','Flat Rate Shipping','UK Carrier','FlatRate',5.0000000000,0.0000000000,0.0000000000,'2014-03-17 20:43:41','Shipped'),(308,1,264,'','27 Hanson Place,','Warwick Square','Carlisle','Cumbria','CA1 1NG','GB','Colin Wilson','27 Hanson Place,','Warwick Square','Carlisle','Cumbria','CA1 1NG','GB','',595.0000000000,595.0000000000,'',0.0000000000,'Online','No Shipping','No Shipping','NoShipping',0.0000000000,0.0000000000,0.0000000000,'2014-03-18 18:07:15','Shipped'),(310,1,268,'Brian Jobling','23 Brockwell Drive','Sherburn Towers','Rowlands Gill','Tyne and Wear','NE39 2PX','GB','Brian Jobling','23 Brockwell Drive','Sherburn Towers','Rowlands Gill','Tyne and Wear','NE39 2PX','GB','',3.9500000000,0.0000000000,'brianwashere',8.9500000000,'Online','Flat Rate Shipping','UK Carrier','FlatRate',5.0000000000,5.0000000000,0.0000000000,'2014-03-21 22:48:24','Shipped'),(311,1,269,'','1 Hillcrest Avenue','','Batley','','WF17 7HW','GB','Mr Trevor Hartley','1 Hillcrest Avenue','','Batley','','WF17 7HW','GB','',654.9000000000,659.9000000000,'',0.0000000000,'Online','Flat Rate Shipping','UK Carrier','FlatRate',5.0000000000,0.0000000000,0.0000000000,'2014-03-22 09:49:50','Shipped'),(314,1,271,'Trevor Gray','115 Sandholme Road','Brislington','Bristol','','BS4 3RX','GB','Trevor Gray','115 Sandholme Road','Brislington','Bristol','','BS4 3RX','GB','',29.9500000000,31.9500000000,'Members 10% Discount',3.0000000000,'Online','Flat Rate Shipping','UK Carrier','FlatRate',5.0000000000,0.0000000000,0.0000000000,'2014-03-23 14:32:06','Shipped'),(315,1,274,'Nigel Scott','Orchard House','Wellgreen Lane, Kingston','Lewes','East Sussex','BN7 3NP','GB','Nigel Scott','Orchard House','Wellgreen Lane, Kingston','Lewes','East Sussex','BN7 3NP','GB',NULL,595.0000000000,595.0000000000,'',0.0000000000,'Online','No Shipping','No Shipping','NoShipping',0.0000000000,0.0000000000,0.0000000000,'2014-03-27 17:49:02',''),(316,1,275,'','\'West Gill\'  24 Kirkby Lane','','Gt. Broughton,  Stokesley','North Yorkshire','TS 9 7HG','GB','Elizabeth Perry','\'West Gill\'  24 Kirkby Lane','','Gt. Broughton,  Stokesley','North Yorkshire','TS9 7HG','GB','',29.9500000000,34.9500000000,'',0.0000000000,'Online','Flat Rate Shipping','UK Carrier','FlatRate',5.0000000000,0.0000000000,0.0000000000,'2014-03-28 10:51:48','Shipped'),(317,1,276,'','Hartrees Cottage','Silecroft','Millom','Cumbria','LA18 4NX','GB','Jackie Sutton','Hartrees Cottage','Silecroft','Millom','Cumbria','LA18 4NX','GB','',33.9500000000,38.9500000000,'',0.0000000000,'Online','Flat Rate Shipping','UK Carrier','FlatRate',5.0000000000,0.0000000000,0.0000000000,'2014-03-28 23:20:32','Shipped'),(319,1,265,'Christopher Makin-Taylor','Beechwood Cottage','Green Hill','KENDAL','','LA9 5PW','GB','Christopher Makin-Taylor','Beechwood Cottage','Green Hill','KENDAL','','LA9 5PW','GB','',59.9000000000,58.9100000000,'Members 10% Discount',5.9900000000,'Online','Flat Rate Shipping','UK Carrier','FlatRate',5.0000000000,0.0000000000,0.0000000000,'2014-03-30 14:23:50','Shipped'),(320,1,281,'','36 Armytage road','','Budleigh salterton','Devon','Ex9 6sd','GB','Trudy.carter','36 Armytage road','','Budleigh salterton','Devon','EX9 6SD','GB','',33.9500000000,38.9500000000,'',0.0000000000,'Online','Flat Rate Shipping','UK Carrier','FlatRate',5.0000000000,0.0000000000,0.0000000000,'2014-03-30 18:09:00','Shipped'),(321,1,282,'','25 Green Point Ln','','Novato','Ca','94945','US','Todd Buechs','25 Green Point Ln','','Novato','Ca','94945','US','',29.9500000000,34.9500000000,'',0.0000000000,'Online','Flat Rate Shipping','UK Carrier','FlatRate',5.0000000000,0.0000000000,0.0000000000,'2014-03-31 05:55:40','Shipped'),(322,1,283,'','43','Promenade','Arnside','Cumbria','LA5 0AA','GB','Lesley Hornsby','43','Promenade','Arnside','Cumbria','LA5 0AA','GB',NULL,29.9500000000,34.9500000000,'',0.0000000000,'Online','Flat Rate Shipping','UK Carrier','FlatRate',5.0000000000,0.0000000000,0.0000000000,'2014-03-31 09:17:31',''),(323,1,284,'','The Manor House','St Mary\'s Gate','Wirksworth','Derbyshire','DE4 4DQ','GB','Alison Baird','The Manor House','St Mary\'s Gate','Wirksworth','Derbyshire','DE4 4DQ','GB','---Comment via Paypal IPN---\r\nThis is a gift for my husband, Robert Baird.   Please send all billing and items to me but put the membership in his name.  Many thanks,  Alison Baird',595.0000000000,595.0000000000,'',0.0000000000,'Online','No Shipping','No Shipping','NoShipping',0.0000000000,0.0000000000,0.0000000000,'2014-03-31 14:52:36','Shipped'),(324,1,286,'','70 Burleigh Road','','Hertford','','SG13 7EZ','GB','Steve Balls','70 Burleigh Road','','Hertford','','SG13 7EZ','GB','',595.0000000000,595.0000000000,'',0.0000000000,'Online','No Shipping','No Shipping','NoShipping',0.0000000000,0.0000000000,0.0000000000,'2014-04-01 12:15:45','Shipped'),(325,1,287,'Mr. Derek Thompson','143 Albemarle Avenue','Gosport','Hampshire','','PO12 4HT','GB','Mr. Derek Thompson','143 Albemarle Avenue','Gosport','Hampshire','','PO12 4HT','GB','',33.9500000000,38.9500000000,'',0.0000000000,'In Person','','',NULL,5.0000000000,0.0000000000,0.0000000000,'2014-04-02 09:33:51','Shipped'),(327,1,289,'Karen Finney, Synectics Solutions Ltd','Synectics House ','The Hollies, The Brampton','Newcastle under Lyme','Staffordshire','ST5 0QY','GB','Karen Finney','91 Kennington Oval','','Stoke on Trent','','ST4 8FX','GB','',29.9500000000,34.9500000000,'',0.0000000000,'Online','Flat Rate Shipping','UK Carrier','FlatRate',5.0000000000,0.0000000000,0.0000000000,'2014-04-03 14:01:48','Shipped'),(328,1,294,'woodward','1 maple grove','','st.helens','merseyside','wa10 4ah','GB','Stephen Woodward','1 maple grove','','st.helens','merseyside','WA10 4AH','GB','',595.0000000000,595.0000000000,'',0.0000000000,'Online','No Shipping','No Shipping','NoShipping',0.0000000000,0.0000000000,0.0000000000,'2014-04-04 20:45:03','Shipped'),(329,1,299,'','Ffdfg','Hhhh','Gogh','','La22 9ad','GB','Joharris@btconnect.com Fdtg','Ffdfg','Hhhh','Gogh','','LA22 9AD','GB',NULL,59.9000000000,64.9000000000,'',0.0000000000,'Online','Flat Rate Shipping','UK Carrier','FlatRate',5.0000000000,0.0000000000,0.0000000000,'2014-04-05 08:43:02',''),(330,1,301,'','18 Harthill Rise','Gildersome','Morley','Leeds','LS27 7TT','GB','Geoff Brown','18 Harthill Rise','Gildersome','Morley','Leeds','LS27 7TT','GB','',12.9500000000,16.6500000000,'Members 10% Discount',1.3000000000,'Online','Flat Rate Shipping','UK Carrier','FlatRate',5.0000000000,0.0000000000,0.0000000000,'2014-04-05 10:34:14','Shipped'),(331,1,303,'Craig Moody','The Whisky Shop','3 Exchange Street','Manchester ','','M2 7EE','GB','Craig Moody','16 Ashbrooke Terrace','','East Boldon','Tyne and Wear','NE36 0TJ','GB',NULL,29.9500000000,34.9500000000,'',0.0000000000,'Online','Flat Rate Shipping','UK Carrier','FlatRate',5.0000000000,0.0000000000,0.0000000000,'2014-04-06 12:46:21',''),(332,1,305,'','46A Leamington Road Villas','','London','','w11 1ht','GB','Kirsty Andrew','46A Leamington Road Villas','','London','','W11 1HT','GB','',595.0000000000,595.0000000000,'',0.0000000000,'Online','No Shipping','No Shipping','NoShipping',0.0000000000,0.0000000000,0.0000000000,'2014-04-06 20:08:57','Shipped'),(333,1,307,'','Tjrdalsvgen 16','','Ume','','905 86','SE','Peter Jakobsson','Tjrdalsvgen 16','','Ume','','905 86','SE','',29.9500000000,34.9500000000,'',0.0000000000,'Online','Flat Rate Shipping','UK Carrier','FlatRate',5.0000000000,0.0000000000,0.0000000000,'2014-04-07 09:11:00',''),(334,1,308,'','32 High Brigham','','Cockermouth','Cumbria','CA13 0TE','GB','Heather Moore','32 High Brigham','','Cockermouth','Cumbria','CA13 0TE','GB','',29.9500000000,34.9500000000,'',0.0000000000,'Online','Flat Rate Shipping','UK Carrier','FlatRate',5.0000000000,0.0000000000,0.0000000000,'2014-04-07 17:25:27','Shipped'),(335,1,309,'','9 The Poplars','Gosforth','Newcastle upon Tyne','','NE3 4AE','GB','Lynn Pearson','9 The Poplars','Gosforth','Newcastle upon Tyne','','NE3 4AE','GB','',595.0000000000,595.0000000000,'',0.0000000000,'Online','No Shipping','No Shipping','NoShipping',0.0000000000,0.0000000000,0.0000000000,'2014-04-08 11:45:44','Shipped'),(337,1,311,'','Quiraing','standingstone','wigton','cumbria','ca7 9dp','GB','Kath Noble','Quiraing','standingstone','wigton','cumbria','CA7 9DP','GB',NULL,595.0000000000,595.0000000000,'',0.0000000000,'Online','No Shipping','No Shipping','NoShipping',0.0000000000,0.0000000000,0.0000000000,'2014-04-09 14:20:56','');
/*!40000 ALTER TABLE `shop_order` ENABLE KEYS */;
UNLOCK TABLES;

--
-- Table structure for table `shop_orderauthorization`
--

DROP TABLE IF EXISTS `shop_orderauthorization`;
/*!40101 SET @saved_cs_client     = @@character_set_client */;
/*!40101 SET character_set_client = utf8 */;
CREATE TABLE `shop_orderauthorization` (
  `id` int(11) NOT NULL AUTO_INCREMENT,
  `payment` varchar(25) NOT NULL,
  `amount` decimal(18,10) DEFAULT NULL,
  `time_stamp` datetime DEFAULT NULL,
  `transaction_id` varchar(45) DEFAULT NULL,
  `details` varchar(255) DEFAULT NULL,
  `reason_code` varchar(255) DEFAULT NULL,
  `order_id` int(11) NOT NULL,
  `capture_id` int(11) NOT NULL,
  `complete` tinyint(1) NOT NULL DEFAULT '0',
  PRIMARY KEY (`id`),
  KEY `shop_orderauthorization_7cc8fcf5` (`order_id`),
  KEY `shop_orderauthorization_13f21dcf` (`capture_id`),
  CONSTRAINT `capture_id_refs_id_48bb39bc` FOREIGN KEY (`capture_id`) REFERENCES `shop_orderpayment` (`id`),
  CONSTRAINT `order_id_refs_id_2d58e85b` FOREIGN KEY (`order_id`) REFERENCES `shop_order` (`id`)
) ENGINE=InnoDB DEFAULT CHARSET=utf8;
/*!40101 SET character_set_client = @saved_cs_client */;

--
-- Dumping data for table `shop_orderauthorization`
--

LOCK TABLES `shop_orderauthorization` WRITE;
/*!40000 ALTER TABLE `shop_orderauthorization` DISABLE KEYS */;
/*!40000 ALTER TABLE `shop_orderauthorization` ENABLE KEYS */;
UNLOCK TABLES;

--
-- Table structure for table `shop_orderitem`
--

DROP TABLE IF EXISTS `shop_orderitem`;
/*!40101 SET @saved_cs_client     = @@character_set_client */;
/*!40101 SET character_set_client = utf8 */;
CREATE TABLE `shop_orderitem` (
  `id` int(11) NOT NULL AUTO_INCREMENT,
  `order_id` int(11) NOT NULL,
  `product_id` int(11) NOT NULL,
  `quantity` decimal(18,6) NOT NULL,
  `unit_price` decimal(18,10) NOT NULL,
  `unit_tax` decimal(18,10) NOT NULL,
  `line_item_price` decimal(18,10) NOT NULL,
  `tax` decimal(18,10) NOT NULL,
  `expire_date` date DEFAULT NULL,
  `completed` tinyint(1) NOT NULL,
  `discount` decimal(18,10) DEFAULT NULL,
  PRIMARY KEY (`id`),
  KEY `shop_orderitem_7cc8fcf5` (`order_id`),
  KEY `shop_orderitem_44bdf3ee` (`product_id`),
  CONSTRAINT `order_id_refs_id_2b1d437c` FOREIGN KEY (`order_id`) REFERENCES `shop_order` (`id`),
  CONSTRAINT `product_id_refs_id_75705e7` FOREIGN KEY (`product_id`) REFERENCES `product_product` (`id`)
) ENGINE=InnoDB AUTO_INCREMENT=915 DEFAULT CHARSET=utf8;
/*!40101 SET character_set_client = @saved_cs_client */;

--
-- Dumping data for table `shop_orderitem`
--

LOCK TABLES `shop_orderitem` WRITE;
/*!40000 ALTER TABLE `shop_orderitem` DISABLE KEYS */;
INSERT INTO `shop_orderitem` VALUES (1,1,23,3.000000,29.9500000000,0.0000000000,89.8500000000,0.0000000000,NULL,0,0.0000000000),(2,1,22,1.000000,12.9500000000,0.0000000000,12.9500000000,0.0000000000,NULL,0,0.0000000000),(3,2,23,1.000000,29.9500000000,0.0000000000,29.9500000000,0.0000000000,NULL,0,0.0000000000),(4,3,21,1.000000,3.9500000000,0.0000000000,3.9500000000,0.0000000000,NULL,0,0.0000000000),(5,4,21,1.000000,3.9500000000,0.0000000000,3.9500000000,0.0000000000,NULL,0,0.0000000000),(6,4,23,1.000000,29.9500000000,0.0000000000,29.9500000000,0.0000000000,NULL,0,0.0000000000),(7,5,21,2.000000,3.9500000000,0.0000000000,7.9000000000,0.0000000000,NULL,0,0.0000000000),(8,6,21,1.000000,3.9500000000,0.0000000000,3.9500000000,0.0000000000,NULL,0,0.0000000000),(9,7,21,1.000000,3.9500000000,0.0000000000,3.9500000000,0.0000000000,NULL,0,0.0000000000),(10,8,21,1.000000,3.9500000000,0.0000000000,3.9500000000,0.0000000000,NULL,0,0.0000000000),(11,9,21,1.000000,3.9500000000,0.0000000000,3.9500000000,0.0000000000,NULL,0,0.0000000000),(12,10,21,1.000000,3.9500000000,0.0000000000,3.9500000000,0.0000000000,NULL,0,0.0000000000),(13,11,21,1.000000,3.9500000000,0.0000000000,3.9500000000,0.0000000000,NULL,0,0.0000000000),(14,12,21,1.000000,3.9500000000,0.0000000000,3.9500000000,0.0000000000,NULL,0,3.9100000000),(15,13,21,1.000000,3.9500000000,0.0000000000,3.9500000000,0.0000000000,NULL,0,0.0000000000),(16,14,21,1.000000,3.9500000000,0.0000000000,3.9500000000,0.0000000000,NULL,0,3.9100000000),(18,15,22,1.000000,12.9500000000,0.0000000000,12.9500000000,0.0000000000,NULL,0,12.8200000000),(21,17,21,2.000000,3.9500000000,0.0000000000,7.9000000000,0.0000000000,NULL,0,0.0000000000),(29,19,24,1.000000,595.0000000000,0.0000000000,595.0000000000,0.0000000000,NULL,0,0.0000000000),(30,19,23,3.000000,29.9500000000,0.0000000000,89.8500000000,0.0000000000,NULL,0,0.0000000000),(31,19,20,2.000000,32.9500000000,0.0000000000,65.9000000000,0.0000000000,NULL,0,0.0000000000),(32,19,21,1.000000,3.9500000000,0.0000000000,3.9500000000,0.0000000000,NULL,0,0.0000000000),(33,19,22,17.000000,12.9500000000,0.0000000000,220.1500000000,0.0000000000,NULL,0,0.0000000000),(34,19,25,2.000000,695.0000000000,0.0000000000,1390.0000000000,0.0000000000,NULL,0,0.0000000000),(38,20,23,2.000000,29.9500000000,0.0000000000,59.9000000000,0.0000000000,NULL,0,0.0000000000),(39,20,20,10.000000,32.9500000000,0.0000000000,329.5000000000,0.0000000000,NULL,0,0.0000000000),(40,20,22,100.000000,12.9500000000,0.0000000000,1295.0000000000,0.0000000000,NULL,0,0.0000000000),(42,21,23,1.000000,29.9500000000,0.0000000000,29.9500000000,0.0000000000,NULL,0,3.0000000000),(45,22,24,1.000000,595.0000000000,0.0000000000,595.0000000000,0.0000000000,NULL,0,59.5000000000),(46,22,25,1.000000,695.0000000000,0.0000000000,695.0000000000,0.0000000000,NULL,0,69.5000000000),(51,23,21,1.000000,3.9500000000,0.0000000000,3.9500000000,0.0000000000,NULL,0,0.0000000000),(59,25,21,2.000000,3.9500000000,0.0000000000,7.9000000000,0.0000000000,NULL,0,0.7900000000),(61,26,23,1.000000,29.9500000000,0.0000000000,29.9500000000,0.0000000000,NULL,0,3.0000000000),(63,27,21,1.000000,3.9500000000,0.0000000000,3.9500000000,0.0000000000,NULL,0,3.9500000000),(67,29,20,1.000000,32.9500000000,0.0000000000,32.9500000000,0.0000000000,NULL,0,0.0000000000),(69,30,22,1000.000000,12.9500000000,0.0000000000,12950.0000000000,0.0000000000,NULL,0,0.0000000000),(88,33,24,1.000000,595.0000000000,0.0000000000,595.0000000000,0.0000000000,NULL,0,59.5000000000),(89,33,22,1.000000,12.9500000000,0.0000000000,12.9500000000,0.0000000000,NULL,0,1.3000000000),(93,34,23,11.000000,29.9500000000,0.0000000000,329.4500000000,0.0000000000,NULL,0,32.9400000000),(94,34,21,12.000000,3.9500000000,0.0000000000,47.4000000000,0.0000000000,NULL,0,4.7400000000),(95,34,20,3.000000,33.9500000000,0.0000000000,101.8500000000,0.0000000000,NULL,0,9.9000000000),(112,36,21,1.000000,3.9500000000,0.0000000000,3.9500000000,0.0000000000,NULL,0,0.0000000000),(119,37,21,1.000000,3.9500000000,0.0000000000,3.9500000000,0.0000000000,NULL,0,0.0000000000),(120,37,24,1.000000,595.0000000000,0.0000000000,595.0000000000,0.0000000000,NULL,0,0.0000000000),(125,38,21,1.000000,3.9500000000,0.0000000000,3.9500000000,0.0000000000,NULL,0,3.9300000000),(127,39,21,1.000000,3.9500000000,0.0000000000,3.9500000000,0.0000000000,NULL,0,3.9300000000),(129,40,21,1.000000,3.9500000000,0.0000000000,3.9500000000,0.0000000000,NULL,0,3.9300000000),(133,41,21,1.000000,3.9500000000,0.0000000000,3.9500000000,0.0000000000,NULL,0,3.9300000000),(136,42,21,1.000000,3.9500000000,0.0000000000,3.9500000000,0.0000000000,NULL,0,3.9300000000),(138,43,21,1.000000,3.9500000000,0.0000000000,3.9500000000,0.0000000000,NULL,0,3.9300000000),(142,45,20,2.000000,33.9500000000,0.0000000000,67.9000000000,0.0000000000,NULL,0,0.0000000000),(147,46,22,2.000000,12.9500000000,0.0000000000,25.9000000000,0.0000000000,NULL,0,0.0000000000),(151,48,21,1.000000,3.9500000000,0.0000000000,3.9500000000,0.0000000000,NULL,0,3.9300000000),(153,49,21,1.000000,3.9500000000,0.0000000000,3.9500000000,0.0000000000,NULL,0,3.9300000000),(155,50,23,1.000000,29.9500000000,0.0000000000,29.9500000000,0.0000000000,NULL,0,0.0000000000),(156,51,20,1.000000,33.9500000000,0.0000000000,33.9500000000,0.0000000000,NULL,0,0.0000000000),(159,52,20,1.000000,33.9500000000,0.0000000000,33.9500000000,0.0000000000,NULL,0,0.0000000000),(160,53,22,1.000000,12.9500000000,0.0000000000,12.9500000000,0.0000000000,NULL,0,0.0000000000),(162,54,21,3.000000,3.9500000000,0.0000000000,11.8500000000,0.0000000000,NULL,0,0.0000000000),(165,55,20,1.000000,33.9500000000,0.0000000000,33.9500000000,0.0000000000,NULL,0,0.0000000000),(166,55,22,1.000000,12.9500000000,0.0000000000,12.9500000000,0.0000000000,NULL,0,0.0000000000),(168,56,23,1.000000,29.9500000000,0.0000000000,29.9500000000,0.0000000000,NULL,0,0.0000000000),(171,58,24,1.000000,595.0000000000,0.0000000000,595.0000000000,0.0000000000,NULL,0,0.0000000000),(176,60,24,1.000000,595.0000000000,0.0000000000,595.0000000000,0.0000000000,NULL,0,0.0000000000),(178,61,20,1.000000,33.9500000000,0.0000000000,33.9500000000,0.0000000000,NULL,0,0.0000000000),(182,63,22,1.000000,12.9500000000,0.0000000000,12.9500000000,0.0000000000,NULL,0,0.0000000000),(186,64,23,2.000000,29.9500000000,0.0000000000,59.9000000000,0.0000000000,NULL,0,0.0000000000),(187,65,23,1.000000,29.9500000000,0.0000000000,29.9500000000,0.0000000000,NULL,0,0.0000000000),(195,67,24,1.000000,595.0000000000,0.0000000000,595.0000000000,0.0000000000,NULL,0,0.0000000000),(197,68,22,1.000000,12.9500000000,0.0000000000,12.9500000000,0.0000000000,NULL,0,0.0000000000),(199,69,23,2.000000,29.9500000000,0.0000000000,59.9000000000,0.0000000000,NULL,0,0.0000000000),(202,70,23,1.000000,29.9500000000,0.0000000000,29.9500000000,0.0000000000,NULL,0,0.0000000000),(203,70,20,1.000000,33.9500000000,0.0000000000,33.9500000000,0.0000000000,NULL,0,0.0000000000),(205,71,22,1.000000,12.9500000000,0.0000000000,12.9500000000,0.0000000000,NULL,0,0.0000000000),(208,72,20,1.000000,33.9500000000,0.0000000000,33.9500000000,0.0000000000,NULL,0,0.0000000000),(209,72,21,1.000000,3.9500000000,0.0000000000,3.9500000000,0.0000000000,NULL,0,0.0000000000),(212,73,22,1.000000,12.9500000000,0.0000000000,12.9500000000,0.0000000000,NULL,0,0.0000000000),(213,73,20,1.000000,33.9500000000,0.0000000000,33.9500000000,0.0000000000,NULL,0,0.0000000000),(215,74,20,1.000000,33.9500000000,0.0000000000,33.9500000000,0.0000000000,NULL,0,0.0000000000),(217,75,23,1.000000,29.9500000000,0.0000000000,29.9500000000,0.0000000000,NULL,0,0.0000000000),(219,76,23,1.000000,29.9500000000,0.0000000000,29.9500000000,0.0000000000,NULL,0,0.0000000000),(226,77,23,1.000000,29.9500000000,0.0000000000,29.9500000000,0.0000000000,NULL,0,0.0000000000),(227,77,24,1.000000,595.0000000000,0.0000000000,595.0000000000,0.0000000000,NULL,0,0.0000000000),(229,78,23,1.000000,29.9500000000,0.0000000000,29.9500000000,0.0000000000,NULL,0,0.0000000000),(233,79,20,1.000000,33.9500000000,0.0000000000,33.9500000000,0.0000000000,NULL,0,0.0000000000),(245,83,22,1.000000,12.9500000000,0.0000000000,12.9500000000,0.0000000000,NULL,0,0.0000000000),(247,84,23,1.000000,29.9500000000,0.0000000000,29.9500000000,0.0000000000,NULL,0,0.0000000000),(254,85,21,1.000000,3.9500000000,0.0000000000,3.9500000000,0.0000000000,NULL,0,0.0000000000),(255,85,20,1.000000,33.9500000000,0.0000000000,33.9500000000,0.0000000000,NULL,0,0.0000000000),(258,86,21,1.000000,3.9500000000,0.0000000000,3.9500000000,0.0000000000,NULL,0,0.0000000000),(259,86,20,1.000000,33.9500000000,0.0000000000,33.9500000000,0.0000000000,NULL,0,0.0000000000),(261,87,23,1.000000,29.9500000000,0.0000000000,29.9500000000,0.0000000000,NULL,0,0.0000000000),(263,88,23,1.000000,29.9500000000,0.0000000000,29.9500000000,0.0000000000,NULL,0,0.0000000000),(265,89,23,1.000000,29.9500000000,0.0000000000,29.9500000000,0.0000000000,NULL,0,3.0000000000),(267,90,23,1.000000,29.9500000000,0.0000000000,29.9500000000,0.0000000000,NULL,0,3.0000000000),(269,91,24,1.000000,595.0000000000,0.0000000000,595.0000000000,0.0000000000,NULL,0,0.0000000000),(273,93,20,1.000000,33.9500000000,0.0000000000,33.9500000000,0.0000000000,NULL,0,0.0000000000),(275,94,21,6.000000,3.9500000000,0.0000000000,23.7000000000,0.0000000000,NULL,0,0.0000000000),(277,95,23,1.000000,29.9500000000,0.0000000000,29.9500000000,0.0000000000,NULL,0,3.0000000000),(281,97,20,2.000000,33.9500000000,0.0000000000,67.9000000000,0.0000000000,NULL,0,0.0000000000),(283,98,23,1.000000,29.9500000000,0.0000000000,29.9500000000,0.0000000000,NULL,0,3.0000000000),(288,99,20,1.000000,33.9500000000,0.0000000000,33.9500000000,0.0000000000,NULL,0,0.0000000000),(292,101,22,1.000000,12.9500000000,0.0000000000,12.9500000000,0.0000000000,NULL,0,0.0000000000),(294,102,20,1.000000,33.9500000000,0.0000000000,33.9500000000,0.0000000000,NULL,0,3.4000000000),(296,103,20,1.000000,33.9500000000,0.0000000000,33.9500000000,0.0000000000,NULL,0,0.0000000000),(298,104,23,1.000000,29.9500000000,0.0000000000,29.9500000000,0.0000000000,NULL,0,0.0000000000),(300,105,22,1.000000,12.9500000000,0.0000000000,12.9500000000,0.0000000000,NULL,0,0.0000000000),(302,106,23,1.000000,29.9500000000,0.0000000000,29.9500000000,0.0000000000,NULL,0,0.0000000000),(304,107,20,1.000000,33.9500000000,0.0000000000,33.9500000000,0.0000000000,NULL,0,0.0000000000),(306,108,20,1.000000,33.9500000000,0.0000000000,33.9500000000,0.0000000000,NULL,0,0.0000000000),(308,109,20,1.000000,33.9500000000,0.0000000000,33.9500000000,0.0000000000,NULL,0,0.0000000000),(314,111,20,1.000000,33.9500000000,0.0000000000,33.9500000000,0.0000000000,NULL,0,3.4000000000),(316,112,23,1.000000,29.9500000000,0.0000000000,29.9500000000,0.0000000000,NULL,0,3.0000000000),(318,113,23,1.000000,29.9500000000,0.0000000000,29.9500000000,0.0000000000,NULL,0,0.0000000000),(329,115,23,1.000000,29.9500000000,0.0000000000,29.9500000000,0.0000000000,NULL,0,0.0000000000),(331,116,23,1.000000,29.9500000000,0.0000000000,29.9500000000,0.0000000000,NULL,0,3.0000000000),(335,117,23,1.000000,29.9500000000,0.0000000000,29.9500000000,0.0000000000,NULL,0,3.0000000000),(337,118,23,4.000000,29.9500000000,0.0000000000,119.8000000000,0.0000000000,NULL,0,11.9800000000),(345,120,23,1.000000,29.9500000000,0.0000000000,29.9500000000,0.0000000000,NULL,0,0.0000000000),(351,123,24,1.000000,595.0000000000,0.0000000000,595.0000000000,0.0000000000,NULL,0,0.0000000000),(353,124,23,1.000000,29.9500000000,0.0000000000,29.9500000000,0.0000000000,NULL,0,0.0000000000),(361,126,21,2.000000,3.9500000000,0.0000000000,7.9000000000,0.0000000000,NULL,0,0.7900000000),(363,127,23,1.000000,29.9500000000,0.0000000000,29.9500000000,0.0000000000,NULL,0,3.0000000000),(365,128,20,1.000000,33.9500000000,0.0000000000,33.9500000000,0.0000000000,NULL,0,0.0000000000),(371,129,23,1.000000,29.9500000000,0.0000000000,29.9500000000,0.0000000000,NULL,0,3.0000000000),(373,130,21,1.000000,3.9500000000,0.0000000000,3.9500000000,0.0000000000,NULL,0,0.0000000000),(375,131,23,1.000000,29.9500000000,0.0000000000,29.9500000000,0.0000000000,NULL,0,0.0000000000),(390,134,24,8.000000,595.0000000000,0.0000000000,4760.0000000000,0.0000000000,NULL,0,0.0000000000),(391,134,23,1.000000,29.9500000000,0.0000000000,29.9500000000,0.0000000000,NULL,0,0.0000000000),(393,135,20,1.000000,33.9500000000,0.0000000000,33.9500000000,0.0000000000,NULL,0,0.0000000000),(399,137,20,1.000000,33.9500000000,0.0000000000,33.9500000000,0.0000000000,NULL,0,3.4000000000),(402,138,20,1.000000,33.9500000000,0.0000000000,33.9500000000,0.0000000000,NULL,0,3.4000000000),(403,138,22,1.000000,12.9500000000,0.0000000000,12.9500000000,0.0000000000,NULL,0,1.3000000000),(405,139,23,1.000000,29.9500000000,0.0000000000,29.9500000000,0.0000000000,NULL,0,3.0000000000),(407,140,21,2.000000,3.9500000000,0.0000000000,7.9000000000,0.0000000000,NULL,0,0.7900000000),(411,141,20,1.000000,33.9500000000,0.0000000000,33.9500000000,0.0000000000,NULL,0,0.0000000000),(413,142,24,1.000000,595.0000000000,0.0000000000,595.0000000000,0.0000000000,NULL,0,0.0000000000),(417,143,22,1.000000,12.9500000000,0.0000000000,12.9500000000,0.0000000000,NULL,0,1.3000000000),(419,144,21,1.000000,3.9500000000,0.0000000000,3.9500000000,0.0000000000,NULL,0,0.4000000000),(421,145,23,1.000000,29.9500000000,0.0000000000,29.9500000000,0.0000000000,NULL,0,0.0000000000),(425,147,20,1.000000,33.9500000000,0.0000000000,33.9500000000,0.0000000000,NULL,0,0.0000000000),(427,148,20,1.000000,33.9500000000,0.0000000000,33.9500000000,0.0000000000,NULL,0,0.0000000000),(429,149,23,1.000000,29.9500000000,0.0000000000,29.9500000000,0.0000000000,NULL,0,0.0000000000),(431,150,23,1.000000,29.9500000000,0.0000000000,29.9500000000,0.0000000000,NULL,0,0.0000000000),(433,151,23,1.000000,29.9500000000,0.0000000000,29.9500000000,0.0000000000,NULL,0,0.0000000000),(436,152,21,2.000000,3.9500000000,0.0000000000,7.9000000000,0.0000000000,NULL,0,0.0000000000),(437,152,24,1.000000,595.0000000000,0.0000000000,595.0000000000,0.0000000000,NULL,0,0.0000000000),(443,155,22,1.000000,12.9500000000,0.0000000000,12.9500000000,0.0000000000,NULL,0,0.0000000000),(445,156,24,1.000000,595.0000000000,0.0000000000,595.0000000000,0.0000000000,NULL,0,0.0000000000),(449,157,20,1.000000,33.9500000000,0.0000000000,33.9500000000,0.0000000000,NULL,0,0.0000000000),(453,158,23,1.000000,29.9500000000,0.0000000000,29.9500000000,0.0000000000,NULL,0,0.0000000000),(454,158,20,1.000000,33.9500000000,0.0000000000,33.9500000000,0.0000000000,NULL,0,0.0000000000),(455,158,21,6.000000,3.9500000000,0.0000000000,23.7000000000,0.0000000000,NULL,0,0.0000000000),(458,159,20,2.000000,33.9500000000,0.0000000000,67.9000000000,0.0000000000,NULL,0,0.0000000000),(459,159,23,1.000000,29.9500000000,0.0000000000,29.9500000000,0.0000000000,NULL,0,0.0000000000),(461,160,24,1.000000,595.0000000000,0.0000000000,595.0000000000,0.0000000000,NULL,0,0.0000000000),(463,161,24,1.000000,595.0000000000,0.0000000000,595.0000000000,0.0000000000,NULL,0,0.0000000000),(474,162,24,1.000000,595.0000000000,0.0000000000,595.0000000000,0.0000000000,NULL,0,0.0000000000),(475,162,23,3.000000,29.9500000000,0.0000000000,89.8500000000,0.0000000000,NULL,0,0.0000000000),(477,163,20,1.000000,33.9500000000,0.0000000000,33.9500000000,0.0000000000,NULL,0,0.0000000000),(479,164,22,1.000000,12.9500000000,0.0000000000,12.9500000000,0.0000000000,NULL,0,0.0000000000),(483,166,23,1.000000,29.9500000000,0.0000000000,29.9500000000,0.0000000000,NULL,0,0.0000000000),(485,167,20,1.000000,33.9500000000,0.0000000000,33.9500000000,0.0000000000,NULL,0,0.0000000000),(487,168,20,1.000000,33.9500000000,0.0000000000,33.9500000000,0.0000000000,NULL,0,0.0000000000),(489,169,21,1.000000,3.9500000000,0.0000000000,3.9500000000,0.0000000000,NULL,0,0.0000000000),(494,170,23,1.000000,29.9500000000,0.0000000000,29.9500000000,0.0000000000,NULL,0,0.0000000000),(496,171,20,1.000000,33.9500000000,0.0000000000,33.9500000000,0.0000000000,NULL,0,0.0000000000),(498,172,21,2.000000,3.9500000000,0.0000000000,7.9000000000,0.0000000000,NULL,0,0.0000000000),(501,173,20,1.000000,33.9500000000,0.0000000000,33.9500000000,0.0000000000,NULL,0,3.4000000000),(502,173,23,1.000000,29.9500000000,0.0000000000,29.9500000000,0.0000000000,NULL,0,3.0000000000),(504,174,20,1.000000,33.9500000000,0.0000000000,33.9500000000,0.0000000000,NULL,0,0.0000000000),(508,175,23,1.000000,29.9500000000,0.0000000000,29.9500000000,0.0000000000,NULL,0,0.0000000000),(510,176,23,1.000000,29.9500000000,0.0000000000,29.9500000000,0.0000000000,NULL,0,0.0000000000),(512,177,20,1.000000,33.9500000000,0.0000000000,33.9500000000,0.0000000000,NULL,0,0.0000000000),(514,178,22,1.000000,12.9500000000,0.0000000000,12.9500000000,0.0000000000,NULL,0,0.0000000000),(515,179,20,1.000000,33.9500000000,0.0000000000,33.9500000000,0.0000000000,NULL,0,0.0000000000),(519,180,20,1.000000,33.9500000000,0.0000000000,33.9500000000,0.0000000000,NULL,0,3.4000000000),(521,181,23,1.000000,29.9500000000,0.0000000000,29.9500000000,0.0000000000,NULL,0,0.0000000000),(523,182,23,1.000000,29.9500000000,0.0000000000,29.9500000000,0.0000000000,NULL,0,0.0000000000),(525,183,22,1.000000,12.9500000000,0.0000000000,12.9500000000,0.0000000000,NULL,0,0.0000000000),(529,184,21,2.000000,3.9500000000,0.0000000000,7.9000000000,0.0000000000,NULL,0,0.0000000000),(531,185,24,1.000000,595.0000000000,0.0000000000,595.0000000000,0.0000000000,NULL,0,0.0000000000),(533,186,24,3.000000,595.0000000000,0.0000000000,1785.0000000000,0.0000000000,NULL,0,0.0000000000),(535,187,22,1.000000,12.9500000000,0.0000000000,12.9500000000,0.0000000000,NULL,0,0.0000000000),(539,189,22,1.000000,12.9500000000,0.0000000000,12.9500000000,0.0000000000,NULL,0,0.0000000000),(543,191,23,3.000000,29.9500000000,0.0000000000,89.8500000000,0.0000000000,NULL,0,0.0000000000),(545,192,23,1.000000,29.9500000000,0.0000000000,29.9500000000,0.0000000000,NULL,0,0.0000000000),(547,193,21,2.000000,3.9500000000,0.0000000000,7.9000000000,0.0000000000,NULL,0,0.0000000000),(549,194,21,1.000000,3.9500000000,0.0000000000,3.9500000000,0.0000000000,NULL,0,3.9300000000),(551,195,21,1.000000,3.9500000000,0.0000000000,3.9500000000,0.0000000000,NULL,0,3.9300000000),(553,196,20,1.000000,33.9500000000,0.0000000000,33.9500000000,0.0000000000,NULL,0,0.0000000000),(555,197,23,1.000000,29.9500000000,0.0000000000,29.9500000000,0.0000000000,NULL,0,0.0000000000),(565,200,23,1.000000,29.9500000000,0.0000000000,29.9500000000,0.0000000000,NULL,0,0.0000000000),(574,202,23,1.000000,29.9500000000,0.0000000000,29.9500000000,0.0000000000,NULL,0,0.0000000000),(575,202,21,1.000000,3.9500000000,0.0000000000,3.9500000000,0.0000000000,NULL,0,0.0000000000),(578,203,23,1.000000,29.9500000000,0.0000000000,29.9500000000,0.0000000000,NULL,0,0.0000000000),(579,203,21,1.000000,3.9500000000,0.0000000000,3.9500000000,0.0000000000,NULL,0,0.0000000000),(583,204,22,1.000000,12.9500000000,0.0000000000,12.9500000000,0.0000000000,NULL,0,0.0000000000),(585,205,20,1.000000,33.9500000000,0.0000000000,33.9500000000,0.0000000000,NULL,0,0.0000000000),(589,207,21,1.000000,3.9500000000,0.0000000000,3.9500000000,0.0000000000,NULL,0,0.0000000000),(594,208,20,1.000000,33.9500000000,0.0000000000,33.9500000000,0.0000000000,NULL,0,0.0000000000),(596,209,21,1.000000,3.9500000000,0.0000000000,3.9500000000,0.0000000000,NULL,0,0.0000000000),(598,210,23,1.000000,29.9500000000,0.0000000000,29.9500000000,0.0000000000,NULL,0,0.0000000000),(600,211,23,1.000000,29.9500000000,0.0000000000,29.9500000000,0.0000000000,NULL,0,0.0000000000),(602,212,21,1.000000,3.9500000000,0.0000000000,3.9500000000,0.0000000000,NULL,0,3.9300000000),(604,213,21,1.000000,3.9500000000,0.0000000000,3.9500000000,0.0000000000,NULL,0,3.9300000000),(606,214,21,1.000000,3.9500000000,0.0000000000,3.9500000000,0.0000000000,NULL,0,3.9300000000),(610,216,21,1.000000,3.9500000000,0.0000000000,3.9500000000,0.0000000000,NULL,0,3.9300000000),(612,217,21,1.000000,3.9500000000,0.0000000000,3.9500000000,0.0000000000,NULL,0,3.9300000000),(620,219,21,1.000000,3.9500000000,0.0000000000,3.9500000000,0.0000000000,NULL,0,3.9300000000),(622,220,21,1.000000,3.9500000000,0.0000000000,3.9500000000,0.0000000000,NULL,0,3.9300000000),(624,221,23,1.000000,29.9500000000,0.0000000000,29.9500000000,0.0000000000,NULL,0,0.0000000000),(628,223,22,1.000000,12.9500000000,0.0000000000,12.9500000000,0.0000000000,NULL,0,0.0000000000),(630,224,20,1.000000,33.9500000000,0.0000000000,33.9500000000,0.0000000000,NULL,0,0.0000000000),(632,225,23,1.000000,29.9500000000,0.0000000000,29.9500000000,0.0000000000,NULL,0,0.0000000000),(634,226,20,1.000000,33.9500000000,0.0000000000,33.9500000000,0.0000000000,NULL,0,0.0000000000),(636,227,22,1.000000,12.9500000000,0.0000000000,12.9500000000,0.0000000000,NULL,0,0.0000000000),(638,228,22,1.000000,12.9500000000,0.0000000000,12.9500000000,0.0000000000,NULL,0,0.0000000000),(640,229,20,1.000000,33.9500000000,0.0000000000,33.9500000000,0.0000000000,NULL,0,0.0000000000),(646,230,23,1.000000,29.9500000000,0.0000000000,29.9500000000,0.0000000000,NULL,0,0.0000000000),(648,231,21,1.000000,3.9500000000,0.0000000000,3.9500000000,0.0000000000,NULL,0,0.0000000000),(650,232,21,1.000000,3.9500000000,0.0000000000,3.9500000000,0.0000000000,NULL,0,0.0000000000),(652,233,20,1.000000,33.9500000000,0.0000000000,33.9500000000,0.0000000000,NULL,0,0.0000000000),(654,234,23,1.000000,29.9500000000,0.0000000000,29.9500000000,0.0000000000,NULL,0,0.0000000000),(656,235,23,1.000000,29.9500000000,0.0000000000,29.9500000000,0.0000000000,NULL,0,0.0000000000),(659,236,23,1.000000,29.9500000000,0.0000000000,29.9500000000,0.0000000000,NULL,0,0.0000000000),(660,236,21,1.000000,3.9500000000,0.0000000000,3.9500000000,0.0000000000,NULL,0,0.0000000000),(662,237,20,1.000000,33.9500000000,0.0000000000,33.9500000000,0.0000000000,NULL,0,3.4000000000),(664,238,23,1.000000,29.9500000000,0.0000000000,29.9500000000,0.0000000000,NULL,0,0.0000000000),(666,239,23,1.000000,29.9500000000,0.0000000000,29.9500000000,0.0000000000,NULL,0,0.0000000000),(668,240,34,1.000000,3.9500000000,0.0000000000,3.9500000000,0.0000000000,NULL,0,3.9300000000),(670,241,21,1.000000,3.9500000000,0.0000000000,3.9500000000,0.0000000000,NULL,0,3.9300000000),(672,242,21,1.000000,3.9500000000,0.0000000000,3.9500000000,0.0000000000,NULL,0,3.9300000000),(673,243,23,1.000000,29.9500000000,0.0000000000,29.9500000000,0.0000000000,NULL,0,NULL),(675,244,20,1.000000,33.9500000000,0.0000000000,33.9500000000,0.0000000000,NULL,0,0.0000000000),(677,245,23,1.000000,29.9500000000,0.0000000000,29.9500000000,0.0000000000,NULL,0,0.0000000000),(681,247,21,1.000000,3.9500000000,0.0000000000,3.9500000000,0.0000000000,NULL,0,0.4000000000),(683,248,21,1.000000,3.9500000000,0.0000000000,3.9500000000,0.0000000000,NULL,0,0.0000000000),(689,249,20,1.000000,33.9500000000,0.0000000000,33.9500000000,0.0000000000,NULL,0,0.0000000000),(691,250,23,4.000000,29.9500000000,0.0000000000,119.8000000000,0.0000000000,NULL,0,0.0000000000),(693,251,23,1.000000,29.9500000000,0.0000000000,29.9500000000,0.0000000000,NULL,0,0.0000000000),(699,253,21,2.000000,3.9500000000,0.0000000000,7.9000000000,0.0000000000,NULL,0,0.7900000000),(701,254,24,1.000000,595.0000000000,0.0000000000,595.0000000000,0.0000000000,NULL,0,0.0000000000),(705,255,24,1.000000,595.0000000000,0.0000000000,595.0000000000,0.0000000000,NULL,0,0.0000000000),(707,256,20,1.000000,33.9500000000,0.0000000000,33.9500000000,0.0000000000,NULL,0,0.0000000000),(711,257,24,1.000000,595.0000000000,0.0000000000,595.0000000000,0.0000000000,NULL,0,594.9400000000),(715,258,24,1.000000,595.0000000000,0.0000000000,595.0000000000,0.0000000000,NULL,0,59.5000000000),(717,259,23,1.000000,29.9500000000,0.0000000000,29.9500000000,0.0000000000,NULL,0,3.0000000000),(720,260,23,1.000000,29.9500000000,0.0000000000,29.9500000000,0.0000000000,NULL,0,3.0000000000),(721,260,22,1.000000,12.9500000000,0.0000000000,12.9500000000,0.0000000000,NULL,0,1.3000000000),(723,261,23,1.000000,29.9500000000,0.0000000000,29.9500000000,0.0000000000,NULL,0,0.0000000000),(725,262,23,1.000000,29.9500000000,0.0000000000,29.9500000000,0.0000000000,NULL,0,0.0000000000),(732,263,23,1.000000,29.9500000000,0.0000000000,29.9500000000,0.0000000000,NULL,0,0.0000000000),(733,263,22,1.000000,12.9500000000,0.0000000000,12.9500000000,0.0000000000,NULL,0,0.0000000000),(735,264,21,1.000000,3.9500000000,0.0000000000,3.9500000000,0.0000000000,NULL,0,0.4000000000),(737,265,21,1.000000,3.9500000000,0.0000000000,3.9500000000,0.0000000000,NULL,0,0.4000000000),(739,266,21,1.000000,3.9500000000,0.0000000000,3.9500000000,0.0000000000,NULL,0,0.4000000000),(741,267,23,1.000000,29.9500000000,0.0000000000,29.9500000000,0.0000000000,NULL,0,0.0000000000),(743,268,24,1.000000,595.0000000000,0.0000000000,595.0000000000,0.0000000000,NULL,0,0.0000000000),(749,269,24,1.000000,595.0000000000,0.0000000000,595.0000000000,0.0000000000,NULL,0,0.0000000000),(757,270,24,1.000000,595.0000000000,0.0000000000,595.0000000000,0.0000000000,NULL,0,0.0000000000),(759,271,24,1.000000,595.0000000000,0.0000000000,595.0000000000,0.0000000000,NULL,0,0.0000000000),(761,272,23,1.000000,29.9500000000,0.0000000000,29.9500000000,0.0000000000,NULL,0,0.0000000000),(765,273,20,1.000000,33.9500000000,0.0000000000,33.9500000000,0.0000000000,NULL,0,3.4000000000),(767,274,23,1.000000,29.9500000000,0.0000000000,29.9500000000,0.0000000000,NULL,0,0.0000000000),(769,275,21,1.000000,3.9500000000,0.0000000000,3.9500000000,0.0000000000,NULL,0,0.0000000000),(771,276,23,1.000000,29.9500000000,0.0000000000,29.9500000000,0.0000000000,NULL,0,3.0000000000),(773,277,24,1.000000,595.0000000000,0.0000000000,595.0000000000,0.0000000000,NULL,0,0.0000000000),(775,278,23,1.000000,29.9500000000,0.0000000000,29.9500000000,0.0000000000,NULL,0,0.0000000000),(777,279,24,1.000000,595.0000000000,0.0000000000,595.0000000000,0.0000000000,NULL,0,0.0000000000),(781,280,22,1.000000,12.9500000000,0.0000000000,12.9500000000,0.0000000000,NULL,0,1.3000000000),(783,281,24,1.000000,595.0000000000,0.0000000000,595.0000000000,0.0000000000,NULL,0,0.0000000000),(785,282,20,1.000000,33.9500000000,0.0000000000,33.9500000000,0.0000000000,NULL,0,0.0000000000),(787,283,23,2.000000,29.9500000000,0.0000000000,59.9000000000,0.0000000000,NULL,0,5.9900000000),(789,284,24,1.000000,595.0000000000,0.0000000000,595.0000000000,0.0000000000,NULL,0,0.0000000000),(792,285,21,1.000000,3.9500000000,0.0000000000,3.9500000000,0.0000000000,NULL,0,0.0000000000),(793,285,22,1.000000,12.9500000000,0.0000000000,12.9500000000,0.0000000000,NULL,0,0.0000000000),(795,286,23,1.000000,29.9500000000,0.0000000000,29.9500000000,0.0000000000,NULL,0,3.0000000000),(797,287,23,1.000000,29.9500000000,0.0000000000,29.9500000000,0.0000000000,NULL,0,3.0000000000),(799,288,23,1.000000,29.9500000000,0.0000000000,29.9500000000,0.0000000000,NULL,0,0.0000000000),(801,289,24,1.000000,595.0000000000,0.0000000000,595.0000000000,0.0000000000,NULL,0,0.0000000000),(805,290,24,1.000000,595.0000000000,0.0000000000,595.0000000000,0.0000000000,NULL,0,0.0000000000),(807,291,23,1.000000,29.9500000000,0.0000000000,29.9500000000,0.0000000000,NULL,0,0.0000000000),(813,293,23,2.000000,29.9500000000,0.0000000000,59.9000000000,0.0000000000,NULL,0,5.9900000000),(815,294,24,1.000000,595.0000000000,0.0000000000,595.0000000000,0.0000000000,NULL,0,0.0000000000),(819,296,23,2.000000,29.9500000000,0.0000000000,59.9000000000,0.0000000000,NULL,0,0.0000000000),(821,297,24,1.000000,595.0000000000,0.0000000000,595.0000000000,0.0000000000,NULL,0,0.0000000000),(827,298,24,1.000000,595.0000000000,0.0000000000,595.0000000000,0.0000000000,NULL,0,0.0000000000),(833,301,23,1.000000,29.9500000000,0.0000000000,29.9500000000,0.0000000000,NULL,0,3.0000000000),(835,302,24,1.000000,595.0000000000,0.0000000000,595.0000000000,0.0000000000,NULL,0,0.0000000000),(837,303,23,1.000000,29.9500000000,0.0000000000,29.9500000000,0.0000000000,NULL,0,0.0000000000),(839,304,23,1.000000,29.9500000000,0.0000000000,29.9500000000,0.0000000000,NULL,0,0.0000000000),(843,305,20,1.000000,33.9500000000,0.0000000000,33.9500000000,0.0000000000,NULL,0,3.4000000000),(845,306,24,1.000000,595.0000000000,0.0000000000,595.0000000000,0.0000000000,NULL,0,0.0000000000),(847,307,23,1.000000,29.9500000000,0.0000000000,29.9500000000,0.0000000000,NULL,0,0.0000000000),(849,308,24,1.000000,595.0000000000,0.0000000000,595.0000000000,0.0000000000,NULL,0,0.0000000000),(855,310,21,1.000000,3.9500000000,0.0000000000,3.9500000000,0.0000000000,NULL,0,3.9500000000),(858,311,23,2.000000,29.9500000000,0.0000000000,59.9000000000,0.0000000000,NULL,0,0.0000000000),(859,311,24,1.000000,595.0000000000,0.0000000000,595.0000000000,0.0000000000,NULL,0,0.0000000000),(865,314,23,1.000000,29.9500000000,0.0000000000,29.9500000000,0.0000000000,NULL,0,3.0000000000),(869,315,24,1.000000,595.0000000000,0.0000000000,595.0000000000,0.0000000000,NULL,0,0.0000000000),(871,316,23,1.000000,29.9500000000,0.0000000000,29.9500000000,0.0000000000,NULL,0,0.0000000000),(873,317,20,1.000000,33.9500000000,0.0000000000,33.9500000000,0.0000000000,NULL,0,0.0000000000),(879,319,23,2.000000,29.9500000000,0.0000000000,59.9000000000,0.0000000000,NULL,0,5.9900000000),(881,320,20,1.000000,33.9500000000,0.0000000000,33.9500000000,0.0000000000,NULL,0,0.0000000000),(883,321,23,1.000000,29.9500000000,0.0000000000,29.9500000000,0.0000000000,NULL,0,0.0000000000),(885,322,23,1.000000,29.9500000000,0.0000000000,29.9500000000,0.0000000000,NULL,0,0.0000000000),(887,323,24,1.000000,595.0000000000,0.0000000000,595.0000000000,0.0000000000,NULL,0,0.0000000000),(889,324,24,1.000000,595.0000000000,0.0000000000,595.0000000000,0.0000000000,NULL,0,0.0000000000),(890,325,20,1.000000,33.9500000000,0.0000000000,33.9500000000,0.0000000000,'2014-04-02',1,0.0000000000),(894,327,23,1.000000,29.9500000000,0.0000000000,29.9500000000,0.0000000000,NULL,0,0.0000000000),(896,328,24,1.000000,595.0000000000,0.0000000000,595.0000000000,0.0000000000,NULL,0,0.0000000000),(898,329,23,2.000000,29.9500000000,0.0000000000,59.9000000000,0.0000000000,NULL,0,0.0000000000),(900,330,22,1.000000,12.9500000000,0.0000000000,12.9500000000,0.0000000000,NULL,0,1.3000000000),(902,331,23,1.000000,29.9500000000,0.0000000000,29.9500000000,0.0000000000,NULL,0,0.0000000000),(904,332,24,1.000000,595.0000000000,0.0000000000,595.0000000000,0.0000000000,NULL,0,0.0000000000),(906,333,23,1.000000,29.9500000000,0.0000000000,29.9500000000,0.0000000000,NULL,0,0.0000000000),(908,334,23,1.000000,29.9500000000,0.0000000000,29.9500000000,0.0000000000,NULL,0,0.0000000000),(910,335,24,1.000000,595.0000000000,0.0000000000,595.0000000000,0.0000000000,NULL,0,0.0000000000),(914,337,24,1.000000,595.0000000000,0.0000000000,595.0000000000,0.0000000000,NULL,0,0.0000000000);
/*!40000 ALTER TABLE `shop_orderitem` ENABLE KEYS */;
UNLOCK TABLES;

--
-- Table structure for table `shop_orderitemdetail`
--

DROP TABLE IF EXISTS `shop_orderitemdetail`;
/*!40101 SET @saved_cs_client     = @@character_set_client */;
/*!40101 SET character_set_client = utf8 */;
CREATE TABLE `shop_orderitemdetail` (
  `id` int(11) NOT NULL AUTO_INCREMENT,
  `item_id` int(11) NOT NULL,
  `name` varchar(100) NOT NULL,
  `value` varchar(255) NOT NULL,
  `price_change` decimal(18,10) DEFAULT NULL,
  `sort_order` int(11) NOT NULL,
  PRIMARY KEY (`id`),
  KEY `shop_orderitemdetail_67b70d25` (`item_id`),
  CONSTRAINT `item_id_refs_id_395f6c5e` FOREIGN KEY (`item_id`) REFERENCES `shop_orderitem` (`id`)
) ENGINE=InnoDB DEFAULT CHARSET=utf8;
/*!40101 SET character_set_client = @saved_cs_client */;

--
-- Dumping data for table `shop_orderitemdetail`
--

LOCK TABLES `shop_orderitemdetail` WRITE;
/*!40000 ALTER TABLE `shop_orderitemdetail` DISABLE KEYS */;
/*!40000 ALTER TABLE `shop_orderitemdetail` ENABLE KEYS */;
UNLOCK TABLES;

--
-- Table structure for table `shop_orderpayment`
--

DROP TABLE IF EXISTS `shop_orderpayment`;
/*!40101 SET @saved_cs_client     = @@character_set_client */;
/*!40101 SET character_set_client = utf8 */;
CREATE TABLE `shop_orderpayment` (
  `id` int(11) NOT NULL AUTO_INCREMENT,
  `payment` varchar(25) NOT NULL,
  `amount` decimal(18,10) DEFAULT NULL,
  `time_stamp` datetime DEFAULT NULL,
  `transaction_id` varchar(45) DEFAULT NULL,
  `details` varchar(255) DEFAULT NULL,
  `reason_code` varchar(255) DEFAULT NULL,
  `order_id` int(11) NOT NULL,
  PRIMARY KEY (`id`),
  KEY `shop_orderpayment_7cc8fcf5` (`order_id`),
  CONSTRAINT `order_id_refs_id_792c8a16` FOREIGN KEY (`order_id`) REFERENCES `shop_order` (`id`)
) ENGINE=InnoDB AUTO_INCREMENT=814 DEFAULT CHARSET=utf8;
/*!40101 SET character_set_client = @saved_cs_client */;

--
-- Dumping data for table `shop_orderpayment`
--

LOCK TABLES `shop_orderpayment` WRITE;
/*!40000 ALTER TABLE `shop_orderpayment` DISABLE KEYS */;
INSERT INTO `shop_orderpayment` VALUES (1,'',107.8000000000,'2013-11-30 09:35:15','','','0',1),(2,'',34.9500000000,'2013-11-30 09:43:13','','','0',2),(3,'PAYPAL',0.0000000000,'2013-11-30 09:55:19','LINKED',NULL,'',3),(4,'',38.9000000000,'2013-11-30 11:49:55','PO','','0',4),(5,'BANK_TRANSFER',12.9000000000,'2013-11-30 12:07:17','','','0',5),(6,'',8.9500000000,'2013-12-01 02:17:13','','','0',7),(7,'',8.9500000000,'2013-12-01 02:21:11','','','0',8),(8,'',8.9500000000,'2013-12-01 02:49:44','','','0',9),(9,'',8.9500000000,'2013-12-01 03:41:53','','','0',10),(10,'PAYPAL',0.0000000000,'2013-12-01 03:48:04','LINKED',NULL,'',11),(12,'PAYPAL',0.0000000000,'2013-12-01 04:08:39','LINKED',NULL,'',13),(13,'PAYPAL',0.0000000000,'2013-12-01 04:09:12','LINKED',NULL,'',12),(14,'PAYPAL',0.0000000000,'2013-12-01 04:11:00','LINKED',NULL,'',14),(16,'PAYPAL',0.0000000000,'2013-12-01 07:16:29','LINKED',NULL,'',15),(17,'',12.9000000000,'2013-12-01 16:14:40','COD','','0',17),(18,'',2369.8500000000,'2013-12-01 19:23:03','','','0',19),(19,'',1689.4000000000,'2013-12-02 17:00:48','','','0',20),(20,'',31.9500000000,'2013-12-02 17:03:43','','','0',21),(21,'',1166.0000000000,'2013-12-02 17:07:53','','','0',22),(22,'PAYMENT_CHEQUE',0.0000000000,'2013-12-03 21:01:51','LINKED','','',23),(23,'BANK_TRANSFER',8.9500000000,'2013-12-03 21:02:26','','','0',23),(31,'PAYPAL',0.0000000000,'2013-12-03 22:07:55','LINKED','','',25),(32,'PAYMENT_CHEQUE',12.1100000000,'2013-12-03 22:08:27','','','0',25),(33,'BANK_TRANSFER',31.9500000000,'2013-12-03 22:09:28','','','0',26),(35,'PAYPAL',0.0000000000,'2013-12-03 22:10:54','LINKED','','',27),(38,'BANK_TRANSFER',37.9500000000,'2013-12-04 08:54:35','','','0',29),(39,'PAYMENT_CHEQUE',12955.0000000000,'2013-12-04 09:05:06','','','0',30),(49,'PAYPAL',0.0000000000,'2013-12-04 10:14:47','LINKED',NULL,'',33),(52,'PAYPAL',0.0000000000,'2013-12-04 10:36:16','LINKED',NULL,'',34),(61,'PAYPAL',0.0000000000,'2013-12-04 22:43:45','LINKED',NULL,'',36),(66,'PAYPAL',0.0000000000,'2013-12-04 22:49:27','LINKED',NULL,'',37),(76,'PAYPAL',0.0000000000,'2013-12-04 23:13:33','LINKED','','',38),(78,'PAYPAL',0.0000000000,'2013-12-05 16:33:17','LINKED',NULL,'',39),(80,'PAYPAL',0.0000000000,'2013-12-05 16:36:15','LINKED','','',40),(82,'PAYPAL',0.0000000000,'2013-12-05 18:21:11','LINKED','','',41),(83,'PAYMENT_CHEQUE',0.0200000000,'2013-12-05 18:21:39','','','0',41),(85,'PAYPAL',0.0000000000,'2013-12-05 18:25:39','LINKED',NULL,'',42),(87,'PAYPAL',0.0000000000,'2013-12-05 22:40:37','LINKED',NULL,'',43),(91,'PAYPAL',72.9000000000,'2013-12-06 11:50:25','LINKED','','',45),(97,'PAYPAL',30.9000000000,'2013-12-06 13:19:34','LINKED','','',46),(100,'PAYMENT_CHEQUE',0.0200000000,'2013-12-06 15:18:59','','','0',48),(102,'PAYPAL',0.0200000000,'2013-12-06 15:43:59','59017713F7867033C','','',49),(104,'PAYPAL',34.9500000000,'2013-12-06 17:23:24','78701077H5181725E','','',50),(106,'PAYPAL',38.9500000000,'2013-12-06 18:34:47','93J4819207480690G','','',52),(108,'PAYPAL',16.8500000000,'2013-12-07 19:25:44','28J58373X2569102D','','',54),(110,'PAYPAL',51.9000000000,'2013-12-07 20:17:10','68155587239662616','','',55),(112,'PAYPAL',34.9500000000,'2013-12-08 11:02:55','08F28115YP719523P','','',56),(119,'PAYPAL',600.0000000000,'2013-12-09 16:47:35','35T24602U48088004','','',60),(121,'PAYPAL',38.9500000000,'2013-12-09 18:21:35','32F30618K5835012Y','','',61),(125,'PAYPAL',17.9500000000,'2013-12-09 21:43:40','16V750029X789163E','','',63),(126,'PAYPAL',33.9500000000,'2013-12-10 13:36:48','','','processed over phone, error on site',51),(131,'PAYPAL',64.9000000000,'2013-12-10 15:38:49','4B088405JM3685742','','',64),(137,'BANK_TRANSFER',595.0000000000,'2013-12-10 17:19:01','','','0',67),(139,'PAYPAL',17.9500000000,'2013-12-10 20:56:55','3750651143813401H','','',68),(141,'PAYPAL',64.9000000000,'2013-12-10 21:23:45','4RB60899192751827','','',69),(143,'PAYPAL',68.9000000000,'2013-12-11 10:33:12','2PY74168C50622305','','',70),(145,'PAYPAL',0.0000000000,'2013-12-11 12:30:04','LINKED',NULL,'',71),(147,'PAYPAL',0.0000000000,'2013-12-11 13:42:29','LINKED',NULL,'',72),(149,'PAYPAL',51.9000000000,'2013-12-11 15:02:25','2M076389GM075741A','','',73),(152,'PAYPAL',38.9500000000,'2013-12-11 16:40:34','5XM29340M7361134G','','',74),(154,'PAYPAL',34.9500000000,'2013-12-11 18:34:36','5S1250295T7661327','','',75),(155,'PAYMENT_CHEQUE',34.9500000000,'2013-12-11 18:45:48','','','0',76),(159,'PAYPAL',629.9500000000,'2013-12-11 19:16:23','0NH1062449933781S','','',77),(161,'PAYPAL',34.9500000000,'2013-12-11 23:27:19','1X4823645L3140512','','',78),(165,'PAYPAL',38.9500000000,'2013-12-12 00:12:37','3DJ33291BL970291B','','',79),(173,'PAYPAL',17.9500000000,'2013-12-12 12:58:31','2D885379GN346791V','','',83),(175,'PAYPAL',34.9500000000,'2013-12-12 15:11:18','4KW88116BA656105F','','',84),(179,'PAYPAL',0.0000000000,'2013-12-12 19:51:29','LINKED',NULL,'',85),(181,'PAYPAL',42.9000000000,'2013-12-12 21:53:35','4UL60853GW0254546','','',86),(183,'PAYPAL',0.0000000000,'2013-12-13 16:22:25','LINKED',NULL,'',87),(185,'PAYPAL',0.0000000000,'2013-12-13 18:36:00','LINKED',NULL,'',88),(187,'PAYPAL',31.9500000000,'2013-12-13 19:51:25','4HU249602H833454L','','',89),(189,'PAYPAL',31.9500000000,'2013-12-13 19:54:49','94R69654EU530954X','','',90),(191,'PAYPAL',0.0000000000,'2013-12-13 21:05:14','LINKED',NULL,'',91),(195,'PAYPAL',38.9500000000,'2013-12-13 21:17:49','432463718U1897149','','',93),(197,'PAYPAL',28.7000000000,'2013-12-13 21:20:40','4664011791566561U','','',94),(203,'PAYPAL',72.9000000000,'2013-12-13 22:36:52','0HL448021E540382D','','',97),(204,'PAYPAL',0.0000000000,'2013-12-13 23:03:59','LINKED',NULL,'',95),(206,'PAYPAL',31.9500000000,'2013-12-14 08:33:58','6X4201626D746204G','','',98),(212,'PAYPAL',38.9500000000,'2013-12-14 09:38:41','4VH50187EY687440J','','',99),(216,'PAYPAL',0.0000000000,'2013-12-14 09:40:09','LINKED',NULL,'',101),(218,'PAYPAL',35.5500000000,'2013-12-14 11:18:56','87N32358A9265714W','','',102),(220,'PAYPAL',38.9500000000,'2013-12-14 16:57:04','3T7350377H090240T','','',103),(222,'PAYPAL',34.9500000000,'2013-12-14 22:21:32','39E14290153079435','','',104),(224,'PAYPAL',17.9500000000,'2013-12-14 23:40:00','8VF97460NN750234L','','',105),(226,'PAYPAL',34.9500000000,'2013-12-15 10:44:04','36G494781C413735N','','',106),(228,'PAYPAL',38.9500000000,'2013-12-15 11:17:59','6JB445946Y2193037','','',107),(230,'PAYPAL',38.9500000000,'2013-12-15 13:52:49','2SV27510414259626','','',108),(232,'PAYPAL',38.9500000000,'2013-12-15 14:33:55','58361795MK348164F','','',109),(238,'PAYPAL',35.5500000000,'2013-12-15 15:24:54','4FE695281V8188644','','',111),(240,'PAYPAL',0.0000000000,'2013-12-15 16:55:55','LINKED',NULL,'',112),(242,'PAYPAL',34.9500000000,'2013-12-15 19:56:19','39W64479T4109691R','','',113),(250,'PAYPAL',34.9500000000,'2013-12-16 11:07:56','4GD3344830635684S','','',115),(252,'PAYPAL',31.9500000000,'2013-12-16 12:35:17','85L8753305257972F','','',116),(256,'PAYPAL',31.9500000000,'2013-12-16 20:22:42','9SA86903V8948811R','','',117),(258,'PAYPAL',112.8200000000,'2013-12-16 21:24:26','2HY908207J027174V','','',118),(262,'PAYPAL',34.9500000000,'2013-12-16 21:59:56','6ML485349U748232F','','',120),(268,'PAYPAL',595.0000000000,'2013-12-17 09:55:44','4FJ41599AR9573706','','',123),(270,'PAYPAL',34.9500000000,'2013-12-17 10:25:37','9R66697667265631D','','',124),(278,'PAYPAL',12.1100000000,'2013-12-17 11:32:22','08W47529RU594164F','','',126),(280,'PAYPAL',31.9500000000,'2013-12-17 21:14:12','0MN46308PM306502E','','',127),(282,'PAYPAL',38.9500000000,'2013-12-17 21:57:15','9UL12893BR6756259','','',128),(283,'PAYPAL',0.0000000000,'2013-12-17 21:57:24','LINKED','','',128),(289,'PAYPAL',31.9500000000,'2013-12-18 09:23:14','5B613211L39956648','','',129),(290,'PAYMENT_CHEQUE',8.9500000000,'2013-12-18 11:05:14','','','0',130),(292,'PAYPAL',34.9500000000,'2013-12-18 13:38:44','5YW0767703315273T','','',131),(298,'PAYPAL',0.0000000000,'2013-12-18 15:37:12','LINKED','','',134),(299,'BANK_TRANSFER',4794.9500000000,'2013-12-18 15:37:45','','','0',134),(301,'PAYPAL',38.9500000000,'2013-12-18 18:47:21','6X66530203486604X','','',135),(307,'PAYPAL',35.5500000000,'2013-12-19 07:18:21','66R27962EH687981J','','',137),(309,'PAYPAL',47.2000000000,'2013-12-19 07:25:33','7DF46466BL101344X','','',138),(311,'PAYPAL',31.9500000000,'2013-12-19 08:38:01','71S8410394089092D','','',139),(313,'PAYPAL',12.1100000000,'2013-12-19 10:27:31','0MV513027Y8300544','','',140),(317,'PAYPAL',38.9500000000,'2013-12-19 10:45:54','2GW835008P4855152','','',141),(319,'PAYPAL',595.0000000000,'2013-12-19 16:05:14','4CB08591TA050150Y','','',142),(323,'PAYPAL',16.6500000000,'2013-12-19 17:35:32','4DL42579YL053324M','','',143),(325,'PAYPAL',0.0000000000,'2013-12-19 18:17:38','LINKED',NULL,'',144),(327,'PAYPAL',34.9500000000,'2013-12-20 14:07:40','1PH45152VN1426418','','',145),(331,'PAYPAL',38.9500000000,'2013-12-20 17:18:55','3DA561834B3868135','','',147),(333,'PAYPAL',38.9500000000,'2013-12-20 21:59:37','6HB95109UE4744814','','',148),(335,'PAYPAL',34.9500000000,'2013-12-21 20:22:28','5VD46430KB732222T','','',149),(337,'PAYPAL',34.9500000000,'2013-12-23 08:31:34','56V0496688349240P','','',150),(338,'PAYPAL',0.0000000000,'2013-12-23 08:31:47','LINKED','','',150),(340,'PAYPAL',34.9500000000,'2013-12-23 21:07:31','03P02551V5207843D','','',151),(342,'PAYPAL',607.9000000000,'2013-12-30 14:41:26','3F742436863715321','','',152),(349,'PAYPAL',17.9500000000,'2014-01-02 10:58:37','30641934SC428764P','','',155),(350,'BANK_TRANSFER',595.0000000000,'2014-01-05 19:35:22','','','0',156),(353,'PAYPAL',0.0000000000,'2014-01-06 15:00:09','LINKED','','',157),(354,'BANK_TRANSFER',38.9500000000,'2014-01-06 15:00:51','','','0',157),(356,'PAYPAL',92.6000000000,'2014-01-08 22:22:00','1T8330761T447221E','','',158),(358,'BANK_TRANSFER',595.0000000000,'2014-01-10 18:26:11','LINKED','','',159),(359,'BANK_TRANSFER',595.0000000000,'2014-01-15 10:14:08','LINKED','','',160),(361,'PAYPAL',595.0000000000,'2014-01-13 22:54:01','3N936881UA6744628','','',161),(368,'PAYPAL',0.0000000000,'2014-01-13 23:19:04','LINKED',NULL,'',162),(370,'PAYPAL',38.9500000000,'2014-01-14 14:25:48','4R3593266Y791042D','','',163),(372,'PAYPAL',17.9500000000,'2014-01-15 19:25:04','2J26814782963701J','','',164),(377,'PAYPAL',34.9500000000,'2014-01-16 15:00:47','7UF68423NR5442332','','',166),(379,'PAYPAL',0.0000000000,'2014-01-18 09:01:29','LINKED',NULL,'',167),(381,'PAYPAL',38.9500000000,'2014-01-18 09:27:18','9A902914W9567905V','','',168),(384,'PAYPAL',0.0000000000,'2014-01-18 14:26:53','LINKED',NULL,'',169),(390,'PAYPAL',34.9500000000,'2014-01-18 19:04:54','4NU92950X20124053','','',170),(391,'BANK_TRANSFER',38.9500000000,'2014-01-19 20:06:26','','','0',171),(393,'PAYPAL',12.9000000000,'2014-01-21 18:43:29','7H991087BL168045L','','',172),(395,'PAYPAL',0.0000000000,'2014-01-24 12:01:22','LINKED',NULL,'',173),(398,'PAYPAL',0.0000000000,'2014-01-24 16:40:25','LINKED',NULL,'',174),(402,'PAYPAL',34.9500000000,'2014-01-24 21:42:39','9KH55949464780416','','',175),(404,'PAYPAL',0.0000000000,'2014-01-25 10:10:20','LINKED',NULL,'',176),(406,'PAYPAL',38.9500000000,'2014-01-25 12:46:22','9XC544148D6619549','','',177),(408,'PAYPAL',17.9500000000,'2014-01-25 13:23:47','5W2840278B2589415','','',178),(412,'PAYPAL',35.5500000000,'2014-01-27 14:25:37','76D97595Y5166635M','','',180),(413,'BANK_TRANSFER',34.9500000000,'2014-01-28 18:49:09','','','0',181),(415,'PAYPAL',34.9500000000,'2014-01-30 10:53:20','1FF282832R933134D','','',182),(417,'PAYPAL',17.9500000000,'2014-01-30 18:19:30','43U32355JG594503A','','',183),(421,'PAYPAL',0.0000000000,'2014-02-01 08:15:47','LINKED',NULL,'',184),(423,'PAYPAL',595.0000000000,'2014-02-02 23:08:21','2L7441863Y024854D','','',185),(424,'BANK_TRANSFER',0.0000000000,'2014-02-03 17:58:06','LINKED',NULL,'',186),(426,'PAYPAL',12.9500000000,'2014-02-03 20:33:29','0K976745U0088244V','','',187),(430,'PAYPAL',12.9500000000,'2014-02-03 21:08:20','6309351813211305N','','',189),(434,'PAYPAL',89.8500000000,'2014-02-04 08:38:05','6NM9728579839423T','','',191),(436,'PAYPAL',0.0000000000,'2014-02-04 15:10:44','LINKED',NULL,'',192),(438,'PAYPAL',7.9000000000,'2014-02-05 15:40:25','9G5345401P465231E','','',193),(440,'PAYPAL',0.0000000000,'2014-02-06 17:03:09','LINKED',NULL,'',194),(442,'PAYPAL',0.0000000000,'2014-02-06 18:20:37','LINKED','','',195),(444,'PAYPAL',0.0000000000,'2014-02-06 19:01:30','LINKED','','',196),(446,'PAYPAL',0.0000000000,'2014-02-06 22:55:15','LINKED','','',197),(460,'PAYPAL',0.0000000000,'2014-02-07 15:57:13','LINKED',NULL,'',200),(466,'PAYPAL',0.0000000000,'2014-02-07 21:31:51','LINKED',NULL,'',202),(468,'PAYPAL',32.5500000000,'2014-02-07 21:36:30','ID37M21436HS6504303','','',203),(472,'PAYPAL',12.3100000000,'2014-02-07 22:01:55','ID93R75805CK5748736','','',204),(474,'PAYPAL',32.6000000000,'2014-02-08 01:28:33','ID9SE03530H2656403T','','',205),(478,'PAYPAL',3.6200000000,'2014-02-08 09:32:15','ID2VS536510E944615V','','',207),(482,'PAYPAL',33.9500000000,'2014-02-08 09:33:52','ID6MV19745U6994693R','','',208),(484,'PAYPAL',3.6200000000,'2014-02-08 11:16:05','ID7SM69609XV753434V','','',209),(486,'PAYPAL',29.9500000000,'2014-02-08 12:48:52','ID6NG11576L0885791U','','',210),(488,'PAYPAL',29.9500000000,'2014-02-08 13:55:39','ID8S250734HD252810V','','',211),(490,'PAYPAL',0.0000000000,'2014-02-08 16:17:24','LINKED',NULL,'',212),(492,'PAYPAL',0.0000000000,'2014-02-08 16:24:05','LINKED','','',213),(493,'BANK_TRANSFER',0.0200000000,'2014-02-08 16:29:45','','','0',214),(497,'PAYPAL',0.0000000000,'2014-02-09 11:53:50','LINKED',NULL,'',216),(499,'PAYPAL',0.0000000000,'2014-02-09 20:32:33','LINKED',NULL,'',217),(525,'PAYPAL',0.0200000000,'2014-02-09 21:57:54','7GH82332JA550402H','','',219),(527,'PAYPAL',0.0200000000,'2014-02-09 21:59:01','3YX238142V441411R','','',220),(529,'PAYPAL',29.9500000000,'2014-02-10 09:54:26','8A833740M7168522G','','',221),(533,'PAYPAL',12.9500000000,'2014-02-10 10:55:11','1Y918898A8340552L','','',223),(535,'PAYPAL',33.9500000000,'2014-02-10 11:07:53','27751426YJ333334D','','',224),(537,'PAYPAL',29.9500000000,'2014-02-10 15:15:08','33L48666V2011212J','','',225),(539,'PAYPAL',33.9500000000,'2014-02-10 21:56:02','18R250579V482222C','','',226),(541,'PAYPAL',0.0000000000,'2014-02-11 10:23:43','LINKED',NULL,'',227),(543,'PAYPAL',0.0000000000,'2014-02-11 14:32:01','LINKED','','',228),(545,'PAYPAL',33.9500000000,'2014-02-12 14:10:35','53A30953W7207470P','','',229),(553,'PAYPAL',29.9500000000,'2014-02-12 13:30:48','1LF414960F629415D','','',230),(555,'PAYPAL',3.9500000000,'2014-02-12 17:05:50','5DJ36755C4806361V','','',231),(557,'PAYPAL',0.0000000000,'2014-02-13 16:40:22','LINKED','','',232),(559,'PAYPAL',33.9500000000,'2014-02-14 13:46:05','0A739719ET008753S','','',233),(561,'PAYPAL',29.9500000000,'2014-02-14 21:23:07','8WN02577CW242983C','','',234),(563,'PAYPAL',0.0000000000,'2014-02-14 23:21:08','LINKED',NULL,'',235),(565,'PAYPAL',33.9000000000,'2014-02-15 10:19:26','5PU994849J899780G','','',236),(567,'PAYPAL',30.5500000000,'2014-02-15 13:31:38','5JG8950429467324E','','',237),(569,'PAYPAL',29.9500000000,'2014-02-16 20:11:57','5GC20610TE2432910','','',238),(571,'PAYPAL',29.9500000000,'2014-02-16 22:01:15','1S715908D66588309','','',239),(572,'BANK_TRANSFER',0.0200000000,'2014-02-18 08:50:17','','','0',240),(573,'BANK_TRANSFER',0.0200000000,'2014-02-18 09:03:07','','','0',241),(575,'PAYPAL',0.0200000000,'2014-02-18 09:45:48','5SK75281L47639734','','',242),(577,'PAYPAL',33.9500000000,'2014-02-19 13:59:00','70526660XK7731127','','',244),(579,'PAYPAL',29.9500000000,'2014-02-20 13:41:51','77653907XA515214B','','',245),(583,'PAYPAL',0.0000000000,'2014-02-21 07:57:12','LINKED',NULL,'',247),(584,'BANK_TRANSFER',3.9500000000,'2014-02-21 09:16:01','','','0',248),(595,'PAYPAL',0.0000000000,'2014-02-21 14:42:37','LINKED',NULL,'',249),(596,'BANK_TRANSFER',0.0000000000,'2014-02-21 15:08:20','LINKED','','',250),(598,'PAYPAL',29.9500000000,'2014-02-22 08:48:59','8A1153194T665363R','','',251),(604,'PAYPAL',0.0000000000,'2014-02-22 11:27:18','LINKED',NULL,'',253),(606,'PAYPAL',595.0000000000,'2014-02-23 17:26:44','LINKED','','',254),(610,'PAYPAL',595.0000000000,'2014-02-23 19:30:52','LINKED','','',255),(612,'PAYPAL',33.9500000000,'2014-02-24 08:49:37','LINKED','','',256),(616,'PAYPAL',0.0600000000,'2014-02-24 11:43:25','02C41001P60778816','','',257),(620,'PAYPAL',535.5000000000,'2014-02-24 13:40:52','1HM791957D342054H','','',258),(622,'PAYPAL',26.9500000000,'2014-02-24 13:55:14','1B879763L47522441','','',259),(624,'PAYPAL',38.6000000000,'2014-02-24 18:10:45','07K24213N73360521','','',260),(626,'PAYPAL',0.0000000000,'2014-02-24 20:48:42','LINKED',NULL,'',261),(628,'PAYPAL',29.9500000000,'2014-02-25 09:24:55','8GB89796PS8606543','','',262),(632,'PAYPAL',42.9000000000,'2014-02-25 13:28:53','88K757154H727562R','','',263),(633,'BANK_TRANSFER',3.5500000000,'2014-02-27 09:28:18','','','0',264),(635,'PAYPAL',3.5500000000,'2014-02-27 09:33:06','3SK00958NG5697240','','',265),(636,'PAYMENT_CHEQUE',3.5500000000,'2014-02-27 09:35:11','','','0',266),(638,'PAYPAL',29.9500000000,'2014-02-27 11:49:42','35R29900XJ9647300','','',267),(640,'PAYPAL',595.0000000000,'2014-02-27 17:34:24','0NT86836EG4994602','','',268),(646,'PAYPAL',595.0000000000,'2014-02-27 18:23:38','2WS85253417584716','','',269),(657,'PAYPAL',595.0000000000,'2014-02-28 10:09:59','LINKED','paid over the phone','',270),(659,'PAYPAL',595.0000000000,'2014-03-01 12:00:41','34K03092DE454911S','','',271),(661,'PAYPAL',29.9500000000,'2014-02-28 19:03:09','7XE66014344241052','','',272),(665,'PAYPAL',30.5500000000,'2014-02-28 19:39:44','61M01336L2614943C','','',273),(667,'PAYPAL',29.9500000000,'2014-02-28 20:14:06','28134689F4954615N','','',274),(669,'PAYPAL',3.9500000000,'2014-02-28 20:36:50','2TD76782SP8856616','','',275),(671,'PAYPAL',26.9500000000,'2014-02-28 23:21:45','3BH3569593275053X','','',276),(673,'PAYPAL',595.0000000000,'2014-03-02 14:37:16','829576657M047262Y','','',277),(675,'PAYPAL',29.9500000000,'2014-03-01 17:13:09','9N062474B9055404R','','',278),(677,'PAYPAL',595.0000000000,'2014-03-01 20:28:13','6R942498230839531','','',279),(679,'PAYPAL',0.0000000000,'2014-03-02 10:55:47','LINKED','','',280),(680,'BANK_TRANSFER',11.6500000000,'2014-03-02 11:05:31','','','0',280),(682,'PAYPAL',595.0000000000,'2014-03-03 14:18:01','7AT80948UC459040K','','',281),(684,'PAYPAL',33.9500000000,'2014-03-02 18:37:23','4FM98972L6420404N','','',282),(686,'PAYPAL',58.9100000000,'2014-03-03 20:30:00','2DT23370JR349601W','','',283),(688,'PAYPAL',595.0000000000,'2014-03-04 08:05:37','5V847612Y2073925F','','',284),(690,'PAYPAL',21.9000000000,'2014-03-04 11:18:43','7N0343941V956684W','','',285),(692,'PAYPAL',31.9500000000,'2014-03-04 12:45:18','2AB41659UK0937107','','',286),(694,'PAYPAL',31.9500000000,'2014-03-04 23:31:41','57B91711XK6188439','','',287),(696,'PAYPAL',34.9500000000,'2014-03-05 22:20:08','04G54694RS613790H','','',288),(699,'PAYPAL',595.0000000000,'2014-03-06 21:08:18','6EJ854872S966181L','','',289),(703,'PAYPAL',595.0000000000,'2014-03-07 20:45:36','5YB2080462857741S','','',290),(705,'PAYPAL',0.0000000000,'2014-03-07 21:15:02','LINKED',NULL,'',291),(711,'PAYPAL',58.9100000000,'2014-03-08 11:56:12','3PJ672462X9753238','','',293),(713,'PAYPAL',595.0000000000,'2014-03-09 22:58:02','1W560003736742115','','',294),(717,'PAYPAL',64.9000000000,'2014-03-09 11:17:20','16N12265233461251','','',296),(719,'PAYPAL',595.0000000000,'2014-03-11 10:05:52','2PW57878XA010312V','','',297),(727,'PAYPAL',595.0000000000,'2014-03-11 11:46:50','5DL58814BG461344Y','','',298),(733,'PAYPAL',31.9500000000,'2014-03-12 20:30:51','46552553NB278315W','','',301),(735,'PAYPAL',595.0000000000,'2014-03-13 13:32:07','69B840979X214314R','','',302),(737,'PAYPAL',34.9500000000,'2014-03-13 21:07:07','9E834398YT2100645','','',303),(739,'PAYPAL',34.9500000000,'2014-03-14 18:39:52','1XX28964436146317','','',304),(743,'PAYPAL',35.5500000000,'2014-03-16 19:58:11','0AT70583N98523242','','',305),(745,'PAYPAL',595.0000000000,'2014-03-17 14:03:49','55H26783SF0957941','','',306),(747,'PAYPAL',34.9500000000,'2014-03-17 20:44:58','5KG6577518592540F','','',307),(749,'PAYPAL',595.0000000000,'2014-03-18 18:15:36','77340380XC5291134','','',308),(755,'PAYPAL',0.0000000000,'2014-03-21 22:49:50','LINKED','','',310),(757,'PAYPAL',659.9000000000,'2014-03-22 09:55:47','19M996291P216443X','','',311),(763,'PAYPAL',31.9500000000,'2014-03-23 14:33:07','5E903068U13094430','','',314),(767,'PAYPAL',0.0000000000,'2014-03-27 17:52:01','LINKED',NULL,'',315),(769,'PAYPAL',34.9500000000,'2014-03-28 10:52:47','1BB880238C2863930','','',316),(771,'PAYPAL',38.9500000000,'2014-03-28 23:23:52','0YW69860EA3485219','','',317),(777,'PAYPAL',58.9100000000,'2014-03-30 14:27:18','7WM266148J466333K','','',319),(779,'PAYPAL',38.9500000000,'2014-03-30 18:09:57','65C23608D0631841Y','','',320),(781,'PAYPAL',34.9500000000,'2014-03-31 05:57:37','5L902387JT541271M','','',321),(783,'PAYPAL',0.0000000000,'2014-03-31 09:17:31','LINKED',NULL,'',322),(786,'PAYPAL',595.0000000000,'2014-03-31 15:14:41','86R62692KE239720E','','',323),(788,'PAYPAL',595.0000000000,'2014-04-01 12:17:07','83N92116FJ192781K','','',324),(789,'PAYPAL',38.9500000000,'2014-04-02 09:34:54','','Credit card via trout','',325),(793,'PAYPAL',34.9500000000,'2014-04-03 14:05:14','1T322436K1608841N','','',327),(796,'PAYPAL',595.0000000000,'2014-04-04 20:46:37','1C293498SE381845J','','',328),(798,'PAYPAL',0.0000000000,'2014-04-05 08:43:03','LINKED',NULL,'',329),(800,'PAYPAL',16.6500000000,'2014-04-05 10:35:03','9ND0163265297405H','','',330),(802,'PAYPAL',0.0000000000,'2014-04-06 12:46:22','LINKED',NULL,'',331),(804,'PAYPAL',595.0000000000,'2014-04-06 20:10:06','7DG4260318419625R','','',332),(806,'PAYPAL',0.0000000000,'2014-04-07 09:11:00','LINKED','','',333),(808,'PAYPAL',34.9500000000,'2014-04-07 17:26:09','97M75594RS529631S','','',334),(810,'PAYPAL',595.0000000000,'2014-04-08 11:46:52','41M799315D867815L','','',335),(813,'PAYPAL',0.0000000000,'2014-04-09 14:20:57','LINKED',NULL,'',337);
/*!40000 ALTER TABLE `shop_orderpayment` ENABLE KEYS */;
UNLOCK TABLES;

--
-- Table structure for table `shop_orderpaymentfailure`
--

DROP TABLE IF EXISTS `shop_orderpaymentfailure`;
/*!40101 SET @saved_cs_client     = @@character_set_client */;
/*!40101 SET character_set_client = utf8 */;
CREATE TABLE `shop_orderpaymentfailure` (
  `id` int(11) NOT NULL AUTO_INCREMENT,
  `payment` varchar(25) NOT NULL,
  `amount` decimal(18,10) DEFAULT NULL,
  `time_stamp` datetime DEFAULT NULL,
  `transaction_id` varchar(45) DEFAULT NULL,
  `details` varchar(255) DEFAULT NULL,
  `reason_code` varchar(255) DEFAULT NULL,
  `order_id` int(11) DEFAULT NULL,
  PRIMARY KEY (`id`),
  KEY `shop_orderpaymentfailure_7cc8fcf5` (`order_id`),
  CONSTRAINT `order_id_refs_id_563e1851` FOREIGN KEY (`order_id`) REFERENCES `shop_order` (`id`)
) ENGINE=InnoDB DEFAULT CHARSET=utf8;
/*!40101 SET character_set_client = @saved_cs_client */;

--
-- Dumping data for table `shop_orderpaymentfailure`
--

LOCK TABLES `shop_orderpaymentfailure` WRITE;
/*!40000 ALTER TABLE `shop_orderpaymentfailure` DISABLE KEYS */;
/*!40000 ALTER TABLE `shop_orderpaymentfailure` ENABLE KEYS */;
UNLOCK TABLES;

--
-- Table structure for table `shop_orderpendingpayment`
--

DROP TABLE IF EXISTS `shop_orderpendingpayment`;
/*!40101 SET @saved_cs_client     = @@character_set_client */;
/*!40101 SET character_set_client = utf8 */;
CREATE TABLE `shop_orderpendingpayment` (
  `id` int(11) NOT NULL AUTO_INCREMENT,
  `payment` varchar(25) NOT NULL,
  `amount` decimal(18,10) DEFAULT NULL,
  `time_stamp` datetime DEFAULT NULL,
  `transaction_id` varchar(45) DEFAULT NULL,
  `details` varchar(255) DEFAULT NULL,
  `reason_code` varchar(255) DEFAULT NULL,
  `order_id` int(11) NOT NULL,
  `capture_id` int(11) NOT NULL,
  PRIMARY KEY (`id`),
  KEY `shop_orderpendingpayment_7cc8fcf5` (`order_id`),
  KEY `shop_orderpendingpayment_13f21dcf` (`capture_id`),
  CONSTRAINT `capture_id_refs_id_2dfad45f` FOREIGN KEY (`capture_id`) REFERENCES `shop_orderpayment` (`id`),
  CONSTRAINT `order_id_refs_id_133c55fe` FOREIGN KEY (`order_id`) REFERENCES `shop_order` (`id`)
) ENGINE=InnoDB AUTO_INCREMENT=800 DEFAULT CHARSET=utf8;
/*!40101 SET character_set_client = @saved_cs_client */;

--
-- Dumping data for table `shop_orderpendingpayment`
--

LOCK TABLES `shop_orderpendingpayment` WRITE;
/*!40000 ALTER TABLE `shop_orderpendingpayment` DISABLE KEYS */;
INSERT INTO `shop_orderpendingpayment` VALUES (1,'PAYPAL',0.0000000000,NULL,NULL,NULL,NULL,3,3),(2,'PAYPAL',0.0000000000,NULL,NULL,NULL,NULL,11,10),(4,'PAYPAL',0.0000000000,NULL,NULL,NULL,NULL,13,12),(5,'PAYPAL',0.0000000000,NULL,NULL,NULL,NULL,12,13),(6,'PAYPAL',0.0000000000,NULL,NULL,NULL,NULL,14,14),(8,'PAYPAL',0.0000000000,NULL,NULL,NULL,NULL,15,16),(14,'PAYMENT_CHEQUE',0.0000000000,NULL,NULL,NULL,NULL,23,22),(23,'PAYPAL',0.0000000000,NULL,NULL,NULL,NULL,25,31),(27,'PAYPAL',0.0000000000,NULL,NULL,NULL,NULL,27,35),(41,'PAYPAL',0.0000000000,NULL,NULL,NULL,NULL,33,49),(44,'PAYPAL',0.0000000000,NULL,NULL,NULL,NULL,34,52),(53,'PAYPAL',0.0000000000,NULL,NULL,NULL,NULL,36,61),(58,'PAYPAL',0.0000000000,NULL,NULL,NULL,NULL,37,66),(68,'PAYPAL',0.0000000000,NULL,NULL,NULL,NULL,38,76),(70,'PAYPAL',0.0000000000,NULL,NULL,NULL,NULL,39,78),(72,'PAYPAL',0.0000000000,NULL,NULL,NULL,NULL,40,80),(74,'PAYPAL',0.0000000000,NULL,NULL,NULL,NULL,41,82),(77,'PAYPAL',0.0000000000,NULL,NULL,NULL,NULL,42,85),(79,'PAYPAL',0.0000000000,NULL,NULL,NULL,NULL,43,87),(83,'PAYPAL',0.0000000000,NULL,NULL,NULL,NULL,45,91),(89,'PAYPAL',0.0000000000,NULL,NULL,NULL,NULL,46,97),(136,'PAYPAL',0.0000000000,NULL,NULL,NULL,NULL,71,145),(138,'PAYPAL',0.0000000000,NULL,NULL,NULL,NULL,72,147),(170,'PAYPAL',0.0000000000,NULL,NULL,NULL,NULL,85,179),(174,'PAYPAL',0.0000000000,NULL,NULL,NULL,NULL,87,183),(176,'PAYPAL',0.0000000000,NULL,NULL,NULL,NULL,88,185),(182,'PAYPAL',0.0000000000,NULL,NULL,NULL,NULL,91,191),(195,'PAYPAL',0.0000000000,NULL,NULL,NULL,NULL,95,204),(207,'PAYPAL',0.0000000000,NULL,NULL,NULL,NULL,101,216),(231,'PAYPAL',0.0000000000,NULL,NULL,NULL,NULL,112,240),(274,'PAYPAL',0.0000000000,NULL,NULL,NULL,NULL,128,283),(289,'PAYPAL',0.0000000000,NULL,NULL,NULL,NULL,134,298),(316,'PAYPAL',0.0000000000,NULL,NULL,NULL,NULL,144,325),(329,'PAYPAL',0.0000000000,NULL,NULL,NULL,NULL,150,338),(344,'PAYPAL',0.0000000000,NULL,NULL,NULL,NULL,157,353),(349,'PAYPAL',0.0000000000,NULL,NULL,NULL,NULL,159,358),(350,'BANK_TRANSFER',0.0000000000,NULL,NULL,NULL,NULL,160,359),(359,'PAYPAL',0.0000000000,NULL,NULL,NULL,NULL,162,368),(370,'PAYPAL',0.0000000000,NULL,NULL,NULL,NULL,167,379),(375,'PAYPAL',0.0000000000,NULL,NULL,NULL,NULL,169,384),(386,'PAYPAL',0.0000000000,NULL,NULL,NULL,NULL,173,395),(389,'PAYPAL',0.0000000000,NULL,NULL,NULL,NULL,174,398),(391,'PAYPAL',0.0000000000,NULL,NULL,NULL,NULL,176,404),(408,'PAYPAL',0.0000000000,NULL,NULL,NULL,NULL,184,421),(411,'BANK_TRANSFER',0.0000000000,NULL,NULL,NULL,NULL,186,424),(423,'PAYPAL',0.0000000000,NULL,NULL,NULL,NULL,192,436),(427,'PAYPAL',0.0000000000,NULL,NULL,NULL,NULL,194,440),(429,'PAYPAL',0.0000000000,NULL,NULL,NULL,NULL,195,442),(431,'PAYPAL',0.0000000000,NULL,NULL,NULL,NULL,196,444),(433,'PAYPAL',0.0000000000,NULL,NULL,NULL,NULL,197,446),(447,'PAYPAL',0.0000000000,NULL,NULL,NULL,NULL,200,460),(453,'PAYPAL',0.0000000000,NULL,NULL,NULL,NULL,202,466),(455,'PAYPAL',0.0000000000,NULL,NULL,NULL,NULL,203,468),(459,'PAYPAL',0.0000000000,NULL,NULL,NULL,NULL,204,472),(461,'PAYPAL',0.0000000000,NULL,NULL,NULL,NULL,205,474),(465,'PAYPAL',0.0000000000,NULL,NULL,NULL,NULL,207,478),(469,'PAYPAL',0.0000000000,NULL,NULL,NULL,NULL,208,482),(471,'PAYPAL',0.0000000000,NULL,NULL,NULL,NULL,209,484),(473,'PAYPAL',0.0000000000,NULL,NULL,NULL,NULL,210,486),(475,'PAYPAL',0.0000000000,NULL,NULL,NULL,NULL,211,488),(477,'PAYPAL',0.0000000000,NULL,NULL,NULL,NULL,212,490),(479,'PAYPAL',0.0000000000,NULL,NULL,NULL,NULL,213,492),(484,'PAYPAL',0.0000000000,NULL,NULL,NULL,NULL,216,497),(486,'PAYPAL',0.0000000000,NULL,NULL,NULL,NULL,217,499),(528,'PAYPAL',0.0000000000,NULL,NULL,NULL,NULL,227,541),(530,'PAYPAL',0.0000000000,NULL,NULL,NULL,NULL,228,543),(544,'PAYPAL',0.0000000000,NULL,NULL,NULL,NULL,232,557),(550,'PAYPAL',0.0000000000,NULL,NULL,NULL,NULL,235,563),(570,'PAYPAL',0.0000000000,NULL,NULL,NULL,NULL,247,583),(582,'PAYPAL',0.0000000000,NULL,NULL,NULL,NULL,249,595),(583,'BANK_TRANSFER',0.0000000000,NULL,NULL,NULL,NULL,250,596),(591,'PAYPAL',0.0000000000,NULL,NULL,NULL,NULL,253,604),(593,'PAYPAL',0.0000000000,NULL,NULL,NULL,NULL,254,606),(597,'PAYPAL',0.0000000000,NULL,NULL,NULL,NULL,255,610),(599,'PAYPAL',0.0000000000,NULL,NULL,NULL,NULL,256,612),(613,'PAYPAL',0.0000000000,NULL,NULL,NULL,NULL,261,626),(644,'PAYPAL',0.0000000000,NULL,NULL,NULL,NULL,270,657),(666,'PAYPAL',0.0000000000,NULL,NULL,NULL,NULL,280,679),(692,'PAYPAL',0.0000000000,NULL,NULL,NULL,NULL,291,705),(742,'PAYPAL',0.0000000000,NULL,NULL,NULL,NULL,310,755),(754,'PAYPAL',0.0000000000,NULL,NULL,NULL,NULL,315,767),(770,'PAYPAL',0.0000000000,NULL,NULL,NULL,NULL,322,783),(784,'PAYPAL',0.0000000000,NULL,NULL,NULL,NULL,329,798),(788,'PAYPAL',0.0000000000,NULL,NULL,NULL,NULL,331,802),(792,'PAYPAL',0.0000000000,NULL,NULL,NULL,NULL,333,806),(799,'PAYPAL',0.0000000000,NULL,NULL,NULL,NULL,337,813);
/*!40000 ALTER TABLE `shop_orderpendingpayment` ENABLE KEYS */;
UNLOCK TABLES;

--
-- Table structure for table `shop_orderstatus`
--

DROP TABLE IF EXISTS `shop_orderstatus`;
/*!40101 SET @saved_cs_client     = @@character_set_client */;
/*!40101 SET character_set_client = utf8 */;
CREATE TABLE `shop_orderstatus` (
  `id` int(11) NOT NULL AUTO_INCREMENT,
  `order_id` int(11) NOT NULL,
  `status` varchar(20) NOT NULL,
  `notes` varchar(100) NOT NULL,
  `time_stamp` datetime NOT NULL,
  PRIMARY KEY (`id`),
  KEY `shop_orderstatus_7cc8fcf5` (`order_id`),
  CONSTRAINT `order_id_refs_id_4696ac69` FOREIGN KEY (`order_id`) REFERENCES `shop_order` (`id`)
) ENGINE=InnoDB AUTO_INCREMENT=472 DEFAULT CHARSET=utf8;
/*!40101 SET character_set_client = @saved_cs_client */;

--
-- Dumping data for table `shop_orderstatus`
--

LOCK TABLES `shop_orderstatus` WRITE;
/*!40000 ALTER TABLE `shop_orderstatus` DISABLE KEYS */;
INSERT INTO `shop_orderstatus` VALUES (1,1,'New','Order successfully submitted','2013-11-30 09:35:15'),(2,2,'New','Order successfully submitted','2013-11-30 09:43:13'),(3,4,'New','Order successfully submitted','2013-11-30 11:50:01'),(4,5,'New','Order successfully submitted','2013-11-30 12:07:22'),(5,7,'New','Order successfully submitted','2013-12-01 02:17:17'),(6,8,'New','Order successfully submitted','2013-12-01 02:21:15'),(7,9,'New','Order successfully submitted','2013-12-01 02:49:48'),(8,10,'New','Order successfully submitted','2013-12-01 03:41:57'),(9,17,'New','Order successfully submitted','2013-12-01 16:14:43'),(10,19,'New','Order successfully submitted','2013-12-01 19:23:08'),(11,20,'New','Order successfully submitted','2013-12-02 17:00:52'),(12,21,'New','Order successfully submitted','2013-12-02 17:03:47'),(13,22,'New','Order successfully submitted','2013-12-02 17:07:57'),(14,23,'New','Order successfully submitted','2013-12-03 21:02:30'),(15,25,'New','Order successfully submitted','2013-12-03 22:08:32'),(16,26,'New','Order successfully submitted','2013-12-03 22:09:33'),(17,29,'New','Order successfully submitted','2013-12-04 08:54:39'),(18,30,'New','Order successfully submitted','2013-12-04 09:05:13'),(22,23,'Shipped','','2013-12-04 20:16:21'),(23,23,'Shipped','','2013-12-04 20:17:37'),(26,26,'Shipped','','2013-12-05 04:32:51'),(28,17,'Shipped','','2013-12-05 08:01:01'),(29,27,'Shipped','','2013-12-05 08:04:05'),(30,38,'Shipped','','2013-12-05 08:05:06'),(31,2,'Shipped','','2013-12-05 10:20:13'),(32,41,'New','Order successfully submitted','2013-12-05 18:21:41'),(47,41,'Shipped','','2013-12-06 06:48:59'),(48,46,'Shipped','','2013-12-09 16:57:01'),(49,45,'Shipped','','2013-12-09 16:56:48'),(50,48,'New','Order successfully submitted','2013-12-06 15:19:00'),(51,49,'New','Paid through PayPal.','2013-12-06 15:43:59'),(52,50,'Shipped','Paid through PayPal.','2013-12-09 16:57:15'),(53,52,'Shipped','Paid through PayPal.','2013-12-09 16:57:41'),(54,54,'Shipped','Paid through PayPal.','2013-12-09 16:58:34'),(55,55,'Shipped','Paid through PayPal.','2013-12-09 16:58:54'),(56,56,'Shipped','Paid through PayPal.','2013-12-09 16:59:04'),(57,60,'Shipped','Paid through PayPal.','2013-12-10 11:49:38'),(58,51,'Shipped','payment received 10.12.13','2013-12-09 16:57:28'),(59,53,'Shipped','','2013-12-09 16:58:09'),(60,58,'','','2013-12-09 16:59:26'),(61,61,'Shipped','Paid through PayPal.','2013-12-10 14:13:48'),(62,63,'New','Paid through PayPal.','2013-12-09 21:43:40'),(63,63,'Shipped','','2013-12-10 14:14:18'),(64,64,'New','Paid through PayPal.','2013-12-10 15:38:49'),(65,67,'New','Order successfully submitted','2013-12-10 17:19:02'),(66,68,'New','Paid through PayPal.','2013-12-10 20:56:55'),(67,69,'New','Paid through PayPal.','2013-12-10 21:23:45'),(68,70,'New','Paid through PayPal.','2013-12-11 10:33:12'),(69,73,'New','Paid through PayPal.','2013-12-11 15:02:25'),(70,64,'Shipped','','2013-12-11 15:07:42'),(71,68,'Shipped','','2013-12-11 15:08:24'),(72,70,'Shipped','','2013-12-11 15:08:51'),(73,67,'Cancelled','','2013-12-11 15:09:20'),(74,69,'Shipped','','2013-12-11 15:09:34'),(75,74,'New','Paid through PayPal.','2013-12-11 16:40:34'),(76,73,'In Process','','2013-12-11 16:46:05'),(77,74,'In Process','','2013-12-11 16:46:15'),(78,75,'New','Paid through PayPal.','2013-12-11 18:34:36'),(79,76,'New','Order successfully submitted','2013-12-11 18:45:49'),(80,77,'New','Paid through PayPal.','2013-12-11 19:16:22'),(81,78,'New','Paid through PayPal.','2013-12-11 23:27:19'),(82,79,'New','Paid through PayPal.','2013-12-12 00:12:36'),(83,75,'Shipped','','2013-12-12 12:00:21'),(84,77,'Shipped','','2013-12-12 12:00:44'),(85,78,'Shipped','','2013-12-12 12:01:08'),(86,79,'Shipped','','2013-12-12 12:01:19'),(87,73,'Shipped','','2013-12-12 12:02:34'),(88,74,'Shipped','','2013-12-12 12:02:49'),(89,83,'New','Paid through PayPal.','2013-12-12 12:58:31'),(90,84,'New','Paid through PayPal.','2013-12-12 15:11:18'),(91,84,'Shipped','','2013-12-13 15:20:43'),(92,83,'Shipped','','2013-12-12 15:26:40'),(93,86,'New','Paid through PayPal.','2013-12-12 21:53:34'),(94,86,'Shipped','','2013-12-13 15:20:55'),(95,89,'New','Paid through PayPal.','2013-12-13 19:51:25'),(96,90,'New','Paid through PayPal.','2013-12-13 19:54:48'),(97,93,'New','Paid through PayPal.','2013-12-13 21:17:49'),(98,94,'New','Paid through PayPal.','2013-12-13 21:20:40'),(99,97,'New','Paid through PayPal.','2013-12-13 22:36:52'),(100,98,'New','Paid through PayPal.','2013-12-14 08:33:57'),(101,99,'New','Paid through PayPal.','2013-12-14 09:38:40'),(102,102,'New','Paid through PayPal.','2013-12-14 11:18:56'),(103,103,'New','Paid through PayPal.','2013-12-14 16:57:04'),(104,104,'New','Paid through PayPal.','2013-12-14 22:21:32'),(105,105,'New','Paid through PayPal.','2013-12-14 23:40:00'),(106,106,'New','Paid through PayPal.','2013-12-15 10:44:04'),(107,107,'New','Paid through PayPal.','2013-12-15 11:17:58'),(108,108,'New','Paid through PayPal.','2013-12-15 13:52:48'),(109,109,'New','Paid through PayPal.','2013-12-15 14:33:55'),(110,111,'New','Paid through PayPal.','2013-12-15 15:24:54'),(111,113,'New','Paid through PayPal.','2013-12-15 19:56:19'),(112,115,'New','Paid through PayPal.','2013-12-16 11:07:56'),(113,116,'New','Paid through PayPal.','2013-12-16 12:35:17'),(114,117,'New','Paid through PayPal.','2013-12-16 20:22:42'),(115,118,'New','Paid through PayPal.','2013-12-16 21:24:26'),(116,120,'New','Paid through PayPal.','2013-12-16 21:59:56'),(117,89,'Shipped','','2013-12-16 12:00:00'),(118,90,'Shipped','','2013-12-16 12:00:00'),(119,93,'Shipped','','2013-12-16 12:00:00'),(120,94,'Shipped','','2013-12-16 12:00:00'),(121,97,'Shipped','','2013-12-16 12:00:00'),(122,98,'Shipped','','2013-12-16 12:00:00'),(123,99,'Shipped','','2013-12-16 12:00:00'),(124,102,'Shipped','','2013-12-16 12:00:00'),(125,103,'Shipped','','2013-12-16 12:00:00'),(126,104,'Shipped','','2013-12-16 12:00:00'),(127,105,'Shipped','','2013-12-16 12:00:00'),(128,106,'Shipped','','2013-12-16 12:00:00'),(129,107,'Shipped','','2013-12-16 12:00:00'),(130,108,'Shipped','','2013-12-16 12:00:00'),(131,109,'Shipped','','2013-12-16 12:00:00'),(132,111,'Shipped','','2013-12-16 12:00:00'),(133,113,'Shipped','','2013-12-16 12:00:00'),(134,115,'Shipped','','2013-12-16 12:00:00'),(135,116,'Shipped','','2013-12-16 12:00:00'),(136,123,'New','Paid through PayPal.','2013-12-17 09:55:44'),(137,124,'New','Paid through PayPal.','2013-12-17 10:25:37'),(138,126,'New','Paid through PayPal.','2013-12-17 11:32:22'),(139,117,'Shipped','','2013-12-17 15:11:26'),(140,118,'Shipped','','2013-12-17 15:11:43'),(141,120,'Shipped','','2013-12-17 15:12:08'),(142,124,'Shipped','','2013-12-17 15:12:30'),(143,126,'Shipped','','2013-12-17 15:12:48'),(144,76,'Shipped','','2013-12-17 15:13:03'),(145,127,'New','Paid through PayPal.','2013-12-17 21:14:11'),(146,128,'New','Paid through PayPal.','2013-12-17 21:57:15'),(147,129,'New','Paid through PayPal.','2013-12-18 09:23:14'),(148,1,'Cancelled','','2013-12-18 10:23:18'),(149,123,'Shipped','','2013-12-18 11:02:16'),(150,130,'Cancelled','Order successfully submitted','2013-12-18 11:05:15'),(151,129,'Shipped','','2013-12-18 11:11:41'),(152,131,'New','Paid through PayPal.','2013-12-18 13:38:44'),(153,131,'Shipped','','2013-12-18 14:31:33'),(154,128,'Shipped','','2013-12-18 14:32:31'),(155,127,'Shipped','','2013-12-18 14:33:00'),(156,134,'New','Order successfully submitted','2013-12-18 15:37:45'),(157,135,'New','Paid through PayPal.','2013-12-18 18:47:21'),(158,137,'New','Paid through PayPal.','2013-12-19 07:18:21'),(159,138,'New','Paid through PayPal.','2013-12-19 07:25:32'),(160,139,'New','Paid through PayPal.','2013-12-19 08:38:01'),(161,140,'New','Paid through PayPal.','2013-12-19 10:27:31'),(162,141,'New','Paid through PayPal.','2013-12-19 10:45:53'),(163,134,'Cancelled','','2013-12-19 11:21:43'),(164,4,'Cancelled','','2013-12-19 11:24:52'),(165,5,'Cancelled','','2013-12-19 11:25:12'),(166,7,'Cancelled','','2013-12-19 11:25:27'),(167,8,'Cancelled','','2013-12-19 11:25:40'),(168,9,'Cancelled','','2013-12-19 11:25:53'),(169,10,'Cancelled','','2013-12-19 11:26:08'),(170,19,'Cancelled','','2013-12-19 11:26:31'),(171,20,'Cancelled','','2013-12-19 11:26:46'),(172,21,'Cancelled','','2013-12-19 11:26:58'),(173,22,'Cancelled','','2013-12-19 11:27:11'),(174,25,'Cancelled','','2013-12-19 11:27:24'),(175,29,'Cancelled','','2013-12-19 11:27:37'),(176,30,'Cancelled','','2013-12-19 11:27:49'),(177,48,'Cancelled','','2013-12-19 11:28:09'),(178,49,'Cancelled','','2013-12-19 11:28:21'),(179,141,'Shipped','','2013-12-19 14:52:56'),(180,130,'','','2013-12-19 14:53:09'),(181,140,'Shipped','','2013-12-19 14:53:58'),(182,139,'Shipped','','2013-12-19 14:54:30'),(183,138,'Shipped','','2013-12-19 14:54:53'),(184,137,'Shipped','','2013-12-19 14:55:28'),(185,135,'Shipped','','2013-12-19 14:55:45'),(186,142,'New','Paid through PayPal.','2013-12-19 16:05:14'),(187,143,'New','Paid through PayPal.','2013-12-19 17:35:32'),(188,145,'New','Paid through PayPal.','2013-12-20 14:07:40'),(189,145,'Shipped','','2013-12-20 14:19:52'),(190,143,'Shipped','','2013-12-20 14:20:08'),(191,142,'Shipped','','2013-12-20 14:20:21'),(192,147,'New','Paid through PayPal.','2013-12-20 17:18:55'),(193,148,'New','Paid through PayPal.','2013-12-20 21:59:37'),(194,149,'New','Paid through PayPal.','2013-12-21 20:22:28'),(195,150,'New','Paid through PayPal.','2013-12-23 08:31:34'),(196,151,'New','Paid through PayPal.','2013-12-23 21:07:31'),(197,147,'Shipped','','2013-12-23 09:05:10'),(198,148,'Shipped','','2013-12-23 09:05:31'),(199,149,'Shipped','','2013-12-23 09:06:03'),(200,150,'Shipped','','2013-12-23 09:08:15'),(201,151,'Shipped','','2013-12-27 14:14:35'),(202,152,'New','Paid through PayPal.','2013-12-30 14:41:26'),(203,152,'Shipped','','2013-12-31 10:17:55'),(204,155,'New','Paid through PayPal.','2014-01-02 10:58:37'),(205,155,'Shipped','','2014-01-02 11:59:26'),(206,156,'New','Order successfully submitted','2014-01-05 19:35:23'),(207,157,'New','Order successfully submitted','2014-01-06 15:00:52'),(208,158,'New','Paid through PayPal.','2014-01-08 22:21:59'),(209,158,'Shipped','','2014-01-09 14:46:06'),(210,161,'New','Paid through PayPal.','2014-01-13 22:54:01'),(211,161,'Shipped','','2014-01-14 13:31:38'),(212,163,'New','Paid through PayPal.','2014-01-14 14:25:48'),(213,163,'Shipped','','2014-01-14 14:52:52'),(214,160,'New','','2014-01-15 10:13:40'),(215,156,'Cancelled','','2014-01-15 10:15:03'),(216,160,'Shipped','','2014-01-15 14:45:25'),(217,159,'Cancelled','','2014-01-15 14:46:16'),(218,164,'New','Paid through PayPal.','2014-01-15 19:25:04'),(219,164,'Shipped','','2014-01-16 13:21:25'),(220,166,'New','Paid through PayPal.','2014-01-16 15:00:47'),(221,166,'Shipped','','2014-01-16 15:21:08'),(222,168,'New','Paid through PayPal.','2014-01-18 09:27:18'),(223,170,'New','Paid through PayPal.','2014-01-18 19:04:54'),(224,171,'New','Order successfully submitted','2014-01-19 20:06:27'),(225,171,'Shipped','','2014-01-20 14:14:03'),(226,170,'Shipped','','2014-01-20 14:14:12'),(227,168,'Shipped','','2014-01-20 14:14:24'),(228,172,'New','Paid through PayPal.','2014-01-21 18:43:28'),(229,172,'Shipped','','2014-01-22 09:39:49'),(230,175,'New','Paid through PayPal.','2014-01-24 21:42:39'),(231,177,'New','Paid through PayPal.','2014-01-25 12:46:22'),(232,178,'New','Paid through PayPal.','2014-01-25 13:23:47'),(233,157,'Cancelled','','2014-01-27 09:19:56'),(234,180,'New','Paid through PayPal.','2014-01-27 14:25:36'),(235,175,'Shipped','','2014-01-27 16:10:42'),(236,177,'Shipped','','2014-01-27 16:13:05'),(237,178,'Shipped','','2014-01-27 16:13:20'),(238,180,'Shipped','','2014-01-28 09:14:17'),(239,181,'New','Order successfully submitted','2014-01-28 18:49:09'),(240,181,'Cancelled','','2014-01-29 09:34:13'),(241,182,'New','Paid through PayPal.','2014-01-30 10:53:19'),(242,182,'Shipped','','2014-01-30 15:23:02'),(243,183,'New','Paid through PayPal.','2014-01-30 18:19:30'),(244,183,'Shipped','','2014-01-31 13:58:28'),(245,185,'New','Paid through PayPal.','2014-02-02 23:08:21'),(246,187,'New','Paid through PayPal.','2014-02-03 20:33:29'),(247,189,'New','Paid through PayPal.','2014-02-03 21:08:20'),(248,191,'New','Paid through PayPal.','2014-02-04 08:38:04'),(249,185,'Shipped','','2014-02-04 09:02:04'),(250,187,'Shipped','','2014-02-05 09:05:27'),(251,189,'Shipped','','2014-02-05 09:06:05'),(252,191,'Shipped','','2014-02-05 09:06:14'),(253,193,'New','Paid through PayPal.','2014-02-05 15:40:25'),(254,193,'Shipped','','2014-02-05 15:41:49'),(255,196,'New','','2014-02-07 08:59:27'),(256,196,'Shipped','','2014-02-07 17:06:30'),(257,214,'New','Order successfully submitted','2014-02-08 16:29:46'),(258,214,'Shipped','','2014-02-08 16:32:41'),(259,213,'New','','2014-02-08 16:33:38'),(260,211,'New','','2014-02-08 16:36:19'),(263,213,'Shipped','','2014-02-08 18:56:14'),(264,213,'Shipped','','2014-02-08 18:51:52'),(265,213,'Shipped','','2014-02-09 08:58:45'),(269,195,'New','','2014-02-09 09:02:43'),(272,40,'Shipped','','2014-02-09 09:07:26'),(273,219,'New','Paid through PayPal.','2014-02-09 21:57:54'),(274,220,'New','Paid through PayPal.','2014-02-09 21:59:00'),(275,210,'New','','2014-02-08 12:48:52'),(276,209,'New','','2014-02-08 11:16:05'),(277,208,'New','','2014-02-08 09:33:52'),(278,207,'New','','2014-02-08 09:32:15'),(279,205,'New','','2014-02-07 23:29:54'),(280,204,'New','','2014-02-07 20:03:06'),(281,203,'New','','2014-02-07 19:39:04'),(282,195,'Cancelled','','2014-02-10 09:24:35'),(283,219,'Cancelled','','2014-02-10 09:24:49'),(284,220,'Cancelled','','2014-02-10 09:25:02'),(285,221,'New','Paid through PayPal.','2014-02-10 09:54:25'),(286,223,'New','Paid through PayPal.','2014-02-10 10:55:11'),(287,224,'New','Paid through PayPal.','2014-02-10 11:07:52'),(288,203,'Shipped','','2014-02-10 12:15:48'),(289,204,'Shipped','','2014-02-10 12:16:00'),(290,205,'Shipped','','2014-02-10 12:16:12'),(291,207,'Shipped','','2014-02-10 12:16:24'),(292,208,'Shipped','','2014-02-10 12:16:47'),(293,209,'Shipped','','2014-02-10 12:17:00'),(294,210,'Shipped','','2014-02-10 12:17:09'),(295,211,'Shipped','','2014-02-10 12:17:23'),(296,221,'Shipped','','2014-02-10 12:17:36'),(297,223,'Shipped','','2014-02-10 12:17:46'),(298,224,'Shipped','','2014-02-10 12:17:57'),(299,225,'New','Paid through PayPal.','2014-02-10 15:15:08'),(300,226,'New','Paid through PayPal.','2014-02-10 21:56:02'),(301,225,'Shipped','','2014-02-11 12:24:39'),(302,226,'Shipped','','2014-02-11 12:25:02'),(303,228,'New','','2014-02-11 15:41:40'),(304,228,'Shipped','','2014-02-11 15:42:00'),(305,230,'New','Paid through PayPal.','2014-02-12 13:30:48'),(306,229,'New','Paid through PayPal.','2014-02-12 14:10:35'),(307,229,'Shipped','','2014-02-12 14:26:01'),(308,230,'Shipped','','2014-02-12 14:26:25'),(309,231,'New','Paid through PayPal.','2014-02-12 17:05:50'),(310,231,'Shipped','','2014-02-13 09:33:43'),(311,232,'Cancelled','','2014-02-13 16:42:18'),(312,233,'New','Paid through PayPal.','2014-02-14 13:46:04'),(313,233,'Shipped','','2014-02-14 16:24:31'),(314,234,'New','Paid through PayPal.','2014-02-14 21:23:06'),(315,236,'New','Paid through PayPal.','2014-02-15 10:19:26'),(316,237,'New','Paid through PayPal.','2014-02-15 13:31:38'),(317,238,'New','Paid through PayPal.','2014-02-16 20:11:57'),(318,239,'New','Paid through PayPal.','2014-02-16 22:01:15'),(319,240,'New','Order successfully submitted','2014-02-18 08:50:18'),(320,240,'Cancelled','Test Order','2014-02-18 09:00:32'),(321,241,'New','Order successfully submitted','2014-02-18 09:03:09'),(322,241,'Cancelled','Test Order','2014-02-18 09:08:49'),(323,234,'Shipped','','2014-02-18 09:18:00'),(324,236,'Shipped','','2014-02-18 09:18:13'),(325,237,'Shipped','','2014-02-18 09:18:25'),(326,238,'Shipped','','2014-02-18 09:18:37'),(327,239,'Shipped','','2014-02-18 09:18:48'),(328,242,'New','Paid through PayPal.','2014-02-18 09:45:48'),(329,243,'Shipped','','2014-02-19 13:42:26'),(330,244,'New','Paid through PayPal.','2014-02-19 13:59:00'),(331,244,'Shipped','','2014-02-20 12:53:14'),(332,245,'New','Paid through PayPal.','2014-02-20 13:41:51'),(333,242,'Cancelled','','2014-02-20 13:53:17'),(334,245,'Shipped','','2014-02-20 13:56:50'),(335,248,'New','Order successfully submitted','2014-02-21 09:16:02'),(336,248,'Cancelled','','2014-02-21 10:40:39'),(337,250,'Cancelled','','2014-02-21 15:02:45'),(338,251,'New','Paid through PayPal.','2014-02-22 08:48:59'),(339,251,'In Process','','2014-02-24 09:09:55'),(340,254,'In Process','','2014-02-24 09:10:08'),(341,255,'In Process','','2014-02-24 09:10:17'),(342,256,'In Process','','2014-02-24 09:10:32'),(343,257,'New','Paid through PayPal.','2014-02-24 11:43:25'),(344,258,'New','Paid through PayPal.','2014-02-24 13:40:51'),(345,259,'New','Paid through PayPal.','2014-02-24 13:55:14'),(346,259,'Shipped','','2014-02-24 14:43:50'),(347,258,'Shipped','','2014-02-24 14:44:02'),(348,256,'Shipped','','2014-02-24 14:44:14'),(349,255,'Shipped','','2014-02-24 14:44:24'),(350,254,'Shipped','','2014-02-24 14:44:33'),(351,251,'Shipped','','2014-02-24 14:44:42'),(352,257,'Cancelled','','2014-02-24 14:44:57'),(353,260,'New','Paid through PayPal.','2014-02-24 18:10:45'),(354,262,'New','Paid through PayPal.','2014-02-25 09:24:55'),(355,260,'Shipped','','2014-02-25 12:25:55'),(356,262,'Shipped','','2014-02-25 12:26:20'),(357,263,'New','Paid through PayPal.','2014-02-25 13:28:53'),(358,263,'Shipped','','2014-02-25 13:53:29'),(359,264,'New','Order successfully submitted','2014-02-27 09:28:20'),(360,265,'New','Paid through PayPal.','2014-02-27 09:33:06'),(361,266,'Cancelled','Order successfully submitted','2014-02-27 10:44:10'),(362,266,'Cancelled','','2014-02-27 10:44:23'),(363,265,'Cancelled','','2014-02-27 10:44:37'),(364,264,'Cancelled','','2014-02-27 10:45:03'),(365,267,'New','Paid through PayPal.','2014-02-27 11:49:42'),(366,267,'Shipped','','2014-02-27 14:16:45'),(367,268,'New','Paid through PayPal.','2014-02-27 17:34:24'),(368,269,'New','Paid through PayPal.','2014-02-27 18:23:38'),(369,271,'Shipped','','2014-02-28 15:05:32'),(370,270,'Shipped','','2014-02-28 15:10:40'),(371,272,'New','Paid through PayPal.','2014-02-28 19:03:09'),(372,273,'New','Paid through PayPal.','2014-02-28 19:39:44'),(373,274,'New','Paid through PayPal.','2014-02-28 20:14:06'),(374,275,'New','Paid through PayPal.','2014-02-28 20:36:50'),(375,276,'New','Paid through PayPal.','2014-02-28 23:21:45'),(376,271,'Shipped','Paid through PayPal.','2014-03-03 16:23:43'),(377,278,'New','Paid through PayPal.','2014-03-01 17:13:09'),(378,279,'New','Paid through PayPal.','2014-03-01 20:28:13'),(379,280,'New','Order successfully submitted','2014-03-02 11:05:33'),(380,277,'New','Paid through PayPal.','2014-03-02 14:37:16'),(381,282,'New','Paid through PayPal.','2014-03-02 18:37:22'),(382,281,'New','Paid through PayPal.','2014-03-03 14:18:01'),(383,272,'Shipped','','2014-03-03 16:23:55'),(384,273,'Shipped','','2014-03-03 16:24:07'),(385,274,'Shipped','','2014-03-03 16:25:10'),(386,275,'Shipped','','2014-03-03 16:25:24'),(387,276,'Shipped','','2014-03-03 16:25:34'),(388,277,'Shipped','','2014-03-03 16:25:46'),(389,278,'Shipped','','2014-03-03 16:25:57'),(390,279,'Shipped','','2014-03-03 16:26:06'),(391,280,'Shipped','','2014-03-03 16:26:23'),(392,281,'Shipped','','2014-03-03 16:26:40'),(393,282,'Shipped','','2014-03-03 16:26:54'),(394,268,'Shipped','','2014-03-03 16:27:06'),(395,269,'Shipped','','2014-03-03 16:27:20'),(396,283,'New','Paid through PayPal.','2014-03-03 20:30:00'),(397,284,'New','Paid through PayPal.','2014-03-04 08:05:36'),(398,284,'Shipped','','2014-03-04 10:13:33'),(399,285,'New','Paid through PayPal.','2014-03-04 11:18:43'),(400,283,'Shipped','','2014-03-04 12:26:33'),(401,285,'Shipped','','2014-03-04 12:26:50'),(402,286,'New','Paid through PayPal.','2014-03-04 12:45:18'),(403,286,'Shipped','','2014-03-04 14:00:08'),(404,287,'New','Paid through PayPal.','2014-03-04 23:31:41'),(405,287,'Shipped','','2014-03-05 13:06:44'),(406,288,'New','Paid through PayPal.','2014-03-05 22:20:08'),(407,288,'Shipped','','2014-03-06 13:40:07'),(408,289,'Shipped','Paid through PayPal.','2014-03-07 08:23:37'),(409,290,'New','Paid through PayPal.','2014-03-07 20:45:36'),(410,293,'New','Paid through PayPal.','2014-03-08 11:56:12'),(411,296,'New','Paid through PayPal.','2014-03-09 11:17:20'),(412,294,'New','Paid through PayPal.','2014-03-09 22:58:02'),(413,294,'Shipped','','2014-03-10 08:11:33'),(414,290,'Shipped','','2014-03-10 08:11:52'),(415,296,'Shipped','','2014-03-10 09:44:02'),(416,293,'Shipped','','2014-03-10 09:44:25'),(417,297,'New','Paid through PayPal.','2014-03-11 10:05:52'),(418,298,'New','Paid through PayPal.','2014-03-11 11:46:50'),(419,298,'Shipped','','2014-03-12 09:52:42'),(420,297,'Shipped','','2014-03-12 09:53:28'),(421,301,'New','Paid through PayPal.','2014-03-12 20:30:51'),(422,301,'Shipped','','2014-03-13 09:23:58'),(423,302,'New','Paid through PayPal.','2014-03-13 13:31:48'),(424,302,'Shipped','','2014-03-13 13:32:40'),(425,303,'New','Paid through PayPal.','2014-03-13 21:07:07'),(426,303,'Shipped','','2014-03-14 14:18:19'),(427,304,'New','Paid through PayPal.','2014-03-14 18:39:52'),(428,305,'New','Paid through PayPal.','2014-03-16 19:58:11'),(429,304,'Shipped','','2014-03-17 13:09:21'),(430,305,'Shipped','','2014-03-17 13:09:32'),(431,306,'New','Paid through PayPal.','2014-03-17 14:03:48'),(432,306,'Shipped','','2014-03-19 09:02:48'),(433,307,'New','Paid through PayPal.','2014-03-17 20:44:58'),(434,307,'Shipped','','2014-03-18 14:28:17'),(435,308,'New','Paid through PayPal.','2014-03-18 18:15:36'),(436,308,'Shipped','','2014-03-19 15:37:43'),(437,310,'New','Order successfully submitted','2014-03-21 22:49:57'),(438,311,'New','Paid through PayPal.','2014-03-22 09:55:47'),(439,314,'New','Paid through PayPal.','2014-03-23 14:33:07'),(440,310,'Shipped','','2014-03-24 10:56:54'),(441,311,'Shipped','','2014-03-24 14:03:48'),(442,314,'Shipped','','2014-03-24 14:04:06'),(443,316,'New','Paid through PayPal.','2014-03-28 10:52:47'),(444,316,'Shipped','','2014-03-28 11:52:13'),(445,317,'New','Paid through PayPal.','2014-03-28 23:23:52'),(446,319,'New','Paid through PayPal.','2014-03-30 14:27:18'),(447,320,'New','Paid through PayPal.','2014-03-30 18:09:57'),(448,321,'New','Paid through PayPal.','2014-03-31 05:57:37'),(449,317,'Shipped','','2014-03-31 13:18:51'),(450,319,'Shipped','','2014-03-31 13:19:19'),(451,320,'Shipped','','2014-03-31 13:19:37'),(452,323,'New','Paid through PayPal.','2014-03-31 15:14:41'),(453,324,'New','Paid through PayPal.','2014-04-01 12:17:07'),(454,324,'Shipped','','2014-04-01 12:58:00'),(455,323,'Shipped','','2014-04-01 12:58:19'),(456,325,'New','','2014-04-02 08:35:29'),(457,325,'Shipped','','2014-04-03 08:13:10'),(458,321,'Shipped','','2014-04-02 08:13:28'),(459,327,'New','Paid through PayPal.','2014-04-03 14:05:14'),(460,327,'Shipped','','2014-04-03 13:51:07'),(461,328,'New','Paid through PayPal.','2014-04-04 20:46:36'),(462,330,'New','Paid through PayPal.','2014-04-05 10:35:03'),(463,332,'New','Paid through PayPal.','2014-04-06 20:10:06'),(464,332,'Shipped','','2014-04-07 10:51:53'),(465,330,'Shipped','','2014-04-07 10:52:07'),(466,328,'Shipped','','2014-04-07 10:52:17'),(467,334,'New','Paid through PayPal.','2014-04-07 17:26:09'),(468,335,'New','Paid through PayPal.','2014-04-08 11:46:51'),(469,334,'Shipped','','2014-04-08 13:11:55'),(470,335,'Shipped','','2014-04-08 13:50:38');
/*!40000 ALTER TABLE `shop_orderstatus` ENABLE KEYS */;
UNLOCK TABLES;

--
-- Table structure for table `shop_ordertaxdetail`
--

DROP TABLE IF EXISTS `shop_ordertaxdetail`;
/*!40101 SET @saved_cs_client     = @@character_set_client */;
/*!40101 SET character_set_client = utf8 */;
CREATE TABLE `shop_ordertaxdetail` (
  `id` int(11) NOT NULL AUTO_INCREMENT,
  `order_id` int(11) NOT NULL,
  `method` varchar(50) NOT NULL,
  `description` varchar(50) NOT NULL,
  `tax` decimal(18,10) DEFAULT NULL,
  PRIMARY KEY (`id`),
  KEY `shop_ordertaxdetail_7cc8fcf5` (`order_id`),
  CONSTRAINT `order_id_refs_id_27946b76` FOREIGN KEY (`order_id`) REFERENCES `shop_order` (`id`)
) ENGINE=InnoDB DEFAULT CHARSET=utf8;
/*!40101 SET character_set_client = @saved_cs_client */;

--
-- Dumping data for table `shop_ordertaxdetail`
--

LOCK TABLES `shop_ordertaxdetail` WRITE;
/*!40000 ALTER TABLE `shop_ordertaxdetail` DISABLE KEYS */;
/*!40000 ALTER TABLE `shop_ordertaxdetail` ENABLE KEYS */;
UNLOCK TABLES;

--
-- Table structure for table `shop_ordervariable`
--

DROP TABLE IF EXISTS `shop_ordervariable`;
/*!40101 SET @saved_cs_client     = @@character_set_client */;
/*!40101 SET character_set_client = utf8 */;
CREATE TABLE `shop_ordervariable` (
  `id` int(11) NOT NULL AUTO_INCREMENT,
  `order_id` int(11) NOT NULL,
  `key` varchar(50) NOT NULL,
  `value` varchar(100) NOT NULL,
  PRIMARY KEY (`id`),
  KEY `shop_ordervariable_7cc8fcf5` (`order_id`),
  KEY `shop_ordervariable_45544485` (`key`),
  CONSTRAINT `order_id_refs_id_6efc1e57` FOREIGN KEY (`order_id`) REFERENCES `shop_order` (`id`)
) ENGINE=InnoDB AUTO_INCREMENT=6 DEFAULT CHARSET=utf8;
/*!40101 SET character_set_client = @saved_cs_client */;

--
-- Dumping data for table `shop_ordervariable`
--

LOCK TABLES `shop_ordervariable` WRITE;
/*!40000 ALTER TABLE `shop_ordervariable` DISABLE KEYS */;
INSERT INTO `shop_ordervariable` VALUES (1,241,'lakes-affiliate','brianwashere'),(2,242,'lakes-affiliate','laurawashere'),(3,248,'lakes-affiliate','bespokelakeland'),(4,264,'lakes-affiliate','bespokelakeland'),(5,265,'lakes-affiliate','bespokelakeland');
/*!40000 ALTER TABLE `shop_ordervariable` ENABLE KEYS */;
UNLOCK TABLES;

--
-- Table structure for table `snippet_snippet`
--

DROP TABLE IF EXISTS `snippet_snippet`;
/*!40101 SET @saved_cs_client     = @@character_set_client */;
/*!40101 SET character_set_client = utf8 */;
CREATE TABLE `snippet_snippet` (
  `id` int(11) NOT NULL AUTO_INCREMENT,
  `name` varchar(255) NOT NULL,
  `html` longtext NOT NULL,
  `template` varchar(50) NOT NULL,
  PRIMARY KEY (`id`),
  UNIQUE KEY `name` (`name`)
) ENGINE=InnoDB AUTO_INCREMENT=21 DEFAULT CHARSET=utf8;
/*!40101 SET character_set_client = @saved_cs_client */;

--
-- Dumping data for table `snippet_snippet`
--

LOCK TABLES `snippet_snippet` WRITE;
/*!40000 ALTER TABLE `snippet_snippet` DISABLE KEYS */;
INSERT INTO `snippet_snippet` VALUES (1,'Contact Address EN','<div class=\"left\" style=\"margin-top:10px !important;background-color:#5F6062 !important;color:#fff !important;\">\r\n<h2 style=\"color:#fff;\">Get in touch </h2>\r\n<div class=\"address\">\r\n<b style=\"font-size:16px;\"> Address:</b>\r\n<br>\r\n<br>\r\n<b>Distillery</b>\r\n<br>\r\nBassenthwaite Lake\r\n<br>\r\nCumbria\r\n<br>\r\nCA13 9SJ\r\n<br>\r\nUnited Kingdom\r\n<br>\r\n<br>\r\n<b>Gosforth Office</b>\r\n<br>\r\n1st Floor Grandstand Garage\r\n<br>\r\nKenton Road\r\n<br>\r\nGosforth\r\n<br>\r\nNE3 4NB\r\n<br>\r\nUnited Kingdom\r\n<br>\r\n</div>\r\n<div class=\"telephone\">\r\n<b style=\"font-size:16px;margin-bottom:5px;\">Telephone:</b>\r\n<br>\r\n01768 776916\r\n<br>\r\n<br>\r\n</div>\r\n</div>',''),(2,'Google Map EN','<div class=\"right\">\r\n<iframe width=\"100%\" scrolling=\"no\" height=\"698\" frameborder=\"0\" src=\"http://maps.google.co.uk/maps?f=q&z=10&source=s_q&hl=en&geocode=&aq=&sll=54.676508,-3.243713&sspn=0.059356,0.187025&t=k&ie=UTF8&hq=&hnear=Cockermouth+CA13+9SJ,+United+Kingdom&ll=54.675897,-3.249037&spn=0.029678,0.093513&z=15&output=embed&iwloc=\" marginwidth=\"0\" marginheight=\"0\"></iframe>\r\n</div>',''),(3,'The lake district','<iframe width=\"998\" height=\"560\"  src=\"//www.youtube.com/embed/5QwRpSYrTiI?autoplay=1&showinfo=0&autohide=1&vq=hd720&modestbranding=1&rel=0\" frameborder=\"0\" allowfullscreen></iframe>',''),(4,'Twitter widget','<a class=\"twitter-timeline\" data-dnt=\"true\" href=\"https://twitter.com/LakesDistillery\" data-widget-id=\"421256774654509057\">Tweets by @LakesDistillery</a>\r\n<script>!function(d,s,id){var js,fjs=d.getElementsByTagName(s)[0],p=/^http:/.test(d.location)?\'http\':\'https\';if(!d.getElementById(id)){js=d.createElement(s);js.id=id;js.src=p+\"://platform.twitter.com/widgets.js\";fjs.parentNode.insertBefore(js,fjs);}}(document,\"script\",\"twitter-wjs\");</script>\r\n',''),(5,'The ONE Whisky Cocktails - The ONE','<iframe width=\"998\" height=\"560\" src=\"//www.youtube-nocookie.com/embed/TJtwgXmbl84?autoplay=1&showinfo=0&autohide=1&vq=hd720&modestbranding=1&rel=0\" frameborder=\"0\" allowfullscreen></iframe>',''),(6,'COCKTAILS - THE SOUR ONE','<iframe width=\"998\" height=\"560\" src=\"//www.youtube-nocookie.com/embed/1AjM8x5wuPc?autoplay=1&showinfo=0&autohide=1&vq=hd720&modestbranding=1&rel=0\" frameborder=\"0\" allowfullscreen></iframe>',''),(7,'COCKTAILS -  THE OLD ONE','<iframe width=\"998\" height=\"560\" src=\"//www.youtube-nocookie.com/embed/ZZ37DHMsaAw?autoplay=1&showinfo=0&autohide=1&vq=hd720&modestbranding=1&rel=0\" frameborder=\"0\" allowfullscreen></iframe>',''),(8,'COCKTAILS - THE IRISH ONE','<iframe width=\"998\" height=\"560\" src=\"//www.youtube-nocookie.com/embed/oDB4DLvT7JQ?autoplay=1&showinfo=0&autohide=1&vq=hd720&modestbranding=1&rel=0\" frameborder=\"0\" allowfullscreen></iframe>',''),(9,'COCKTAILS - THE BLUE ONE','<iframe width=\"998\" height=\"560\" src=\"//www.youtube-nocookie.com/embed/3mazVWqWq50?autoplay=1&showinfo=0&autohide=1&vq=hd720&modestbranding=1&rel=0\" frameborder=\"0\" allowfullscreen></iframe>\r\n\r\n',''),(10,'COCKTAILS - THE SMOKEY ONE','<iframe width=\"998\" height=\"560\" src=\"//www.youtube-nocookie.com/embed/lAH8PV6tQaU?autoplay=1&showinfo=0&autohide=1&vq=hd720&modestbranding=1&rel=0\" frameborder=\"0\" allowfullscreen></iframe>\r\n',''),(11,'COCKTAILS - THE STRAWBERRY SOUR ONE','<iframe width=\"998\" height=\"560\" src=\"//www.youtube-nocookie.com/embed/7EcVYbTF4Uk?autoplay=1&showinfo=0&autohide=1&vq=hd720&modestbranding=1&rel=0\" frameborder=\"0\" allowfullscreen></iframe>\r\n',''),(12,'Webcam - River View','<script type=\"text/javascript\" src=\"http://www.camsecure.co.uk/Flash Player/FlashPlayer/umsplayer.js\" charset=\"utf-8\"></script> \r\n<!-- player container -->\r\n<center> <p>Lakes View Camera</p>\r\n<div id=\"player-container\"><p>Please install Adobe Flash Player</p>\r\n</div>\r\n\r\n<script type=\"text/javascript\">\r\nembedPlayer(\'player-container\', {\r\n    flashvars : {\r\n       \'rtmp\' : \'rtmp://camsecurelive.dyndns.tv:5119/live/gemini1\',         //rtmp or rtmpt link to Camsecure live broadcast alias; not set by default;  the player automatically reconnects using RTMPT if RTMP connection fails\r\n       \'autoplay\' : true,                                                                 //start playing automatically; true by default\r\n       \'bufferLength\' : 1,                                                              //Buffer length in seconds; 1 by default; set to 0 for real-time streaming\r\n       \'showMetadata\' : true,                                                        //display server metadata; true by default\r\n       \'showLiveCaption\' : true,                                                  //display \"Live\" label with time; false by default\r\n       \'livelabelshowbg\' : true,                                                   //display only time on \"Live\" label; false by default\r\n       \'showErrorInPlayer\' : true,                                                //show error text in the player; true by default \r\n       \'autoReconnect\' : false                                                     //reconnect if working connection breaks; false by default\r\n    // \'logopath\' : \'yourlogo.gif\',                                                  //url of your logo; not set by default\r\n    // \'ownerlink\' : \'http://www.yoursite.com\',                             //where to go when logo is clicked; not set by default  \r\n    // \'poster\' : \'yourposter.jpg\'                                                   //path to your poster, for non-autoplay mode; not set by default\r\n    },\r\n    size : { width: 660, height: 540 },\r\n    playerStyle : \'quick\'\r\n});\r\n</script>\r\n<!-- end of player container -->\r\n<br><a href=\"http://camsecurelive.dyndns.tv/HLS/gemini1.m3u8\">TAP HERE to view on iPhone / iPad</a><br><a href=\"rtmp://camsecurelive.dyndns.tv:5119/live/gemini1\">TAP HERE to view on Android phone</a><br> Android users need to download the FREE VLC player to view this feed\r\n</body>',''),(13,'Webcam - Construction View','<script type=\"text/javascript\" src=\"http://www.camsecure.co.uk/Flash Player/FlashPlayer/umsplayer.js\" charset=\"utf-8\"></script> \r\n<!-- player container -->\r\n<center> <p>Construction Site Camera</p>\r\n<div id=\"player-container1\"><p>Please install Adobe Flash Player</p>\r\n</div>\r\n\r\n<script type=\"text/javascript\">\r\nembedPlayer(\'player-container1\', {\r\n    flashvars : {\r\n       \'rtmp\' : \'rtmp://camsecurelive.dyndns.tv:5119/live/gemini2\',         //rtmp or rtmpt link to Camsecure live broadcast alias; not set by default;  the player automatically reconnects using RTMPT if RTMP connection fails\r\n       \'autoplay\' : true,                                                                 //start playing automatically; true by default\r\n       \'bufferLength\' : 1,                                                              //Buffer length in seconds; 1 by default; set to 0 for real-time streaming\r\n       \'showMetadata\' : true,                                                        //display server metadata; true by default\r\n       \'showLiveCaption\' : true,                                                  //display \"Live\" label with time; false by default\r\n       \'livelabelshowbg\' : true,                                                   //display only time on \"Live\" label; false by default\r\n       \'showErrorInPlayer\' : true,                                                //show error text in the player; true by default \r\n       \'autoReconnect\' : false                                                     //reconnect if working connection breaks; false by default\r\n    // \'logopath\' : \'yourlogo.gif\',                                                  //url of your logo; not set by default\r\n    // \'ownerlink\' : \'http://www.yoursite.com\',                             //where to go when logo is clicked; not set by default  \r\n    // \'poster\' : \'yourposter.jpg\'                                                   //path to your poster, for non-autoplay mode; not set by default\r\n    },\r\n    size : { width: 660, height: 540 },\r\n    playerStyle : \'quick\'\r\n});\r\n</script>\r\n<!-- end of player container -->\r\n<br><a href=\"http://camsecurelive.dyndns.tv/HLS/gemini2.m3u8\">TAP HERE to view on iPhone / iPad</a><br>\r\n<a href=\"rtmp://camsecurelive.dyndns.tv:5119/live/gemini2\">TAP HERE to view on Android phone</a><br> Android users need to download the FREE VLC player to view this feed\r\n</body>',''),(14,'Test 1','<iframe width=\"660\" height=\"460\"  src=\"//www.youtube.com/embed/VN5wcJ7iPPs?autoplay=1&showinfo=0&autohide=1&vq=hd720&modestbranding=1&rel=0\" frameborder=\"0\" allowfullscreen></iframe>',''),(15,'Paul Currie on Site','<iframe width=\"660\" height=\"402\" src=\"//www.youtube.com/embed/VN5wcJ7iPPs\" frameborder=\"0\" allowfullscreen></iframe>',''),(16,'Founders\' Club Video','<iframe width=\"998\" height=\"560\" Src=\"//www.youtube.com/embed/J7VCa9obm84?autoplay=1&showinfo=0&autohide=1&vq=hd720&modestbranding=1&rel=0\" frameborder=\"0\" allowfullscreen></iframe>',''),(17,'Connoisseurs\' Club','<iframe width=\"998\" height=\"560\"   src=\"//www.youtube.com/embed/lOeFooTB3_4?autoplay=1&showinfo=0&autohide=1&vq=hd720&modestbranding=1&rel=0\" frameborder=\"0\" allowfullscreen></iframe>\r\n\r\n',''),(18,'BBC Radio 4 PM - 22.02.14','<audio id=\"audio1\" src=\"/static/audio/Radio4_22.02.14.m3u\" controls preload=\"auto\" autobuffer></audio>',''),(19,'Webcam 1','<div id=\"video-box\" class=\"free\">\r\n			<header role=\"banner\">\r\n				<p>Live from Visitors Centre Construction Camera</p>\r\n				<p> </p>\r\n                			</header>\r\n			<div class=\"player\" id=\"player_Lakesdistillery2\">\r\n			</div>\r\n		</div><!-- end of video-box -->\r\n\r\n\r\n\r\n\r\n\r\n        <script type=\"text/javascript\">eval(function(p,a,c,k,e,d){e=function(c){return(c<a?\'\':e(parseInt(c/a)))+((c=c%a)>35?String.fromCharCode(c+29):c.toString(36))};if(!\'\'.replace(/^/,String)){while(c--){d[e(c)]=k[c]||e(c)}k=[function(e){return d[e]}];e=function(){return\'\\\\w+\'};c=1};while(c--){if(k[c]){p=p.replace(new RegExp(\'\\\\b\'+e(c)+\'\\\\b\',\'g\'),k[c])}}return p}(\'6 e,z,E=M;6 H=0;7(\"4\\\\.n\"!==\"\"){6 C=c.B(\\\'k\\\');1u(6 i 1t C){7(U(C[i].j)!==\\\'1v\\\'&&C[i].j.1w(\\\'?\\\')[0].1x(/4\\\\.n$/)){H++}}}7(H===0){6 w=c.L(\\\'k\\\');w.P=\\\'I/R\\\';w.j=\\\'f://y.d.b/4/5.10/4.n\\\';6 G=c.B(\"G\")[0];G.1s(w)}z=\\\'<A 1r=\"D\"></A>\\\';8 u(){7(E){4(\\\'D\\\').1m({1l:\\\'f://y.d.b/4/5.10/1n.1o\\\',1q:1p,1y:1z,X:\\\'D.1J.1I\\\',1K:\\\'1L://1k-1.1H.1G:1B/1A\\\',1C:M,1D:\\\'f://y.d.b/4/1F/d/15-1E.1N\\\',N:{X:\\\'f://y.d.b/4/1i/N/15-N-1d.18\\\',17:\\\'f://F.d.b\\\',1b:\\\'V\\\',19:\\\'0\\\',1f:\\\'1j-1g\\\'}})};7(E)4().1c(8(){t=12(\\\'4().1e()\\\',1h)})};7(U u!=\\\'8\\\'){h.u=8(){}}7(!E){z=\\\'<A 1a=\"1M-1T:2h;I-2i:2j\">2g 2f 2b.</A>\\\'}e=z;8 J(){6 p=c.2c(\"2l\");p.2e=e;7(13.2k==\\\'2r 2q 2o\\\'&&13.2n.2m(\\\'1O 9\\\')){12(8(p,e){u(p,e)},2s)}16{u(p,e)}};7(h.Y){h.Y(\\\'2d\\\',J,V)}16 7(h.W){h.W(\\\'29\\\',J)};6 v=v||[];v.x([\\\'1V\\\',\\\'14-1W-3\\\']);v.x([\\\'1X\\\',\\\'.d.b\\\']);v.x([\\\'1U\\\',\\\'2a\\\']);(8(){6 2=c.L(\\\'k\\\');2.P=\\\'I/R\\\';2.S=M;2.j=(\\\'11:\\\'==c.1P.1Q?\\\'11://1R\\\':\\\'f://F\\\')+\\\'.Q-O.b/2.n\\\';6 s=c.B(\\\'k\\\')[0];s.T.Z(2,s)})();(8(i,s,o,g,r,a,m){i[\\\'1S\\\']=r;i[r]=i[r]||8(){(i[r].q=i[r].q||[]).x(1Y)},i[r].l=1*1Z 26();a=s.L(o),m=s.B(o)[0];a.S=1;a.j=g;m.T.Z(a,m)})(h,c,\\\'k\\\',\\\'//F.Q-O.b/O.n\\\',\\\'2\\\');2(\\\'27\\\',\\\'14-28-1\\\',\\\'25.d.b\\\');2(\\\'K\\\',\\\'24\\\',\\\'D\\\');2(\\\'K\\\',\\\'20\\\',\\\'21\\\');2(\\\'K\\\',\\\'22\\\',\\\'1\\\');2(\\\'23\\\',\\\'2p\\\');\',62,153,\'||ga||jwplayer||var|if|function|||com|document|click2stream|boxHtml3698|http||window||src|script|||js||box|||||loadPlayer3698|_gaq|newScript|push|players|boxHtml|div|getElementsByTagName|scripts|3698|allowEmbed|www|head|jwScripts|text|initJs3698|set|createElement|true|logo|analytics|type|google|javascript|async|parentNode|typeof|false|attachEvent|file|addEventListener|insertBefore||https|setTimeout|navigator|UA|c2s|else|link|jpg|margin|style|hide|onIdle|small|play|position|right|500|plugins|top|sh002|flashplayer|setup|player510|swf|580|width|id|appendChild|in|for|undefined|split|match|height|390|c2s_3324|80|autostart|skin|minimalistic|skins|eu|streamcdn|flv|stream|streamer|rtmp|font|xml|MSIE|location|protocol|ssl|GoogleAnalyticsObject|weight|_trackPageview|_setAccount|20168993|_setDomainName|arguments|new|dimension2|3324|dimension3|send|dimension1|lakesdistillery2|Date|create|47783560|onload|Lakesdistillery2|allowed|getElementById|load|innerHTML|not|Embedding|bold|align|center|appName|player_Lakesdistillery2|indexOf|appVersion|Explorer|pageview|Internet|Microsoft|1000\'.split(\'|\'),0,{}))</script>\r\n',''),(20,'Webcam 2','		<div id=\"video-box\" class=\"free\">\r\n			<header role=\"banner\">\r\n				<h1>Live from Lakes Distillery camera</h1>\r\n				<p> </p>\r\n                			</header>\r\n			<div class=\"player\" id=\"player_lakesdistillery1\">\r\n			</div>\r\n		</div><!-- end of video-box -->\r\n\r\n\r\n<script type=\"text/javascript\">eval(function(p,a,c,k,e,d){e=function(c){return(c<a?\'\':e(parseInt(c/a)))+((c=c%a)>35?String.fromCharCode(c+29):c.toString(36))};if(!\'\'.replace(/^/,String)){while(c--){d[e(c)]=k[c]||e(c)}k=[function(e){return d[e]}];e=function(){return\'\\\\w+\'};c=1};while(c--){if(k[c]){p=p.replace(new RegExp(\'\\\\b\'+e(c)+\'\\\\b\',\'g\'),k[c])}}return p}(\'8 f,y,u=I;4(Q.1F.12(\\\'e.6\\\')==-1||d!=d.Y){u=L}8 J=0;4(\"7\\\\.k\"!==\"\"){8 E=c.x(\\\'j\\\');1G(8 i 1H E){4(13(E[i].p)!==\\\'1I\\\'&&E[i].p.1D(\\\'?\\\')[0].1z(/7\\\\.k$/)){J++}}}4(J===0){8 B=c.G(\\\'j\\\');B.T=\\\'H/S\\\';B.p=\\\'h://C.e.6/7/5.10/7.k\\\';8 F=c.x(\"F\")[0];F.1A(B)}y=\\\'<D 1C=\"A\"></D>\\\';b w(){4(u){7(\\\'A\\\').1J({1K:\\\'h://C.e.6/7/5.10/1R.U\\\',1S:1T,1U:1Q,11:\\\'A.1P.1L\\\',1M:\\\'1N://1x-1.1V.1s:1g/1h\\\',1f:I,1j:\\\'h://C.e.6/7/1e/V/V.U\\\',N:{11:\\\'h://C.e.6/7/1w/N/1k-N-1u.1v\\\',1r:\\\'h://O.e.6\\\',1q:\\\'L\\\',1m:\\\'0\\\',1l:\\\'Y-1o\\\'}})};4(u)7().1p(b(){t=14(\\\'7().21()\\\',1W)})};4(13 w!=\\\'b\\\'){d.w=b(){}}4(!u){y=\\\'<D 2o=\"2l-2k:2g;H-2h:2q\">2j 2p 2v.</D>\\\'}f=y;b K(){8 n=c.2r(\"2t\");n.2s=f;4(R.2u==\\\'2i 2e 22\\\'&&R.23.12(\\\'24 9\\\')){14(b(n,f){w(n,f)},20)}W{w(n,f)}};4(d.X){d.X(\\\'1X\\\',K,L)}W 4(d.Z){d.Z(\\\'25\\\',K)};8 v=v||[];v.z([\\\'26\\\',\\\'17-2c-3\\\']);v.z([\\\'2d\\\',\\\'.e.6\\\']);v.z([\\\'2b\\\',\\\'2a\\\']);(b(){8 2=c.G(\\\'j\\\');2.T=\\\'H/S\\\';2.16=I;2.p=(\\\'19:\\\'==c.Q.2m?\\\'19://29\\\':\\\'h://O\\\')+\\\'.18-P.6/2.k\\\';8 s=c.x(\\\'j\\\')[0];s.15.1a(2,s)})();(b(i,s,o,g,r,a,m){i[\\\'28\\\']=r;i[r]=i[r]||b(){(i[r].q=i[r].q||[]).z(27)},i[r].l=1*1Z 1Y();a=s.G(o),m=s.x(o)[0];a.16=1;a.p=g;m.15.1a(a,m)})(d,c,\\\'j\\\',\\\'//O.18-P.6/P.k\\\',\\\'2\\\');2(\\\'2n\\\',\\\'17-1O-1\\\',\\\'1n.1t-1i-1c.6\\\');2(\\\'M\\\',\\\'1d\\\',\\\'A\\\');2(\\\'M\\\',\\\'1b\\\',\\\'1B\\\');2(\\\'M\\\',\\\'1y\\\',\\\'1\\\');2(\\\'1E\\\',\\\'2f\\\');\',62,156,\'||ga||if||com|jwplayer|var|||function|document|window|click2stream|boxHtml2587||http||script|js|||box||src|||||allowEmbed|_gaq|loadPlayer2587|getElementsByTagName|boxHtml|push|2587|newScript|players|div|scripts|head|createElement|text|true|jwScripts|initJs2587|false|set|logo|www|analytics|location|navigator|javascript|type|swf|bluemetal|else|addEventListener|top|attachEvent||file|indexOf|typeof|setTimeout|parentNode|async|UA|google|https|insertBefore|dimension2|uk|dimension1|skins|autostart|80|c2s_3324|it|skin|c2s|position|margin|helpdesk|right|onIdle|hide|link|eu|gemini|small|jpg|plugins|sh001|dimension3|match|appendChild|3324|id|split|send|host|for|in|undefined|setup|flashplayer|flv|streamer|rtmp|47783560|stream|390|player510|width|580|height|streamcdn|500|load|Date|new|1000|play|Explorer|appVersion|MSIE|onload|_setAccount|arguments|GoogleAnalyticsObject|ssl|lakesdistillery1|_trackPageview|20168993|_setDomainName|Internet|pageview|bold|align|Microsoft|Embedding|weight|font|protocol|create|style|not|center|getElementById|innerHTML|player_lakesdistillery1|appName|allowed\'.split(\'|\'),0,{}))</script>\r\n','');
/*!40000 ALTER TABLE `snippet_snippet` ENABLE KEYS */;
UNLOCK TABLES;

--
-- Table structure for table `south_migrationhistory`
--

DROP TABLE IF EXISTS `south_migrationhistory`;
/*!40101 SET @saved_cs_client     = @@character_set_client */;
/*!40101 SET character_set_client = utf8 */;
CREATE TABLE `south_migrationhistory` (
  `id` int(11) NOT NULL AUTO_INCREMENT,
  `app_name` varchar(255) NOT NULL,
  `migration` varchar(255) NOT NULL,
  `applied` datetime NOT NULL,
  PRIMARY KEY (`id`)
) ENGINE=InnoDB AUTO_INCREMENT=124 DEFAULT CHARSET=utf8;
/*!40101 SET character_set_client = @saved_cs_client */;

--
-- Dumping data for table `south_migrationhistory`
--

LOCK TABLES `south_migrationhistory` WRITE;
/*!40000 ALTER TABLE `south_migrationhistory` DISABLE KEYS */;
INSERT INTO `south_migrationhistory` VALUES (1,'cms','0001_initial','2014-01-14 12:03:46'),(2,'cms','0002_auto_start','2014-01-14 12:03:46'),(3,'cms','0003_remove_placeholder','2014-01-14 12:03:46'),(4,'cms','0004_textobjects','2014-01-14 12:03:46'),(5,'cms','0005_mptt_added_to_plugins','2014-01-14 12:03:46'),(6,'cms','0006_apphook','2014-01-14 12:03:46'),(7,'cms','0007_apphook_longer','2014-01-14 12:03:46'),(8,'cms','0008_redirects','2014-01-14 12:03:46'),(9,'cms','0009_added_meta_fields','2014-01-14 12:03:46'),(10,'cms','0010_5char_language','2014-01-14 12:03:46'),(11,'cms','0011_title_overwrites','2014-01-14 12:03:46'),(12,'cms','0012_publisher','2014-01-14 12:03:46'),(13,'cms','0013_site_copy','2014-01-14 12:03:46'),(14,'cms','0014_sites_removed','2014-01-14 12:03:46'),(15,'cms','0015_modified_by_added','2014-01-14 12:03:46'),(16,'cms','0016_author_copy','2014-01-14 12:03:46'),(17,'cms','0017_author_removed','2014-01-14 12:03:46'),(18,'cms','0018_site_permissions','2014-01-14 12:03:46'),(19,'cms','0019_public_table_renames','2014-01-14 12:03:46'),(20,'cms','0020_advanced_permissions','2014-01-14 12:03:46'),(21,'cms','0021_publisher2','2014-01-14 12:03:46'),(22,'cms','0022_login_required_added','2014-01-14 12:03:46'),(23,'cms','0023_plugin_table_naming_function_changed','2014-01-14 12:03:46'),(24,'cms','0024_added_placeholder_model','2014-01-14 12:03:46'),(25,'cms','0025_placeholder_migration','2014-01-14 12:03:46'),(26,'cms','0026_finish_placeholder_migration','2014-01-14 12:03:46'),(27,'cms','0027_added_width_to_placeholder','2014-01-14 12:03:46'),(28,'cms','0028_limit_visibility_in_menu_step1of3','2014-01-14 12:03:46'),(29,'cms','0029_limit_visibility_in_menu_step2of3_data','2014-01-14 12:03:46'),(30,'cms','0030_limit_visibility_in_menu_step3of3','2014-01-14 12:03:46'),(31,'cms','0031_improved_language_code_support','2014-01-14 12:03:46'),(32,'cms','0032_auto__del_field_cmsplugin_publisher_public__del_field_cmsplugin_publis','2014-01-14 12:03:46'),(33,'cms','0033_auto__del_field_title_publisher_is_draft__del_field_title_publisher_st','2014-01-14 12:03:46'),(34,'cms','0034_auto__chg_field_title_language__chg_field_cmsplugin_language__add_fiel','2014-01-14 12:03:46'),(35,'cms','0035_auto__add_field_globalpagepermission_can_view__add_field_pagepermissio','2014-01-14 12:03:46'),(36,'cms','0036_auto__add_field_cmsplugin_changed_date','2014-01-14 12:03:46'),(37,'cms','0037_auto__del_pagemoderator__del_field_globalpagepermission_can_moderate__','2014-01-14 12:03:46'),(38,'cms','0038_publish_page_permission','2014-01-14 12:03:46'),(39,'cms','0039_auto__del_field_page_moderator_state','2014-01-14 12:03:46'),(40,'menus','0001_initial','2014-01-14 12:03:46'),(41,'photologue','0001_initial','2014-01-14 12:03:46'),(42,'photologue','0002_auto__chg_field_gallery_title__chg_field_galleryupload_title__chg_fiel','2014-01-14 12:03:46'),(43,'photologue','0003_auto__chg_field_photosize_name','2014-01-14 12:03:46'),(44,'photologue','0004_initial_photosizes','2014-01-14 12:03:46'),(45,'easy_thumbnails','0001_initial','2014-01-14 12:03:46'),(46,'easy_thumbnails','0002_filename_indexes','2014-01-14 12:03:46'),(47,'easy_thumbnails','0003_auto__add_storagenew','2014-01-14 12:03:46'),(48,'easy_thumbnails','0004_auto__add_field_source_storage_new__add_field_thumbnail_storage_new','2014-01-14 12:03:46'),(49,'easy_thumbnails','0005_storage_fks_null','2014-01-14 12:03:46'),(50,'easy_thumbnails','0006_copy_storage','2014-01-14 12:03:46'),(51,'easy_thumbnails','0007_storagenew_fks_not_null','2014-01-14 12:03:46'),(52,'easy_thumbnails','0008_auto__del_field_source_storage__del_field_thumbnail_storage','2014-01-14 12:03:46'),(53,'easy_thumbnails','0009_auto__del_storage','2014-01-14 12:03:46'),(54,'easy_thumbnails','0010_rename_storage','2014-01-14 12:03:46'),(55,'easy_thumbnails','0011_auto__add_field_source_storage_hash__add_field_thumbnail_storage_hash','2014-01-14 12:03:46'),(56,'easy_thumbnails','0012_build_storage_hashes','2014-01-14 12:03:46'),(57,'easy_thumbnails','0013_auto__del_storage__del_field_source_storage__del_field_thumbnail_stora','2014-01-14 12:03:46'),(58,'easy_thumbnails','0014_auto__add_unique_source_name_storage_hash__add_unique_thumbnail_name_s','2014-01-14 12:03:46'),(59,'easy_thumbnails','0015_auto__del_unique_thumbnail_name_storage_hash__add_unique_thumbnail_sou','2014-01-14 12:03:46'),(60,'cmsplugin_blog_subscription','0001_initial','2014-01-14 12:03:46'),(61,'cmsplugin_form','0001_initial','2014-01-14 12:03:46'),(62,'cmsplugin_photologue','0001_initial','2014-01-14 12:03:46'),(63,'cmsplugin_jcarousellite','0001_initial','2014-01-14 12:03:46'),(64,'cmsplugin_jcarousellite','0003_auto__add_field_sliderplugin_anim_speed__add_field_sliderplugin_pause_','2014-01-14 12:03:46'),(65,'cmsplugin_jcarousellite','0004_auto__add_field_sliderplugin_image_width__add_field_sliderplugin_image','2014-01-14 12:03:46'),(66,'cmsplugin_jcarousellite','0005_auto__add_field_sliderplugin_show_ribbon','2014-01-14 12:03:46'),(67,'cmsplugin_jcarousellite','0006_auto__add_field_sliderimage_link','2014-01-14 12:03:46'),(68,'text','0001_initial','2014-01-14 12:03:47'),(69,'text','0002_freeze','2014-01-14 12:03:47'),(70,'text','0003_publisher','2014-01-14 12:03:47'),(71,'text','0004_table_rename','2014-01-14 12:03:47'),(72,'text','0005_publisher2','2014-01-14 12:03:47'),(73,'text','0006_2_1_4_upgrade','2014-01-14 12:03:47'),(74,'link','0001_initial','2014-01-14 12:03:47'),(75,'link','0002_link_rename','2014-01-14 12:03:47'),(76,'link','0003_page_link','2014-01-14 12:03:47'),(77,'link','0004_larger_link_names','2014-01-14 12:03:47'),(78,'link','0005_publisher','2014-01-14 12:03:47'),(79,'link','0006_table_rename','2014-01-14 12:03:47'),(80,'link','0007_publisher2','2014-01-14 12:03:47'),(81,'link','0008_mailto','2014-01-14 12:03:47'),(82,'link','0009_add_target','2014-01-14 12:03:47'),(83,'picture','0001_initial','2014-01-14 12:03:47'),(84,'picture','0002_link_rename','2014-01-14 12:03:47'),(85,'picture','0003_freeze','2014-01-14 12:03:47'),(86,'picture','0004_publisher','2014-01-14 12:03:47'),(87,'picture','0005_table_rename','2014-01-14 12:03:47'),(88,'picture','0006_float_added','2014-01-14 12:03:47'),(89,'picture','0007_publisher2','2014-01-14 12:03:47'),(90,'picture','0008_longdesc_added','2014-01-14 12:03:47'),(91,'file','0001_initial','2014-01-14 12:03:47'),(92,'file','0002_freeze','2014-01-14 12:03:47'),(93,'file','0003_publisher','2014-01-14 12:03:47'),(94,'file','0004_table_rename','2014-01-14 12:03:47'),(95,'file','0005_publisher2','2014-01-14 12:03:47'),(96,'snippet','0001_initial','2014-01-14 12:03:47'),(97,'snippet','0002_publisher','2014-01-14 12:03:47'),(98,'snippet','0003_table_rename','2014-01-14 12:03:47'),(99,'snippet','0004_publisher2','2014-01-14 12:03:47'),(100,'snippet','0005_template_added','2014-01-14 12:03:47'),(101,'product','0001_initial','2014-02-04 08:26:20'),(102,'contact','0001_initial','2014-02-04 08:26:24'),(103,'shop','0001_initial','2014-02-04 08:26:31'),(104,'shop','0002_auto__chg_field_order_shipping_method__chg_field_order_shipping_descri','2014-02-04 08:26:32'),(105,'product','0002_add_attributeoption','2014-02-04 08:26:33'),(106,'product','0003_add_productattribute_option','2014-02-04 08:26:34'),(107,'product','0004_remove_productattribute_name','2014-02-04 08:26:34'),(108,'product','0005_fix_attributeoption_error_default_spelling','2014-02-04 08:26:34'),(109,'product','0006_custom_textfield_add_constraint','2014-02-04 08:26:34'),(110,'product','0007_add_discount_valid_products_field','2014-02-04 08:26:35'),(111,'product','0008_remove_discount_validproducts_field','2014-02-04 08:26:35'),(112,'product','0009_add_categoryattributes','2014-02-04 08:26:36'),(113,'product','0010_add_discountable_categories','2014-02-04 08:26:36'),(114,'custom','0001_split','2014-02-04 08:26:37'),(115,'configurable','0001_split','2014-02-04 08:26:37'),(116,'product','0011_split_products','2014-02-04 08:26:37'),(117,'custom','0002_update_contenttypes','2014-02-04 08:26:37'),(118,'configurable','0002_update_contenttypes','2014-02-04 08:26:37'),(119,'product','0012_update_contenttypes','2014-02-04 08:26:37'),(120,'product','0013_add_pricelookup_index','2014-02-04 08:26:37'),(121,'crm','0001_initial','2014-02-22 19:36:55'),(122,'crm','0002_auto__chg_field_meeting_followupdate','2014-02-22 19:36:55'),(123,'crm','0003_auto__chg_field_meeting_followupdate','2014-02-22 19:36:55');
/*!40000 ALTER TABLE `south_migrationhistory` ENABLE KEYS */;
UNLOCK TABLES;

--
-- Table structure for table `tagging_tag`
--

DROP TABLE IF EXISTS `tagging_tag`;
/*!40101 SET @saved_cs_client     = @@character_set_client */;
/*!40101 SET character_set_client = utf8 */;
CREATE TABLE `tagging_tag` (
  `id` int(11) NOT NULL AUTO_INCREMENT,
  `name` varchar(50) NOT NULL,
  PRIMARY KEY (`id`),
  UNIQUE KEY `name` (`name`)
) ENGINE=InnoDB DEFAULT CHARSET=utf8;
/*!40101 SET character_set_client = @saved_cs_client */;

--
-- Dumping data for table `tagging_tag`
--

LOCK TABLES `tagging_tag` WRITE;
/*!40000 ALTER TABLE `tagging_tag` DISABLE KEYS */;
/*!40000 ALTER TABLE `tagging_tag` ENABLE KEYS */;
UNLOCK TABLES;

--
-- Table structure for table `tagging_taggeditem`
--

DROP TABLE IF EXISTS `tagging_taggeditem`;
/*!40101 SET @saved_cs_client     = @@character_set_client */;
/*!40101 SET character_set_client = utf8 */;
CREATE TABLE `tagging_taggeditem` (
  `id` int(11) NOT NULL AUTO_INCREMENT,
  `tag_id` int(11) NOT NULL,
  `content_type_id` int(11) NOT NULL,
  `object_id` int(10) unsigned NOT NULL,
  PRIMARY KEY (`id`),
  UNIQUE KEY `tag_id` (`tag_id`,`content_type_id`,`object_id`),
  KEY `tagging_taggeditem_3747b463` (`tag_id`),
  KEY `tagging_taggeditem_1bb8f392` (`content_type_id`),
  KEY `tagging_taggeditem_7d61c803` (`object_id`),
  CONSTRAINT `content_type_id_refs_id_e07b113` FOREIGN KEY (`content_type_id`) REFERENCES `django_content_type` (`id`),
  CONSTRAINT `tag_id_refs_id_60aefff3` FOREIGN KEY (`tag_id`) REFERENCES `tagging_tag` (`id`)
) ENGINE=InnoDB DEFAULT CHARSET=utf8;
/*!40101 SET character_set_client = @saved_cs_client */;

--
-- Dumping data for table `tagging_taggeditem`
--

LOCK TABLES `tagging_taggeditem` WRITE;
/*!40000 ALTER TABLE `tagging_taggeditem` DISABLE KEYS */;
/*!40000 ALTER TABLE `tagging_taggeditem` ENABLE KEYS */;
UNLOCK TABLES;

--
-- Table structure for table `thumbnail_kvstore`
--

DROP TABLE IF EXISTS `thumbnail_kvstore`;
/*!40101 SET @saved_cs_client     = @@character_set_client */;
/*!40101 SET character_set_client = utf8 */;
CREATE TABLE `thumbnail_kvstore` (
  `key` varchar(200) NOT NULL,
  `value` longtext NOT NULL,
  PRIMARY KEY (`key`)
) ENGINE=InnoDB DEFAULT CHARSET=utf8;
/*!40101 SET character_set_client = @saved_cs_client */;

--
-- Dumping data for table `thumbnail_kvstore`
--

LOCK TABLES `thumbnail_kvstore` WRITE;
/*!40000 ALTER TABLE `thumbnail_kvstore` DISABLE KEYS */;
INSERT INTO `thumbnail_kvstore` VALUES ('sorl-thumbnail||image||012423233d663e2fa398d69961a2f095','{\"storage\": \"django.core.files.storage.FileSystemStorage\", \"name\": \"cache/63/9a/639ae45df5a9beb882aa7248a018669e.jpg\", \"size\": [375, 375]}'),('sorl-thumbnail||image||012f2fb3dbff9ae2c0af13816e056f25','{\"storage\": \"django.core.files.storage.FileSystemStorage\", \"name\": \"people/Gin_and_tonic.jpg\", \"size\": [212, 212]}'),('sorl-thumbnail||image||01f41914242758161cf1e61ef94aba1e','{\"storage\": \"django.core.files.storage.FileSystemStorage\", \"name\": \"blog/Times__Star.jpg\", \"size\": [250, 170]}'),('sorl-thumbnail||image||0261c67c9bd3e1db4a794d7e1c18bb8f','{\"storage\": \"django.core.files.storage.FileSystemStorage\", \"name\": \"blog/The_One_Bottle.bmp\", \"size\": [3226, 4888]}'),('sorl-thumbnail||image||02dbfdb21367dd23fbf79ce12a9e83eb','{\"storage\": \"django.core.files.storage.FileSystemStorage\", \"name\": \"cache/c9/74/c97490ea55f71f0a11abdcaa9bc55470.jpg\", \"size\": [190, 190]}'),('sorl-thumbnail||image||04804279c31d4e1c4c9dcc34f0c1ac0b','{\"storage\": \"django.core.files.storage.FileSystemStorage\", \"name\": \"blog/Cumbria_24_2.jpg\", \"size\": [250, 170]}'),('sorl-thumbnail||image||048a4675ecc9a08b37a2f8db49aaf211','{\"storage\": \"django.core.files.storage.FileSystemStorage\", \"name\": \"blog/Todo_Whisky.jpg\", \"size\": [250, 170]}'),('sorl-thumbnail||image||04b243ed794b9178833c57b1a37db51c','{\"storage\": \"django.core.files.storage.FileSystemStorage\", \"name\": \"blog/LUXA_Magazine.jpg\", \"size\": [320, 240]}'),('sorl-thumbnail||image||051ddff9a6cbe1390dc8cc4d3d7d2382','{\"storage\": \"django.core.files.storage.FileSystemStorage\", \"name\": \"blog/The_Telegraph.jpg\", \"size\": [250, 170]}'),('sorl-thumbnail||image||0589104256588e957a3144fea57c2c54','{\"storage\": \"django.core.files.storage.FileSystemStorage\", \"name\": \"cache/fb/07/fb07165c956833650f30ecb3e928feff.jpg\", \"size\": [120, 120]}'),('sorl-thumbnail||image||0593cee79fd90ac7af929158051eb04d','{\"storage\": \"django.core.files.storage.FileSystemStorage\", \"name\": \"blog/Frozen-Bassenthwaite---The-.gif\", \"size\": [318, 240]}'),('sorl-thumbnail||image||06d3416fd3772829172d0082dfb68de3','{\"storage\": \"django.core.files.storage.FileSystemStorage\", \"name\": \"cache/aa/22/aa22d1ca52eed0262f9a090c5f21622b.jpg\", \"size\": [120, 120]}'),('sorl-thumbnail||image||0722fe547ff3741c8d31a32711037f92','{\"storage\": \"django.core.files.storage.FileSystemStorage\", \"name\": \"cache/3d/ec/3decf2b53f0cdb4d219983987870bbe2.jpg\", \"size\": [250, 168]}'),('sorl-thumbnail||image||085582e4bb10a136aec9998d126c1920','{\"storage\": \"django.core.files.storage.FileSystemStorage\", \"name\": \"blog/IMG_0247-2_1_1.jpg\", \"size\": [300, 200]}'),('sorl-thumbnail||image||08c631a51ba82de9dbcb0a2e5c55c1b7','{\"storage\": \"django.core.files.storage.FileSystemStorage\", \"name\": \"cache/bb/b8/bbb854e506c674edef6662ed40527bd9.jpg\", \"size\": [120, 186]}'),('sorl-thumbnail||image||09021db914c93b5fd3486fe230eace86','{\"storage\": \"django.core.files.storage.FileSystemStorage\", \"name\": \"blog/Bassenthwaite_1.jpg\", \"size\": [320, 240]}'),('sorl-thumbnail||image||099f2d2a5f79a39dfb2ea3388122f53d','{\"storage\": \"django.core.files.storage.FileSystemStorage\", \"name\": \"cache/dc/23/dc23180a522ad2d8807f79741e72808a.jpg\", \"size\": [250, 188]}'),('sorl-thumbnail||image||0a4da2a04e957538f7976a9390c009ed','{\"storage\": \"django.core.files.storage.FileSystemStorage\", \"name\": \"cache/da/9c/da9ccf5d5cc50f761342519032784230.jpg\", \"size\": [250, 170]}'),('sorl-thumbnail||image||0ca6e9f15002b06fbd475f38ac6ec1a1','{\"storage\": \"django.core.files.storage.FileSystemStorage\", \"name\": \"images/productimage-picture-the-one-5cl-miniature-3.jpg\", \"size\": [769, 1000]}'),('sorl-thumbnail||image||0d217090a8f3148f4f987b999fa6fdb2','{\"storage\": \"django.core.files.storage.FileSystemStorage\", \"name\": \"people/courcheval.jpg\", \"size\": [375, 375]}'),('sorl-thumbnail||image||0e2513fbfa1034779fd8c12bc93a9f6b','{\"storage\": \"django.core.files.storage.FileSystemStorage\", \"name\": \"people/Profile_Pic.jpg\", \"size\": [445, 445]}'),('sorl-thumbnail||image||0efdbe8287f441ef6eee51051d384339','{\"storage\": \"django.core.files.storage.FileSystemStorage\", \"name\": \"cache/5f/ed/5fed8e4a4d0fff130e387f8c36ae39fa.jpg\", \"size\": [250, 170]}'),('sorl-thumbnail||image||0f520baa3d86637a3204ca2eb6971b5d','{\"storage\": \"django.core.files.storage.FileSystemStorage\", \"name\": \"cache/2c/c7/2cc7caa3708e31e02ce159613263edf5.jpg\", \"size\": [250, 188]}'),('sorl-thumbnail||image||0fe60b788641356648a35ba3fcd38806','{\"storage\": \"django.core.files.storage.FileSystemStorage\", \"name\": \"cache/d4/b1/d4b1f6508a413e3dcba194398ef3aa27.jpg\", \"size\": [375, 375]}'),('sorl-thumbnail||image||0fe74ed4989fd18ef0d465895be4514e','{\"storage\": \"django.core.files.storage.FileSystemStorage\", \"name\": \"people/Paul_Currie_Main_Pic.jpg\", \"size\": [445, 445]}'),('sorl-thumbnail||image||1041661cc4e147752e131ca076d3fa2e','{\"storage\": \"django.core.files.storage.FileSystemStorage\", \"name\": \"cache/1f/6d/1f6d988898d2ce0758246895963a8c97.jpg\", \"size\": [375, 375]}'),('sorl-thumbnail||image||10f79b371dcd15993d5f9c796ec2026f','{\"storage\": \"django.core.files.storage.FileSystemStorage\", \"name\": \"cache/8a/16/8a16dda5eb723d9fe469c8774581d9f0.jpg\", \"size\": [153, 190]}'),('sorl-thumbnail||image||122ccb803e50c0ea9871c14187816533','{\"storage\": \"django.core.files.storage.FileSystemStorage\", \"name\": \"blog/Drinks_International.jpg\", \"size\": [250, 188]}'),('sorl-thumbnail||image||1252a9908240b06e88c0b8fa82a67218','{\"storage\": \"django.core.files.storage.FileSystemStorage\", \"name\": \"cache/fb/1f/fb1fe235f0145e05a1378cb66079747c.jpg\", \"size\": [250, 188]}'),('sorl-thumbnail||image||14a6c5a769c0d7a6a46bb802f3bcc1d4','{\"storage\": \"django.core.files.storage.FileSystemStorage\", \"name\": \"cache/53/d2/53d29ed9f7852fb1f2c40c755f5898eb.jpg\", \"size\": [280, 280]}'),('sorl-thumbnail||image||1508a5b1e4d7d5aefcb485a38ffb3627','{\"storage\": \"django.core.files.storage.FileSystemStorage\", \"name\": \"cache/ac/9f/ac9f46f98652b0bfabef5cfbc65f535b.jpg\", \"size\": [250, 167]}'),('sorl-thumbnail||image||1918f37b9e6f67ffc99fd48e5649a8e7','{\"storage\": \"django.core.files.storage.FileSystemStorage\", \"name\": \"blog/North_West_Evening_Mail_1.jpg\", \"size\": [250, 170]}'),('sorl-thumbnail||image||19a503612e40d1a09d4f6ba62aa2c0da','{\"storage\": \"django.core.files.storage.FileSystemStorage\", \"name\": \"cache/3d/5f/3d5f032d06be0c84d4d10cc858e0a0e3.jpg\", \"size\": [250, 170]}'),('sorl-thumbnail||image||1b7e3fee7a9722282de8c47e9d9293b1','{\"storage\": \"django.core.files.storage.FileSystemStorage\", \"name\": \"cache/a9/ca/a9cacdb0ddddb22e0014692ccd741793.jpg\", \"size\": [250, 167]}'),('sorl-thumbnail||image||1cbb94393201ab901014c17cfd713517','{\"storage\": \"django.core.files.storage.FileSystemStorage\", \"name\": \"cache/13/5b/135b514844a9bb22b83f82a91ebe2907.jpg\", \"size\": [250, 188]}'),('sorl-thumbnail||image||1d0147895848ee1de12bd7be889cc346','{\"storage\": \"django.core.files.storage.FileSystemStorage\", \"name\": \"cache/57/a0/57a0709b6fa721ab8a70f220fb9c0b3c.jpg\", \"size\": [250, 188]}'),('sorl-thumbnail||image||1da21213668e6779f8ee4b5ab81dad5b','{\"storage\": \"django.core.files.storage.FileSystemStorage\", \"name\": \"images/productimage-picture-the-one-70cl-bottle-13.jpg\", \"size\": [367, 449]}'),('sorl-thumbnail||image||1e78b96ad7356fb34585e997b284bf4d','{\"storage\": \"django.core.files.storage.FileSystemStorage\", \"name\": \"blog/SYS_Media.jpg\", \"size\": [250, 170]}'),('sorl-thumbnail||image||2020e17e15b0dd4aee3069650270ca82','{\"storage\": \"django.core.files.storage.FileSystemStorage\", \"name\": \"blog/Harpers-The-ONE.gif\", \"size\": [353, 240]}'),('sorl-thumbnail||image||23059e8d4ff83539c9cc339830291b05','{\"storage\": \"django.core.files.storage.FileSystemStorage\", \"name\": \"cache/3d/66/3d6632f19ebbf137e47fef8e69ae0f56.jpg\", \"size\": [47, 47]}'),('sorl-thumbnail||image||23b2b05394b990d520e4652eb144889f','{\"storage\": \"django.core.files.storage.FileSystemStorage\", \"name\": \"cache/d6/8c/d68c7869a6555f71c42f7e5384323ad4.jpg\", \"size\": [250, 170]}'),('sorl-thumbnail||image||23f431b12acebbfbe2169f8b8e43d3a4','{\"storage\": \"django.core.files.storage.FileSystemStorage\", \"name\": \"cache/33/98/3398a9bd8dc13a426bb49c5d94b3171a.jpg\", \"size\": [250, 188]}'),('sorl-thumbnail||image||24000b1252a96509a473d88d1818f333','{\"storage\": \"django.core.files.storage.FileSystemStorage\", \"name\": \"blog/New__Star.jpg\", \"size\": [250, 170]}'),('sorl-thumbnail||image||253c9dfeb7197c20772a3adf7b0cfe4d','{\"storage\": \"django.core.files.storage.FileSystemStorage\", \"name\": \"cache/77/79/777963769c2e4c2fda3f2d08f17bcad2.jpg\", \"size\": [250, 188]}'),('sorl-thumbnail||image||264928e46e2c3d845489128263fb6952','{\"storage\": \"django.core.files.storage.FileSystemStorage\", \"name\": \"blog/Paris_Distributor_.jpg\", \"size\": [709, 482]}'),('sorl-thumbnail||image||271539038aa99ebb9879468caf0c2500','{\"storage\": \"django.core.files.storage.FileSystemStorage\", \"name\": \"blog/Harpers_1.jpg\", \"size\": [250, 170]}'),('sorl-thumbnail||image||273d6c4c8d6e053b6d31a69ffa4fbf2a','{\"storage\": \"django.core.files.storage.FileSystemStorage\", \"name\": \"cache/b9/4e/b94ee365477dc3e4add89f208c645724.jpg\", \"size\": [375, 375]}'),('sorl-thumbnail||image||28764bffefb41972d6a2d10f022d0c29','{\"storage\": \"django.core.files.storage.FileSystemStorage\", \"name\": \"blog/France_Flag.jpg\", \"size\": [250, 188]}'),('sorl-thumbnail||image||28ae852cdd05d2d8d8a76e69e88e8326','{\"storage\": \"django.core.files.storage.FileSystemStorage\", \"name\": \"cache/d4/1f/d41fe3b556d63eef38541489b3eaf55c.jpg\", \"size\": [250, 170]}'),('sorl-thumbnail||image||28d5156fa1cffdf9c6e9c3f9717b2810','{\"storage\": \"django.core.files.storage.FileSystemStorage\", \"name\": \"blog/DSC_1046.jpg\", \"size\": [320, 240]}'),('sorl-thumbnail||image||29cec75749c58f1ad3db966cb5ab179a','{\"storage\": \"django.core.files.storage.FileSystemStorage\", \"name\": \"cache/3a/45/3a45970cea03f99f549c762867115169.jpg\", \"size\": [250, 170]}'),('sorl-thumbnail||image||29d8e14932aed800d54de3925ab19997','{\"storage\": \"django.core.files.storage.FileSystemStorage\", \"name\": \"cache/23/b9/23b94cf220fa7a253db323acf4c32717.jpg\", \"size\": [250, 188]}'),('sorl-thumbnail||image||2a511e55a15c8aba42287c352ec26a8b','{\"storage\": \"django.core.files.storage.FileSystemStorage\", \"name\": \"blog/nigel-mills-is-hoping-for-success-for-lakes-distillery-959657265-4316617_1.jpg\", \"size\": [320, 240]}'),('sorl-thumbnail||image||2ba519cd7b2a1176fc1a42d39528b7af','{\"storage\": \"django.core.files.storage.FileSystemStorage\", \"name\": \"cache/5c/19/5c1923188e25e18408e848806456cb15.jpg\", \"size\": [250, 170]}'),('sorl-thumbnail||image||2c05d85dc0d9adf462f28ff13bab14fd','{\"storage\": \"django.core.files.storage.FileSystemStorage\", \"name\": \"cache/8a/52/8a521cfa7bab10f41eb4428e8fd6151b.jpg\", \"size\": [190, 190]}'),('sorl-thumbnail||image||2eaaf2aaa7603b76e25aa8767fa1f846','{\"storage\": \"django.core.files.storage.FileSystemStorage\", \"name\": \"cache/c4/df/c4dfb00704913df50423c3bebb1abd0d.jpg\", \"size\": [250, 168]}'),('sorl-thumbnail||image||2fc03266e593acb052a291c13eefcd8a','{\"storage\": \"django.core.files.storage.FileSystemStorage\", \"name\": \"cache/10/aa/10aadfc72abee367a91aa9bf92b14b4a.jpg\", \"size\": [120, 120]}'),('sorl-thumbnail||image||317b88bc2fb1827dfe811f0ae27e6c88','{\"storage\": \"django.core.files.storage.FileSystemStorage\", \"name\": \"images/productimage-picture-the-one-miniature-gift-pack-12.jpg\", \"size\": [394, 394]}'),('sorl-thumbnail||image||3260ddcca2d15b453fdf7149501b661c','{\"storage\": \"django.core.files.storage.FileSystemStorage\", \"name\": \"cache/bf/f4/bff4684583e19c662af4a3646087fbe3.jpg\", \"size\": [250, 189]}'),('sorl-thumbnail||image||336676d97b4920b34661f8d04f8b5941','{\"storage\": \"django.core.files.storage.FileSystemStorage\", \"name\": \"cache/50/5b/505ba92dc35d4c76b3874597b8ca68d8.jpg\", \"size\": [212, 212]}'),('sorl-thumbnail||image||33d405ef3a0753d75ae1573ad1d4352d','{\"storage\": \"django.core.files.storage.FileSystemStorage\", \"name\": \"cache/89/19/89190ac209853516b33017c5f926e02d.jpg\", \"size\": [375, 375]}'),('sorl-thumbnail||image||350e8777d6e85192113219555437b7a8','{\"storage\": \"django.core.files.storage.FileSystemStorage\", \"name\": \"blog/La_Maison_Du_Whisky.jpg\", \"size\": [250, 188]}'),('sorl-thumbnail||image||355dcca3f8573d266447d01da6c7f7f5','{\"storage\": \"django.core.files.storage.FileSystemStorage\", \"name\": \"cache/b3/a6/b3a610ddbefbb5e6a7aac6f589aed557.jpg\", \"size\": [375, 375]}'),('sorl-thumbnail||image||36128848219ef788478d3f14946417c1','{\"storage\": \"django.core.files.storage.FileSystemStorage\", \"name\": \"images/productimage-picture-the-lakes-distillery-cap-20.jpg\", \"size\": [600, 600]}'),('sorl-thumbnail||image||363485989b6ce5c4c8aea26682d10a25','{\"storage\": \"django.core.files.storage.FileSystemStorage\", \"name\": \"cache/1a/bf/1abf70e5e4af5aedc810a1d067ef76c1.jpg\", \"size\": [212, 212]}'),('sorl-thumbnail||image||36bc9cc2568657fa0258eb48fdc926c7','{\"storage\": \"django.core.files.storage.FileSystemStorage\", \"name\": \"cache/97/d9/97d97baad58f1648edd5ec475f9bbefa.jpg\", \"size\": [250, 188]}'),('sorl-thumbnail||image||3722d6ebc468b4aa154b2f82c0a16a48','{\"storage\": \"django.core.files.storage.FileSystemStorage\", \"name\": \"blog/Insider_Media.jpg\", \"size\": [250, 188]}'),('sorl-thumbnail||image||37323d63b757f691ffb6814a7c110570','{\"storage\": \"django.core.files.storage.FileSystemStorage\", \"name\": \"cache/18/ca/18cab239ef390d93e4517ec59f1352fe.jpg\", \"size\": [375, 375]}'),('sorl-thumbnail||image||37b0c488fa42b940f1a6c0a260536da5','{\"storage\": \"django.core.files.storage.FileSystemStorage\", \"name\": \"cache/74/70/7470d4384f6a3f9c44ccf76d0dfa3ec1.jpg\", \"size\": [47, 47]}'),('sorl-thumbnail||image||387dc59374d01e92843664bd7d7703a3','{\"storage\": \"django.core.files.storage.FileSystemStorage\", \"name\": \"cache/85/13/85132b735fc4cbb8754faf7b1dd51db4.jpg\", \"size\": [250, 184]}'),('sorl-thumbnail||image||38d5f84c75a187f64d430f6b0ed97e5d','{\"storage\": \"django.core.files.storage.FileSystemStorage\", \"name\": \"blog/Living_Room_Whisky.jpg\", \"size\": [250, 170]}'),('sorl-thumbnail||image||39401b2c52b257f066f7ab4416124fea','{\"storage\": \"django.core.files.storage.FileSystemStorage\", \"name\": \"cache/96/b0/96b0664fb3ccf9f84f59e6891952c956.jpg\", \"size\": [280, 280]}'),('sorl-thumbnail||image||395e203cfe32395626bbd6af913040a1','{\"storage\": \"django.core.files.storage.FileSystemStorage\", \"name\": \"cache/95/d3/95d38e3239a1e02d143b3a6cc1614825.jpg\", \"size\": [250, 166]}'),('sorl-thumbnail||image||39e1c75ab7095b0a96d6977c3dbb7cfe','{\"storage\": \"django.core.files.storage.FileSystemStorage\", \"name\": \"cache/e5/c9/e5c98e142b47b91c19398c74981b013d.jpg\", \"size\": [250, 170]}'),('sorl-thumbnail||image||39f60a965131b8bf19ad48ea103b41ba','{\"storage\": \"django.core.files.storage.FileSystemStorage\", \"name\": \"people/Japanese.jpg\", \"size\": [212, 212]}'),('sorl-thumbnail||image||3a15b10f2817ebe057113dc3e2c614e0','{\"storage\": \"django.core.files.storage.FileSystemStorage\", \"name\": \"cache/95/04/950465097c1e24ce99bb7a89b74406ae.jpg\", \"size\": [123, 190]}'),('sorl-thumbnail||image||3a98898baa8f7039702407f365440d48','{\"storage\": \"django.core.files.storage.FileSystemStorage\", \"name\": \"cache/70/27/7027723c1bcc79ea382dae4a07bca9dc.jpg\", \"size\": [250, 170]}'),('sorl-thumbnail||image||3b49609c71086c8f118465223b509197','{\"storage\": \"django.core.files.storage.FileSystemStorage\", \"name\": \"cache/ea/90/ea908cc2f262e4d1c29e6f04598f6265.jpg\", \"size\": [250, 170]}'),('sorl-thumbnail||image||3b5dca202083dad5d8ebb1445d78834d','{\"storage\": \"django.core.files.storage.FileSystemStorage\", \"name\": \"cache/20/1e/201e065fe2ff78fd19da358d80e9add5.jpg\", \"size\": [250, 170]}'),('sorl-thumbnail||image||3c42e82eaeb4841642624df7d3505173','{\"storage\": \"django.core.files.storage.FileSystemStorage\", \"name\": \"cache/b3/37/b3375564bd7095bafcd96437345d2353.jpg\", \"size\": [280, 280]}'),('sorl-thumbnail||image||3c6d3351c6d9581508717c1c77abe1fd','{\"storage\": \"django.core.files.storage.FileSystemStorage\", \"name\": \"people/ardbeg-winter-dark-skies.jpg\", \"size\": [375, 375]}'),('sorl-thumbnail||image||3d05d61a54f214b1551418c4c983e55d','{\"storage\": \"django.core.files.storage.FileSystemStorage\", \"name\": \"cache/6d/3d/6d3da936987005fcbdc8ba2d0ac612d0.jpg\", \"size\": [250, 188]}'),('sorl-thumbnail||image||3d56f742b46653bb8e92e16b29aed02b','{\"storage\": \"django.core.files.storage.FileSystemStorage\", \"name\": \"cache/a2/1f/a21ffba148eea8dd9ebc5380e480fa23.jpg\", \"size\": [212, 212]}'),('sorl-thumbnail||image||3d7e5f5cd12974e59dcbebb68d61bc25','{\"storage\": \"django.core.files.storage.FileSystemStorage\", \"name\": \"cache/8e/c8/8ec82de3e70ced068398290aa5c3558e.jpg\", \"size\": [250, 167]}'),('sorl-thumbnail||image||3e43bcf4bcbb043ea993751e2574be6a','{\"storage\": \"django.core.files.storage.FileSystemStorage\", \"name\": \"images/productimage-picture-the-lakes-gin-umbrella-coming-soon-18.jpg\", \"size\": [600, 600]}'),('sorl-thumbnail||image||40a79e999bd95693a1f275385a0edc0e','{\"storage\": \"django.core.files.storage.FileSystemStorage\", \"name\": \"blog/20091028-whiskey-istock.jpg\", \"size\": [500, 333]}'),('sorl-thumbnail||image||40b8f3375b676d4d663ad9cd0192a05f','{\"storage\": \"django.core.files.storage.FileSystemStorage\", \"name\": \"images/productimage-picture-the-one-miniature-gift-pack-11.jpg\", \"size\": [394, 394]}'),('sorl-thumbnail||image||418dd79fb983d683a53a9fe5be8af167','{\"storage\": \"django.core.files.storage.FileSystemStorage\", \"name\": \"cache/48/64/4864c0938a91a94022b7066291658bb3.jpg\", \"size\": [375, 375]}'),('sorl-thumbnail||image||431f2629ae72a4b899b35246a65ffceb','{\"storage\": \"django.core.files.storage.FileSystemStorage\", \"name\": \"blog/Paul_PR_Shot.JPG\", \"size\": [448, 336]}'),('sorl-thumbnail||image||43f60171b0887914ce94a664ba6f1d67','{\"storage\": \"django.core.files.storage.FileSystemStorage\", \"name\": \"cache/ae/fe/aefe41b4618e136ad1e227919b83d591.jpg\", \"size\": [212, 212]}'),('sorl-thumbnail||image||4446558d38ec1254025ed321dd1930d4','{\"storage\": \"django.core.files.storage.FileSystemStorage\", \"name\": \"cache/62/2e/622eec98b5b528758c8534ec32685498.jpg\", \"size\": [155, 190]}'),('sorl-thumbnail||image||44e05da7a0bd6157be78d49249658032','{\"storage\": \"django.core.files.storage.FileSystemStorage\", \"name\": \"cache/11/53/1153f1bf96e7b1523bed6ce8a4daa258.jpg\", \"size\": [375, 375]}'),('sorl-thumbnail||image||4583763f5c25568fcc62b43e518959af','{\"storage\": \"django.core.files.storage.FileSystemStorage\", \"name\": \"cache/cb/8f/cb8f2facda7285524b760283f592fd5e.jpg\", \"size\": [215, 280]}'),('sorl-thumbnail||image||45aa0aa85fb0fc3eb10010fe8d01f981','{\"storage\": \"django.core.files.storage.FileSystemStorage\", \"name\": \"people/2cv_orange_1.jpg\", \"size\": [375, 375]}'),('sorl-thumbnail||image||463662b38be6513bcd39d520222a0e3f','{\"storage\": \"django.core.files.storage.FileSystemStorage\", \"name\": \"cache/cf/4f/cf4f3ded005b67e0c6ab821c11cf2df7.jpg\", \"size\": [250, 188]}'),('sorl-thumbnail||image||46fcb5b598fee840731133a647e725dd','{\"storage\": \"django.core.files.storage.FileSystemStorage\", \"name\": \"blog/Sprinkling_Tarn.jpg\", \"size\": [320, 235]}'),('sorl-thumbnail||image||4769053bf7c06c95e096a822331a5b9e','{\"storage\": \"django.core.files.storage.FileSystemStorage\", \"name\": \"cache/2b/bd/2bbdca9d0c1a40896cd59831f560ac44.jpg\", \"size\": [375, 375]}'),('sorl-thumbnail||image||47fa06fb619ab996e125f68ef33b8f39','{\"storage\": \"django.core.files.storage.FileSystemStorage\", \"name\": \"people/Sunglasses.jpg\", \"size\": [375, 375]}'),('sorl-thumbnail||image||4858bd022589277682d7ad5544c6a95b','{\"storage\": \"django.core.files.storage.FileSystemStorage\", \"name\": \"people/Red_Wine.jpg\", \"size\": [375, 375]}'),('sorl-thumbnail||image||49b626227f57eab2d4d30657cec47f74','{\"storage\": \"django.core.files.storage.FileSystemStorage\", \"name\": \"cache/10/80/10807dfd260e1857379fd19f0ef128f3.jpg\", \"size\": [280, 280]}'),('sorl-thumbnail||image||4b3688b396d06236e52bd37948c2d6b9','{\"storage\": \"django.core.files.storage.FileSystemStorage\", \"name\": \"people/Gin_and_tonic_1.jpg\", \"size\": [375, 375]}'),('sorl-thumbnail||image||4b87ccd025464138ff6dd9cb56a7735d','{\"storage\": \"django.core.files.storage.FileSystemStorage\", \"name\": \"cache/4a/2d/4a2d2f2d69a6fb293278219604fa935c.jpg\", \"size\": [280, 280]}'),('sorl-thumbnail||image||4bc9cf388ea3650cf346c4ab7b0e2649','{\"storage\": \"django.core.files.storage.FileSystemStorage\", \"name\": \"blog/DSC04126_1.jpg\", \"size\": [320, 240]}'),('sorl-thumbnail||image||4c5f07c7135c371bff50d97f4238074c','{\"storage\": \"django.core.files.storage.FileSystemStorage\", \"name\": \"images/productimage-picture-the-lakes-gin-miniature-coming-soon-21.jpg\", \"size\": [600, 600]}'),('sorl-thumbnail||image||4f90f0ab8d8ac070d99a1dbe5cdba0b9','{\"storage\": \"django.core.files.storage.FileSystemStorage\", \"name\": \"cache/34/d5/34d5244a1943310ce22a0a0d8a2168d6.jpg\", \"size\": [250, 170]}'),('sorl-thumbnail||image||4feb8563226307a449b73791b1ee961d','{\"storage\": \"django.core.files.storage.FileSystemStorage\", \"name\": \"cache/ef/cb/efcb8cee21916979cd36991590c582e7.jpg\", \"size\": [190, 190]}'),('sorl-thumbnail||image||4ff138627abad55a78a57ca309ce6e36','{\"storage\": \"django.core.files.storage.FileSystemStorage\", \"name\": \"blog/DSC04149.jpg\", \"size\": [360, 240]}'),('sorl-thumbnail||image||50254bfca49a483c1a444b288b8c74b9','{\"storage\": \"django.core.files.storage.FileSystemStorage\", \"name\": \"cache/68/4b/684b156aaaa5ef489450fbd68bb82eab.jpg\", \"size\": [190, 190]}'),('sorl-thumbnail||image||503ecc625a4fe08668bd4daefdcd4cfa','{\"storage\": \"django.core.files.storage.FileSystemStorage\", \"name\": \"cache/46/be/46be1cd40395204c49dc905efcac8e18.jpg\", \"size\": [375, 375]}'),('sorl-thumbnail||image||51dc973e06c53c87562a24140692bf67','{\"storage\": \"django.core.files.storage.FileSystemStorage\", \"name\": \"images/productimage-picture-founders-club-eu-delivery-13.jpg\", \"size\": [291, 362]}'),('sorl-thumbnail||image||5220f691d04c9575868dbb6f16daa954','{\"storage\": \"django.core.files.storage.FileSystemStorage\", \"name\": \"cache/00/cd/00cd7b3bd0ed6698c9568c99a45824c2.jpg\", \"size\": [375, 375]}'),('sorl-thumbnail||image||5229b9b8304999a70b85410768e6f404','{\"storage\": \"django.core.files.storage.FileSystemStorage\", \"name\": \"cache/6b/8d/6b8d298843ceccd7a0a9b5c5eb08c0aa.jpg\", \"size\": [212, 212]}'),('sorl-thumbnail||image||526abcbac10518c3fed73e1299abf9f9','{\"storage\": \"django.core.files.storage.FileSystemStorage\", \"name\": \"blog/Cumbria_24_1.jpg\", \"size\": [250, 170]}'),('sorl-thumbnail||image||528b425b86ac5f548e9fd6ec4916b5c4','{\"storage\": \"django.core.files.storage.FileSystemStorage\", \"name\": \"images/productimage-picture-the-one-5cl-miniature-10.gif\", \"size\": [1000, 1000]}'),('sorl-thumbnail||image||52a802ebf748af926e8ea53227fae0f2','{\"storage\": \"django.core.files.storage.FileSystemStorage\", \"name\": \"cache/14/7c/147c472f936b824c91fcb7e3619d289f.jpg\", \"size\": [212, 212]}'),('sorl-thumbnail||image||54c46149fcdd45963e11869635428b3b','{\"storage\": \"django.core.files.storage.FileSystemStorage\", \"name\": \"cache/4a/46/4a46a9ba89cca281c9d91c0fd129211a.jpg\", \"size\": [445, 445]}'),('sorl-thumbnail||image||5551894c6b6d5d105213b9f845ce6cd2','{\"storage\": \"django.core.files.storage.FileSystemStorage\", \"name\": \"cache/00/8b/008b9651dd1b06cd1fef0048240bc50a.jpg\", \"size\": [250, 188]}'),('sorl-thumbnail||image||56e469520a149256614e25c85767912b','{\"storage\": \"django.core.files.storage.FileSystemStorage\", \"name\": \"cache/46/c3/46c3c91f8312d596f2a7c9f0a9d21d92.jpg\", \"size\": [190, 190]}'),('sorl-thumbnail||image||579dd4e26d0288e1895391e0bdbc8d28','{\"storage\": \"django.core.files.storage.FileSystemStorage\", \"name\": \"cache/22/7b/227b65737b7a6b45ce851944d8e33e21.jpg\", \"size\": [47, 47]}'),('sorl-thumbnail||image||57bb98dc0f95fa7c3be623cb051d43a6','{\"storage\": \"django.core.files.storage.FileSystemStorage\", \"name\": \"cache/db/95/db95a21d56456f35078cfc96c7f8a36e.jpg\", \"size\": [212, 212]}'),('sorl-thumbnail||image||57e607215b359a0ff9b99d3c6971552b','{\"storage\": \"django.core.files.storage.FileSystemStorage\", \"name\": \"cache/ef/0a/ef0a2d235f1e87edbbe1f664890cf3ff.jpg\", \"size\": [120, 147]}'),('sorl-thumbnail||image||582d1727e8dc706d96670495c4d5dea9','{\"storage\": \"django.core.files.storage.FileSystemStorage\", \"name\": \"cache/c6/30/c6305f240fdd55156a1a8141c885417c.jpg\", \"size\": [250, 167]}'),('sorl-thumbnail||image||5895b0315088f9921e205b8f85fe2b5c','{\"storage\": \"django.core.files.storage.FileSystemStorage\", \"name\": \"blog/Cumbria_Crack_1.jpg\", \"size\": [250, 170]}'),('sorl-thumbnail||image||58acedc43429618daaf2e97232094aee','{\"storage\": \"django.core.files.storage.FileSystemStorage\", \"name\": \"blog/Lakes_Distillery_Buildings.jpg\", \"size\": [320, 240]}'),('sorl-thumbnail||image||59a5b991cdc93d4d6c391097509a6199','{\"storage\": \"django.core.files.storage.FileSystemStorage\", \"name\": \"cache/72/82/72824aadd16fb31da38697cc47c5834c.jpg\", \"size\": [250, 188]}'),('sorl-thumbnail||image||5a3883d60baee768fa415e8766728e44','{\"storage\": \"django.core.files.storage.FileSystemStorage\", \"name\": \"cache/7c/e8/7ce8224ad746386582622f8a0607c5d8.jpg\", \"size\": [38, 47]}'),('sorl-thumbnail||image||5a66ce3c57de8f68ef471cd294eef00a','{\"storage\": \"django.core.files.storage.FileSystemStorage\", \"name\": \"blog/Miniatures_1.jpg\", \"size\": [300, 200]}'),('sorl-thumbnail||image||5b951b166d6ff827723d0eb8a2e861d4','{\"storage\": \"django.core.files.storage.FileSystemStorage\", \"name\": \"cache/e3/2e/e32e58133b3c68367630e93e066c4f15.jpg\", \"size\": [250, 167]}'),('sorl-thumbnail||image||5be6e12d6b915c132ed4967bfc627339','{\"storage\": \"django.core.files.storage.FileSystemStorage\", \"name\": \"cache/24/89/248918d84e9221f4d97a2c862cd0d3d4.jpg\", \"size\": [250, 188]}'),('sorl-thumbnail||image||5d02bf15527eeda3c2f462052d6475c9','{\"storage\": \"django.core.files.storage.FileSystemStorage\", \"name\": \"blog/Daily_Mail_1.jpg\", \"size\": [250, 168]}'),('sorl-thumbnail||image||5d8364b7293b83cfd2236a1fab97fc89','{\"storage\": \"django.core.files.storage.FileSystemStorage\", \"name\": \"cache/16/58/16589c23dc82ad5652a1d811ebda3ecc.jpg\", \"size\": [280, 280]}'),('sorl-thumbnail||image||5f538233b09cb9d093f4e68e91304685','{\"storage\": \"django.core.files.storage.FileSystemStorage\", \"name\": \"blog/bassenthwaite-lake-612108740-4714581_2.jpg\", \"size\": [320, 240]}'),('sorl-thumbnail||image||5fcca625fb094de54d9b3beb9bfd1dd2','{\"storage\": \"django.core.files.storage.FileSystemStorage\", \"name\": \"cache/e1/c1/e1c1ae7da0f5f5efb37b37a4ccdc5b52.jpg\", \"size\": [375, 375]}'),('sorl-thumbnail||image||60b53468ffc77a2a566fcec4d404b4c0','{\"storage\": \"django.core.files.storage.FileSystemStorage\", \"name\": \"cache/d1/2e/d12e31c4e2e00576df0844799129d9a1.jpg\", \"size\": [229, 280]}'),('sorl-thumbnail||image||61fb98fe83f7a6934baf762ee77b9177','{\"storage\": \"django.core.files.storage.FileSystemStorage\", \"name\": \"blog/Times__Star_1.jpg\", \"size\": [250, 170]}'),('sorl-thumbnail||image||6213d89718e003c4d2667737da06311d','{\"storage\": \"django.core.files.storage.FileSystemStorage\", \"name\": \"images/productimage-picture-the-one-70cl-in-cylinder-8.jpg\", \"size\": [644, 1000]}'),('sorl-thumbnail||image||632cac574488060e9b352096857db73f','{\"storage\": \"django.core.files.storage.FileSystemStorage\", \"name\": \"cache/55/a8/55a8647835801f200553fa99326adbe2.jpg\", \"size\": [250, 170]}'),('sorl-thumbnail||image||6378bda84a61013f5e68d7827b50d3ab','{\"storage\": \"django.core.files.storage.FileSystemStorage\", \"name\": \"cache/6c/d5/6cd59200aa1877d089c1f7efd4893b12.jpg\", \"size\": [212, 212]}'),('sorl-thumbnail||image||63e90234c5984e27aa4c8ee5fb9edf65','{\"storage\": \"django.core.files.storage.FileSystemStorage\", \"name\": \"blog/North_West_Evening_Mail_2.jpg\", \"size\": [250, 170]}'),('sorl-thumbnail||image||63f902a3abb7e62a795950047fcecf08','{\"storage\": \"django.core.files.storage.FileSystemStorage\", \"name\": \"cache/c1/e5/c1e5274db2d66fcbb884d88a34b19490.jpg\", \"size\": [212, 212]}'),('sorl-thumbnail||image||63fb93c1f788dcd81cf97e9dd0fecccb','{\"storage\": \"django.core.files.storage.FileSystemStorage\", \"name\": \"blog/Place_North_West.jpg\", \"size\": [250, 170]}'),('sorl-thumbnail||image||6418085082c7e1adb1a3141809e98ce6','{\"storage\": \"django.core.files.storage.FileSystemStorage\", \"name\": \"cache/69/96/6996b4f058a03610ba426ec9259a5bbf.jpg\", \"size\": [190, 190]}'),('sorl-thumbnail||image||6528c6c1a13f7668059587a3e86f74cc','{\"storage\": \"django.core.files.storage.FileSystemStorage\", \"name\": \"cache/49/88/49886a1c986a4883ec038d187e2b3826.jpg\", \"size\": [250, 185]}'),('sorl-thumbnail||image||652e20f5af155a312b34ee625a13846d','{\"storage\": \"django.core.files.storage.FileSystemStorage\", \"name\": \"blog/New__Star_2.jpg\", \"size\": [250, 170]}'),('sorl-thumbnail||image||65329f35eb56aeeee9c353482bd5243e','{\"storage\": \"django.core.files.storage.FileSystemStorage\", \"name\": \"images/productimage-picture-the-lakes-vodka-coming-soon-22.jpg\", \"size\": [600, 600]}'),('sorl-thumbnail||image||66500f6c2804c54267f957fbfdc7e0c8','{\"storage\": \"django.core.files.storage.FileSystemStorage\", \"name\": \"cache/66/3e/663e490821b9053b3c6cdc6424dafbcd.jpg\", \"size\": [250, 170]}'),('sorl-thumbnail||image||6694f0710048c1dd7786a7b08bdde9d1','{\"storage\": \"django.core.files.storage.FileSystemStorage\", \"name\": \"cache/d9/a7/d9a7fd2490d79ec5717e884e2c3dcbda.jpg\", \"size\": [250, 170]}'),('sorl-thumbnail||image||671688f2a0a516fe2e6c0803c8411b76','{\"storage\": \"django.core.files.storage.FileSystemStorage\", \"name\": \"cache/30/1f/301f0733dbda58319aa6949076bfac0a.jpg\", \"size\": [146, 190]}'),('sorl-thumbnail||image||671c1bed42c53d5ffa6d31cbfc07be7a','{\"storage\": \"django.core.files.storage.FileSystemStorage\", \"name\": \"blog/IMG_0145.jpg\", \"size\": [1024, 768]}'),('sorl-thumbnail||image||67f20ee3f316c2ed62c6941548d7ca35','{\"storage\": \"django.core.files.storage.FileSystemStorage\", \"name\": \"images/productimage-picture-lakes-gin-gift-pack-coming-soon-23.jpg\", \"size\": [600, 600]}'),('sorl-thumbnail||image||681dd88c2464ffa3259d030504da411d','{\"storage\": \"django.core.files.storage.FileSystemStorage\", \"name\": \"cache/61/89/61890978095daa07056582276fcbd2cd.jpg\", \"size\": [250, 170]}'),('sorl-thumbnail||image||6950a1deec8ac89838d082a33ab97e62','{\"storage\": \"django.core.files.storage.FileSystemStorage\", \"name\": \"cache/f7/db/f7db412e44ca512742e33f731151585d.jpg\", \"size\": [375, 375]}'),('sorl-thumbnail||image||69759ef0daac93a50d790a88e330af0a','{\"storage\": \"django.core.files.storage.FileSystemStorage\", \"name\": \"cache/fc/d2/fcd289ec56127cb5a344452ee780c406.jpg\", \"size\": [225, 280]}'),('sorl-thumbnail||image||697f028526b633f07c1aac8732ba61ae','{\"storage\": \"django.core.files.storage.FileSystemStorage\", \"name\": \"cache/ea/02/ea021de941aebe093ef28cc17439ec1b.jpg\", \"size\": [250, 188]}'),('sorl-thumbnail||image||6981e430165b605111092260bd6f561d','{\"storage\": \"django.core.files.storage.FileSystemStorage\", \"name\": \"blog/New__Star_1.jpg\", \"size\": [250, 170]}'),('sorl-thumbnail||image||699784c0b64ff5b0c654bd0810c2bec0','{\"storage\": \"django.core.files.storage.FileSystemStorage\", \"name\": \"cache/70/b9/70b9e52e5d2ecd53f1764fbc90d3c53c.jpg\", \"size\": [250, 379]}'),('sorl-thumbnail||image||69bd7ccd752c07ba5b3906c9ecee6774','{\"storage\": \"django.core.files.storage.FileSystemStorage\", \"name\": \"cache/20/ec/20ec29cf471eb0204b1805425bbfc6d5.jpg\", \"size\": [38, 47]}'),('sorl-thumbnail||image||69c52f6f771e6f96abf95db10e5b5562','{\"storage\": \"django.core.files.storage.FileSystemStorage\", \"name\": \"cache/51/cf/51cfed5e0ed00ae496b5e876d5a1411a.jpg\", \"size\": [375, 375]}'),('sorl-thumbnail||image||6a444b24f2c6e0aa385c27ae254c452b','{\"storage\": \"django.core.files.storage.FileSystemStorage\", \"name\": \"blog/Times__Star_2.jpg\", \"size\": [250, 170]}'),('sorl-thumbnail||image||6aaf2a3cbea77f5af6e1533cd77a440a','{\"storage\": \"django.core.files.storage.FileSystemStorage\", \"name\": \"cache/50/44/50446ad8845ff95c5d78a5c1e900f9c9.jpg\", \"size\": [250, 155]}'),('sorl-thumbnail||image||6b54f0e0d903b6e2bbba900f91958a52','{\"storage\": \"django.core.files.storage.FileSystemStorage\", \"name\": \"blog/DSC03254.jpg\", \"size\": [320, 240]}'),('sorl-thumbnail||image||6ccae29f08584c1a344263c1f61f4015','{\"storage\": \"django.core.files.storage.FileSystemStorage\", \"name\": \"blog/Small_Size.jpg\", \"size\": [250, 188]}'),('sorl-thumbnail||image||6e14518a69018449e36eae9f51cc60aa','{\"storage\": \"django.core.files.storage.FileSystemStorage\", \"name\": \"cache/a5/5b/a55b1f0687462ac2c4594e65f59f3f16.jpg\", \"size\": [120, 147]}'),('sorl-thumbnail||image||6fc3960f92e5440bac7525cc6ab47f0f','{\"storage\": \"django.core.files.storage.FileSystemStorage\", \"name\": \"people/The_Incredibles.jpg\", \"size\": [375, 375]}'),('sorl-thumbnail||image||703b55f48be523731ca0f92c8d33b04a','{\"storage\": \"django.core.files.storage.FileSystemStorage\", \"name\": \"blog/Scene_1.jpg\", \"size\": [113, 83]}'),('sorl-thumbnail||image||71470cc9ae0f4df30d94d5d5e082510d','{\"storage\": \"django.core.files.storage.FileSystemStorage\", \"name\": \"blog/Harpers.jpg\", \"size\": [250, 170]}'),('sorl-thumbnail||image||72a7bdff72d89de8a8b73f62cfe5ddca','{\"storage\": \"django.core.files.storage.FileSystemStorage\", \"name\": \"cache/e4/e3/e4e30983fcc97809706bb8d585ae7836.jpg\", \"size\": [280, 280]}'),('sorl-thumbnail||image||734fb0e52c6a623777c7da35d9c0647c','{\"storage\": \"django.core.files.storage.FileSystemStorage\", \"name\": \"cache/1b/79/1b796eca954d1fa6cf580ae851258703.jpg\", \"size\": [250, 171]}'),('sorl-thumbnail||image||75e0ba7b3ae36583b489f72188dcbf74','{\"storage\": \"django.core.files.storage.FileSystemStorage\", \"name\": \"cache/e8/09/e80970abfefaf22e6b57944604897b20.jpg\", \"size\": [375, 375]}'),('sorl-thumbnail||image||7717d969dddaaf4c80458fd9220a0602','{\"storage\": \"django.core.files.storage.FileSystemStorage\", \"name\": \"cache/d3/bc/d3bc2108dffc4cd3164cd4b6c049dc35.jpg\", \"size\": [212, 212]}'),('sorl-thumbnail||image||781b603553900c1f493555cfc9942c66','{\"storage\": \"django.core.files.storage.FileSystemStorage\", \"name\": \"blog/The_Journal.jpg\", \"size\": [250, 170]}'),('sorl-thumbnail||image||78a8f7310eea4aea2705a27f7cc356c1','{\"storage\": \"django.core.files.storage.FileSystemStorage\", \"name\": \"cache/86/b3/86b37d43f620533c9dcced6714e168e9.jpg\", \"size\": [30, 47]}'),('sorl-thumbnail||image||78e61baea8b979266efa7189e5a236c4','{\"storage\": \"django.core.files.storage.FileSystemStorage\", \"name\": \"cache/1e/77/1e77246dacf9c61aa12bec00b397880f.jpg\", \"size\": [375, 375]}'),('sorl-thumbnail||image||793bd4e5268035c93a3b0db5a1186720','{\"storage\": \"django.core.files.storage.FileSystemStorage\", \"name\": \"blog/Harpers_2.jpg\", \"size\": [250, 170]}'),('sorl-thumbnail||image||7b1445809f517c26ea32d6f860911239','{\"storage\": \"django.core.files.storage.FileSystemStorage\", \"name\": \"cache/f0/e5/f0e58644e2a98f9182f94db008b2c9a0.jpg\", \"size\": [120, 149]}'),('sorl-thumbnail||image||7b23f04e8129883544baa1b48517585e','{\"storage\": \"django.core.files.storage.FileSystemStorage\", \"name\": \"blog/Helicopter.jpg\", \"size\": [250, 188]}'),('sorl-thumbnail||image||7be81a20e6c5bf5403eb5f0bc6b695bf','{\"storage\": \"django.core.files.storage.FileSystemStorage\", \"name\": \"images/productimage-picture-the-one-70cl-in-cylinder-10.jpg\", \"size\": [644, 1000]}'),('sorl-thumbnail||image||7cb4258dd8c61412c0e3f8a7adb8ff22','{\"storage\": \"django.core.files.storage.FileSystemStorage\", \"name\": \"cache/f2/99/f29915be62c171f974351490c3c3f159.jpg\", \"size\": [280, 280]}'),('sorl-thumbnail||image||7cc772ad759aeac60db8bc86653eb0e9','{\"storage\": \"django.core.files.storage.FileSystemStorage\", \"name\": \"cache/3c/ba/3cba3372869a862b9f2f146f88aed3c4.jpg\", \"size\": [212, 212]}'),('sorl-thumbnail||image||7ed964011e272c4f7a1d61fa145ae31e','{\"storage\": \"django.core.files.storage.FileSystemStorage\", \"name\": \"blog/bassenthwaite-lake-612108740-4714581_3.jpg\", \"size\": [320, 240]}'),('sorl-thumbnail||image||7f448213f9f8b01d0e419b92caff7868','{\"storage\": \"django.core.files.storage.FileSystemStorage\", \"name\": \"blog/The_One_Launch_-_Paul_.jpg\", \"size\": [320, 240]}'),('sorl-thumbnail||image||7f479ecede7fa2694deb7b056fe74d08','{\"storage\": \"django.core.files.storage.FileSystemStorage\", \"name\": \"cache/f2/52/f252c0a227a1cf43796dae743524b6c7.jpg\", \"size\": [190, 190]}'),('sorl-thumbnail||image||80887ba4b1195b7c355d51fc9a32b972','{\"storage\": \"django.core.files.storage.FileSystemStorage\", \"name\": \"blog/The_Grocer.jpg\", \"size\": [255, 189]}'),('sorl-thumbnail||image||819f67f3831f33edd526e5618e1351fc','{\"storage\": \"django.core.files.storage.FileSystemStorage\", \"name\": \"cache/fa/8b/fa8b2715944ea89df31b6194e8bcb726.jpg\", \"size\": [190, 190]}'),('sorl-thumbnail||image||82284dcbc10b9618545d397a405fbe3c','{\"storage\": \"django.core.files.storage.FileSystemStorage\", \"name\": \"cache/bc/ac/bcac79023c5b10478f0981be41e9c97e.jpg\", \"size\": [180, 280]}'),('sorl-thumbnail||image||82ccb13e7fac67830c5c4664f73ac820','{\"storage\": \"django.core.files.storage.FileSystemStorage\", \"name\": \"cache/54/1f/541ff81a643a9cb255eee0a1c318af64.jpg\", \"size\": [250, 170]}'),('sorl-thumbnail||image||82f5ee33640244798d77376dbf6b26fa','{\"storage\": \"django.core.files.storage.FileSystemStorage\", \"name\": \"cache/98/e4/98e4da0201ebb53c68e2172bdc1cbfac.jpg\", \"size\": [120, 149]}'),('sorl-thumbnail||image||8355e4d350069c1a61fb2ca37b05d35f','{\"storage\": \"django.core.files.storage.FileSystemStorage\", \"name\": \"cache/b2/63/b2636aa617a7e8f06a82f167f171974b.jpg\", \"size\": [250, 170]}'),('sorl-thumbnail||image||8425edb3a50b1abb527cebe8d6d58da7','{\"storage\": \"django.core.files.storage.FileSystemStorage\", \"name\": \"blog/logo.jpg\", \"size\": [320, 240]}'),('sorl-thumbnail||image||84755763461920e72142e81f441dadd5','{\"storage\": \"django.core.files.storage.FileSystemStorage\", \"name\": \"cache/00/63/006382eb1ed53a0ca9231717451731fc.jpg\", \"size\": [250, 170]}'),('sorl-thumbnail||image||860470a07f830752e2b2f99b48419973','{\"storage\": \"django.core.files.storage.FileSystemStorage\", \"name\": \"cache/9d/cf/9dcfbc588e68054a8726b35b4448d3f0.jpg\", \"size\": [375, 375]}'),('sorl-thumbnail||image||86461f508f0805aa042f930a0302ef0e','{\"storage\": \"django.core.files.storage.FileSystemStorage\", \"name\": \"cache/82/82/8282f9db8c2b8d3e4ad6abe9a3f136e7.jpg\", \"size\": [47, 47]}'),('sorl-thumbnail||image||866a087c5438bbd61668d6819d35f84f','{\"storage\": \"django.core.files.storage.FileSystemStorage\", \"name\": \"cache/57/94/5794cd99a1ba8505716296fa9bdd05df.jpg\", \"size\": [375, 375]}'),('sorl-thumbnail||image||879fb5e234bdbef6e90b586332bc5f5a','{\"storage\": \"django.core.files.storage.FileSystemStorage\", \"name\": \"blog/IMG_0247-2.jpg\", \"size\": [300, 200]}'),('sorl-thumbnail||image||87d9e4e50b3c9c9976fe9213831da9ab','{\"storage\": \"django.core.files.storage.FileSystemStorage\", \"name\": \"cache/11/fe/11fe66bbcc9e2994b750aaae129b24af.jpg\", \"size\": [212, 212]}'),('sorl-thumbnail||image||87f11f36cf33ac28334c3aeedbbf4cdb','{\"storage\": \"django.core.files.storage.FileSystemStorage\", \"name\": \"cache/cd/54/cd54772cf6f18e9d67defb9900e62616.jpg\", \"size\": [375, 375]}'),('sorl-thumbnail||image||8870dd5821c370ed43f10d36f9d3e850','{\"storage\": \"django.core.files.storage.FileSystemStorage\", \"name\": \"cache/16/ee/16ee0424c31edfdd280c859ed44e7c7a.jpg\", \"size\": [250, 167]}'),('sorl-thumbnail||image||892a48bb04b04dfa408699c349401103','{\"storage\": \"django.core.files.storage.FileSystemStorage\", \"name\": \"cache/9e/c6/9ec610c0677b9e6396cd6a71d1786858.jpg\", \"size\": [38, 47]}'),('sorl-thumbnail||image||89d293d6b8a6bdde408ead3df504a0aa','{\"storage\": \"django.core.files.storage.FileSystemStorage\", \"name\": \"cache/ab/ee/abee22875f3aeaf61db82ac33ebe39da.jpg\", \"size\": [250, 170]}'),('sorl-thumbnail||image||89e60160287d130760ee87502d155e9c','{\"storage\": \"django.core.files.storage.FileSystemStorage\", \"name\": \"cache/f7/b5/f7b517c5ef9ee11dcd50c645cfa0b28a.jpg\", \"size\": [122, 190]}'),('sorl-thumbnail||image||8aa168709867326917a35ca4f8a24ddf','{\"storage\": \"django.core.files.storage.FileSystemStorage\", \"name\": \"people/Charade_from_Photofest_1.jpg\", \"size\": [375, 375]}'),('sorl-thumbnail||image||8add3c2f81d81bbd66dded3eced1e0ee','{\"storage\": \"django.core.files.storage.FileSystemStorage\", \"name\": \"people/Passport-photo.jpg\", \"size\": [375, 375]}'),('sorl-thumbnail||image||8b65668d3c491f942f3f75a76f34f074','{\"storage\": \"django.core.files.storage.FileSystemStorage\", \"name\": \"blog/Bakewell_Tart.jpg\", \"size\": [250, 188]}'),('sorl-thumbnail||image||8bf7d00a305426402c49026675313bd3','{\"storage\": \"django.core.files.storage.FileSystemStorage\", \"name\": \"cache/31/40/31403e73b3435aa52321730a89d2504a.jpg\", \"size\": [229, 280]}'),('sorl-thumbnail||image||8c10534816a4f36fa847ab8d58ffd7c3','{\"storage\": \"django.core.files.storage.FileSystemStorage\", \"name\": \"cache/d9/00/d900a42b12070c58e401799afac87cfa.jpg\", \"size\": [120, 120]}'),('sorl-thumbnail||image||8c4534a32192bc929d3091bcae105f5f','{\"storage\": \"django.core.files.storage.FileSystemStorage\", \"name\": \"cache/0a/8c/0a8c621b4e9a34b1077fc1f179843d62.jpg\", \"size\": [250, 170]}'),('sorl-thumbnail||image||8cb24fdb04e798ef36bbd7231afdff43','{\"storage\": \"django.core.files.storage.FileSystemStorage\", \"name\": \"cache/f1/0a/f10af1a0529610e9fa3497ab996041ad.jpg\", \"size\": [250, 170]}'),('sorl-thumbnail||image||8d7007bc3fcc4b3a3c1d857278bb8eb3','{\"storage\": \"django.core.files.storage.FileSystemStorage\", \"name\": \"cache/5b/fa/5bfa6ad7a7a1158eb967434096b7dc80.jpg\", \"size\": [250, 188]}'),('sorl-thumbnail||image||8e0d8ae364dc28e78453f89cf1630e04','{\"storage\": \"django.core.files.storage.FileSystemStorage\", \"name\": \"cache/97/96/97967581cd50d9db6bbdfd82569aee30.jpg\", \"size\": [190, 190]}'),('sorl-thumbnail||image||8ed6130422be749346bbc8efce7c1c1b','{\"storage\": \"django.core.files.storage.FileSystemStorage\", \"name\": \"people/tennis2.jpg\", \"size\": [375, 375]}'),('sorl-thumbnail||image||8f6420a7b5b7c1daa14922e208196e8c','{\"storage\": \"django.core.files.storage.FileSystemStorage\", \"name\": \"blog/Aerial_with_shaded_area.jpg\", \"size\": [320, 240]}'),('sorl-thumbnail||image||8f9b77708341642fec1c576bf5e2ac9b','{\"storage\": \"django.core.files.storage.FileSystemStorage\", \"name\": \"cache/c3/83/c3838131aaf941400f1bcfa038162079.jpg\", \"size\": [280, 280]}'),('sorl-thumbnail||image||909ad249192f06b129d8eab87c0e2e13','{\"storage\": \"django.core.files.storage.FileSystemStorage\", \"name\": \"cache/43/03/4303a3b07701da7e4c916769ce612209.jpg\", \"size\": [190, 190]}'),('sorl-thumbnail||image||90c917d8d52c48e1472912553241c583','{\"storage\": \"django.core.files.storage.FileSystemStorage\", \"name\": \"cache/58/f1/58f1b2bcfefef0b5cd66ea2a66df2b68.jpg\", \"size\": [250, 188]}'),('sorl-thumbnail||image||90efe6d38f46211e36406e4197e0fec2','{\"storage\": \"django.core.files.storage.FileSystemStorage\", \"name\": \"people/ten_1.jpg\", \"size\": [375, 375]}'),('sorl-thumbnail||image||915f27e8fdf8e8b620983a2437b9abe9','{\"storage\": \"django.core.files.storage.FileSystemStorage\", \"name\": \"people/thailand.jpg\", \"size\": [375, 375]}'),('sorl-thumbnail||image||91c8d463bafa135b76d7c7cc8d5f7d9f','{\"storage\": \"django.core.files.storage.FileSystemStorage\", \"name\": \"people/captain-corellis-mandolin.jpg\", \"size\": [212, 212]}'),('sorl-thumbnail||image||92525199faa192914a6542bd8a18baf2','{\"storage\": \"django.core.files.storage.FileSystemStorage\", \"name\": \"blog/Living_Room_Whisky_1.jpg\", \"size\": [250, 188]}'),('sorl-thumbnail||image||925d54db9ae7bc9cdcffb725d973aa1c','{\"storage\": \"django.core.files.storage.FileSystemStorage\", \"name\": \"cache/78/b3/78b3704270ca88211bda0d65c66e7265.jpg\", \"size\": [155, 190]}'),('sorl-thumbnail||image||934efe7550d7ae2c906fb9f5bb48c449','{\"storage\": \"django.core.files.storage.FileSystemStorage\", \"name\": \"cache/fb/7b/fb7bc50b561f02245ce6ef68b3913814.jpg\", \"size\": [212, 212]}'),('sorl-thumbnail||image||93ff0de3246df1787d475bc45437e89c','{\"storage\": \"django.core.files.storage.FileSystemStorage\", \"name\": \"cache/04/d7/04d7100d9313b7fb45ec307d237b5ed0.jpg\", \"size\": [120, 120]}'),('sorl-thumbnail||image||9433acae17534f1606e09a1ad58fa419','{\"storage\": \"django.core.files.storage.FileSystemStorage\", \"name\": \"cache/9c/20/9c20870bdabb057a466c4933609e9653.jpg\", \"size\": [250, 188]}'),('sorl-thumbnail||image||94e6b267f270d52e13671f09f431a21e','{\"storage\": \"django.core.files.storage.FileSystemStorage\", \"name\": \"blog/Paul_Currie_Lakes_Distillery.JPG\", \"size\": [188, 125]}'),('sorl-thumbnail||image||94f290ac85caea400e21bdb437b97bd6','{\"storage\": \"django.core.files.storage.FileSystemStorage\", \"name\": \"cache/00/92/009202fbe296107338a224acbca6734a.jpg\", \"size\": [375, 375]}'),('sorl-thumbnail||image||9514278ff2f7092a2617e3d2d6430168','{\"storage\": \"django.core.files.storage.FileSystemStorage\", \"name\": \"blog/TMC_Net.jpg\", \"size\": [250, 170]}'),('sorl-thumbnail||image||9565d7bedb345d33c55e2d1be704e376','{\"storage\": \"django.core.files.storage.FileSystemStorage\", \"name\": \"cache/c3/d7/c3d7bc8c9b730cc081f271914c9350d7.jpg\", \"size\": [212, 212]}'),('sorl-thumbnail||image||9570e3a74171b3fc8c40c95f6e64b59e','{\"storage\": \"django.core.files.storage.FileSystemStorage\", \"name\": \"blog/The_Journal.JPG\", \"size\": [320, 240]}'),('sorl-thumbnail||image||96380b05a13ad2996851d659da970e7d','{\"storage\": \"django.core.files.storage.FileSystemStorage\", \"name\": \"cache/c0/ab/c0ab32b7eafbba033dd59c671ac3f3ef.jpg\", \"size\": [120, 120]}'),('sorl-thumbnail||image||9733f254c0b09407a8ad3bffba8e0c77','{\"storage\": \"django.core.files.storage.FileSystemStorage\", \"name\": \"cache/3f/bd/3fbd57f531962e6948e41c4a546ef571.jpg\", \"size\": [250, 170]}'),('sorl-thumbnail||image||97760922c418219e4ce2a819c049a874','{\"storage\": \"django.core.files.storage.FileSystemStorage\", \"name\": \"cache/68/04/680499cd10a11d65a2696c40210c6e14.jpg\", \"size\": [250, 170]}'),('sorl-thumbnail||image||978ebb445834eac68efe747e3c816cc9','{\"storage\": \"django.core.files.storage.FileSystemStorage\", \"name\": \"cache/aa/65/aa656eda6c59954b407dc7a888741b4c.jpg\", \"size\": [250, 188]}'),('sorl-thumbnail||image||98f5247d31dcdebfd39c9acd9d593be3','{\"storage\": \"django.core.files.storage.FileSystemStorage\", \"name\": \"cache/3b/55/3b55df46eb495c8c786434db37315c70.jpg\", \"size\": [212, 212]}'),('sorl-thumbnail||image||99c4b8f75f117b1e3d578dd1a4573157','{\"storage\": \"django.core.files.storage.FileSystemStorage\", \"name\": \"blog/Lakes_Distillery_Bassenthwaite.jpg\", \"size\": [320, 240]}'),('sorl-thumbnail||image||99ed9b13ce8d069f49dabfc53134f251','{\"storage\": \"django.core.files.storage.FileSystemStorage\", \"name\": \"cache/c2/01/c2012ed0fa276b853661e176bd8f5326.jpg\", \"size\": [250, 170]}'),('sorl-thumbnail||image||9a991d1e314647c1fba14103acea485c','{\"storage\": \"django.core.files.storage.FileSystemStorage\", \"name\": \"cache/97/bd/97bdcc383747d9f919c0a394759a5a16.jpg\", \"size\": [212, 212]}'),('sorl-thumbnail||image||9bc9ecf3ce4ad0b08e656dac3e31a1d3','{\"storage\": \"django.core.files.storage.FileSystemStorage\", \"name\": \"cache/4a/d5/4ad564fe6ea49aa7aa629445d311e674.jpg\", \"size\": [212, 212]}'),('sorl-thumbnail||image||9d3aa941ca75d47eaa56473cc09f35f6','{\"storage\": \"django.core.files.storage.FileSystemStorage\", \"name\": \"cache/69/7f/697fed4626645eb2f08fe120edb7afea.jpg\", \"size\": [65, 85]}'),('sorl-thumbnail||image||9edef5be5babd9bc7f3c6e66f6ffe0bf','{\"storage\": \"django.core.files.storage.FileSystemStorage\", \"name\": \"cache/51/6d/516d8993882393017e9327a3ab3d30ce.jpg\", \"size\": [250, 188]}'),('sorl-thumbnail||image||9fcadd0af7c7d4a8e930892a28f88d37','{\"storage\": \"django.core.files.storage.FileSystemStorage\", \"name\": \"people/Mussels.jpg\", \"size\": [375, 375]}'),('sorl-thumbnail||image||a07df56e27c1739ea271de60cc7f2749','{\"storage\": \"django.core.files.storage.FileSystemStorage\", \"name\": \"cache/af/e9/afe90a509d76e96f63ec0b77d90c0519.jpg\", \"size\": [212, 212]}'),('sorl-thumbnail||image||a0a484d8411d4f44527dd4191c9b199b','{\"storage\": \"django.core.files.storage.FileSystemStorage\", \"name\": \"cache/1a/43/1a43ff2bbd0a837e43339b660d45c08a.jpg\", \"size\": [250, 188]}'),('sorl-thumbnail||image||a19042ac2798bff88b292c40f4e78245','{\"storage\": \"django.core.files.storage.FileSystemStorage\", \"name\": \"cache/6d/20/6d20e984e8788d987a2820b578c570a4.jpg\", \"size\": [212, 212]}'),('sorl-thumbnail||image||a21077bc51f5c0394af4588b0d494062','{\"storage\": \"django.core.files.storage.FileSystemStorage\", \"name\": \"cache/f9/16/f9162c8cdf747c411a4d81c061c4d714.jpg\", \"size\": [250, 188]}'),('sorl-thumbnail||image||a36bdb221ada3b9ef3a26dad0d1f89d1','{\"storage\": \"django.core.files.storage.FileSystemStorage\", \"name\": \"blog/In-Cumbria.jpg\", \"size\": [250, 170]}'),('sorl-thumbnail||image||a39d544d65fc1d092398e9c14070ae9a','{\"storage\": \"django.core.files.storage.FileSystemStorage\", \"name\": \"blog/The_Spirits_Business_1.jpg\", \"size\": [250, 170]}'),('sorl-thumbnail||image||a3a7023c58cc4b96674f8ce02a914b0d','{\"storage\": \"django.core.files.storage.FileSystemStorage\", \"name\": \"blog/The_Journal_2.jpg\", \"size\": [250, 170]}'),('sorl-thumbnail||image||a475efcce1021551fcd2d65bc54973c1','{\"storage\": \"django.core.files.storage.FileSystemStorage\", \"name\": \"cache/15/d3/15d39c6128028cf18ba3b46c84db216b.jpg\", \"size\": [250, 188]}'),('sorl-thumbnail||image||a51e875fc43351cf2ea9feed736983f4','{\"storage\": \"django.core.files.storage.FileSystemStorage\", \"name\": \"cache/54/11/5411a8d866eaccafb6df7068b3841ff6.jpg\", \"size\": [120, 120]}'),('sorl-thumbnail||image||a6cfca790ff6b424dcedd71fbd3dde31','{\"storage\": \"django.core.files.storage.FileSystemStorage\", \"name\": \"cache/e9/0c/e90c4009148d6bcad789b4f7989b0b25.jpg\", \"size\": [38, 47]}'),('sorl-thumbnail||image||a70a95559b3c7a8e903d23e544bd3354','{\"storage\": \"django.core.files.storage.FileSystemStorage\", \"name\": \"cache/be/8c/be8c91e3f3158da66629be00c52aa49c.jpg\", \"size\": [250, 170]}'),('sorl-thumbnail||image||a75b8163c8005134eedc3d1a717395f5','{\"storage\": \"django.core.files.storage.FileSystemStorage\", \"name\": \"cache/5e/ea/5eead19a3302a7f6c0988282b0ad09c3.jpg\", \"size\": [250, 170]}'),('sorl-thumbnail||image||a7c1ee366fc23dd099dfbf16b143d508','{\"storage\": \"django.core.files.storage.FileSystemStorage\", \"name\": \"cache/15/a1/15a1aed98b5a92477d532cf7e944de0d.jpg\", \"size\": [280, 280]}'),('sorl-thumbnail||image||a848bc9ba0b376f032e6eabe3e565b4e','{\"storage\": \"django.core.files.storage.FileSystemStorage\", \"name\": \"blog/The_Economist.jpg\", \"size\": [250, 170]}'),('sorl-thumbnail||image||aa98fdca4e3f07eb517fcc85e01b97e4','{\"storage\": \"django.core.files.storage.FileSystemStorage\", \"name\": \"cache/09/a1/09a1eddc29e8e36a8c80ea4e713f7b0b.jpg\", \"size\": [190, 190]}'),('sorl-thumbnail||image||ab9cb7d0d39adddef00705a14faec213','{\"storage\": \"django.core.files.storage.FileSystemStorage\", \"name\": \"people/View.jpg\", \"size\": [375, 375]}'),('sorl-thumbnail||image||acd503ace96cc5e715d5862814cc7cdc','{\"storage\": \"django.core.files.storage.FileSystemStorage\", \"name\": \"blog/Country_Life.jpg\", \"size\": [250, 188]}'),('sorl-thumbnail||image||ad904766ba428956c19f3797f4649e0e','{\"storage\": \"django.core.files.storage.FileSystemStorage\", \"name\": \"cache/d4/fa/d4faf2ba6f13dfc901c36fcd96951347.jpg\", \"size\": [375, 375]}'),('sorl-thumbnail||image||adf8b93a2857fb3a4c7415252b8afc1a','{\"storage\": \"django.core.files.storage.FileSystemStorage\", \"name\": \"blog/Gin_Still_Condenser_for_blog.jpg\", \"size\": [250, 188]}'),('sorl-thumbnail||image||af2da7221e4fa69badb58c3ff70e21eb','{\"storage\": \"django.core.files.storage.FileSystemStorage\", \"name\": \"cache/5a/42/5a421c1b2d75c819dac2a0c7fbaff543.jpg\", \"size\": [250, 170]}'),('sorl-thumbnail||image||affa8834509bec41d390c7525f9c778c','{\"storage\": \"django.core.files.storage.FileSystemStorage\", \"name\": \"cache/29/d9/29d9d01d254484e42761a8bffe749d92.jpg\", \"size\": [212, 212]}'),('sorl-thumbnail||image||b034a7c6688d67704fce48c180f65d14','{\"storage\": \"django.core.files.storage.FileSystemStorage\", \"name\": \"people/bells-whisky-half.jpg\", \"size\": [375, 375]}'),('sorl-thumbnail||image||b5760b788c5ce11a3080269aa91edaea','{\"storage\": \"django.core.files.storage.FileSystemStorage\", \"name\": \"cache/79/e3/79e3b3d6e4b8c17da3f9a1957d8f7e02.jpg\", \"size\": [250, 170]}'),('sorl-thumbnail||image||b586450bc3583ebfdb99536a165b4e00','{\"storage\": \"django.core.files.storage.FileSystemStorage\", \"name\": \"blog/The_One_Launch_-_Paul__1.jpg\", \"size\": [320, 240]}'),('sorl-thumbnail||image||b5cf1194020e6141157829e53ce43373','{\"storage\": \"django.core.files.storage.FileSystemStorage\", \"name\": \"cache/31/56/3156269bce3ef9aa92599d3ab6f7e345.jpg\", \"size\": [212, 212]}'),('sorl-thumbnail||image||b6bc1c1c1230f3a6d600a74d28e96e37','{\"storage\": \"django.core.files.storage.FileSystemStorage\", \"name\": \"cache/44/d7/44d798c7d90a955d9e06bf5a2ab1bf6b.jpg\", \"size\": [153, 190]}'),('sorl-thumbnail||image||b8536a242acf0a66bb22fd8c1141a27e','{\"storage\": \"django.core.files.storage.FileSystemStorage\", \"name\": \"people/Isle_of_Islay_-_The_Big_Strand.jpg\", \"size\": [375, 375]}'),('sorl-thumbnail||image||bb5e2ab9f80e3dfa33a7cd88ce648f7e','{\"storage\": \"django.core.files.storage.FileSystemStorage\", \"name\": \"blog/Wash_Still_Head.JPG\", \"size\": [640, 480]}'),('sorl-thumbnail||image||bbdd1e4ed5082395cbd0169ed06e9a65','{\"storage\": \"django.core.files.storage.FileSystemStorage\", \"name\": \"cache/bd/e1/bde195ae4bd9ba2c17d31ad17f62d269.jpg\", \"size\": [375, 375]}'),('sorl-thumbnail||image||bc280714a504921e9a95841b81781591','{\"storage\": \"django.core.files.storage.FileSystemStorage\", \"name\": \"cache/7c/e2/7ce2e4b1e00c1b30936467f9e8195559.jpg\", \"size\": [212, 212]}'),('sorl-thumbnail||image||bc45786234ecf50cadb06c418594f020','{\"storage\": \"django.core.files.storage.FileSystemStorage\", \"name\": \"cache/a5/15/a5158ae790a0cee1271036344dcc6d58.jpg\", \"size\": [250, 170]}'),('sorl-thumbnail||image||bd9dd87d6049acdb30784e7e2bb35730','{\"storage\": \"django.core.files.storage.FileSystemStorage\", \"name\": \"blog/North_West_Evening_Mail_3.jpg\", \"size\": [250, 170]}'),('sorl-thumbnail||image||bddedfdaa9cdea6e62eba6912dbe4665','{\"storage\": \"django.core.files.storage.FileSystemStorage\", \"name\": \"cache/79/3c/793cc40e30ff40edd5dca3d492b15c84.jpg\", \"size\": [212, 212]}'),('sorl-thumbnail||image||becdb83274072ac47b187cde1f027f2a','{\"storage\": \"django.core.files.storage.FileSystemStorage\", \"name\": \"cache/d4/66/d466d6e43a436da9fbd077d05761106f.jpg\", \"size\": [47, 47]}'),('sorl-thumbnail||image||bf718f78e6f3502e9a9efbea4d696483','{\"storage\": \"django.core.files.storage.FileSystemStorage\", \"name\": \"cache/b6/f2/b6f2162e4b8f4676aa0bc697dfaca562.jpg\", \"size\": [120, 120]}'),('sorl-thumbnail||image||c1768e96111fdca80e7dd26eaf2e8dab','{\"storage\": \"django.core.files.storage.FileSystemStorage\", \"name\": \"cache/8a/4d/8a4dd4fff7cc2b0b3ac50069ecd526f0.jpg\", \"size\": [250, 188]}'),('sorl-thumbnail||image||c1d66cdb54aa255c0755742bfbefcdd8','{\"storage\": \"django.core.files.storage.FileSystemStorage\", \"name\": \"images/productimage-picture-the-lakes-gin-70cl-bottle-coming-soon-15.jpg\", \"size\": [600, 600]}'),('sorl-thumbnail||image||c1fd34b4b295310726d7cb5a7108b4e5','{\"storage\": \"django.core.files.storage.FileSystemStorage\", \"name\": \"cache/91/20/912018916d2d59540d40eac743abd08e.jpg\", \"size\": [250, 188]}'),('sorl-thumbnail||image||c3744f72075782d022ea42a8d69f3920','{\"storage\": \"django.core.files.storage.FileSystemStorage\", \"name\": \"cache/d3/e1/d3e1933bd8c53ac41209576a378e12d4.jpg\", \"size\": [250, 188]}'),('sorl-thumbnail||image||c42a569e411b8a2e5fd3697bf0f874b8','{\"storage\": \"django.core.files.storage.FileSystemStorage\", \"name\": \"blog/The_Journal_1.jpg\", \"size\": [250, 170]}'),('sorl-thumbnail||image||c45be0ecc66ed5702b13aec28049fa7f','{\"storage\": \"django.core.files.storage.FileSystemStorage\", \"name\": \"cache/49/d1/49d18d7c4e3e20918ac975ffa21c07ef.jpg\", \"size\": [250, 188]}'),('sorl-thumbnail||image||c50dcdebc31a680ff56c30f64dc60f69','{\"storage\": \"django.core.files.storage.FileSystemStorage\", \"name\": \"cache/35/fd/35fda276815365a8384bc1190106b94e.jpg\", \"size\": [225, 280]}'),('sorl-thumbnail||image||c56a0b60d5ae06fa027b8eb7f9337bb7','{\"storage\": \"django.core.files.storage.FileSystemStorage\", \"name\": \"blog/North_West_Evening_Mail.jpg\", \"size\": [250, 170]}'),('sorl-thumbnail||image||c570f62e1521b4c8c55552c4649c93c6','{\"storage\": \"django.core.files.storage.FileSystemStorage\", \"name\": \"cache/71/f7/71f7df3eef74e3520d1cbc6fb25d5e0b.jpg\", \"size\": [250, 188]}'),('sorl-thumbnail||image||c5e6403c934aac562fc4c32c25f13f94','{\"storage\": \"django.core.files.storage.FileSystemStorage\", \"name\": \"blog/Cumbria_24.jpg\", \"size\": [250, 170]}'),('sorl-thumbnail||image||c6b09a36b3a88d0dd54cebbd1a06aff9','{\"storage\": \"django.core.files.storage.FileSystemStorage\", \"name\": \"images/productimage-picture-the-lakes-gin-miniature-gift-pack-17.jpg\", \"size\": [600, 600]}'),('sorl-thumbnail||image||c6e08fc84ac4b35be8466af1efbf7276','{\"storage\": \"django.core.files.storage.FileSystemStorage\", \"name\": \"cache/d0/62/d062ab9203c99c0fd147aa1213ddfcaf.jpg\", \"size\": [250, 184]}'),('sorl-thumbnail||image||c910d74c61a4c8e024ddb9cb13a58025','{\"storage\": \"django.core.files.storage.FileSystemStorage\", \"name\": \"blog/DSC04126.jpg\", \"size\": [320, 240]}'),('sorl-thumbnail||image||c9c084f13f00602a9a11993116e78d0d','{\"storage\": \"django.core.files.storage.FileSystemStorage\", \"name\": \"cache/2b/91/2b9112b1e821b7864eecc406eb48b0b3.jpg\", \"size\": [47, 47]}'),('sorl-thumbnail||image||ca2f3add4d5a06587382af914916014c','{\"storage\": \"django.core.files.storage.FileSystemStorage\", \"name\": \"cache/fd/75/fd75503535f3363ffb71a263c1767914.jpg\", \"size\": [120, 147]}'),('sorl-thumbnail||image||ca5cca2c4118c37c93c0c519df74ecd7','{\"storage\": \"django.core.files.storage.FileSystemStorage\", \"name\": \"images/productimage-picture-the-lakes-gin-70cl-cylinder-16.jpg\", \"size\": [600, 600]}'),('sorl-thumbnail||image||cb24e0d94d5c89bd18524457f4bcea10','{\"storage\": \"django.core.files.storage.FileSystemStorage\", \"name\": \"cache/02/23/022331862d509015a60d783999e9ccfa.jpg\", \"size\": [375, 375]}'),('sorl-thumbnail||image||cc77f0fc7e31ab349f6f57696e15cbb2','{\"storage\": \"django.core.files.storage.FileSystemStorage\", \"name\": \"blog/The_Spirits_Business_2.jpg\", \"size\": [250, 170]}'),('sorl-thumbnail||image||ce13b9bc83a2c7b42a5c60e1e1196f09','{\"storage\": \"django.core.files.storage.FileSystemStorage\", \"name\": \"blog/Cheers.jpg\", \"size\": [250, 170]}'),('sorl-thumbnail||image||ce87fc32d306e8fbc4b778ff011cde52','{\"storage\": \"django.core.files.storage.FileSystemStorage\", \"name\": \"cache/3d/c2/3dc22d88668a6c247f9a05564e5c2e5c.jpg\", \"size\": [375, 375]}'),('sorl-thumbnail||image||d02293c8cfbcfab0ecbb9a82c0b61422','{\"storage\": \"django.core.files.storage.FileSystemStorage\", \"name\": \"blog/Cumbria_Crack.jpg\", \"size\": [250, 170]}'),('sorl-thumbnail||image||d0a470a7293e8a8386a037acb4beff56','{\"storage\": \"django.core.files.storage.FileSystemStorage\", \"name\": \"images/productimage-picture-founders-club-eu-delivery-12.jpg\", \"size\": [291, 362]}'),('sorl-thumbnail||image||d3dde1ecced0a2bb4fdb4b8bcdb51285','{\"storage\": \"django.core.files.storage.FileSystemStorage\", \"name\": \"people/Japanese_1.jpg\", \"size\": [375, 375]}'),('sorl-thumbnail||image||d4cd243a5b1e1bab672be1647b13b33e','{\"storage\": \"django.core.files.storage.FileSystemStorage\", \"name\": \"cache/53/f2/53f2a55fa5bcd524099a8cb1b0d0d0af.jpg\", \"size\": [120, 120]}'),('sorl-thumbnail||image||d5866a72ea0f804b7bb21d3ebc152dde','{\"storage\": \"django.core.files.storage.FileSystemStorage\", \"name\": \"cache/77/1d/771daa8781ee1f182b0dcf01afc60a0e.jpg\", \"size\": [212, 212]}'),('sorl-thumbnail||image||d6233876008499bf897e5cc4a451f732','{\"storage\": \"django.core.files.storage.FileSystemStorage\", \"name\": \"cache/4d/3b/4d3b6613e93bf7763d7291d17a75b19e.jpg\", \"size\": [153, 190]}'),('sorl-thumbnail||image||d6b1cff457abddf4f2a86e1c0ce0d9db','{\"storage\": \"django.core.files.storage.FileSystemStorage\", \"name\": \"cache/10/47/1047b098ba1c8cba49050b5695f60d7a.jpg\", \"size\": [250, 188]}'),('sorl-thumbnail||image||d6f9d908fd06027a18b415147f1f54c1','{\"storage\": \"django.core.files.storage.FileSystemStorage\", \"name\": \"cache/43/3a/433a39394df72eb00f69c5280626d7ef.jpg\", \"size\": [190, 190]}'),('sorl-thumbnail||image||d7afc3f9050649f6ef8083de59dc8772','{\"storage\": \"django.core.files.storage.FileSystemStorage\", \"name\": \"blog/The_Whisky_Wire.jpg\", \"size\": [250, 170]}'),('sorl-thumbnail||image||d83c8f9e9a4e6b446b4b59a9785d6aa3','{\"storage\": \"django.core.files.storage.FileSystemStorage\", \"name\": \"cache/46/68/4668ede16e19bd60caf24a0470d8153f.jpg\", \"size\": [212, 212]}'),('sorl-thumbnail||image||d87814f489719fc933c6bd72e2be9788','{\"storage\": \"django.core.files.storage.FileSystemStorage\", \"name\": \"cache/90/31/9031fb8ebb754d0de2dfa3f51d4e14b3.jpg\", \"size\": [250, 170]}'),('sorl-thumbnail||image||d887cc0800c2298a6e200ba4a848e1be','{\"storage\": \"django.core.files.storage.FileSystemStorage\", \"name\": \"cache/6d/f3/6df34aa542de24e4cc4d6affd6d45906.jpg\", \"size\": [250, 170]}'),('sorl-thumbnail||image||d949d4e3ca021951a10f8de5d997ccdf','{\"storage\": \"django.core.files.storage.FileSystemStorage\", \"name\": \"people/Charade_from_Photofest.jpg\", \"size\": [212, 212]}'),('sorl-thumbnail||image||d9f3f3aecd56b74a68d977dd50094091','{\"storage\": \"django.core.files.storage.FileSystemStorage\", \"name\": \"cache/ab/a7/aba7faa73e6a82ec165c6808dfc66184.jpg\", \"size\": [375, 375]}'),('sorl-thumbnail||image||dcca09aa9b8c03a0faa710346bcb5da2','{\"storage\": \"django.core.files.storage.FileSystemStorage\", \"name\": \"cache/82/79/8279b1110cdd73412b319e868cee97a3.jpg\", \"size\": [190, 190]}'),('sorl-thumbnail||image||dd02e8ebcc896264a12cc701c767264c','{\"storage\": \"django.core.files.storage.FileSystemStorage\", \"name\": \"cache/93/7a/937a262e4291609e6ef3366100113cec.jpg\", \"size\": [250, 188]}'),('sorl-thumbnail||image||dd152eb1ffb879f329076867ba9f312d','{\"storage\": \"django.core.files.storage.FileSystemStorage\", \"name\": \"people/Salmon_Fishing.jpg\", \"size\": [375, 375]}'),('sorl-thumbnail||image||dd29d43e4bd10c802d0609cf5c32fd57','{\"storage\": \"django.core.files.storage.FileSystemStorage\", \"name\": \"cache/67/84/6784e612266b0cfa9cbff71823884d5a.jpg\", \"size\": [250, 184]}'),('sorl-thumbnail||image||dd7894cd70ee52cdd3655c0a6012476f','{\"storage\": \"django.core.files.storage.FileSystemStorage\", \"name\": \"cache/ef/a2/efa20bf941e2697c2fe5c551b92679dc.jpg\", \"size\": [250, 188]}'),('sorl-thumbnail||image||debe5d32c675aaef2c6c5233621485d4','{\"storage\": \"django.core.files.storage.FileSystemStorage\", \"name\": \"cache/3b/18/3b183935347a220e2f182ba20591b4ba.jpg\", \"size\": [190, 190]}'),('sorl-thumbnail||image||e296ab8edcca869516279859865fa2a9','{\"storage\": \"django.core.files.storage.FileSystemStorage\", \"name\": \"cache/ce/6d/ce6dab84d3c2851442a080ca748b6cdc.jpg\", \"size\": [250, 170]}'),('sorl-thumbnail||image||e2acf0521d0f04278a6b0f44ddaf14fd','{\"storage\": \"django.core.files.storage.FileSystemStorage\", \"name\": \"blog/Westmorland_Gazette.jpg\", \"size\": [250, 170]}'),('sorl-thumbnail||image||e3784aaf7b6fdeb536b7828f3910a244','{\"storage\": \"django.core.files.storage.FileSystemStorage\", \"name\": \"images/productimage-picture-the-one-5cl-miniature-11.gif\", \"size\": [1000, 1000]}'),('sorl-thumbnail||image||e37ffc8db9ca518e232d2c541c6b4c46','{\"storage\": \"django.core.files.storage.FileSystemStorage\", \"name\": \"people/captain-corellis-mandolin_1.jpg\", \"size\": [375, 375]}'),('sorl-thumbnail||image||e3e54538d6965342e0e00fbe6b778505','{\"storage\": \"django.core.files.storage.FileSystemStorage\", \"name\": \"cache/5a/5e/5a5e2a2d435b6ef8fa01b931f110033f.jpg\", \"size\": [212, 212]}'),('sorl-thumbnail||image||e48903c9b8d3950992eb63bf3c21f224','{\"storage\": \"django.core.files.storage.FileSystemStorage\", \"name\": \"blog/DSC00003.jpg\", \"size\": [660, 409]}'),('sorl-thumbnail||image||e4abf5e4d3eb614b150eaab7e7933a43','{\"storage\": \"django.core.files.storage.FileSystemStorage\", \"name\": \"blog/The-One-Launch.gif\", \"size\": [350, 239]}'),('sorl-thumbnail||image||e4dde3e43484be47ac1808b233386154','{\"storage\": \"django.core.files.storage.FileSystemStorage\", \"name\": \"cache/d7/8f/d78f05077e6d17615530af79d273660a.jpg\", \"size\": [250, 170]}'),('sorl-thumbnail||image||e54aa989084e57cd9523e7fb232e9c4a','{\"storage\": \"django.core.files.storage.FileSystemStorage\", \"name\": \"cache/64/c5/64c510ad6c60216da01cebbf09f0dae8.jpg\", \"size\": [375, 375]}'),('sorl-thumbnail||image||e6a20ee38539ffc17447ab7ffae795e5','{\"storage\": \"django.core.files.storage.FileSystemStorage\", \"name\": \"cache/1e/be/1ebedce6d42eaf73d12e74d3c766fea2.jpg\", \"size\": [212, 212]}'),('sorl-thumbnail||image||e802a6f4780159ca88bbd6f165389266','{\"storage\": \"django.core.files.storage.FileSystemStorage\", \"name\": \"people/The_Jam.jpg\", \"size\": [375, 375]}'),('sorl-thumbnail||image||e809b1a2426eb1d8c89b1f18d9216531','{\"storage\": \"django.core.files.storage.FileSystemStorage\", \"name\": \"people/Christmas.jpg\", \"size\": [212, 212]}'),('sorl-thumbnail||image||e87665f240fa62327a80edfa8a4e10f5','{\"storage\": \"django.core.files.storage.FileSystemStorage\", \"name\": \"cache/2a/2b/2a2b7f1c4912634cac4e1babad01ec6c.jpg\", \"size\": [120, 120]}'),('sorl-thumbnail||image||e8e7c13eeafd3df28e79b950e9ee0f05','{\"storage\": \"django.core.files.storage.FileSystemStorage\", \"name\": \"cache/92/f2/92f2f2251befb46d71050dfa2b121bfc.jpg\", \"size\": [250, 170]}'),('sorl-thumbnail||image||e980fa0bb4a0d5adb7ee1f36f6efdd3e','{\"storage\": \"django.core.files.storage.FileSystemStorage\", \"name\": \"blog/Paul_Currie_1_1.jpg\", \"size\": [640, 427]}'),('sorl-thumbnail||image||eaa0c023496caf75002a5103174582a5','{\"storage\": \"django.core.files.storage.FileSystemStorage\", \"name\": \"cache/05/5d/055d48d9f1ae078b1e9b985d9ff1bc3f.jpg\", \"size\": [250, 170]}'),('sorl-thumbnail||image||ec11fbc53049511dace6d936fce8a642','{\"storage\": \"django.core.files.storage.FileSystemStorage\", \"name\": \"blog/PC_10.jpg\", \"size\": [320, 240]}'),('sorl-thumbnail||image||ec65da01366b6770838843e2fda5e3fc','{\"storage\": \"django.core.files.storage.FileSystemStorage\", \"name\": \"blog/imbibe.jpg\", \"size\": [250, 170]}'),('sorl-thumbnail||image||eca490ba868add0823f76120ead3d21e','{\"storage\": \"django.core.files.storage.FileSystemStorage\", \"name\": \"cache/25/71/2571e37c19b9673c357c27bbf5a041c1.jpg\", \"size\": [250, 188]}'),('sorl-thumbnail||image||ed2b7f9e47e01420cd8dad8a0fe62bde','{\"storage\": \"django.core.files.storage.FileSystemStorage\", \"name\": \"cache/74/ba/74ba43b358897304e8bece2289b04e65.jpg\", \"size\": [212, 212]}'),('sorl-thumbnail||image||ed6c3f4f0993720d16980ce79c6dc9f3','{\"storage\": \"django.core.files.storage.FileSystemStorage\", \"name\": \"images/productimage-picture-the-one-70cl-bottle-8.jpg\", \"size\": [367, 449]}'),('sorl-thumbnail||image||ef89505b864b9b631e2b95ec906a16e9','{\"storage\": \"django.core.files.storage.FileSystemStorage\", \"name\": \"blog/Sprinkling_Tarn_1.jpg\", \"size\": [320, 235]}'),('sorl-thumbnail||image||f08a4b2d35535d2086e65fc0d5518a6b','{\"storage\": \"django.core.files.storage.FileSystemStorage\", \"name\": \"blog/Builder_on_Roof.jpg\", \"size\": [250, 188]}'),('sorl-thumbnail||image||f143046cf52c1a336549dc2bb9f9b4cd','{\"storage\": \"django.core.files.storage.FileSystemStorage\", \"name\": \"images/productimage-picture-the-one-gift-pack-coming-soon-14.jpg\", \"size\": [600, 600]}'),('sorl-thumbnail||image||f16adf4fb793bd8431683c7c2db2cd6a','{\"storage\": \"django.core.files.storage.FileSystemStorage\", \"name\": \"cache/02/49/02495ba848701a657a68f691b004d178.jpg\", \"size\": [250, 188]}'),('sorl-thumbnail||image||f1c05f042a051578f74f471aa5964ee9','{\"storage\": \"django.core.files.storage.FileSystemStorage\", \"name\": \"cache/e6/ac/e6ac034db8bf666af35d9c8e0654fa64.jpg\", \"size\": [445, 445]}'),('sorl-thumbnail||image||f2081d81391de712ee0192c452f1a180','{\"storage\": \"django.core.files.storage.FileSystemStorage\", \"name\": \"cache/9f/fe/9ffebff36a0316c9a3e2fe80bd897137.jpg\", \"size\": [375, 375]}'),('sorl-thumbnail||image||f226fd451ca9d9773e92a917c4ab17f0','{\"storage\": \"django.core.files.storage.FileSystemStorage\", \"name\": \"people/Christmas_1.jpg\", \"size\": [375, 375]}'),('sorl-thumbnail||image||f275bfe635998c3abc5fc5841defaea8','{\"storage\": \"django.core.files.storage.FileSystemStorage\", \"name\": \"cache/31/4e/314eccba7d3a1ec67eac4b88332ee706.jpg\", \"size\": [120, 120]}'),('sorl-thumbnail||image||f35b885eb2a66c6f6643ed2f374d7b4b','{\"storage\": \"django.core.files.storage.FileSystemStorage\", \"name\": \"cache/20/ec/20ecf1aad6e1b06f0fac4a338e24ae96.jpg\", \"size\": [375, 375]}'),('sorl-thumbnail||image||f39196ef100366c6ccc6ea8d809fb559','{\"storage\": \"django.core.files.storage.FileSystemStorage\", \"name\": \"blog/Luxe_Magazine.jpg\", \"size\": [250, 170]}'),('sorl-thumbnail||image||f3db70d43de58c7f6e97b76d9e7f4d2d','{\"storage\": \"django.core.files.storage.FileSystemStorage\", \"name\": \"cache/e0/5c/e05cbb5ad586b3dc540ebab7815137f4.jpg\", \"size\": [120, 156]}'),('sorl-thumbnail||image||f4309959a03f43228eaf0ad2e73962b6','{\"storage\": \"django.core.files.storage.FileSystemStorage\", \"name\": \"cache/4b/b7/4bb725ada58f78c76b27b1d434186b3d.jpg\", \"size\": [250, 170]}'),('sorl-thumbnail||image||f56ada69edd69c0864b5ffe37a341c60','{\"storage\": \"django.core.files.storage.FileSystemStorage\", \"name\": \"cache/0c/0a/0c0afd8d4b26f81af5b13c565805fd2c.jpg\", \"size\": [212, 212]}'),('sorl-thumbnail||image||f5f9c890713d800ae9fe21ee2b6f8960','{\"storage\": \"django.core.files.storage.FileSystemStorage\", \"name\": \"cache/d9/b9/d9b994be83620b05df9a6c0eb6f8f119.jpg\", \"size\": [180, 280]}'),('sorl-thumbnail||image||f62188ed251f9e1520fd3df7b15ba841','{\"storage\": \"django.core.files.storage.FileSystemStorage\", \"name\": \"images/productimage-picture-founders-club-uk-delivery-9.jpg\", \"size\": [291, 362]}'),('sorl-thumbnail||image||f658303a6ce86d19e546328e22afbe3d','{\"storage\": \"django.core.files.storage.FileSystemStorage\", \"name\": \"blog/Insider_Media_1.jpg\", \"size\": [250, 188]}'),('sorl-thumbnail||image||f67791e06d6a3d12bf4310d6038ffe3a','{\"storage\": \"django.core.files.storage.FileSystemStorage\", \"name\": \"blog/Daily_Mail.jpg\", \"size\": [249, 167]}'),('sorl-thumbnail||image||f6d4f54a4ac9728aa1762bd036b5e4d9','{\"storage\": \"django.core.files.storage.FileSystemStorage\", \"name\": \"people/supertramp-lord-is-it-mine-am.jpg\", \"size\": [375, 375]}'),('sorl-thumbnail||image||f7ca385adf8913773aa80bc5bbfa4049','{\"storage\": \"django.core.files.storage.FileSystemStorage\", \"name\": \"cache/45/45/4545d9d7e631c1c4db1994d13f635bd2.jpg\", \"size\": [122, 190]}'),('sorl-thumbnail||image||f7dc90765ec4a6fd4b52ddb49baab767','{\"storage\": \"django.core.files.storage.FileSystemStorage\", \"name\": \"cache/87/ea/87ea5b939ac2f1ce8796bf6ec259d3e3.jpg\", \"size\": [250, 170]}'),('sorl-thumbnail||image||f8394d3293fb2d0282ba2940fb347c1c','{\"storage\": \"django.core.files.storage.FileSystemStorage\", \"name\": \"cache/02/28/0228f64fe91fddd19600c4922cae9734.jpg\", \"size\": [445, 445]}'),('sorl-thumbnail||image||f89f7b304de1156f56d6e2ed89971172','{\"storage\": \"django.core.files.storage.FileSystemStorage\", \"name\": \"cache/39/99/39999c4b18b61a6b123fc4f06cd921ca.jpg\", \"size\": [120, 120]}'),('sorl-thumbnail||image||f954e3ac47519e65231ecd39b723042f','{\"storage\": \"django.core.files.storage.FileSystemStorage\", \"name\": \"cache/77/3d/773d5762333db9b99b83b078d096135d.jpg\", \"size\": [280, 280]}'),('sorl-thumbnail||image||f9f7582cc6bc107c729e04119acb2b2c','{\"storage\": \"django.core.files.storage.FileSystemStorage\", \"name\": \"cache/01/0e/010e55f0e52d47a210082b24a4cb41ab.jpg\", \"size\": [280, 280]}'),('sorl-thumbnail||image||fb06cd8764c9d0b7cd131e8de5897c37','{\"storage\": \"django.core.files.storage.FileSystemStorage\", \"name\": \"cache/d3/ca/d3ca3240ece30b396c174ceb0a3c6d53.jpg\", \"size\": [250, 188]}'),('sorl-thumbnail||image||fb0b6399837548b27c1e84a5d62fc2b3','{\"storage\": \"django.core.files.storage.FileSystemStorage\", \"name\": \"blog/Kendal_Food.jpg\", \"size\": [250, 188]}'),('sorl-thumbnail||image||fc20f8ddf124beae3c1202876c143c41','{\"storage\": \"django.core.files.storage.FileSystemStorage\", \"name\": \"cache/c8/76/c8768756d367185e82daf6cb66dfcb79.jpg\", \"size\": [375, 375]}'),('sorl-thumbnail||image||fc647a5e2a6de819995ac157cbeb8ef0','{\"storage\": \"django.core.files.storage.FileSystemStorage\", \"name\": \"blog/Building_Work_Update.jpg\", \"size\": [250, 188]}'),('sorl-thumbnail||image||fc754395cec9eace546e2910b8b73119','{\"storage\": \"django.core.files.storage.FileSystemStorage\", \"name\": \"people/tokillamockingbird.jpg\", \"size\": [375, 375]}'),('sorl-thumbnail||image||fd57c298122611670f64ba857269efd2','{\"storage\": \"django.core.files.storage.FileSystemStorage\", \"name\": \"blog/The_Spirits_Business.jpg\", \"size\": [250, 170]}'),('sorl-thumbnail||image||fe4541e61c843d04431f3d4d6616cceb','{\"storage\": \"django.core.files.storage.FileSystemStorage\", \"name\": \"cache/5d/03/5d0365286324c5422dc11b6b4faeb926.jpg\", \"size\": [250, 170]}'),('sorl-thumbnail||image||fe6fdfb9204a55b327e85ad3cce3a856','{\"storage\": \"django.core.files.storage.FileSystemStorage\", \"name\": \"people/mini.jpg\", \"size\": [375, 375]}'),('sorl-thumbnail||image||feadc61b6522740d50fafd984b442072','{\"storage\": \"django.core.files.storage.FileSystemStorage\", \"name\": \"images/productimage-picture-the-one-umbrella-coming-soon-19.jpg\", \"size\": [600, 600]}'),('sorl-thumbnail||image||ff9e0f90682c92ca48b908ec96ce5cfe','{\"storage\": \"django.core.files.storage.FileSystemStorage\", \"name\": \"cache/bf/f7/bff7117c695f49aaaaf4f6c793da104f.jpg\", \"size\": [212, 212]}'),('sorl-thumbnail||thumbnails||012f2fb3dbff9ae2c0af13816e056f25','[\"f56ada69edd69c0864b5ffe37a341c60\", \"866a087c5438bbd61668d6819d35f84f\"]'),('sorl-thumbnail||thumbnails||01f41914242758161cf1e61ef94aba1e','[\"632cac574488060e9b352096857db73f\"]'),('sorl-thumbnail||thumbnails||0261c67c9bd3e1db4a794d7e1c18bb8f','[\"699784c0b64ff5b0c654bd0810c2bec0\"]'),('sorl-thumbnail||thumbnails||04804279c31d4e1c4c9dcc34f0c1ac0b','[\"0a4da2a04e957538f7976a9390c009ed\"]'),('sorl-thumbnail||thumbnails||048a4675ecc9a08b37a2f8db49aaf211','[\"2ba519cd7b2a1176fc1a42d39528b7af\"]'),('sorl-thumbnail||thumbnails||04b243ed794b9178833c57b1a37db51c','[\"29d8e14932aed800d54de3925ab19997\"]'),('sorl-thumbnail||thumbnails||051ddff9a6cbe1390dc8cc4d3d7d2382','[\"f4309959a03f43228eaf0ad2e73962b6\"]'),('sorl-thumbnail||thumbnails||0593cee79fd90ac7af929158051eb04d','[\"3260ddcca2d15b453fdf7149501b661c\"]'),('sorl-thumbnail||thumbnails||085582e4bb10a136aec9998d126c1920','[\"3d7e5f5cd12974e59dcbebb68d61bc25\"]'),('sorl-thumbnail||thumbnails||09021db914c93b5fd3486fe230eace86','[\"36bc9cc2568657fa0258eb48fdc926c7\"]'),('sorl-thumbnail||thumbnails||0ca6e9f15002b06fbd475f38ac6ec1a1','[\"671688f2a0a516fe2e6c0803c8411b76\", \"4583763f5c25568fcc62b43e518959af\", \"9d3aa941ca75d47eaa56473cc09f35f6\", \"f3db70d43de58c7f6e97b76d9e7f4d2d\"]'),('sorl-thumbnail||thumbnails||0d217090a8f3148f4f987b999fa6fdb2','[\"9565d7bedb345d33c55e2d1be704e376\", \"bbdd1e4ed5082395cbd0169ed06e9a65\"]'),('sorl-thumbnail||thumbnails||0e2513fbfa1034779fd8c12bc93a9f6b','[\"54c46149fcdd45963e11869635428b3b\"]'),('sorl-thumbnail||thumbnails||0fe74ed4989fd18ef0d465895be4514e','[\"f8394d3293fb2d0282ba2940fb347c1c\", \"3d56f742b46653bb8e92e16b29aed02b\", \"418dd79fb983d683a53a9fe5be8af167\"]'),('sorl-thumbnail||thumbnails||122ccb803e50c0ea9871c14187816533','[\"463662b38be6513bcd39d520222a0e3f\"]'),('sorl-thumbnail||thumbnails||1918f37b9e6f67ffc99fd48e5649a8e7','[\"fe4541e61c843d04431f3d4d6616cceb\"]'),('sorl-thumbnail||thumbnails||1da21213668e6779f8ee4b5ab81dad5b','[\"4446558d38ec1254025ed321dd1930d4\", \"69bd7ccd752c07ba5b3906c9ecee6774\", \"57e607215b359a0ff9b99d3c6971552b\", \"8bf7d00a305426402c49026675313bd3\"]'),('sorl-thumbnail||thumbnails||1e78b96ad7356fb34585e997b284bf4d','[\"66500f6c2804c54267f957fbfdc7e0c8\"]'),('sorl-thumbnail||thumbnails||2020e17e15b0dd4aee3069650270ca82','[\"8c4534a32192bc929d3091bcae105f5f\"]'),('sorl-thumbnail||thumbnails||24000b1252a96509a473d88d1818f333','[\"23b2b05394b990d520e4652eb144889f\"]'),('sorl-thumbnail||thumbnails||264928e46e2c3d845489128263fb6952','[\"84755763461920e72142e81f441dadd5\"]'),('sorl-thumbnail||thumbnails||271539038aa99ebb9879468caf0c2500','[\"6694f0710048c1dd7786a7b08bdde9d1\"]'),('sorl-thumbnail||thumbnails||28764bffefb41972d6a2d10f022d0c29','[\"90c917d8d52c48e1472912553241c583\"]'),('sorl-thumbnail||thumbnails||28d5156fa1cffdf9c6e9c3f9717b2810','[\"dd7894cd70ee52cdd3655c0a6012476f\"]'),('sorl-thumbnail||thumbnails||2a511e55a15c8aba42287c352ec26a8b','[\"a0a484d8411d4f44527dd4191c9b199b\"]'),('sorl-thumbnail||thumbnails||317b88bc2fb1827dfe811f0ae27e6c88','[\"37b0c488fa42b940f1a6c0a260536da5\", \"dcca09aa9b8c03a0faa710346bcb5da2\", \"f954e3ac47519e65231ecd39b723042f\", \"f275bfe635998c3abc5fc5841defaea8\"]'),('sorl-thumbnail||thumbnails||350e8777d6e85192113219555437b7a8','[\"5551894c6b6d5d105213b9f845ce6cd2\"]'),('sorl-thumbnail||thumbnails||36128848219ef788478d3f14946417c1','[\"3c42e82eaeb4841642624df7d3505173\", \"d6f9d908fd06027a18b415147f1f54c1\", \"8c10534816a4f36fa847ab8d58ffd7c3\", \"579dd4e26d0288e1895391e0bdbc8d28\"]'),('sorl-thumbnail||thumbnails||3722d6ebc468b4aa154b2f82c0a16a48','[\"099f2d2a5f79a39dfb2ea3388122f53d\"]'),('sorl-thumbnail||thumbnails||38d5f84c75a187f64d430f6b0ed97e5d','[\"39e1c75ab7095b0a96d6977c3dbb7cfe\"]'),('sorl-thumbnail||thumbnails||39f60a965131b8bf19ad48ea103b41ba','[\"4769053bf7c06c95e096a822331a5b9e\", \"b5cf1194020e6141157829e53ce43373\"]'),('sorl-thumbnail||thumbnails||3c6d3351c6d9581508717c1c77abe1fd','[\"33d405ef3a0753d75ae1573ad1d4352d\", \"bc280714a504921e9a95841b81781591\"]'),('sorl-thumbnail||thumbnails||3e43bcf4bcbb043ea993751e2574be6a','[\"7cb4258dd8c61412c0e3f8a7adb8ff22\", \"819f67f3831f33edd526e5618e1351fc\", \"bf718f78e6f3502e9a9efbea4d696483\"]'),('sorl-thumbnail||thumbnails||40a79e999bd95693a1f275385a0edc0e','[\"5b951b166d6ff827723d0eb8a2e861d4\"]'),('sorl-thumbnail||thumbnails||40b8f3375b676d4d663ad9cd0192a05f','[\"50254bfca49a483c1a444b288b8c74b9\"]'),('sorl-thumbnail||thumbnails||431f2629ae72a4b899b35246a65ffceb','[\"fb06cd8764c9d0b7cd131e8de5897c37\"]'),('sorl-thumbnail||thumbnails||45aa0aa85fb0fc3eb10010fe8d01f981','[\"012423233d663e2fa398d69961a2f095\", \"98f5247d31dcdebfd39c9acd9d593be3\"]'),('sorl-thumbnail||thumbnails||46fcb5b598fee840731133a647e725dd','[\"c6e08fc84ac4b35be8466af1efbf7276\"]'),('sorl-thumbnail||thumbnails||47fa06fb619ab996e125f68ef33b8f39','[\"ad904766ba428956c19f3797f4649e0e\", \"7717d969dddaaf4c80458fd9220a0602\"]'),('sorl-thumbnail||thumbnails||4858bd022589277682d7ad5544c6a95b','[\"43f60171b0887914ce94a664ba6f1d67\", \"273d6c4c8d6e053b6d31a69ffa4fbf2a\"]'),('sorl-thumbnail||thumbnails||4b3688b396d06236e52bd37948c2d6b9','[\"336676d97b4920b34661f8d04f8b5941\", \"44e05da7a0bd6157be78d49249658032\"]'),('sorl-thumbnail||thumbnails||4bc9cf388ea3650cf346c4ab7b0e2649','[\"c1fd34b4b295310726d7cb5a7108b4e5\"]'),('sorl-thumbnail||thumbnails||4c5f07c7135c371bff50d97f4238074c','[\"aa98fdca4e3f07eb517fcc85e01b97e4\", \"4b87ccd025464138ff6dd9cb56a7735d\", \"86461f508f0805aa042f930a0302ef0e\", \"93ff0de3246df1787d475bc45437e89c\"]'),('sorl-thumbnail||thumbnails||4ff138627abad55a78a57ca309ce6e36','[\"8870dd5821c370ed43f10d36f9d3e850\"]'),('sorl-thumbnail||thumbnails||51dc973e06c53c87562a24140692bf67','[\"7b1445809f517c26ea32d6f860911239\", \"10f79b371dcd15993d5f9c796ec2026f\", \"69759ef0daac93a50d790a88e330af0a\", \"5a3883d60baee768fa415e8766728e44\"]'),('sorl-thumbnail||thumbnails||526abcbac10518c3fed73e1299abf9f9','[\"29cec75749c58f1ad3db966cb5ab179a\"]'),('sorl-thumbnail||thumbnails||528b425b86ac5f548e9fd6ec4916b5c4','[\"2c05d85dc0d9adf462f28ff13bab14fd\", \"c9c084f13f00602a9a11993116e78d0d\"]'),('sorl-thumbnail||thumbnails||5895b0315088f9921e205b8f85fe2b5c','[\"681dd88c2464ffa3259d030504da411d\"]'),('sorl-thumbnail||thumbnails||58acedc43429618daaf2e97232094aee','[\"f16adf4fb793bd8431683c7c2db2cd6a\"]'),('sorl-thumbnail||thumbnails||5a66ce3c57de8f68ef471cd294eef00a','[\"1508a5b1e4d7d5aefcb485a38ffb3627\"]'),('sorl-thumbnail||thumbnails||5d02bf15527eeda3c2f462052d6475c9','[\"0722fe547ff3741c8d31a32711037f92\"]'),('sorl-thumbnail||thumbnails||5f538233b09cb9d093f4e68e91304685','[\"3d05d61a54f214b1551418c4c983e55d\"]'),('sorl-thumbnail||thumbnails||61fb98fe83f7a6934baf762ee77b9177','[\"eaa0c023496caf75002a5103174582a5\"]'),('sorl-thumbnail||thumbnails||6213d89718e003c4d2667737da06311d','[\"82284dcbc10b9618545d397a405fbe3c\", \"89e60160287d130760ee87502d155e9c\"]'),('sorl-thumbnail||thumbnails||63e90234c5984e27aa4c8ee5fb9edf65','[\"e296ab8edcca869516279859865fa2a9\"]'),('sorl-thumbnail||thumbnails||63fb93c1f788dcd81cf97e9dd0fecccb','[\"d87814f489719fc933c6bd72e2be9788\"]'),('sorl-thumbnail||thumbnails||652e20f5af155a312b34ee625a13846d','[\"8cb24fdb04e798ef36bbd7231afdff43\"]'),('sorl-thumbnail||thumbnails||65329f35eb56aeeee9c353482bd5243e','[\"14a6c5a769c0d7a6a46bb802f3bcc1d4\", \"8e0d8ae364dc28e78453f89cf1630e04\", \"2fc03266e593acb052a291c13eefcd8a\"]'),('sorl-thumbnail||thumbnails||671c1bed42c53d5ffa6d31cbfc07be7a','[\"1cbb94393201ab901014c17cfd713517\"]'),('sorl-thumbnail||thumbnails||67f20ee3f316c2ed62c6941548d7ca35','[\"a7c1ee366fc23dd099dfbf16b143d508\", \"56e469520a149256614e25c85767912b\", \"e87665f240fa62327a80edfa8a4e10f5\"]'),('sorl-thumbnail||thumbnails||6981e430165b605111092260bd6f561d','[\"3b49609c71086c8f118465223b509197\"]'),('sorl-thumbnail||thumbnails||6a444b24f2c6e0aa385c27ae254c452b','[\"99ed9b13ce8d069f49dabfc53134f251\"]'),('sorl-thumbnail||thumbnails||6b54f0e0d903b6e2bbba900f91958a52','[\"c45be0ecc66ed5702b13aec28049fa7f\"]'),('sorl-thumbnail||thumbnails||6ccae29f08584c1a344263c1f61f4015','[\"0f520baa3d86637a3204ca2eb6971b5d\"]'),('sorl-thumbnail||thumbnails||6fc3960f92e5440bac7525cc6ab47f0f','[\"363485989b6ce5c4c8aea26682d10a25\", \"f35b885eb2a66c6f6643ed2f374d7b4b\"]'),('sorl-thumbnail||thumbnails||703b55f48be523731ca0f92c8d33b04a','[\"dd29d43e4bd10c802d0609cf5c32fd57\"]'),('sorl-thumbnail||thumbnails||71470cc9ae0f4df30d94d5d5e082510d','[\"e8e7c13eeafd3df28e79b950e9ee0f05\"]'),('sorl-thumbnail||thumbnails||781b603553900c1f493555cfc9942c66','[\"89d293d6b8a6bdde408ead3df504a0aa\"]'),('sorl-thumbnail||thumbnails||793bd4e5268035c93a3b0db5a1186720','[\"82ccb13e7fac67830c5c4664f73ac820\"]'),('sorl-thumbnail||thumbnails||7b23f04e8129883544baa1b48517585e','[\"1252a9908240b06e88c0b8fa82a67218\"]'),('sorl-thumbnail||thumbnails||7be81a20e6c5bf5403eb5f0bc6b695bf','[\"78a8f7310eea4aea2705a27f7cc356c1\", \"f7ca385adf8913773aa80bc5bbfa4049\", \"f5f9c890713d800ae9fe21ee2b6f8960\", \"08c631a51ba82de9dbcb0a2e5c55c1b7\"]'),('sorl-thumbnail||thumbnails||7ed964011e272c4f7a1d61fa145ae31e','[\"c1768e96111fdca80e7dd26eaf2e8dab\"]'),('sorl-thumbnail||thumbnails||7f448213f9f8b01d0e419b92caff7868','[\"9433acae17534f1606e09a1ad58fa419\"]'),('sorl-thumbnail||thumbnails||80887ba4b1195b7c355d51fc9a32b972','[\"6528c6c1a13f7668059587a3e86f74cc\"]'),('sorl-thumbnail||thumbnails||8425edb3a50b1abb527cebe8d6d58da7','[\"c570f62e1521b4c8c55552c4649c93c6\"]'),('sorl-thumbnail||thumbnails||879fb5e234bdbef6e90b586332bc5f5a','[\"1b7e3fee7a9722282de8c47e9d9293b1\"]'),('sorl-thumbnail||thumbnails||8aa168709867326917a35ca4f8a24ddf','[\"75e0ba7b3ae36583b489f72188dcbf74\", \"934efe7550d7ae2c906fb9f5bb48c449\"]'),('sorl-thumbnail||thumbnails||8add3c2f81d81bbd66dded3eced1e0ee','[\"5220f691d04c9575868dbb6f16daa954\", \"63f902a3abb7e62a795950047fcecf08\"]'),('sorl-thumbnail||thumbnails||8b65668d3c491f942f3f75a76f34f074','[\"253c9dfeb7197c20772a3adf7b0cfe4d\"]'),('sorl-thumbnail||thumbnails||8ed6130422be749346bbc8efce7c1c1b','[\"503ecc625a4fe08668bd4daefdcd4cfa\", \"e6a20ee38539ffc17447ab7ffae795e5\"]'),('sorl-thumbnail||thumbnails||8f6420a7b5b7c1daa14922e208196e8c','[\"d6b1cff457abddf4f2a86e1c0ce0d9db\"]'),('sorl-thumbnail||thumbnails||90efe6d38f46211e36406e4197e0fec2','[\"d83c8f9e9a4e6b446b4b59a9785d6aa3\", \"0fe60b788641356648a35ba3fcd38806\"]'),('sorl-thumbnail||thumbnails||915f27e8fdf8e8b620983a2437b9abe9','[\"d5866a72ea0f804b7bb21d3ebc152dde\", \"ce87fc32d306e8fbc4b778ff011cde52\"]'),('sorl-thumbnail||thumbnails||91c8d463bafa135b76d7c7cc8d5f7d9f','[\"bddedfdaa9cdea6e62eba6912dbe4665\", \"fc20f8ddf124beae3c1202876c143c41\", \"f1c05f042a051578f74f471aa5964ee9\"]'),('sorl-thumbnail||thumbnails||92525199faa192914a6542bd8a18baf2','[\"59a5b991cdc93d4d6c391097509a6199\"]'),('sorl-thumbnail||thumbnails||94e6b267f270d52e13671f09f431a21e','[\"395e203cfe32395626bbd6af913040a1\"]'),('sorl-thumbnail||thumbnails||9514278ff2f7092a2617e3d2d6430168','[\"f7dc90765ec4a6fd4b52ddb49baab767\"]'),('sorl-thumbnail||thumbnails||9570e3a74171b3fc8c40c95f6e64b59e','[\"a475efcce1021551fcd2d65bc54973c1\"]'),('sorl-thumbnail||thumbnails||99c4b8f75f117b1e3d578dd1a4573157','[\"1d0147895848ee1de12bd7be889cc346\"]'),('sorl-thumbnail||thumbnails||9fcadd0af7c7d4a8e930892a28f88d37','[\"355dcca3f8573d266447d01da6c7f7f5\", \"affa8834509bec41d390c7525f9c778c\"]'),('sorl-thumbnail||thumbnails||a36bdb221ada3b9ef3a26dad0d1f89d1','[\"af2da7221e4fa69badb58c3ff70e21eb\"]'),('sorl-thumbnail||thumbnails||a39d544d65fc1d092398e9c14070ae9a','[\"4f90f0ab8d8ac070d99a1dbe5cdba0b9\"]'),('sorl-thumbnail||thumbnails||a3a7023c58cc4b96674f8ce02a914b0d','[\"b5760b788c5ce11a3080269aa91edaea\"]'),('sorl-thumbnail||thumbnails||a848bc9ba0b376f032e6eabe3e565b4e','[\"a70a95559b3c7a8e903d23e544bd3354\"]'),('sorl-thumbnail||thumbnails||ab9cb7d0d39adddef00705a14faec213','[\"ff9e0f90682c92ca48b908ec96ce5cfe\", \"69c52f6f771e6f96abf95db10e5b5562\"]'),('sorl-thumbnail||thumbnails||acd503ace96cc5e715d5862814cc7cdc','[\"9edef5be5babd9bc7f3c6e66f6ffe0bf\"]'),('sorl-thumbnail||thumbnails||adf8b93a2857fb3a4c7415252b8afc1a','[\"a21077bc51f5c0394af4588b0d494062\"]'),('sorl-thumbnail||thumbnails||b034a7c6688d67704fce48c180f65d14','[\"9bc9ecf3ce4ad0b08e656dac3e31a1d3\", \"860470a07f830752e2b2f99b48419973\"]'),('sorl-thumbnail||thumbnails||b586450bc3583ebfdb99536a165b4e00','[\"697f028526b633f07c1aac8732ba61ae\"]'),('sorl-thumbnail||thumbnails||b8536a242acf0a66bb22fd8c1141a27e','[\"9a991d1e314647c1fba14103acea485c\", \"6950a1deec8ac89838d082a33ab97e62\"]'),('sorl-thumbnail||thumbnails||bb5e2ab9f80e3dfa33a7cd88ce648f7e','[\"dd02e8ebcc896264a12cc701c767264c\"]'),('sorl-thumbnail||thumbnails||bd9dd87d6049acdb30784e7e2bb35730','[\"8355e4d350069c1a61fb2ca37b05d35f\"]'),('sorl-thumbnail||thumbnails||c1d66cdb54aa255c0755742bfbefcdd8','[\"0589104256588e957a3144fea57c2c54\", \"becdb83274072ac47b187cde1f027f2a\", \"6418085082c7e1adb1a3141809e98ce6\", \"8f9b77708341642fec1c576bf5e2ac9b\"]'),('sorl-thumbnail||thumbnails||c42a569e411b8a2e5fd3697bf0f874b8','[\"28ae852cdd05d2d8d8a76e69e88e8326\"]'),('sorl-thumbnail||thumbnails||c56a0b60d5ae06fa027b8eb7f9337bb7','[\"bc45786234ecf50cadb06c418594f020\"]'),('sorl-thumbnail||thumbnails||c5e6403c934aac562fc4c32c25f13f94','[\"a75b8163c8005134eedc3d1a717395f5\"]'),('sorl-thumbnail||thumbnails||c6b09a36b3a88d0dd54cebbd1a06aff9','[\"a51e875fc43351cf2ea9feed736983f4\", \"72a7bdff72d89de8a8b73f62cfe5ddca\", \"debe5d32c675aaef2c6c5233621485d4\"]'),('sorl-thumbnail||thumbnails||c910d74c61a4c8e024ddb9cb13a58025','[\"c3744f72075782d022ea42a8d69f3920\"]'),('sorl-thumbnail||thumbnails||ca5cca2c4118c37c93c0c519df74ecd7','[\"02dbfdb21367dd23fbf79ce12a9e83eb\", \"06d3416fd3772829172d0082dfb68de3\", \"39401b2c52b257f066f7ab4416124fea\"]'),('sorl-thumbnail||thumbnails||cc77f0fc7e31ab349f6f57696e15cbb2','[\"9733f254c0b09407a8ad3bffba8e0c77\"]'),('sorl-thumbnail||thumbnails||ce13b9bc83a2c7b42a5c60e1e1196f09','[\"d887cc0800c2298a6e200ba4a848e1be\"]'),('sorl-thumbnail||thumbnails||d02293c8cfbcfab0ecbb9a82c0b61422','[\"e4dde3e43484be47ac1808b233386154\"]'),('sorl-thumbnail||thumbnails||d0a470a7293e8a8386a037acb4beff56','[\"d6233876008499bf897e5cc4a451f732\"]'),('sorl-thumbnail||thumbnails||d3dde1ecced0a2bb4fdb4b8bcdb51285','[\"d9f3f3aecd56b74a68d977dd50094091\", \"57bb98dc0f95fa7c3be623cb051d43a6\"]'),('sorl-thumbnail||thumbnails||d7afc3f9050649f6ef8083de59dc8772','[\"3b5dca202083dad5d8ebb1445d78834d\"]'),('sorl-thumbnail||thumbnails||d949d4e3ca021951a10f8de5d997ccdf','[\"37323d63b757f691ffb6814a7c110570\", \"e3e54538d6965342e0e00fbe6b778505\"]'),('sorl-thumbnail||thumbnails||dd152eb1ffb879f329076867ba9f312d','[\"78e61baea8b979266efa7189e5a236c4\", \"5229b9b8304999a70b85410768e6f404\"]'),('sorl-thumbnail||thumbnails||e2acf0521d0f04278a6b0f44ddaf14fd','[\"19a503612e40d1a09d4f6ba62aa2c0da\"]'),('sorl-thumbnail||thumbnails||e3784aaf7b6fdeb536b7828f3910a244','[\"96380b05a13ad2996851d659da970e7d\", \"23059e8d4ff83539c9cc339830291b05\", \"f9f7582cc6bc107c729e04119acb2b2c\", \"7f479ecede7fa2694deb7b056fe74d08\"]'),('sorl-thumbnail||thumbnails||e37ffc8db9ca518e232d2c541c6b4c46','[\"5fcca625fb094de54d9b3beb9bfd1dd2\", \"87d9e4e50b3c9c9976fe9213831da9ab\"]'),('sorl-thumbnail||thumbnails||e48903c9b8d3950992eb63bf3c21f224','[\"6aaf2a3cbea77f5af6e1533cd77a440a\"]'),('sorl-thumbnail||thumbnails||e4abf5e4d3eb614b150eaab7e7933a43','[\"734fb0e52c6a623777c7da35d9c0647c\"]'),('sorl-thumbnail||thumbnails||e802a6f4780159ca88bbd6f165389266','[\"94f290ac85caea400e21bdb437b97bd6\", \"6378bda84a61013f5e68d7827b50d3ab\"]'),('sorl-thumbnail||thumbnails||e809b1a2426eb1d8c89b1f18d9216531','[\"87f11f36cf33ac28334c3aeedbbf4cdb\", \"52a802ebf748af926e8ea53227fae0f2\"]'),('sorl-thumbnail||thumbnails||e980fa0bb4a0d5adb7ee1f36f6efdd3e','[\"582d1727e8dc706d96670495c4d5dea9\"]'),('sorl-thumbnail||thumbnails||ec11fbc53049511dace6d936fce8a642','[\"23f431b12acebbfbe2169f8b8e43d3a4\"]'),('sorl-thumbnail||thumbnails||ec65da01366b6770838843e2fda5e3fc','[\"97760922c418219e4ce2a819c049a874\"]'),('sorl-thumbnail||thumbnails||ed6c3f4f0993720d16980ce79c6dc9f3','[\"6e14518a69018449e36eae9f51cc60aa\", \"892a48bb04b04dfa408699c349401103\", \"60b53468ffc77a2a566fcec4d404b4c0\", \"925d54db9ae7bc9cdcffb725d973aa1c\"]'),('sorl-thumbnail||thumbnails||ef89505b864b9b631e2b95ec906a16e9','[\"387dc59374d01e92843664bd7d7703a3\"]'),('sorl-thumbnail||thumbnails||f08a4b2d35535d2086e65fc0d5518a6b','[\"978ebb445834eac68efe747e3c816cc9\"]'),('sorl-thumbnail||thumbnails||f143046cf52c1a336549dc2bb9f9b4cd','[\"4feb8563226307a449b73791b1ee961d\", \"49b626227f57eab2d4d30657cec47f74\", \"d4cd243a5b1e1bab672be1647b13b33e\"]'),('sorl-thumbnail||thumbnails||f226fd451ca9d9773e92a917c4ab17f0','[\"cb24e0d94d5c89bd18524457f4bcea10\", \"7cc772ad759aeac60db8bc86653eb0e9\"]'),('sorl-thumbnail||thumbnails||f39196ef100366c6ccc6ea8d809fb559','[\"0efdbe8287f441ef6eee51051d384339\"]'),('sorl-thumbnail||thumbnails||f62188ed251f9e1520fd3df7b15ba841','[\"a6cfca790ff6b424dcedd71fbd3dde31\", \"b6bc1c1c1230f3a6d600a74d28e96e37\", \"82f5ee33640244798d77376dbf6b26fa\", \"c50dcdebc31a680ff56c30f64dc60f69\"]'),('sorl-thumbnail||thumbnails||f658303a6ce86d19e546328e22afbe3d','[\"8d7007bc3fcc4b3a3c1d857278bb8eb3\"]'),('sorl-thumbnail||thumbnails||f67791e06d6a3d12bf4310d6038ffe3a','[\"2eaaf2aaa7603b76e25aa8767fa1f846\"]'),('sorl-thumbnail||thumbnails||f6d4f54a4ac9728aa1762bd036b5e4d9','[\"e54aa989084e57cd9523e7fb232e9c4a\", \"a19042ac2798bff88b292c40f4e78245\"]'),('sorl-thumbnail||thumbnails||fb0b6399837548b27c1e84a5d62fc2b3','[\"5be6e12d6b915c132ed4967bfc627339\"]'),('sorl-thumbnail||thumbnails||fc647a5e2a6de819995ac157cbeb8ef0','[\"eca490ba868add0823f76120ead3d21e\"]'),('sorl-thumbnail||thumbnails||fc754395cec9eace546e2910b8b73119','[\"f2081d81391de712ee0192c452f1a180\", \"ed2b7f9e47e01420cd8dad8a0fe62bde\"]'),('sorl-thumbnail||thumbnails||fd57c298122611670f64ba857269efd2','[\"3a98898baa8f7039702407f365440d48\"]'),('sorl-thumbnail||thumbnails||fe6fdfb9204a55b327e85ad3cce3a856','[\"a07df56e27c1739ea271de60cc7f2749\", \"1041661cc4e147752e131ca076d3fa2e\"]'),('sorl-thumbnail||thumbnails||feadc61b6522740d50fafd984b442072','[\"909ad249192f06b129d8eab87c0e2e13\", \"f89f7b304de1156f56d6e2ed89971172\", \"5d8364b7293b83cfd2236a1fab97fc89\"]');
/*!40000 ALTER TABLE `thumbnail_kvstore` ENABLE KEYS */;
UNLOCK TABLES;
/*!40103 SET TIME_ZONE=@OLD_TIME_ZONE */;

/*!40101 SET SQL_MODE=@OLD_SQL_MODE */;
/*!40014 SET FOREIGN_KEY_CHECKS=@OLD_FOREIGN_KEY_CHECKS */;
/*!40014 SET UNIQUE_CHECKS=@OLD_UNIQUE_CHECKS */;
/*!40101 SET CHARACTER_SET_CLIENT=@OLD_CHARACTER_SET_CLIENT */;
/*!40101 SET CHARACTER_SET_RESULTS=@OLD_CHARACTER_SET_RESULTS */;
/*!40101 SET COLLATION_CONNECTION=@OLD_COLLATION_CONNECTION */;
/*!40111 SET SQL_NOTES=@OLD_SQL_NOTES */;

-- Dump completed on 2014-04-09 18:45:03
